"Step","zip2zip_Phi-150M_compress_ms4_scratch_7404 - direction/compress_loss","zip2zip_Phi-150M_compress_ms4_scratch_7404 - direction/compress_loss__MIN","zip2zip_Phi-150M_compress_ms4_scratch_7404 - direction/compress_loss__MAX","zip2zip_Phi-50M_compress_ms4_scratch_89e4 - direction/compress_loss","zip2zip_Phi-50M_compress_ms4_scratch_89e4 - direction/compress_loss__MIN","zip2zip_Phi-50M_compress_ms4_scratch_89e4 - direction/compress_loss__MAX","zip2zip_Phi-1B_compress_ms4_scratch_fc71 - direction/compress_loss","zip2zip_Phi-1B_compress_ms4_scratch_fc71 - direction/compress_loss__MIN","zip2zip_Phi-1B_compress_ms4_scratch_fc71 - direction/compress_loss__MAX","zip2zip_Phi-7M_compress_ms4_scratch_b2d1 - direction/compress_loss","zip2zip_Phi-7M_compress_ms4_scratch_b2d1 - direction/compress_loss__MIN","zip2zip_Phi-7M_compress_ms4_scratch_b2d1 - direction/compress_loss__MAX","zip2zip_Phi-20M_compress_ms4_scratch_r1_7f36 - direction/compress_loss","zip2zip_Phi-20M_compress_ms4_scratch_r1_7f36 - direction/compress_loss__MIN","zip2zip_Phi-20M_compress_ms4_scratch_r1_7f36 - direction/compress_loss__MAX"
"10","7.441781226444394","7.441781226444394","7.441781226444394","8.313319563244681","8.313319563244681","8.313319563244681","7.256346572932202","7.256346572932202","7.256346572932202","8.651474126036447","8.651474126036447","8.651474126036447","10.580534940749056","10.580534940749056","10.580534940749056"
"20","6.814718309974965","6.814718309974965","6.814718309974965","7.503472093536475","7.503472093536475","7.503472093536475","6.530078491754379","6.530078491754379","6.530078491754379","8.49148537218084","8.49148537218084","8.49148537218084","9.910345997133911","9.910345997133911","9.910345997133911"
"30","6.668052835094418","6.668052835094418","6.668052835094418","7.219203179344174","7.219203179344174","7.219203179344174","6.474170538722769","6.474170538722769","6.474170538722769","8.573168334836344","8.573168334836344","8.573168334836344","8.477132528404319","8.477132528404319","8.477132528404319"
"40","6.196653682565389","6.196653682565389","6.196653682565389","6.608693940699968","6.608693940699968","6.608693940699968","6.052665648953752","6.052665648953752","6.052665648953752","8.171007307230175","8.171007307230175","8.171007307230175","7.1878815879250135","7.1878815879250135","7.1878815879250135"
"50","6.486889274099262","6.486889274099262","6.486889274099262","6.8802215903429556","6.8802215903429556","6.8802215903429556","6.209967957329225","6.209967957329225","6.209967957329225","8.51698301787177","8.51698301787177","8.51698301787177","7.275209398409709","7.275209398409709","7.275209398409709"
"60","6.211844288497838","6.211844288497838","6.211844288497838","6.621312812062351","6.621312812062351","6.621312812062351","5.977440706150232","5.977440706150232","5.977440706150232","8.231636913250671","8.231636913250671","8.231636913250671","6.938414174440852","6.938414174440852","6.938414174440852"
"70","6.004510557433777","6.004510557433777","6.004510557433777","6.437150917139363","6.437150917139363","6.437150917139363","5.797393244751241","5.797393244751241","5.797393244751241","7.930777578377057","7.930777578377057","7.930777578377057","6.699310762025486","6.699310762025486","6.699310762025486"
"80","6.228513466115098","6.228513466115098","6.228513466115098","6.709718491167616","6.709718491167616","6.709718491167616","5.999743963112309","5.999743963112309","5.999743963112309","8.054524532780203","8.054524532780203","8.054524532780203","6.994734765627287","6.994734765627287","6.994734765627287"
"90","5.997537392889643","5.997537392889643","5.997537392889643","6.474549404147138","6.474549404147138","6.474549404147138","5.831452087181593","5.831452087181593","5.831452087181593","7.544110710769075","7.544110710769075","7.544110710769075","6.792947451940105","6.792947451940105","6.792947451940105"
"100","5.6664954538645995","5.6664954538645995","5.6664954538645995","6.095916287898324","6.095916287898324","6.095916287898324","5.516439378799224","5.516439378799224","5.516439378799224","6.986672790313718","6.986672790313718","6.986672790313718","6.449395123709768","6.449395123709768","6.449395123709768"
"110","5.425558409639521","5.425558409639521","5.425558409639521","5.831638249015265","5.831638249015265","5.831638249015265","5.366508217743147","5.366508217743147","5.366508217743147","6.665538956923678","6.665538956923678","6.665538956923678","6.184068340753016","6.184068340753016","6.184068340753016"
"120","5.188435930129671","5.188435930129671","5.188435930129671","5.594115612925205","5.594115612925205","5.594115612925205","5.310438760502719","5.310438760502719","5.310438760502719","6.41119461128962","6.41119461128962","6.41119461128962","6.036991885875156","6.036991885875156","6.036991885875156"
"130","5.628816324750442","5.628816324750442","5.628816324750442","6.005552143197883","6.005552143197883","6.005552143197883","5.649971751520553","5.649971751520553","5.649971751520553","6.911640735546287","6.911640735546287","6.911640735546287","6.451608425812815","6.451608425812815","6.451608425812815"
"140","5.606979867781709","5.606979867781709","5.606979867781709","5.818310283988211","5.818310283988211","5.818310283988211","5.616885845796561","5.616885845796561","5.616885845796561","6.768262152348603","6.768262152348603","6.768262152348603","6.28723816538543","6.28723816538543","6.28723816538543"
"150","5.513459531549154","5.513459531549154","5.513459531549154","5.675700588180534","5.675700588180534","5.675700588180534","5.697433357485433","5.697433357485433","5.697433357485433","6.6368526278443145","6.6368526278443145","6.6368526278443145","6.14489965691633","6.14489965691633","6.14489965691633"
"160","5.517783045680862","5.517783045680862","5.517783045680862","5.643388476957302","5.643388476957302","5.643388476957302","5.545012235443684","5.545012235443684","5.545012235443684","6.669292068351133","6.669292068351133","6.669292068351133","6.130278143517056","6.130278143517056","6.130278143517056"
"170","5.5712361764839455","5.5712361764839455","5.5712361764839455","5.6727013520218845","5.6727013520218845","5.6727013520218845","5.499305703855663","5.499305703855663","5.499305703855663","6.686289554054463","6.686289554054463","6.686289554054463","6.139787117812505","6.139787117812505","6.139787117812505"
"180","5.479165043227076","5.479165043227076","5.479165043227076","5.539926420009683","5.539926420009683","5.539926420009683","5.391996213823252","5.391996213823252","5.391996213823252","6.614012656543227","6.614012656543227","6.614012656543227","6.026716871477253","6.026716871477253","6.026716871477253"
"190","5.42090560180605","5.42090560180605","5.42090560180605","5.482060380763815","5.482060380763815","5.482060380763815","5.349267907753756","5.349267907753756","5.349267907753756","6.589318961584366","6.589318961584366","6.589318961584366","5.982082825935803","5.982082825935803","5.982082825935803"
"200","5.324693888457736","5.324693888457736","5.324693888457736","5.378978140431223","5.378978140431223","5.378978140431223","5.223100472095447","5.223100472095447","5.223100472095447","6.479083522622463","6.479083522622463","6.479083522622463","5.869848635143006","5.869848635143006","5.869848635143006"
"210","5.179615887390849","5.179615887390849","5.179615887390849","5.243528432052864","5.243528432052864","5.243528432052864","5.102746705438527","5.102746705438527","5.102746705438527","6.339550777234715","6.339550777234715","6.339550777234715","5.720000058623162","5.720000058623162","5.720000058623162"
"220","5.247091126539362","5.247091126539362","5.247091126539362","5.333121128321808","5.333121128321808","5.333121128321808","5.228114313018747","5.228114313018747","5.228114313018747","6.435364167031466","6.435364167031466","6.435364167031466","5.789242024488628","5.789242024488628","5.789242024488628"
"230","3.5799782257525936","3.5799782257525936","3.5799782257525936","3.6340643854923194","3.6340643854923194","3.6340643854923194","3.5911322894403765","3.5911322894403765","3.5911322894403765","4.7078179903711215","4.7078179903711215","4.7078179903711215","3.93510718680759","3.93510718680759","3.93510718680759"
"240","3.544575110074523","3.544575110074523","3.544575110074523","3.6132441706355283","3.6132441706355283","3.6132441706355283","3.517087230754587","3.517087230754587","3.517087230754587","4.489749200876514","4.489749200876514","4.489749200876514","3.904544667252389","3.904544667252389","3.904544667252389"
"250","4.892332960578714","4.892332960578714","4.892332960578714","4.990253523966455","4.990253523966455","4.990253523966455","4.8899744395838525","4.8899744395838525","4.8899744395838525","6.064077068720547","6.064077068720547","6.064077068720547","5.376595946828275","5.376595946828275","5.376595946828275"
"260","4.849919314995151","4.849919314995151","4.849919314995151","4.943142108614057","4.943142108614057","4.943142108614057","4.845543173232789","4.845543173232789","4.845543173232789","6.026261709137413","6.026261709137413","6.026261709137413","5.34930272050868","5.34930272050868","5.34930272050868"
"270","4.978758451639623","4.978758451639623","4.978758451639623","5.095942413659579","5.095942413659579","5.095942413659579","4.98358789519741","4.98358789519741","4.98358789519741","6.168725018433784","6.168725018433784","6.168725018433784","5.496747739563382","5.496747739563382","5.496747739563382"
"280","4.724149660555488","4.724149660555488","4.724149660555488","4.852598333383583","4.852598333383583","4.852598333383583","4.743390231563321","4.743390231563321","4.743390231563321","5.833212541892527","5.833212541892527","5.833212541892527","5.223617177185552","5.223617177185552","5.223617177185552"
"290","4.823733344688582","4.823733344688582","4.823733344688582","4.957147194613435","4.957147194613435","4.957147194613435","4.829858097845226","4.829858097845226","4.829858097845226","5.9566570509880465","5.9566570509880465","5.9566570509880465","5.348859045067014","5.348859045067014","5.348859045067014"
"300","4.848161843989442","4.848161843989442","4.848161843989442","4.989854177715367","4.989854177715367","4.989854177715367","4.871500863371283","4.871500863371283","4.871500863371283","5.994667928275061","5.994667928275061","5.994667928275061","5.391996455262278","5.391996455262278","5.391996455262278"
"310","4.7662510105294915","4.7662510105294915","4.7662510105294915","4.903218804374384","4.903218804374384","4.903218804374384","4.796788704085376","4.796788704085376","4.796788704085376","5.915225213299084","5.915225213299084","5.915225213299084","5.31774975711835","5.31774975711835","5.31774975711835"
"320","4.713815479443359","4.713815479443359","4.713815479443359","4.865682505617093","4.865682505617093","4.865682505617093","4.734296695614334","4.734296695614334","4.734296695614334","5.850131830087831","5.850131830087831","5.850131830087831","5.292400004801071","5.292400004801071","5.292400004801071"
"330","4.576074910396401","4.576074910396401","4.576074910396401","4.715825540204399","4.715825540204399","4.715825540204399","4.638487382978893","4.638487382978893","4.638487382978893","5.618757862666095","5.618757862666095","5.618757862666095","5.107192988468752","5.107192988468752","5.107192988468752"
"340","4.5222647298745136","4.5222647298745136","4.5222647298745136","4.661877034191826","4.661877034191826","4.661877034191826","4.591012127311377","4.591012127311377","4.591012127311377","5.510038131505222","5.510038131505222","5.510038131505222","5.044109991734291","5.044109991734291","5.044109991734291"
"350","4.531038732197688","4.531038732197688","4.531038732197688","4.694463077458011","4.694463077458011","4.694463077458011","4.6598226611224955","4.6598226611224955","4.6598226611224955","5.5706231178304","5.5706231178304","5.5706231178304","5.085167466214706","5.085167466214706","5.085167466214706"
"360","3.8910650063157664","3.8910650063157664","3.8910650063157664","4.033460627307377","4.033460627307377","4.033460627307377","4.0244488213544125","4.0244488213544125","4.0244488213544125","4.806091024678949","4.806091024678949","4.806091024678949","4.365027563702137","4.365027563702137","4.365027563702137"
"370","4.125241220264335","4.125241220264335","4.125241220264335","4.305068443264001","4.305068443264001","4.305068443264001","4.246005601210843","4.246005601210843","4.246005601210843","5.179201258880681","5.179201258880681","5.179201258880681","4.704810957644107","4.704810957644107","4.704810957644107"
"380","4.345718291511521","4.345718291511521","4.345718291511521","4.528556044690627","4.528556044690627","4.528556044690627","4.449368288645968","4.449368288645968","4.449368288645968","5.349440772137857","5.349440772137857","5.349440772137857","4.8989836177598605","4.8989836177598605","4.8989836177598605"
"390","4.535973313095815","4.535973313095815","4.535973313095815","4.7183357697181405","4.7183357697181405","4.7183357697181405","4.677907546938239","4.677907546938239","4.677907546938239","5.670813454260274","5.670813454260274","5.670813454260274","5.14494854406291","5.14494854406291","5.14494854406291"
"400","4.5692078718020275","4.5692078718020275","4.5692078718020275","4.757110821608843","4.757110821608843","4.757110821608843","4.710686171004273","4.710686171004273","4.710686171004273","5.701666633906107","5.701666633906107","5.701666633906107","5.1853463925587935","5.1853463925587935","5.1853463925587935"
"410","4.311445483063078","4.311445483063078","4.311445483063078","4.503127475455339","4.503127475455339","4.503127475455339","4.444455598903173","4.444455598903173","4.444455598903173","5.43628734232391","5.43628734232391","5.43628734232391","4.917977679964802","4.917977679964802","4.917977679964802"
"420","4.373447226690985","4.373447226690985","4.373447226690985","4.583480286741679","4.583480286741679","4.583480286741679","4.522605392032579","4.522605392032579","4.522605392032579","5.532652245271922","5.532652245271922","5.532652245271922","5.0043510969874525","5.0043510969874525","5.0043510969874525"
"430","4.3269097282593645","4.3269097282593645","4.3269097282593645","4.541463114347663","4.541463114347663","4.541463114347663","4.484626351394209","4.484626351394209","4.484626351394209","5.473778149786495","5.473778149786495","5.473778149786495","4.94903269281667","4.94903269281667","4.94903269281667"
"440","3.9777872848925457","3.9777872848925457","3.9777872848925457","4.163951887405676","4.163951887405676","4.163951887405676","4.110828128628615","4.110828128628615","4.110828128628615","5.034744601693028","5.034744601693028","5.034744601693028","4.540729696235494","4.540729696235494","4.540729696235494"
"450","4.346456300863323","4.346456300863323","4.346456300863323","4.532233264130496","4.532233264130496","4.532233264130496","4.446746632600524","4.446746632600524","4.446746632600524","5.462354797210582","5.462354797210582","5.462354797210582","4.938209788880845","4.938209788880845","4.938209788880845"
"460","3.748470741904449","3.748470741904449","3.748470741904449","3.9286471516757198","3.9286471516757198","3.9286471516757198","3.8767025916350026","3.8767025916350026","3.8767025916350026","4.7740698642737165","4.7740698642737165","4.7740698642737165","4.286330419228601","4.286330419228601","4.286330419228601"
"470","2.9772431850611003","2.9772431850611003","2.9772431850611003","3.126337001354729","3.126337001354729","3.126337001354729","3.087062281682435","3.087062281682435","3.087062281682435","3.803145520665599","3.803145520665599","3.803145520665599","3.4154864712396096","3.4154864712396096","3.4154864712396096"
"480","3.4572967604730387","3.4572967604730387","3.4572967604730387","3.633714057190244","3.633714057190244","3.633714057190244","3.5615385120726843","3.5615385120726843","3.5615385120726843","4.431618257514315","4.431618257514315","4.431618257514315","3.9756208708096143","3.9756208708096143","3.9756208708096143"
"490","4.209862010407732","4.209862010407732","4.209862010407732","4.437104433130415","4.437104433130415","4.437104433130415","4.352829077069192","4.352829077069192","4.352829077069192","5.415264679641927","5.415264679641927","5.415264679641927","4.840708170366352","4.840708170366352","4.840708170366352"
"500","4.218639852932214","4.218639852932214","4.218639852932214","4.437406131622418","4.437406131622418","4.437406131622418","4.309357290973109","4.309357290973109","4.309357290973109","5.425767161892718","5.425767161892718","5.425767161892718","4.851565650387463","4.851565650387463","4.851565650387463"
"510","4.233525084820705","4.233525084820705","4.233525084820705","4.457191887649493","4.457191887649493","4.457191887649493","4.3224510953079545","4.3224510953079545","4.3224510953079545","5.470368999349936","5.470368999349936","5.470368999349936","4.8914056140277244","4.8914056140277244","4.8914056140277244"
"520","4.324478866898278","4.324478866898278","4.324478866898278","4.507551973633023","4.507551973633023","4.507551973633023","4.364752867786515","4.364752867786515","4.364752867786515","5.458786492257349","5.458786492257349","5.458786492257349","4.913232400129923","4.913232400129923","4.913232400129923"
"530","4.062345759025911","4.062345759025911","4.062345759025911","4.230972814681017","4.230972814681017","4.230972814681017","4.082177659583977","4.082177659583977","4.082177659583977","5.133935987733629","5.133935987733629","5.133935987733629","4.601582749380991","4.601582749380991","4.601582749380991"
"540","4.208583432821018","4.208583432821018","4.208583432821018","4.454569187651436","4.454569187651436","4.454569187651436","4.194271059502992","4.194271059502992","4.194271059502992","5.3847736841900895","5.3847736841900895","5.3847736841900895","4.8309183537103095","4.8309183537103095","4.8309183537103095"
"550","3.8403557158720165","3.8403557158720165","3.8403557158720165","4.076644362924421","4.076644362924421","4.076644362924421","3.7587996854226393","3.7587996854226393","3.7587996854226393","4.929278867364498","4.929278867364498","4.929278867364498","4.438477100361737","4.438477100361737","4.438477100361737"
"560","4.028317020398587","4.028317020398587","4.028317020398587","4.322622085864145","4.322622085864145","4.322622085864145","3.768565543355885","3.768565543355885","3.768565543355885","5.302748911748416","5.302748911748416","5.302748911748416","4.733927097484657","4.733927097484657","4.733927097484657"
"570","4.000924302852686","4.000924302852686","4.000924302852686","4.375316029813366","4.375316029813366","4.375316029813366","3.426005586519856","3.426005586519856","3.426005586519856","5.4069397192931925","5.4069397192931925","5.4069397192931925","4.812662143283756","4.812662143283756","4.812662143283756"
"580","3.898429399957274","3.898429399957274","3.898429399957274","4.336036215032329","4.336036215032329","4.336036215032329","3.023020409334818","3.023020409334818","3.023020409334818","5.281067860806695","5.281067860806695","5.281067860806695","4.737931298014542","4.737931298014542","4.737931298014542"
"590","3.68439208488641","3.68439208488641","3.68439208488641","4.27274232840868","4.27274232840868","4.27274232840868","2.461517261419606","2.461517261419606","2.461517261419606","5.284428569392306","5.284428569392306","5.284428569392306","4.702136062814476","4.702136062814476","4.702136062814476"
"600","3.46737372041052","3.46737372041052","3.46737372041052","4.312005528124241","4.312005528124241","4.312005528124241","2.124343934351246","2.124343934351246","2.124343934351246","5.325980956076262","5.325980956076262","5.325980956076262","4.746700582145179","4.746700582145179","4.746700582145179"
"610","3.031956574117708","3.031956574117708","3.031956574117708","4.201098013525712","4.201098013525712","4.201098013525712","1.6542155516987314","1.6542155516987314","1.6542155516987314","5.2265870863787764","5.2265870863787764","5.2265870863787764","4.639253403502774","4.639253403502774","4.639253403502774"
"620","2.6912617024071577","2.6912617024071577","2.6912617024071577","4.126199230908794","4.126199230908794","4.126199230908794","1.4309597676050319","1.4309597676050319","1.4309597676050319","5.127716439463326","5.127716439463326","5.127716439463326","4.555374357871358","4.555374357871358","4.555374357871358"
"630","2.332927844766642","2.332927844766642","2.332927844766642","4.103220046644164","4.103220046644164","4.103220046644164","1.2163707968519013","1.2163707968519013","1.2163707968519013","5.128767829234691","5.128767829234691","5.128767829234691","4.550366027963149","4.550366027963149","4.550366027963149"
"640","2.093645020632106","2.093645020632106","2.093645020632106","4.002143745987659","4.002143745987659","4.002143745987659","1.1077133654932216","1.1077133654932216","1.1077133654932216","4.955276761711894","4.955276761711894","4.955276761711894","4.410493002466793","4.410493002466793","4.410493002466793"
"650","1.968058547069644","1.968058547069644","1.968058547069644","4.148792405088273","4.148792405088273","4.148792405088273","1.0460165944090156","1.0460165944090156","1.0460165944090156","5.105376264278237","5.105376264278237","5.105376264278237","4.564653158060092","4.564653158060092","4.564653158060092"
"660","1.7902404149612658","1.7902404149612658","1.7902404149612658","4.000113495865273","4.000113495865273","4.000113495865273","0.9279934605099096","0.9279934605099096","0.9279934605099096","5.005167135981933","5.005167135981933","5.005167135981933","4.442006815722619","4.442006815722619","4.442006815722619"
"670","1.6667867038095265","1.6667867038095265","1.6667867038095265","3.9731794051099443","3.9731794051099443","3.9731794051099443","0.9516365359498483","0.9516365359498483","0.9516365359498483","4.957436452695869","4.957436452695869","4.957436452695869","4.4229549988407015","4.4229549988407015","4.4229549988407015"
"680","1.395967604868297","1.395967604868297","1.395967604868297","3.980777318588282","3.980777318588282","3.980777318588282","0.7974221632078248","0.7974221632078248","0.7974221632078248","5.052144409768043","5.052144409768043","5.052144409768043","4.482975254602652","4.482975254602652","4.482975254602652"
"690","1.3009898339513193","1.3009898339513193","1.3009898339513193","4.215160535016206","4.215160535016206","4.215160535016206","0.7817878440441666","0.7817878440441666","0.7817878440441666","5.364867929285268","5.364867929285268","5.364867929285268","4.749454801534877","4.749454801534877","4.749454801534877"
"700","1.1280195656701288","1.1280195656701288","1.1280195656701288","3.9913718862974883","3.9913718862974883","3.9913718862974883","0.70920026459629","0.70920026459629","0.70920026459629","5.172189768037916","5.172189768037916","5.172189768037916","4.589214335927283","4.589214335927283","4.589214335927283"
"710","1.0428438317705844","1.0428438317705844","1.0428438317705844","3.7437211020448764","3.7437211020448764","3.7437211020448764","0.7195507482234075","0.7195507482234075","0.7195507482234075","5.020616630422227","5.020616630422227","5.020616630422227","4.451898832289985","4.451898832289985","4.451898832289985"
"720","0.9700279004865798","0.9700279004865798","0.9700279004865798","3.5920690324278355","3.5920690324278355","3.5920690324278355","0.6976767567126078","0.6976767567126078","0.6976767567126078","4.947722579308762","4.947722579308762","4.947722579308762","4.384956706443899","4.384956706443899","4.384956706443899"
"730","0.8922283983401621","0.8922283983401621","0.8922283983401621","3.4360793943980945","3.4360793943980945","3.4360793943980945","0.6407017207043876","0.6407017207043876","0.6407017207043876","4.992591853703943","4.992591853703943","4.992591853703943","4.427851012257482","4.427851012257482","4.427851012257482"
"740","0.8137311516096006","0.8137311516096006","0.8137311516096006","3.163200018553355","3.163200018553355","3.163200018553355","0.613222521798692","0.613222521798692","0.613222521798692","4.928913151492047","4.928913151492047","4.928913151492047","4.367684823547469","4.367684823547469","4.367684823547469"
"750","0.8027645405770382","0.8027645405770382","0.8027645405770382","2.9798163154421045","2.9798163154421045","2.9798163154421045","0.6328889235195988","0.6328889235195988","0.6328889235195988","4.878475752204988","4.878475752204988","4.878475752204988","4.3529326826302","4.3529326826302","4.3529326826302"
"760","0.8549709821892185","0.8549709821892185","0.8549709821892185","2.8381481479447395","2.8381481479447395","2.8381481479447395","0.6493100301802507","0.6493100301802507","0.6493100301802507","4.93818253809278","4.93818253809278","4.93818253809278","4.386320644593597","4.386320644593597","4.386320644593597"
"770","0.7230672541575218","0.7230672541575218","0.7230672541575218","2.542044787850012","2.542044787850012","2.542044787850012","0.5495365712749399","0.5495365712749399","0.5495365712749399","5.0251332544724105","5.0251332544724105","5.0251332544724105","4.438209164295239","4.438209164295239","4.438209164295239"
"780","0.6864377324914597","0.6864377324914597","0.6864377324914597","2.335740648964604","2.335740648964604","2.335740648964604","0.5726906571992497","0.5726906571992497","0.5726906571992497","4.88653240710261","4.88653240710261","4.88653240710261","4.319273584256453","4.319273584256453","4.319273584256453"
"790","0.48622479299165094","0.48622479299165094","0.48622479299165094","1.6589319235782962","1.6589319235782962","1.6589319235782962","0.3594173141161165","0.3594173141161165","0.3594173141161165","3.8644584798846267","3.8644584798846267","3.8644584798846267","3.4098975424478275","3.4098975424478275","3.4098975424478275"
"800","0.6873244662472583","0.6873244662472583","0.6873244662472583","2.090184274664915","2.090184274664915","2.090184274664915","0.4930898127002082","0.4930898127002082","0.4930898127002082","4.879632567208138","4.879632567208138","4.879632567208138","4.330446792116919","4.330446792116919","4.330446792116919"
"810","0.6649420115382377","0.6649420115382377","0.6649420115382377","1.9749034956212606","1.9749034956212606","1.9749034956212606","0.46545460961241886","0.46545460961241886","0.46545460961241886","4.8936869540964585","4.8936869540964585","4.8936869540964585","4.341618863301565","4.341618863301565","4.341618863301565"
"820","0.5965974403157519","0.5965974403157519","0.5965974403157519","1.733425814442318","1.733425814442318","1.733425814442318","0.39604133215915094","0.39604133215915094","0.39604133215915094","4.7726135360463395","4.7726135360463395","4.7726135360463395","4.207528348270607","4.207528348270607","4.207528348270607"
"830","0.6532786420828618","0.6532786420828618","0.6532786420828618","1.6924247227631384","1.6924247227631384","1.6924247227631384","0.43400252073123347","0.43400252073123347","0.43400252073123347","4.938932516025229","4.938932516025229","4.938932516025229","4.373222668305087","4.373222668305087","4.373222668305087"
"840","0.5984085341732184","0.5984085341732184","0.5984085341732184","1.5278256237540309","1.5278256237540309","1.5278256237540309","0.34382748091906873","0.34382748091906873","0.34382748091906873","4.845099250518906","4.845099250518906","4.845099250518906","4.275407583495562","4.275407583495562","4.275407583495562"
"850","0.5515273100988574","0.5515273100988574","0.5515273100988574","1.4088270575436854","1.4088270575436854","1.4088270575436854","0.2927983019239395","0.2927983019239395","0.2927983019239395","4.916256567583853","4.916256567583853","4.916256567583853","4.33477998020405","4.33477998020405","4.33477998020405"
"860","0.4182277681574797","0.4182277681574797","0.4182277681574797","0.9936355714448226","0.9936355714448226","0.9936355714448226","0.2693733906941354","0.2693733906941354","0.2693733906941354","3.645791818181708","3.645791818181708","3.645791818181708","3.153139526872145","3.153139526872145","3.153139526872145"
"870","0.523236552995556","0.523236552995556","0.523236552995556","1.1696806965508806","1.1696806965508806","1.1696806965508806","0.2528167661702952","0.2528167661702952","0.2528167661702952","5.046676385151663","5.046676385151663","5.046676385151663","4.42878110220972","4.42878110220972","4.42878110220972"
"880","0.5153772063814913","0.5153772063814913","0.5153772063814913","1.1208039692710223","1.1208039692710223","1.1208039692710223","0.23462604636851234","0.23462604636851234","0.23462604636851234","5.017377788644791","5.017377788644791","5.017377788644791","4.4271779729068355","4.4271779729068355","4.4271779729068355"
"890","0.5436639630442405","0.5436639630442405","0.5436639630442405","1.0649914728222274","1.0649914728222274","1.0649914728222274","0.24246647302041366","0.24246647302041366","0.24246647302041366","4.708423076803867","4.708423076803867","4.708423076803867","4.149124126211887","4.149124126211887","4.149124126211887"
"900","0.46126759719209076","0.46126759719209076","0.46126759719209076","0.967628053934487","0.967628053934487","0.967628053934487","0.19161735733574767","0.19161735733574767","0.19161735733574767","4.895648399277352","4.895648399277352","4.895648399277352","4.275482126056423","4.275482126056423","4.275482126056423"
"910","0.44107138055876277","0.44107138055876277","0.44107138055876277","0.9411668829177297","0.9411668829177297","0.9411668829177297","0.1890913285341284","0.1890913285341284","0.1890913285341284","4.9017937592426275","4.9017937592426275","4.9017937592426275","4.317993747838548","4.317993747838548","4.317993747838548"
"920","0.4018678427428481","0.4018678427428481","0.4018678427428481","0.8891125614195129","0.8891125614195129","0.8891125614195129","0.18034374449139606","0.18034374449139606","0.18034374449139606","4.897913948339347","4.897913948339347","4.897913948339347","4.303278378528901","4.303278378528901","4.303278378528901"
"930","0.44958130563782306","0.44958130563782306","0.44958130563782306","0.9088574014002031","0.9088574014002031","0.9088574014002031","0.2198462590919067","0.2198462590919067","0.2198462590919067","4.447132265822923","4.447132265822923","4.447132265822923","3.874914802907655","3.874914802907655","3.874914802907655"
"940","0.35911494127767196","0.35911494127767196","0.35911494127767196","0.7552319381677408","0.7552319381677408","0.7552319381677408","0.1476830331732864","0.1476830331732864","0.1476830331732864","4.691363399504304","4.691363399504304","4.691363399504304","4.115009605468128","4.115009605468128","4.115009605468128"
"950","0.5053939994235103","0.5053939994235103","0.5053939994235103","0.43073109839125506","0.43073109839125506","0.43073109839125506","0.34045430750491434","0.34045430750491434","0.34045430750491434","2.1113942366346827","2.1113942366346827","2.1113942366346827","1.850126414000467","1.850126414000467","1.850126414000467"
"960","0.22587120742575922","0.22587120742575922","0.22587120742575922","0.4041746475279313","0.4041746475279313","0.4041746475279313","0.125577310331592","0.125577310331592","0.125577310331592","2.1603998665638082","2.1603998665638082","2.1603998665638082","1.8961378696619475","1.8961378696619475","1.8961378696619475"
"970","0.3630264160380245","0.3630264160380245","0.3630264160380245","0.7631593991626593","0.7631593991626593","0.7631593991626593","0.16700295555652123","0.16700295555652123","0.16700295555652123","4.80311385568134","4.80311385568134","4.80311385568134","4.222717450082087","4.222717450082087","4.222717450082087"
"980","0.3196357902088663","0.3196357902088663","0.3196357902088663","0.6564502119444858","0.6564502119444858","0.6564502119444858","0.11619500545431663","0.11619500545431663","0.11619500545431663","4.284190763905589","4.284190763905589","4.284190763905589","3.8036282183245005","3.8036282183245005","3.8036282183245005"
"990","0.2644494526333565","0.2644494526333565","0.2644494526333565","0.6246407099658438","0.6246407099658438","0.6246407099658438","0.10874013424784552","0.10874013424784552","0.10874013424784552","4.5682345202946495","4.5682345202946495","4.5682345202946495","4.061000061015562","4.061000061015562","4.061000061015562"
"1000","0.2561639044746519","0.2561639044746519","0.2561639044746519","0.6821525711862078","0.6821525711862078","0.6821525711862078","0.13140707727244555","0.13140707727244555","0.13140707727244555","4.959871806922053","4.959871806922053","4.959871806922053","4.33210791669657","4.33210791669657","4.33210791669657"
"1010","0.24541432688755332","0.24541432688755332","0.24541432688755332","0.6754428387830602","0.6754428387830602","0.6754428387830602","0.12436772050996782","0.12436772050996782","0.12436772050996782","4.783647397691084","4.783647397691084","4.783647397691084","4.192032823440383","4.192032823440383","4.192032823440383"
"1020","0.20821712633462813","0.20821712633462813","0.20821712633462813","0.6245726570461202","0.6245726570461202","0.6245726570461202","0.11013414751099816","0.11013414751099816","0.11013414751099816","4.779121248322854","4.779121248322854","4.779121248322854","4.178062709018094","4.178062709018094","4.178062709018094"
"1030","0.20586467648661108","0.20586467648661108","0.20586467648661108","0.6472542218714515","0.6472542218714515","0.6472542218714515","0.10736739794754087","0.10736739794754087","0.10736739794754087","4.868463269974866","4.868463269974866","4.868463269974866","4.277172825512325","4.277172825512325","4.277172825512325"
"1040","0.19970254609269517","0.19970254609269517","0.19970254609269517","0.6535696568596062","0.6535696568596062","0.6535696568596062","0.10331169681550446","0.10331169681550446","0.10331169681550446","4.818418008770993","4.818418008770993","4.818418008770993","4.239042619219923","4.239042619219923","4.239042619219923"
"1050","0.17550426760683535","0.17550426760683535","0.17550426760683535","0.6271575173055093","0.6271575173055093","0.6271575173055093","0.10213854341838616","0.10213854341838616","0.10213854341838616","4.721020971383322","4.721020971383322","4.721020971383322","4.136059475695993","4.136059475695993","4.136059475695993"
"1060","0.17734368695840086","0.17734368695840086","0.17734368695840086","0.6150788378829243","0.6150788378829243","0.6150788378829243","0.10493045944319791","0.10493045944319791","0.10493045944319791","4.802686453916581","4.802686453916581","4.802686453916581","4.191689577724866","4.191689577724866","4.191689577724866"
"1070","0.1724695163351991","0.1724695163351991","0.1724695163351991","0.6013812600218583","0.6013812600218583","0.6013812600218583","0.09070944825465482","0.09070944825465482","0.09070944825465482","4.658239438363181","4.658239438363181","4.658239438363181","4.072656785439003","4.072656785439003","4.072656785439003"
"1080","0.1717618542320967","0.1717618542320967","0.1717618542320967","0.6054560795769808","0.6054560795769808","0.6054560795769808","0.09184786298122839","0.09184786298122839","0.09184786298122839","4.694333750066417","4.694333750066417","4.694333750066417","4.090802464817416","4.090802464817416","4.090802464817416"
"1090","0.14709015501157113","0.14709015501157113","0.14709015501157113","0.5671517401601315","0.5671517401601315","0.5671517401601315","0.08257358461330953","0.08257358461330953","0.08257358461330953","4.637236286116955","4.637236286116955","4.637236286116955","4.033886417158582","4.033886417158582","4.033886417158582"
"1100","0.13830750229181968","0.13830750229181968","0.13830750229181968","0.5565789085983475","0.5565789085983475","0.5565789085983475","0.07648047963466044","0.07648047963466044","0.07648047963466044","4.580712196271086","4.580712196271086","4.580712196271086","4.0018084469047555","4.0018084469047555","4.0018084469047555"
"1110","0.15773108604984235","0.15773108604984235","0.15773108604984235","0.6149762904218928","0.6149762904218928","0.6149762904218928","0.07773467435021085","0.07773467435021085","0.07773467435021085","4.711662255054872","4.711662255054872","4.711662255054872","4.135318873266778","4.135318873266778","4.135318873266778"
"1120","0.11198310631399826","0.11198310631399826","0.11198310631399826","0.524309679295935","0.524309679295935","0.524309679295935","0.05913495877931125","0.05913495877931125","0.05913495877931125","4.735417424450776","4.735417424450776","4.735417424450776","4.116001190828608","4.116001190828608","4.116001190828608"
"1130","0.09659466878972375","0.09659466878972375","0.09659466878972375","0.42574256186159903","0.42574256186159903","0.42574256186159903","0.05271663233266675","0.05271663233266675","0.05271663233266675","3.631459807994736","3.631459807994736","3.631459807994736","3.1697871497322154","3.1697871497322154","3.1697871497322154"
"1140","0.11610384727921239","0.11610384727921239","0.11610384727921239","0.5126285353440024","0.5126285353440024","0.5126285353440024","0.06600482709216977","0.06600482709216977","0.06600482709216977","4.562037988368867","4.562037988368867","4.562037988368867","3.9688398698159713","3.9688398698159713","3.9688398698159713"
"1150","0.09992013233329078","0.09992013233329078","0.09992013233329078","0.5114719070673838","0.5114719070673838","0.5114719070673838","0.057227371268373066","0.057227371268373066","0.057227371268373066","4.718403736243311","4.718403736243311","4.718403736243311","4.108605465550629","4.108605465550629","4.108605465550629"
"1160","0.09506322174142809","0.09506322174142809","0.09506322174142809","0.4894991978372529","0.4894991978372529","0.4894991978372529","0.052550609606584246","0.052550609606584246","0.052550609606584246","4.471756554785048","4.471756554785048","4.471756554785048","3.906057516958705","3.906057516958705","3.906057516958705"
"1170","0.08643747419313959","0.08643747419313959","0.08643747419313959","0.4848190827816398","0.4848190827816398","0.4848190827816398","0.04819221529668081","0.04819221529668081","0.04819221529668081","4.7785612323186015","4.7785612323186015","4.7785612323186015","4.146045026779902","4.146045026779902","4.146045026779902"
"1180","0.0929814356908023","0.0929814356908023","0.0929814356908023","0.5140089469477083","0.5140089469477083","0.5140089469477083","0.05895477007377749","0.05895477007377749","0.05895477007377749","4.70149359388075","4.70149359388075","4.70149359388075","4.0941413674836085","4.0941413674836085","4.0941413674836085"
"1190","0.09281083348622084","0.09281083348622084","0.09281083348622084","0.5070946242541432","0.5070946242541432","0.5070946242541432","0.05362006226874267","0.05362006226874267","0.05362006226874267","4.657220938355278","4.657220938355278","4.657220938355278","4.0521732399719355","4.0521732399719355","4.0521732399719355"
"1200","0.0814133435774832","0.0814133435774832","0.0814133435774832","0.4864592143127694","0.4864592143127694","0.4864592143127694","0.04825810922697836","0.04825810922697836","0.04825810922697836","4.658231531339646","4.658231531339646","4.658231531339646","4.035601018725089","4.035601018725089","4.035601018725089"
"1210","0.0739293533095761","0.0739293533095761","0.0739293533095761","0.3863922346310959","0.3863922346310959","0.3863922346310959","0.038561942308936614","0.038561942308936614","0.038561942308936614","3.644209108845377","3.644209108845377","3.644209108845377","3.1691516971334304","3.1691516971334304","3.1691516971334304"
"1220","0.0580197093833477","0.0580197093833477","0.0580197093833477","0.33517007789669445","0.33517007789669445","0.33517007789669445","0.03254023934270436","0.03254023934270436","0.03254023934270436","3.407408973696887","3.407408973696887","3.407408973696887","3.0423981555834883","3.0423981555834883","3.0423981555834883"
"1230","0.07980961629743837","0.07980961629743837","0.07980961629743837","0.435064733756355","0.435064733756355","0.435064733756355","0.04403755463354155","0.04403755463354155","0.04403755463354155","4.484575373755146","4.484575373755146","4.484575373755146","3.994381262337769","3.994381262337769","3.994381262337769"
"1240","0.08110208934976712","0.08110208934976712","0.08110208934976712","0.4709322917888406","0.4709322917888406","0.4709322917888406","0.043893884440185264","0.043893884440185264","0.043893884440185264","4.685727627106717","4.685727627106717","4.685727627106717","4.067532177072582","4.067532177072582","4.067532177072582"
"1250","0.10259797219149402","0.10259797219149402","0.10259797219149402","0.395144711466263","0.395144711466263","0.395144711466263","0.04981910313096211","0.04981910313096211","0.04981910313096211","3.559171636381208","3.559171636381208","3.559171636381208","3.0942724352031576","3.0942724352031576","3.0942724352031576"
"1260","0.056692930677174146","0.056692930677174146","0.056692930677174146","0.3280279448363953","0.3280279448363953","0.3280279448363953","0.03855414512421178","0.03855414512421178","0.03855414512421178","3.130844325259104","3.130844325259104","3.130844325259104","2.699375781733819","2.699375781733819","2.699375781733819"
"1270","0.07072804886125672","0.07072804886125672","0.07072804886125672","0.4247377631731344","0.4247377631731344","0.4247377631731344","0.04608236226119314","0.04608236226119314","0.04608236226119314","4.201427810635933","4.201427810635933","4.201427810635933","3.6450658451921485","3.6450658451921485","3.6450658451921485"
"1280","0.07710054223740533","0.07710054223740533","0.07710054223740533","0.4582052749241676","0.4582052749241676","0.4582052749241676","0.04903573494556155","0.04903573494556155","0.04903573494556155","4.516115616524286","4.516115616524286","4.516115616524286","3.8998134414887944","3.8998134414887944","3.8998134414887944"
"1290","0.08319940730492908","0.08319940730492908","0.08319940730492908","0.45721325758867765","0.45721325758867765","0.45721325758867765","0.05727975688655415","0.05727975688655415","0.05727975688655415","4.6220773325295035","4.6220773325295035","4.6220773325295035","3.995541618998513","3.995541618998513","3.995541618998513"
"1300","0.06558896240968552","0.06558896240968552","0.06558896240968552","0.43051641121251644","0.43051641121251644","0.43051641121251644","0.04339293890275787","0.04339293890275787","0.04339293890275787","4.603899048360704","4.603899048360704","4.603899048360704","3.9507225742083976","3.9507225742083976","3.9507225742083976"
"1310","0.06573129682419054","0.06573129682419054","0.06573129682419054","0.44131114866439697","0.44131114866439697","0.44131114866439697","0.04298130629916185","0.04298130629916185","0.04298130629916185","4.613408939209086","4.613408939209086","4.613408939209086","3.9622849727783884","3.9622849727783884","3.9622849727783884"
"1320","0.058662420757813465","0.058662420757813465","0.058662420757813465","0.4079403618018783","0.4079403618018783","0.4079403618018783","0.04110502051384088","0.04110502051384088","0.04110502051384088","4.417898861964488","4.417898861964488","4.417898861964488","3.7832271469723375","3.7832271469723375","3.7832271469723375"
"1330","0.060880309761279595","0.060880309761279595","0.060880309761279595","0.41989037257855544","0.41989037257855544","0.41989037257855544","0.04406100469356427","0.04406100469356427","0.04406100469356427","4.588163567246553","4.588163567246553","4.588163567246553","3.9408652984403103","3.9408652984403103","3.9408652984403103"
"1340","0.06797812053991874","0.06797812053991874","0.06797812053991874","0.4258908948563738","0.4258908948563738","0.4258908948563738","0.05079586699349175","0.05079586699349175","0.05079586699349175","4.501944204837482","4.501944204837482","4.501944204837482","3.8480198682159497","3.8480198682159497","3.8480198682159497"
"1350","0.06154796517535955","0.06154796517535955","0.06154796517535955","0.407038233985792","0.407038233985792","0.407038233985792","0.042736921111766975","0.042736921111766975","0.042736921111766975","4.632967181489726","4.632967181489726","4.632967181489726","3.9522064701149464","3.9522064701149464","3.9522064701149464"
"1360","0.050421363250937476","0.050421363250937476","0.050421363250937476","0.37052886349279734","0.37052886349279734","0.37052886349279734","0.029799066411297852","0.029799066411297852","0.029799066411297852","4.678807148448096","4.678807148448096","4.678807148448096","3.956460622878911","3.956460622878911","3.956460622878911"
"1370","0.0456733230258048","0.0456733230258048","0.0456733230258048","0.35956173395605917","0.35956173395605917","0.35956173395605917","0.03281568140471504","0.03281568140471504","0.03281568140471504","4.5582306756766755","4.5582306756766755","4.5582306756766755","3.8300304426833316","3.8300304426833316","3.8300304426833316"
"1380","0.029277579997796066","0.029277579997796066","0.029277579997796066","0.24797707587806855","0.24797707587806855","0.24797707587806855","0.0253359438557136","0.0253359438557136","0.0253359438557136","3.4305588588295985","3.4305588588295985","3.4305588588295985","2.847152236476239","2.847152236476239","2.847152236476239"
"1390","0.029842201431985207","0.029842201431985207","0.029842201431985207","0.22103787698339455","0.22103787698339455","0.22103787698339455","0.024270697814662477","0.024270697814662477","0.024270697814662477","3.1478158775200353","3.1478158775200353","3.1478158775200353","2.585926959720317","2.585926959720317","2.585926959720317"
"1400","0.06500233673171169","0.06500233673171169","0.06500233673171169","0.34369189006067113","0.34369189006067113","0.34369189006067113","0.0450374188176927","0.0450374188176927","0.0450374188176927","4.335112527275277","4.335112527275277","4.335112527275277","3.556007893079825","3.556007893079825","3.556007893079825"
"1410","0.057536945197587244","0.057536945197587244","0.057536945197587244","0.32353183414970554","0.32353183414970554","0.32353183414970554","0.04586855996115149","0.04586855996115149","0.04586855996115149","4.471075919331928","4.471075919331928","4.471075919331928","3.6028646015803654","3.6028646015803654","3.6028646015803654"
"1420","0.06246382354579009","0.06246382354579009","0.06246382354579009","0.3026030351058583","0.3026030351058583","0.3026030351058583","0.0493382237338315","0.0493382237338315","0.0493382237338315","4.383023331756774","4.383023331756774","4.383023331756774","3.4586110399102314","3.4586110399102314","3.4586110399102314"
"1430","0.05182269540623377","0.05182269540623377","0.05182269540623377","0.2767486042116055","0.2767486042116055","0.2767486042116055","0.037683114658800775","0.037683114658800775","0.037683114658800775","4.6328125202640225","4.6328125202640225","4.6328125202640225","3.545498021684287","3.545498021684287","3.545498021684287"
"1440","0.048345588807128755","0.048345588807128755","0.048345588807128755","0.26713249797828276","0.26713249797828276","0.26713249797828276","0.03220649585010414","0.03220649585010414","0.03220649585010414","4.5590961378890364","4.5590961378890364","4.5590961378890364","3.427022636757121","3.427022636757121","3.427022636757121"
"1450","0.04576850611520466","0.04576850611520466","0.04576850611520466","0.24290051365820772","0.24290051365820772","0.24290051365820772","0.03163794136053867","0.03163794136053867","0.03163794136053867","4.5302405760797395","4.5302405760797395","4.5302405760797395","3.1806296718818254","3.1806296718818254","3.1806296718818254"
"1460","0.04544561641828942","0.04544561641828942","0.04544561641828942","0.234781933994603","0.234781933994603","0.234781933994603","0.03441646208313566","0.03441646208313566","0.03441646208313566","4.411548852091489","4.411548852091489","4.411548852091489","2.957596985180836","2.957596985180836","2.957596985180836"
"1470","0.05391287928073385","0.05391287928073385","0.05391287928073385","0.23442299877206288","0.23442299877206288","0.23442299877206288","0.042828331634595096","0.042828331634595096","0.042828331634595096","4.398439123076605","4.398439123076605","4.398439123076605","2.8047805256896186","2.8047805256896186","2.8047805256896186"
"1480","0.044946880632466005","0.044946880632466005","0.044946880632466005","0.2217024728110844","0.2217024728110844","0.2217024728110844","0.03851843188265874","0.03851843188265874","0.03851843188265874","4.599798774642149","4.599798774642149","4.599798774642149","2.7837430195059767","2.7837430195059767","2.7837430195059767"
"1490","0.04443692438194747","0.04443692438194747","0.04443692438194747","0.20978278004159923","0.20978278004159923","0.20978278004159923","0.035058251394079656","0.035058251394079656","0.035058251394079656","4.5542489070923","4.5542489070923","4.5542489070923","2.6438814656796232","2.6438814656796232","2.6438814656796232"
"1500","0.03729980184615227","0.03729980184615227","0.03729980184615227","0.1980233795431013","0.1980233795431013","0.1980233795431013","0.032885221704256715","0.032885221704256715","0.032885221704256715","4.505008118211743","4.505008118211743","4.505008118211743","2.4601606712909514","2.4601606712909514","2.4601606712909514"
"1510","0.034331833329923594","0.034331833329923594","0.034331833329923594","0.1878661433861266","0.1878661433861266","0.1878661433861266","0.0302157973742171","0.0302157973742171","0.0302157973742171","4.403157671206185","4.403157671206185","4.403157671206185","2.2886420154251725","2.2886420154251725","2.2886420154251725"
"1520","0.03402465901245634","0.03402465901245634","0.03402465901245634","0.17343554971154354","0.17343554971154354","0.17343554971154354","0.02927441729594152","0.02927441729594152","0.02927441729594152","4.534548214074523","4.534548214074523","4.534548214074523","2.2219655971545453","2.2219655971545453","2.2219655971545453"
"1530","0.030755968426241797","0.030755968426241797","0.030755968426241797","0.18271018337423103","0.18271018337423103","0.18271018337423103","0.026093668408647696","0.026093668408647696","0.026093668408647696","4.508659506716407","4.508659506716407","4.508659506716407","2.1397248229981645","2.1397248229981645","2.1397248229981645"
"1540","0.037098035599376425","0.037098035599376425","0.037098035599376425","0.18306447017504088","0.18306447017504088","0.18306447017504088","0.033741954045743996","0.033741954045743996","0.033741954045743996","4.468584096247767","4.468584096247767","4.468584096247767","2.0735583033785168","2.0735583033785168","2.0735583033785168"
"1550","0.03747523580236544","0.03747523580236544","0.03747523580236544","0.19863962068806323","0.19863962068806323","0.19863962068806323","0.03095162932146688","0.03095162932146688","0.03095162932146688","4.253423922932564","4.253423922932564","4.253423922932564","1.8984582506768788","1.8984582506768788","1.8984582506768788"
"1560","0.02280195262538166","0.02280195262538166","0.02280195262538166","0.11578449876382475","0.11578449876382475","0.11578449876382475","0.01756368581242124","0.01756368581242124","0.01756368581242124","3.5205743145220056","3.5205743145220056","3.5205743145220056","1.4151867353265017","1.4151867353265017","1.4151867353265017"
"1570","0.02718456029091337","0.02718456029091337","0.02718456029091337","0.1543088188413745","0.1543088188413745","0.1543088188413745","0.02216183914234251","0.02216183914234251","0.02216183914234251","4.38142762429353","4.38142762429353","4.38142762429353","1.742588952456465","1.742588952456465","1.742588952456465"
"1580","0.03364893241078673","0.03364893241078673","0.03364893241078673","0.17338814675437966","0.17338814675437966","0.17338814675437966","0.028024158326325405","0.028024158326325405","0.028024158326325405","4.422048058250799","4.422048058250799","4.422048058250799","1.7658769693303435","1.7658769693303435","1.7658769693303435"
"1590","0.0394620299958975","0.0394620299958975","0.0394620299958975","0.21378827400311587","0.21378827400311587","0.21378827400311587","0.03549117550920082","0.03549117550920082","0.03549117550920082","4.479280649785351","4.479280649785351","4.479280649785351","1.7061464944675693","1.7061464944675693","1.7061464944675693"
"1600","0.027781230816778503","0.027781230816778503","0.027781230816778503","0.14168134394118598","0.14168134394118598","0.14168134394118598","0.02483480384455929","0.02483480384455929","0.02483480384455929","4.575989052805834","4.575989052805834","4.575989052805834","1.5744406099558574","1.5744406099558574","1.5744406099558574"
"1610","0.03574456148142046","0.03574456148142046","0.03574456148142046","0.15413640275786014","0.15413640275786014","0.15413640275786014","0.0308095935792615","0.0308095935792615","0.0308095935792615","3.8685975683160936","3.8685975683160936","3.8685975683160936","1.3665920683358752","1.3665920683358752","1.3665920683358752"
"1620","0.02619131776547887","0.02619131776547887","0.02619131776547887","0.10160084081546851","0.10160084081546851","0.10160084081546851","0.02121000457515575","0.02121000457515575","0.02121000457515575","3.045497338598833","3.045497338598833","3.045497338598833","1.0318100395173107","1.0318100395173107","1.0318100395173107"
"1630","0.029974350337321282","0.029974350337321282","0.029974350337321282","0.11516402568929988","0.11516402568929988","0.11516402568929988","0.031834897087158434","0.031834897087158434","0.031834897087158434","3.49371948668905","3.49371948668905","3.49371948668905","1.1400706575554926","1.1400706575554926","1.1400706575554926"
"1640","0.031049715186804595","0.031049715186804595","0.031049715186804595","0.1347134771842943","0.1347134771842943","0.1347134771842943","0.030745648713680303","0.030745648713680303","0.030745648713680303","4.440256415409847","4.440256415409847","4.440256415409847","1.3731465505113034","1.3731465505113034","1.3731465505113034"
"1650","0.033452989158580186","0.033452989158580186","0.033452989158580186","0.13256342992301096","0.13256342992301096","0.13256342992301096","0.031153723118652003","0.031153723118652003","0.031153723118652003","4.504072326876238","4.504072326876238","4.504072326876238","1.3425440933626405","1.3425440933626405","1.3425440933626405"
"1660","0.04613411757482069","0.04613411757482069","0.04613411757482069","0.1351014255507818","0.1351014255507818","0.1351014255507818","0.028029373615091738","0.028029373615091738","0.028029373615091738","4.502613516449236","4.502613516449236","4.502613516449236","1.3248453115427323","1.3248453115427323","1.3248453115427323"
"1670","0.04721195279783087","0.04721195279783087","0.04721195279783087","0.1741942681972144","0.1741942681972144","0.1741942681972144","0.03757324413895856","0.03757324413895856","0.03757324413895856","3.9622268395861804","3.9622268395861804","3.9622268395861804","1.3849364034938287","1.3849364034938287","1.3849364034938287"
"1680","0.03233396460726691","0.03233396460726691","0.03233396460726691","0.13748498959995065","0.13748498959995065","0.13748498959995065","0.02395875531627431","0.02395875531627431","0.02395875531627431","4.068783284158104","4.068783284158104","4.068783284158104","1.2277342589748872","1.2277342589748872","1.2277342589748872"
"1690","0.02641839288144217","0.02641839288144217","0.02641839288144217","0.11698702566193529","0.11698702566193529","0.11698702566193529","0.019458575272452414","0.019458575272452414","0.019458575272452414","4.379965127840592","4.379965127840592","4.379965127840592","1.1815544740110364","1.1815544740110364","1.1815544740110364"
"1700","0.02055338582396159","0.02055338582396159","0.02055338582396159","0.10345415005287964","0.10345415005287964","0.10345415005287964","0.016574676936510938","0.016574676936510938","0.016574676936510938","4.6378928787180564","4.6378928787180564","4.6378928787180564","1.1411711728517047","1.1411711728517047","1.1411711728517047"
"1710","0.026868561881141687","0.026868561881141687","0.026868561881141687","0.12403590067424171","0.12403590067424171","0.12403590067424171","0.023015856985087912","0.023015856985087912","0.023015856985087912","4.484201225353502","4.484201225353502","4.484201225353502","1.1587942987192736","1.1587942987192736","1.1587942987192736"
"1720","0.02363808199591692","0.02363808199591692","0.02363808199591692","0.11721364331649649","0.11721364331649649","0.11721364331649649","0.023979982305697693","0.023979982305697693","0.023979982305697693","4.442062979644087","4.442062979644087","4.442062979644087","1.084102222271885","1.084102222271885","1.084102222271885"
"1730","0.01982554862387954","0.01982554862387954","0.01982554862387954","0.10270953656673744","0.10270953656673744","0.10270953656673744","0.01689902752400948","0.01689902752400948","0.01689902752400948","4.560038936963525","4.560038936963525","4.560038936963525","1.0792351540417557","1.0792351540417557","1.0792351540417557"
"1740","0.020708097754278888","0.020708097754278888","0.020708097754278888","0.10377037767296902","0.10377037767296902","0.10377037767296902","0.035375051811174854","0.035375051811174854","0.035375051811174854","3.761515881381954","3.761515881381954","3.761515881381954","0.9330972972178775","0.9330972972178775","0.9330972972178775"
"1750","0.02052781446789097","0.02052781446789097","0.02052781446789097","0.07662370718810212","0.07662370718810212","0.07662370718810212","0.017042512356196582","0.017042512356196582","0.017042512356196582","3.0275265462480223","3.0275265462480223","3.0275265462480223","0.7002214868168263","0.7002214868168263","0.7002214868168263"
"1760","0.021828429477793124","0.021828429477793124","0.021828429477793124","0.08678217856188918","0.08678217856188918","0.08678217856188918","0.01666350876263599","0.01666350876263599","0.01666350876263599","3.7028590471783596","3.7028590471783596","3.7028590471783596","0.8262745114541132","0.8262745114541132","0.8262745114541132"
"1770","0.025954258877124423","0.025954258877124423","0.025954258877124423","0.11425448943504284","0.11425448943504284","0.11425448943504284","0.024780914190751013","0.024780914190751013","0.024780914190751013","4.378974125740711","4.378974125740711","4.378974125740711","1.0174776722201113","1.0174776722201113","1.0174776722201113"
"1780","0.022869653820724138","0.022869653820724138","0.022869653820724138","0.1000526069260361","0.1000526069260361","0.1000526069260361","0.02248838187672171","0.02248838187672171","0.02248838187672171","4.481066909594758","4.481066909594758","4.481066909594758","0.9704727291156945","0.9704727291156945","0.9704727291156945"
"1790","0.03098914149773209","0.03098914149773209","0.03098914149773209","0.10891142239780373","0.10891142239780373","0.10891142239780373","0.030848771837712053","0.030848771837712053","0.030848771837712053","4.558805463446823","4.558805463446823","4.558805463446823","0.985081921524632","0.985081921524632","0.985081921524632"
"1800","0.04772797096027798","0.04772797096027798","0.04772797096027798","0.16852001023874955","0.16852001023874955","0.16852001023874955","0.03374600612669741","0.03374600612669741","0.03374600612669741","3.9757279684003057","3.9757279684003057","3.9757279684003057","1.0929868870901143","1.0929868870901143","1.0929868870901143"
"1810","0.09253745097904392","0.09253745097904392","0.09253745097904392","0.20273855803503466","0.20273855803503466","0.20273855803503466","0.0755041169369524","0.0755041169369524","0.0755041169369524","3.6064589969102574","3.6064589969102574","3.6064589969102574","1.016854309684237","1.016854309684237","1.016854309684237"
"1820","0.025295527249245806","0.025295527249245806","0.025295527249245806","0.14515637944719215","0.14515637944719215","0.14515637944719215","0.025400702529134324","0.025400702529134324","0.025400702529134324","3.581196616555214","3.581196616555214","3.581196616555214","0.8891815599730519","0.8891815599730519","0.8891815599730519"
"1830","0.025723936939298912","0.025723936939298912","0.025723936939298912","0.14228253136738786","0.14228253136738786","0.14228253136738786","0.024151970640625145","0.024151970640625145","0.024151970640625145","4.377816883387019","4.377816883387019","4.377816883387019","0.9391958063463313","0.9391958063463313","0.9391958063463313"
"1840","0.023832625918511013","0.023832625918511013","0.023832625918511013","0.11670944815896109","0.11670944815896109","0.11670944815896109","0.022260539790876326","0.022260539790876326","0.022260539790876326","4.452680140885929","4.452680140885929","4.452680140885929","0.9145652762683874","0.9145652762683874","0.9145652762683874"
"1850","0.019086754935870667","0.019086754935870667","0.019086754935870667","0.09617747569024887","0.09617747569024887","0.09617747569024887","0.016921383420757333","0.016921383420757333","0.016921383420757333","4.360909049496661","4.360909049496661","4.360909049496661","0.8769448448483586","0.8769448448483586","0.8769448448483586"
"1860","0.025651217758737396","0.025651217758737396","0.025651217758737396","0.10675516098448425","0.10675516098448425","0.10675516098448425","0.02116566212980809","0.02116566212980809","0.02116566212980809","4.398659509708327","4.398659509708327","4.398659509708327","0.9154728454951462","0.9154728454951462","0.9154728454951462"
"1870","0.017006673280209734","0.017006673280209734","0.017006673280209734","0.06957502015878562","0.06957502015878562","0.06957502015878562","0.013447875284247965","0.013447875284247965","0.013447875284247965","3.6013183508245903","3.6013183508245903","3.6013183508245903","0.658184348520617","0.658184348520617","0.658184348520617"
"1880","0.09585315844865752","0.09585315844865752","0.09585315844865752","0.10558995544276839","0.10558995544276839","0.10558995544276839","0.05285763686965601","0.05285763686965601","0.05285763686965601","2.8787107555798976","2.8787107555798976","2.8787107555798976","0.5717269984751233","0.5717269984751233","0.5717269984751233"
"1890","0.10631315143374732","0.10631315143374732","0.10631315143374732","0.2571264414940078","0.2571264414940078","0.2571264414940078","0.07201547358804518","0.07201547358804518","0.07201547358804518","3.51386728580968","3.51386728580968","3.51386728580968","0.8337695475099394","0.8337695475099394","0.8337695475099394"
"1900","0.049620519714946625","0.049620519714946625","0.049620519714946625","0.14859447923590352","0.14859447923590352","0.14859447923590352","0.03920056913774042","0.03920056913774042","0.03920056913774042","4.456459183893258","4.456459183893258","4.456459183893258","0.9446600139178347","0.9446600139178347","0.9446600139178347"
"1910","0.03352354306546158","0.03352354306546158","0.03352354306546158","0.10591315726218972","0.10591315726218972","0.10591315726218972","0.027079449377006067","0.027079449377006067","0.027079449377006067","4.474923906154002","4.474923906154002","4.474923906154002","0.8200222272783355","0.8200222272783355","0.8200222272783355"
"1920","0.017626791594839063","0.017626791594839063","0.017626791594839063","0.08277160863975884","0.08277160863975884","0.08277160863975884","0.014186558704458832","0.014186558704458832","0.014186558704458832","4.427512707081351","4.427512707081351","4.427512707081351","0.7718821382147998","0.7718821382147998","0.7718821382147998"
"1930","0.020109285804477833","0.020109285804477833","0.020109285804477833","0.09725169598176646","0.09725169598176646","0.09725169598176646","0.016399896705939575","0.016399896705939575","0.016399896705939575","4.307178674197436","4.307178674197436","4.307178674197436","0.8398883776877836","0.8398883776877836","0.8398883776877836"
"1940","0.028366669045252365","0.028366669045252365","0.028366669045252365","0.11203665245079703","0.11203665245079703","0.11203665245079703","0.022001939702794505","0.022001939702794505","0.022001939702794505","4.395670742395074","4.395670742395074","4.395670742395074","0.8396357221819646","0.8396357221819646","0.8396357221819646"
"1950","0.0283680276616606","0.0283680276616606","0.0283680276616606","0.1015169004736357","0.1015169004736357","0.1015169004736357","0.021817903198046006","0.021817903198046006","0.021817903198046006","4.436974867062256","4.436974867062256","4.436974867062256","0.8006200933694541","0.8006200933694541","0.8006200933694541"
"1960","0.01949540471407585","0.01949540471407585","0.01949540471407585","0.08847282067109283","0.08847282067109283","0.08847282067109283","0.016704419474456448","0.016704419474456448","0.016704419474456448","4.435393799659249","4.435393799659249","4.435393799659249","0.745336104246983","0.745336104246983","0.745336104246983"
"1970","0.02351446108006325","0.02351446108006325","0.02351446108006325","0.09315646107309343","0.09315646107309343","0.09315646107309343","0.019300296774365015","0.019300296774365015","0.019300296774365015","4.377453451348723","4.377453451348723","4.377453451348723","0.7363186000755619","0.7363186000755619","0.7363186000755619"
"1980","0.03168997813017282","0.03168997813017282","0.03168997813017282","0.11697985429220982","0.11697985429220982","0.11697985429220982","0.024522287889361","0.024522287889361","0.024522287889361","4.333826202709079","4.333826202709079","4.333826202709079","0.8861107521404596","0.8861107521404596","0.8861107521404596"
"1990","0.01868691008661522","0.01868691008661522","0.01868691008661522","0.09232462299708485","0.09232462299708485","0.09232462299708485","0.016306713979673156","0.016306713979673156","0.016306713979673156","4.415780452737196","4.415780452737196","4.415780452737196","0.7767400582168965","0.7767400582168965","0.7767400582168965"
"2000","0.011799017513566327","0.011799017513566327","0.011799017513566327","0.05919900142394144","0.05919900142394144","0.05919900142394144","0.011994310075693697","0.011994310075693697","0.011994310075693697","3.357926046128056","3.357926046128056","3.357926046128056","0.5294630957735869","0.5294630957735869","0.5294630957735869"
"2010","0.015794076317280175","0.015794076317280175","0.015794076317280175","0.07093786140088049","0.07093786140088049","0.07093786140088049","0.014426638285723221","0.014426638285723221","0.014426638285723221","4.448719419532948","4.448719419532948","4.448719419532948","0.6934982154556234","0.6934982154556234","0.6934982154556234"
"2020","0.015238739228187565","0.015238739228187565","0.015238739228187565","0.06922995519621607","0.06922995519621607","0.06922995519621607","0.01343312000477169","0.01343312000477169","0.01343312000477169","4.331538582711669","4.331538582711669","4.331538582711669","0.6830094732341809","0.6830094732341809","0.6830094732341809"
"2030","0.021202640958577487","0.021202640958577487","0.021202640958577487","0.08441914785380784","0.08441914785380784","0.08441914785380784","0.015100053621159742","0.015100053621159742","0.015100053621159742","4.181730389147178","4.181730389147178","4.181730389147178","0.7077369925187701","0.7077369925187701","0.7077369925187701"
"2040","0.019868107273157784","0.019868107273157784","0.019868107273157784","0.07666749589616535","0.07666749589616535","0.07666749589616535","0.015421817431236388","0.015421817431236388","0.015421817431236388","3.7208964682631995","3.7208964682631995","3.7208964682631995","0.626254545771846","0.626254545771846","0.626254545771846"
"2050","0.015042391250880815","0.015042391250880815","0.015042391250880815","0.047643098728761005","0.047643098728761005","0.047643098728761005","0.00997011272287017","0.00997011272287017","0.00997011272287017","3.0313884185989073","3.0313884185989073","3.0313884185989073","0.4521191816539637","0.4521191816539637","0.4521191816539637"
"2060","0.016666582691909612","0.016666582691909612","0.016666582691909612","0.05598231629416015","0.05598231629416015","0.05598231629416015","0.012401158765081171","0.012401158765081171","0.012401158765081171","3.5361055830179757","3.5361055830179757","3.5361055830179757","0.5281215113319105","0.5281215113319105","0.5281215113319105"
"2070","0.016080814827453275","0.016080814827453275","0.016080814827453275","0.06438180467437031","0.06438180467437031","0.06438180467437031","0.014327010214680897","0.014327010214680897","0.014327010214680897","4.377367522734775","4.377367522734775","4.377367522734775","0.6338168794966469","0.6338168794966469","0.6338168794966469"
"2080","0.0158988509951305","0.0158988509951305","0.0158988509951305","0.07034461461141187","0.07034461461141187","0.07034461461141187","0.013984709745161647","0.013984709745161647","0.013984709745161647","4.449404362928477","4.449404362928477","4.449404362928477","0.6676020842250152","0.6676020842250152","0.6676020842250152"
"2090","0.012436637954535945","0.012436637954535945","0.012436637954535945","0.061396518380922346","0.061396518380922346","0.061396518380922346","0.010525945594240166","0.010525945594240166","0.010525945594240166","4.441658971926867","4.441658971926867","4.441658971926867","0.6358989808606232","0.6358989808606232","0.6358989808606232"
"2100","0.012419023427045681","0.012419023427045681","0.012419023427045681","0.06405711016090028","0.06405711016090028","0.06405711016090028","0.01142652886566898","0.01142652886566898","0.01142652886566898","4.38297437316407","4.38297437316407","4.38297437316407","0.6456385506867707","0.6456385506867707","0.6456385506867707"
"2110","0.012600835142749768","0.012600835142749768","0.012600835142749768","0.06621061270085545","0.06621061270085545","0.06621061270085545","0.011150069066400066","0.011150069066400066","0.011150069066400066","4.2870302963047395","4.2870302963047395","4.2870302963047395","0.6281846084621917","0.6281846084621917","0.6281846084621917"
"2120","0.032926548499242744","0.032926548499242744","0.032926548499242744","0.08979756910578122","0.08979756910578122","0.08979756910578122","0.034005639909439174","0.034005639909439174","0.034005639909439174","4.224015390162644","4.224015390162644","4.224015390162644","0.6699326528831946","0.6699326528831946","0.6699326528831946"
"2130","0.04256121003701874","0.04256121003701874","0.04256121003701874","0.0806198911289246","0.0806198911289246","0.0806198911289246","0.024844475055760238","0.024844475055760238","0.024844475055760238","4.193073715991634","4.193073715991634","4.193073715991634","0.6639016466028159","0.6639016466028159","0.6639016466028159"
"2140","0.034669505574630714","0.034669505574630714","0.034669505574630714","0.07831587117221395","0.07831587117221395","0.07831587117221395","0.03490708069827206","0.03490708069827206","0.03490708069827206","4.2661183430373","4.2661183430373","4.2661183430373","0.6768899382716913","0.6768899382716913","0.6768899382716913"
"2150","0.021575111397412187","0.021575111397412187","0.021575111397412187","0.06414631071928427","0.06414631071928427","0.06414631071928427","0.016550381274310636","0.016550381274310636","0.016550381274310636","4.300547280905558","4.300547280905558","4.300547280905558","0.6269556732268113","0.6269556732268113","0.6269556732268113"
"2160","0.01645543300414738","0.01645543300414738","0.01645543300414738","0.06716652670870787","0.06716652670870787","0.06716652670870787","0.016543957499206743","0.016543957499206743","0.016543957499206743","4.264372996666837","4.264372996666837","4.264372996666837","0.6394282343843875","0.6394282343843875","0.6394282343843875"
"2170","0.014773160129002642","0.014773160129002642","0.014773160129002642","0.0634127118959417","0.0634127118959417","0.0634127118959417","0.01385427566237707","0.01385427566237707","0.01385427566237707","4.482191027526023","4.482191027526023","4.482191027526023","0.6293019393544452","0.6293019393544452","0.6293019393544452"
"2180","0.01921541960135045","0.01921541960135045","0.01921541960135045","0.06370646188147573","0.06370646188147573","0.06370646188147573","0.01663807183940359","0.01663807183940359","0.01663807183940359","4.201091095814256","4.201091095814256","4.201091095814256","0.6146255877054156","0.6146255877054156","0.6146255877054156"
"2190","0.021381704585926548","0.021381704585926548","0.021381704585926548","0.07200205273107696","0.07200205273107696","0.07200205273107696","0.020907606359979347","0.020907606359979347","0.020907606359979347","4.376525407062338","4.376525407062338","4.376525407062338","0.628825085928987","0.628825085928987","0.628825085928987"
"2200","0.01230255199301533","0.01230255199301533","0.01230255199301533","0.057604639980914994","0.057604639980914994","0.057604639980914994","0.012585644796512948","0.012585644796512948","0.012585644796512948","4.410314231150007","4.410314231150007","4.410314231150007","0.5774627378695991","0.5774627378695991","0.5774627378695991"
"2210","0.04850280029764226","0.04850280029764226","0.04850280029764226","0.13171054201505922","0.13171054201505922","0.13171054201505922","0.04014641844706862","0.04014641844706862","0.04014641844706862","4.409433011810731","4.409433011810731","4.409433011810731","0.7439115830517814","0.7439115830517814","0.7439115830517814"
"2220","0.01729340681537407","0.01729340681537407","0.01729340681537407","0.06592504947700686","0.06592504947700686","0.06592504947700686","0.015061854632776477","0.015061854632776477","0.015061854632776477","4.285959561355102","4.285959561355102","4.285959561355102","0.5969619476566698","0.5969619476566698","0.5969619476566698"
"2230","0.015546638903031798","0.015546638903031798","0.015546638903031798","0.05638451078943176","0.05638451078943176","0.05638451078943176","0.013495746461223814","0.013495746461223814","0.013495746461223814","4.442343771221397","4.442343771221397","4.442343771221397","0.5796444231655655","0.5796444231655655","0.5796444231655655"
"2240","0.014069985391777265","0.014069985391777265","0.014069985391777265","0.05347212336933155","0.05347212336933155","0.05347212336933155","0.011391461489594249","0.011391461489594249","0.011391461489594249","4.441486269645585","4.441486269645585","4.441486269645585","0.574947999876422","0.574947999876422","0.574947999876422"
"2250","0.0120220509263422","0.0120220509263422","0.0120220509263422","0.03874243646432117","0.03874243646432117","0.03874243646432117","0.010068431101460745","0.010068431101460745","0.010068431101460745","3.5121388365594663","3.5121388365594663","3.5121388365594663","0.45193165574357397","0.45193165574357397","0.45193165574357397"
"2260","0.012346210303346549","0.012346210303346549","0.012346210303346549","0.04493851619108565","0.04493851619108565","0.04493851619108565","0.01139554677423044","0.01139554677423044","0.01139554677423044","2.9791065205263285","2.9791065205263285","2.9791065205263285","0.4194830720728875","0.4194830720728875","0.4194830720728875"
"2270","0.02939687063581266","0.02939687063581266","0.02939687063581266","0.0612512642472634","0.0612512642472634","0.0612512642472634","0.014649651867495745","0.014649651867495745","0.014649651867495745","3.8356431828473774","3.8356431828473774","3.8356431828473774","0.5516021636135168","0.5516021636135168","0.5516021636135168"
"2280","0.015203883829749791","0.015203883829749791","0.015203883829749791","0.05497709186223435","0.05497709186223435","0.05497709186223435","0.011471217917950288","0.011471217917950288","0.011471217917950288","4.344940663999838","4.344940663999838","4.344940663999838","0.5731141060343733","0.5731141060343733","0.5731141060343733"
"2290","0.018428198265683288","0.018428198265683288","0.018428198265683288","0.06766432026123785","0.06766432026123785","0.06766432026123785","0.013118253898791468","0.013118253898791468","0.013118253898791468","4.331814213949576","4.331814213949576","4.331814213949576","0.5911755965557648","0.5911755965557648","0.5911755965557648"
"2300","0.015077154665714418","0.015077154665714418","0.015077154665714418","0.06022018615489462","0.06022018615489462","0.06022018615489462","0.013130131664246357","0.013130131664246357","0.013130131664246357","4.239827786552491","4.239827786552491","4.239827786552491","0.5868720674872661","0.5868720674872661","0.5868720674872661"
"2310","0.035202195361329056","0.035202195361329056","0.035202195361329056","0.04638283539569455","0.04638283539569455","0.04638283539569455","0.012005368807327419","0.012005368807327419","0.012005368807327419","3.9234719038009644","3.9234719038009644","3.9234719038009644","0.48343221865944574","0.48343221865944574","0.48343221865944574"
"2320","0.011055618946783561","0.011055618946783561","0.011055618946783561","0.03898726965043282","0.03898726965043282","0.03898726965043282","0.009524097333057526","0.009524097333057526","0.009524097333057526","3.065822433908898","3.065822433908898","3.065822433908898","0.39637487475911487","0.39637487475911487","0.39637487475911487"
"2330","0.010518727019594543","0.010518727019594543","0.010518727019594543","0.03987231172350654","0.03987231172350654","0.03987231172350654","0.00928560434707725","0.00928560434707725","0.00928560434707725","3.354241147064917","3.354241147064917","3.354241147064917","0.4305084526492941","0.4305084526492941","0.4305084526492941"
"2340","0.01415400262910919","0.01415400262910919","0.01415400262910919","0.054734994665173405","0.054734994665173405","0.054734994665173405","0.010369229413938502","0.010369229413938502","0.010369229413938502","3.905032358340703","3.905032358340703","3.905032358340703","0.5245736423872529","0.5245736423872529","0.5245736423872529"
"2350","0.023536292246968137","0.023536292246968137","0.023536292246968137","0.07194297967195716","0.07194297967195716","0.07194297967195716","0.013895012457542046","0.013895012457542046","0.013895012457542046","4.1914928896775505","4.1914928896775505","4.1914928896775505","0.572015532119952","0.572015532119952","0.572015532119952"
"2360","0.02228996499986976","0.02228996499986976","0.02228996499986976","0.060240980149627234","0.060240980149627234","0.060240980149627234","0.014474712045144262","0.014474712045144262","0.014474712045144262","4.269261245619607","4.269261245619607","4.269261245619607","0.5928110993822215","0.5928110993822215","0.5928110993822215"
"2370","0.022439792671163184","0.022439792671163184","0.022439792671163184","0.06395680477362242","0.06395680477362242","0.06395680477362242","0.017005197572418328","0.017005197572418328","0.017005197572418328","4.242519071837063","4.242519071837063","4.242519071837063","0.5909318956421813","0.5909318956421813","0.5909318956421813"
"2380","0.01589456586842116","0.01589456586842116","0.01589456586842116","0.06062421286447489","0.06062421286447489","0.06062421286447489","0.013550042506482087","0.013550042506482087","0.013550042506482087","4.2186153729585705","4.2186153729585705","4.2186153729585705","0.5644940889600284","0.5644940889600284","0.5644940889600284"
"2390","0.01860459018333734","0.01860459018333734","0.01860459018333734","0.05700112441430053","0.05700112441430053","0.05700112441430053","0.020003388403776412","0.020003388403776412","0.020003388403776412","4.351487402877587","4.351487402877587","4.351487402877587","0.5533647021350363","0.5533647021350363","0.5533647021350363"
"2400","0.010516779689086455","0.010516779689086455","0.010516779689086455","0.045910436528526215","0.045910436528526215","0.045910436528526215","0.011639123264922929","0.011639123264922929","0.011639123264922929","4.341359038251303","4.341359038251303","4.341359038251303","0.536402888478198","0.536402888478198","0.536402888478198"
"2410","0.012259469936407013","0.012259469936407013","0.012259469936407013","0.04455929033799146","0.04455929033799146","0.04455929033799146","0.010493602818869097","0.010493602818869097","0.010493602818869097","4.3023241232014096","4.3023241232014096","4.3023241232014096","0.5204878338134323","0.5204878338134323","0.5204878338134323"
"2420","0.010044891860914777","0.010044891860914777","0.010044891860914777","0.04568097068065464","0.04568097068065464","0.04568097068065464","0.008377107579421672","0.008377107579421672","0.008377107579421672","4.235815709358702","4.235815709358702","4.235815709358702","0.5323920690989322","0.5323920690989322","0.5323920690989322"
"2430","0.00950642331787165","0.00950642331787165","0.00950642331787165","0.04707732304209977","0.04707732304209977","0.04707732304209977","0.009292347210007003","0.009292347210007003","0.009292347210007003","4.363979886112734","4.363979886112734","4.363979886112734","0.5281355040804946","0.5281355040804946","0.5281355040804946"
"2440","0.009393540649652391","0.009393540649652391","0.009393540649652391","0.04770567146463052","0.04770567146463052","0.04770567146463052","0.009894278331399308","0.009894278331399308","0.009894278331399308","4.2732716479038455","4.2732716479038455","4.2732716479038455","0.523237643106176","0.523237643106176","0.523237643106176"
"2450","0.01940340890829101","0.01940340890829101","0.01940340890829101","0.055173355291879216","0.055173355291879216","0.055173355291879216","0.009721163181240404","0.009721163181240404","0.009721163181240404","4.287079683667368","4.287079683667368","4.287079683667368","0.5371632541022738","0.5371632541022738","0.5371632541022738"
"2460","0.011436839115332257","0.011436839115332257","0.011436839115332257","0.05023932974508263","0.05023932974508263","0.05023932974508263","0.00982035749416537","0.00982035749416537","0.00982035749416537","4.127895718595141","4.127895718595141","4.127895718595141","0.524482447933902","0.524482447933902","0.524482447933902"
"2470","0.013849136572968629","0.013849136572968629","0.013849136572968629","0.04590921392479246","0.04590921392479246","0.04590921392479246","0.009598044818451836","0.009598044818451836","0.009598044818451836","4.305157924281323","4.305157924281323","4.305157924281323","0.5120963107084067","0.5120963107084067","0.5120963107084067"
"2480","0.01632483147154949","0.01632483147154949","0.01632483147154949","0.045207300472739124","0.045207300472739124","0.045207300472739124","0.0090137246864781","0.0090137246864781","0.0090137246864781","4.367958808324496","4.367958808324496","4.367958808324496","0.5173050214940448","0.5173050214940448","0.5173050214940448"
"2490","0.018867752137851124","0.018867752137851124","0.018867752137851124","0.06306747311182595","0.06306747311182595","0.06306747311182595","0.013355205461532986","0.013355205461532986","0.013355205461532986","4.207005269022105","4.207005269022105","4.207005269022105","0.5801356658845844","0.5801356658845844","0.5801356658845844"
"2500","0.013073771657835763","0.013073771657835763","0.013073771657835763","0.046522848781678776","0.046522848781678776","0.046522848781678776","0.010663747015395292","0.010663747015395292","0.010663747015395292","4.2590315486008645","4.2590315486008645","4.2590315486008645","0.5373747063699437","0.5373747063699437","0.5373747063699437"
"2510","0.015012838209087685","0.015012838209087685","0.015012838209087685","0.05503444005250871","0.05503444005250871","0.05503444005250871","0.0111529422229316","0.0111529422229316","0.0111529422229316","4.26040355787401","4.26040355787401","4.26040355787401","0.5518836999004323","0.5518836999004323","0.5518836999004323"
"2520","0.014398178998841112","0.014398178998841112","0.014398178998841112","0.055677042360888655","0.055677042360888655","0.055677042360888655","0.009664526579826489","0.009664526579826489","0.009664526579826489","4.075186204848271","4.075186204848271","4.075186204848271","0.5459051377131507","0.5459051377131507","0.5459051377131507"
"2530","0.013574022486651035","0.013574022486651035","0.013574022486651035","0.048893924733676014","0.048893924733676014","0.048893924733676014","0.01040151790358385","0.01040151790358385","0.01040151790358385","4.354279363732189","4.354279363732189","4.354279363732189","0.5157988440491806","0.5157988440491806","0.5157988440491806"
"2540","0.018886070867341214","0.018886070867341214","0.018886070867341214","0.07249259723833149","0.07249259723833149","0.07249259723833149","0.014651081911636443","0.014651081911636443","0.014651081911636443","4.264936359139521","4.264936359139521","4.264936359139521","0.6027749536695128","0.6027749536695128","0.6027749536695128"
"2550","0.012118988167296773","0.012118988167296773","0.012118988167296773","0.04969455617823586","0.04969455617823586","0.04969455617823586","0.010299684463311674","0.010299684463311674","0.010299684463311674","4.250362776507399","4.250362776507399","4.250362776507399","0.529783099053115","0.529783099053115","0.529783099053115"
"2560","0.008508534650112051","0.008508534650112051","0.008508534650112051","0.04308579539142772","0.04308579539142772","0.04308579539142772","0.007191042165638423","0.007191042165638423","0.007191042165638423","4.361269204392358","4.361269204392358","4.361269204392358","0.5253434817294503","0.5253434817294503","0.5253434817294503"
"2570","0.014577825169564395","0.014577825169564395","0.014577825169564395","0.04744949337235719","0.04744949337235719","0.04744949337235719","0.0100495416983661","0.0100495416983661","0.0100495416983661","4.254335423838965","4.254335423838965","4.254335423838965","0.5281962133665729","0.5281962133665729","0.5281962133665729"
"2580","0.011471302358867673","0.011471302358867673","0.011471302358867673","0.041797292589700025","0.041797292589700025","0.041797292589700025","0.008356774469323045","0.008356774469323045","0.008356774469323045","4.2964297118050965","4.2964297118050965","4.2964297118050965","0.5020488016545032","0.5020488016545032","0.5020488016545032"
"2590","0.010828091104283802","0.010828091104283802","0.010828091104283802","0.044202131351645746","0.044202131351645746","0.044202131351645746","0.008761001816809683","0.008761001816809683","0.008761001816809683","4.191526527391192","4.191526527391192","4.191526527391192","0.5017414011760523","0.5017414011760523","0.5017414011760523"
"2600","0.012309209667004398","0.012309209667004398","0.012309209667004398","0.048108895254047795","0.048108895254047795","0.048108895254047795","0.009646799867506514","0.009646799867506514","0.009646799867506514","4.148125856096201","4.148125856096201","4.148125856096201","0.5225117862546786","0.5225117862546786","0.5225117862546786"
"2610","0.01424450596385602","0.01424450596385602","0.01424450596385602","0.053483911282175","0.053483911282175","0.053483911282175","0.012999926892818064","0.012999926892818064","0.012999926892818064","4.3041609732603545","4.3041609732603545","4.3041609732603545","0.5263686830140674","0.5263686830140674","0.5263686830140674"
"2620","0.02185169218876721","0.02185169218876721","0.02185169218876721","0.056818029035782175","0.056818029035782175","0.056818029035782175","0.03316130257531857","0.03316130257531857","0.03316130257531857","3.915245597155405","3.915245597155405","3.915245597155405","0.5185376901618622","0.5185376901618622","0.5185376901618622"
"2630","0.00912026929939446","0.00912026929939446","0.00912026929939446","0.043329392460327694","0.043329392460327694","0.043329392460327694","0.008645523374925818","0.008645523374925818","0.008645523374925818","4.261977951749126","4.261977951749126","4.261977951749126","0.5080367113797694","0.5080367113797694","0.5080367113797694"
"2640","0.010531637389652605","0.010531637389652605","0.010531637389652605","0.046211505864497175","0.046211505864497175","0.046211505864497175","0.009146475446470006","0.009146475446470006","0.009146475446470006","4.212847147172028","4.212847147172028","4.212847147172028","0.5143899712002388","0.5143899712002388","0.5143899712002388"
"2650","0.008972721509243574","0.008972721509243574","0.008972721509243574","0.044890194549348394","0.044890194549348394","0.044890194549348394","0.008895550181055173","0.008895550181055173","0.008895550181055173","4.091334567637136","4.091334567637136","4.091334567637136","0.49802823168633364","0.49802823168633364","0.49802823168633364"
"2660","0.013505383234053621","0.013505383234053621","0.013505383234053621","0.061621920465055546","0.061621920465055546","0.061621920465055546","0.014723912197675913","0.014723912197675913","0.014723912197675913","3.840723275672687","3.840723275672687","3.840723275672687","0.5504509836531656","0.5504509836531656","0.5504509836531656"
"2670","0.009736134503227767","0.009736134503227767","0.009736134503227767","0.04573021408837125","0.04573021408837125","0.04573021408837125","0.008163337332683493","0.008163337332683493","0.008163337332683493","4.289960549319958","4.289960549319958","4.289960549319958","0.5090304436366017","0.5090304436366017","0.5090304436366017"
"2680","0.011740855260669505","0.011740855260669505","0.011740855260669505","0.05381164129272878","0.05381164129272878","0.05381164129272878","0.011328459014060623","0.011328459014060623","0.011328459014060623","4.2131963695140975","4.2131963695140975","4.2131963695140975","0.5214601844524458","0.5214601844524458","0.5214601844524458"
"2690","0.013036030795384936","0.013036030795384936","0.013036030795384936","0.048202293982327914","0.048202293982327914","0.048202293982327914","0.01092240434286812","0.01092240434286812","0.01092240434286812","4.2624170265531145","4.2624170265531145","4.2624170265531145","0.5130440800559195","0.5130440800559195","0.5130440800559195"
"2700","0.01587830292556064","0.01587830292556064","0.01587830292556064","0.05731941840955087","0.05731941840955087","0.05731941840955087","0.015426795217844404","0.015426795217844404","0.015426795217844404","4.169870905762765","4.169870905762765","4.169870905762765","0.5368532015612053","0.5368532015612053","0.5368532015612053"
"2710","0.009962612094505018","0.009962612094505018","0.009962612094505018","0.044471306794614196","0.044471306794614196","0.044471306794614196","0.00950091867430511","0.00950091867430511","0.00950091867430511","4.403924539912173","4.403924539912173","4.403924539912173","0.5070804113384122","0.5070804113384122","0.5070804113384122"
"2720","0.009292937663048069","0.009292937663048069","0.009292937663048069","0.04300264305021192","0.04300264305021192","0.04300264305021192","0.008432900183263215","0.008432900183263215","0.008432900183263215","4.241733421476911","4.241733421476911","4.241733421476911","0.4923143159337752","0.4923143159337752","0.4923143159337752"
"2730","0.00865462026133819","0.00865462026133819","0.00865462026133819","0.04068095021991949","0.04068095021991949","0.04068095021991949","0.006907767009331835","0.006907767009331835","0.006907767009331835","4.236936687380836","4.236936687380836","4.236936687380836","0.49090098295656476","0.49090098295656476","0.49090098295656476"
"2740","0.006352491516722767","0.006352491516722767","0.006352491516722767","0.035398315251991344","0.035398315251991344","0.035398315251991344","0.006442932636962703","0.006442932636962703","0.006442932636962703","3.1807842190274784","3.1807842190274784","3.1807842190274784","0.38689318269810963","0.38689318269810963","0.38689318269810963"
"2750","0.007034421458035891","0.007034421458035891","0.007034421458035891","0.039656080734237015","0.039656080734237015","0.039656080734237015","0.006926291333822427","0.006926291333822427","0.006926291333822427","4.287697285700789","4.287697285700789","4.287697285700789","0.5025565908349207","0.5025565908349207","0.5025565908349207"
"2760","0.008137211315744157","0.008137211315744157","0.008137211315744157","0.035564031941520274","0.035564031941520274","0.035564031941520274","0.006421017729149593","0.006421017729149593","0.006421017729149593","4.490611015584799","4.490611015584799","4.490611015584799","0.4857552622436108","0.4857552622436108","0.4857552622436108"
"2770","0.008361856258009191","0.008361856258009191","0.008361856258009191","0.03347578536220858","0.03347578536220858","0.03347578536220858","0.006347341821387802","0.006347341821387802","0.006347341821387802","4.563956909683971","4.563956909683971","4.563956909683971","0.4587697925207597","0.4587697925207597","0.4587697925207597"
"2780","0.007711570662885453","0.007711570662885453","0.007711570662885453","0.03580682628887624","0.03580682628887624","0.03580682628887624","0.005468724844365355","0.005468724844365355","0.005468724844365355","4.3605900865243905","4.3605900865243905","4.3605900865243905","0.4636065506868215","0.4636065506868215","0.4636065506868215"
"2790","0.01483222833638464","0.01483222833638464","0.01483222833638464","0.048251603458985576","0.048251603458985576","0.048251603458985576","0.014612203460006802","0.014612203460006802","0.014612203460006802","4.041181991879103","4.041181991879103","4.041181991879103","0.5049983395305483","0.5049983395305483","0.5049983395305483"
"2800","0.009231923651467954","0.009231923651467954","0.009231923651467954","0.03704477313523671","0.03704477313523671","0.03704477313523671","0.008368084760819579","0.008368084760819579","0.008368084760819579","4.24370570205162","4.24370570205162","4.24370570205162","0.4737380856143553","0.4737380856143553","0.4737380856143553"
"2810","0.0069598231605889176","0.0069598231605889176","0.0069598231605889176","0.03518584163525657","0.03518584163525657","0.03518584163525657","0.0068422681410577535","0.0068422681410577535","0.0068422681410577535","4.245568920322885","4.245568920322885","4.245568920322885","0.466870861984972","0.466870861984972","0.466870861984972"
"2820","0.007057148792235457","0.007057148792235457","0.007057148792235457","0.03564275205833994","0.03564275205833994","0.03564275205833994","0.006043734601605693","0.006043734601605693","0.006043734601605693","4.172720459842639","4.172720459842639","4.172720459842639","0.45658388793907684","0.45658388793907684","0.45658388793907684"
"2830","0.006568391752760583","0.006568391752760583","0.006568391752760583","0.03738792778157854","0.03738792778157854","0.03738792778157854","0.005320991181932594","0.005320991181932594","0.005320991181932594","4.095209164696796","4.095209164696796","4.095209164696796","0.4613887656804775","0.4613887656804775","0.4613887656804775"
"2840","0.010235644105190636","0.010235644105190636","0.010235644105190636","0.0438355030407925","0.0438355030407925","0.0438355030407925","0.007098601498431191","0.007098601498431191","0.007098601498431191","4.267007502910607","4.267007502910607","4.267007502910607","0.4806382215612093","0.4806382215612093","0.4806382215612093"
"2850","0.008131892523271551","0.008131892523271551","0.008131892523271551","0.03300012380105626","0.03300012380105626","0.03300012380105626","0.005739426276590759","0.005739426276590759","0.005739426276590759","4.209302993483046","4.209302993483046","4.209302993483046","0.44138690670893044","0.44138690670893044","0.44138690670893044"
"2860","0.007402142389694462","0.007402142389694462","0.007402142389694462","0.035045581679450204","0.035045581679450204","0.035045581679450204","0.005793232228808291","0.005793232228808291","0.005793232228808291","4.174804887107706","4.174804887107706","4.174804887107706","0.45560703175366424","0.45560703175366424","0.45560703175366424"
"2870","0.007327690424237741","0.007327690424237741","0.007327690424237741","0.036992049772422805","0.036992049772422805","0.036992049772422805","0.005278118589314024","0.005278118589314024","0.005278118589314024","4.127346219518404","4.127346219518404","4.127346219518404","0.4671487536327653","0.4671487536327653","0.4671487536327653"
"2880","0.0069392327206497795","0.0069392327206497795","0.0069392327206497795","0.039922865701676545","0.039922865701676545","0.039922865701676545","0.006129528874718187","0.006129528874718187","0.006129528874718187","4.1882551953858","4.1882551953858","4.1882551953858","0.4628521617410908","0.4628521617410908","0.4628521617410908"
"2890","0.00747628766915758","0.00747628766915758","0.00747628766915758","0.0356950219174701","0.0356950219174701","0.0356950219174701","0.0065096625594492355","0.0065096625594492355","0.0065096625594492355","4.214955259904032","4.214955259904032","4.214955259904032","0.4409798867629987","0.4409798867629987","0.4409798867629987"
"2900","0.005889926460266885","0.005889926460266885","0.005889926460266885","0.02655364390236437","0.02655364390236437","0.02655364390236437","0.005165693052284303","0.005165693052284303","0.005165693052284303","3.296651689752257","3.296651689752257","3.296651689752257","0.34427946240204615","0.34427946240204615","0.34427946240204615"
"2910","0.015105415010575225","0.015105415010575225","0.015105415010575225","0.03886515477376579","0.03886515477376579","0.03886515477376579","0.02092656449799931","0.02092656449799931","0.02092656449799931","2.7239227827331076","2.7239227827331076","2.7239227827331076","0.3188307350985192","0.3188307350985192","0.3188307350985192"
"2920","0.02218775614902404","0.02218775614902404","0.02218775614902404","0.04784633269693941","0.04784633269693941","0.04784633269693941","0.019126125416250302","0.019126125416250302","0.019126125416250302","3.3654864801007545","3.3654864801007545","3.3654864801007545","0.3972842192291647","0.3972842192291647","0.3972842192291647"
"2930","0.008882780927235925","0.008882780927235925","0.008882780927235925","0.03464684055419332","0.03464684055419332","0.03464684055419332","0.0082177844306498","0.0082177844306498","0.0082177844306498","4.178875195362433","4.178875195362433","4.178875195362433","0.4486034438016861","0.4486034438016861","0.4486034438016861"
"2940","0.009871917415688282","0.009871917415688282","0.009871917415688282","0.039759302911143705","0.039759302911143705","0.039759302911143705","0.007378250753442668","0.007378250753442668","0.007378250753442668","4.033162076541433","4.033162076541433","4.033162076541433","0.4599531001770653","0.4599531001770653","0.4599531001770653"
"2950","0.007702850043176071","0.007702850043176071","0.007702850043176071","0.03548960816103994","0.03548960816103994","0.03548960816103994","0.005865814222837717","0.005865814222837717","0.005865814222837717","4.070284135832824","4.070284135832824","4.070284135832824","0.43669791133410685","0.43669791133410685","0.43669791133410685"
"2960","0.007165111467360071","0.007165111467360071","0.007165111467360071","0.034174317486991415","0.034174317486991415","0.034174317486991415","0.0057431688172501","0.0057431688172501","0.0057431688172501","4.278636407850813","4.278636407850813","4.278636407850813","0.44111153314443086","0.44111153314443086","0.44111153314443086"
"2970","0.007383358722440645","0.007383358722440645","0.007383358722440645","0.037167645574363264","0.037167645574363264","0.037167645574363264","0.005269536265592009","0.005269536265592009","0.005269536265592009","4.230616349798915","4.230616349798915","4.230616349798915","0.4432425204364225","0.4432425204364225","0.4432425204364225"
"2980","0.00586571448196931","0.00586571448196931","0.00586571448196931","0.03993572801665724","0.03993572801665724","0.03993572801665724","0.005317892294706639","0.005317892294706639","0.005317892294706639","3.695840155670736","3.695840155670736","3.695840155670736","0.42883413745591425","0.42883413745591425","0.42883413745591425"
"2990","0.0071087812718980915","0.0071087812718980915","0.0071087812718980915","0.04285277454818969","0.04285277454818969","0.04285277454818969","0.006047712943398744","0.006047712943398744","0.006047712943398744","3.4875377369911327","3.4875377369911327","3.4875377369911327","0.4635997757795741","0.4635997757795741","0.4635997757795741"
"3000","0.008185117176088006","0.008185117176088006","0.008185117176088006","0.0360679763377607","0.0360679763377607","0.0360679763377607","0.006958519303787598","0.006958519303787598","0.006958519303787598","4.213492060736723","4.213492060736723","4.213492060736723","0.4449169592669008","0.4449169592669008","0.4449169592669008"
"3010","0.0061971410054332795","0.0061971410054332795","0.0061971410054332795","0.03529897874072527","0.03529897874072527","0.03529897874072527","0.0054753420637993185","0.0054753420637993185","0.0054753420637993185","4.095929318943525","4.095929318943525","4.095929318943525","0.4522756973376946","0.4522756973376946","0.4522756973376946"
"3020","0.006538102177043548","0.006538102177043548","0.006538102177043548","0.03581209981695947","0.03581209981695947","0.03581209981695947","0.005327208232714591","0.005327208232714591","0.005327208232714591","4.167683717189603","4.167683717189603","4.167683717189603","0.4433275883632259","0.4433275883632259","0.4433275883632259"
"3030","0.007415764835734989","0.007415764835734989","0.007415764835734989","0.03351129446884964","0.03351129446884964","0.03351129446884964","0.006271772654212996","0.006271772654212996","0.006271772654212996","4.300731431693561","4.300731431693561","4.300731431693561","0.4262220091673762","0.4262220091673762","0.4262220091673762"
"3040","0.005341889973479909","0.005341889973479909","0.005341889973479909","0.02833280728384722","0.02833280728384722","0.02833280728384722","0.004600832895110537","0.004600832895110537","0.004600832895110537","4.295127699303821","4.295127699303821","4.295127699303821","0.4052723402715827","0.4052723402715827","0.4052723402715827"
"3050","0.006036182653897822","0.006036182653897822","0.006036182653897822","0.030003610107284865","0.030003610107284865","0.030003610107284865","0.006450067866013738","0.006450067866013738","0.006450067866013738","4.159812859613318","4.159812859613318","4.159812859613318","0.41324573371405354","0.41324573371405354","0.41324573371405354"
"3060","0.007040534305033403","0.007040534305033403","0.007040534305033403","0.03140547948025692","0.03140547948025692","0.03140547948025692","0.006394115787183718","0.006394115787183718","0.006394115787183718","4.298071784022368","4.298071784022368","4.298071784022368","0.40603065454361725","0.40603065454361725","0.40603065454361725"
"3070","0.007426393935607441","0.007426393935607441","0.007426393935607441","0.03018936892997231","0.03018936892997231","0.03018936892997231","0.006104812360464275","0.006104812360464275","0.006104812360464275","4.1767325649317595","4.1767325649317595","4.1767325649317595","0.3981907505896481","0.3981907505896481","0.3981907505896481"
"3080","0.015079484891815782","0.015079484891815782","0.015079484891815782","0.028192786008635957","0.028192786008635957","0.028192786008635957","0.005526868496811141","0.005526868496811141","0.005526868496811141","4.194579295863543","4.194579295863543","4.194579295863543","0.3927080388621652","0.3927080388621652","0.3927080388621652"
"3090","0.2854256249059073","0.2854256249059073","0.2854256249059073","0.023167864346012423","0.023167864346012423","0.023167864346012423","0.004398617124470602","0.004398617124470602","0.004398617124470602","3.3061554623628924","3.3061554623628924","3.3061554623628924","0.3125774506486013","0.3125774506486013","0.3125774506486013"
"3100","0.0381165506750576","0.0381165506750576","0.0381165506750576","0.03147682370463537","0.03147682370463537","0.03147682370463537","0.005245769391258071","0.005245769391258071","0.005245769391258071","3.9883756229274736","3.9883756229274736","3.9883756229274736","0.4007415110492532","0.4007415110492532","0.4007415110492532"
"3110","0.008458944241610016","0.008458944241610016","0.008458944241610016","0.02753132428959316","0.02753132428959316","0.02753132428959316","0.0056016724242626366","0.0056016724242626366","0.0056016724242626366","4.29005591536408","4.29005591536408","4.29005591536408","0.3831692493104036","0.3831692493104036","0.3831692493104036"
"3120","0.010003970823191297","0.010003970823191297","0.010003970823191297","0.023727044785438748","0.023727044785438748","0.023727044785438748","0.00402667967440133","0.00402667967440133","0.00402667967440133","3.5733006664988403","3.5733006664988403","3.5733006664988403","0.31901588045316975","0.31901588045316975","0.31901588045316975"
"3130","0.009050265236461597","0.009050265236461597","0.009050265236461597","0.024931953070620717","0.024931953070620717","0.024931953070620717","0.004375270735758953","0.004375270735758953","0.004375270735758953","2.837036018000102","2.837036018000102","2.837036018000102","0.27048329158573464","0.27048329158573464","0.27048329158573464"
"3140","0.016321076942669373","0.016321076942669373","0.016321076942669373","0.04182736395875539","0.04182736395875539","0.04182736395875539","0.0068826702526352855","0.0068826702526352855","0.0068826702526352855","3.0695851478906833","3.0695851478906833","3.0695851478906833","0.3071020987019158","0.3071020987019158","0.3071020987019158"
"3150","0.015339006380680092","0.015339006380680092","0.015339006380680092","0.05642964183132541","0.05642964183132541","0.05642964183132541","0.010601452298427662","0.010601452298427662","0.010601452298427662","3.6704174369142106","3.6704174369142106","3.6704174369142106","0.4084490496577882","0.4084490496577882","0.4084490496577882"
"3160","0.005526210028494692","0.005526210028494692","0.005526210028494692","0.03061729071383475","0.03061729071383475","0.03061729071383475","0.005409398118758265","0.005409398118758265","0.005409398118758265","4.214970562325668","4.214970562325668","4.214970562325668","0.3789951195827259","0.3789951195827259","0.3789951195827259"
"3170","0.00853802062436883","0.00853802062436883","0.00853802062436883","0.024508852758865718","0.024508852758865718","0.024508852758865718","0.013296232912005664","0.013296232912005664","0.013296232912005664","2.9666928823754564","2.9666928823754564","2.9666928823754564","0.27793820640176997","0.27793820640176997","0.27793820640176997"
"3180","0.007943124097351944","0.007943124097351944","0.007943124097351944","0.027866400103761263","0.027866400103761263","0.027866400103761263","0.0066616938318655615","0.0066616938318655615","0.0066616938318655615","2.8868775317749584","2.8868775317749584","2.8868775317749584","0.2519082661888948","0.2519082661888948","0.2519082661888948"
"3190","0.011969713802125297","0.011969713802125297","0.011969713802125297","0.04317132856804719","0.04317132856804719","0.04317132856804719","0.01077596196874452","0.01077596196874452","0.01077596196874452","4.05556531752592","4.05556531752592","4.05556531752592","0.38173007845235896","0.38173007845235896","0.38173007845235896"
"3200","0.018984186261848713","0.018984186261848713","0.018984186261848713","0.0537043076594873","0.0537043076594873","0.0537043076594873","0.017904850828082096","0.017904850828082096","0.017904850828082096","4.217345106052188","4.217345106052188","4.217345106052188","0.4212023460836431","0.4212023460836431","0.4212023460836431"
"3210","0.005412870094769803","0.005412870094769803","0.005412870094769803","0.029241937981030877","0.029241937981030877","0.029241937981030877","0.006346362106939499","0.006346362106939499","0.006346362106939499","4.181293707340729","4.181293707340729","4.181293707340729","0.35607858293363703","0.35607858293363703","0.35607858293363703"
"3220","0.004401703152133434","0.004401703152133434","0.004401703152133434","0.025439555840304974","0.025439555840304974","0.025439555840304974","0.004926546271927704","0.004926546271927704","0.004926546271927704","4.261139884789228","4.261139884789228","4.261139884789228","0.3483823281866487","0.3483823281866487","0.3483823281866487"
"3230","0.021695418312196738","0.021695418312196738","0.021695418312196738","0.05117521299242345","0.05117521299242345","0.05117521299242345","0.015426265569360753","0.015426265569360753","0.015426265569360753","4.239828250907967","4.239828250907967","4.239828250907967","0.4196493452625932","0.4196493452625932","0.4196493452625932"
"3240","0.006115687333435948","0.006115687333435948","0.006115687333435948","0.02807699932956105","0.02807699932956105","0.02807699932956105","0.004259770216763075","0.004259770216763075","0.004259770216763075","4.248980849903325","4.248980849903325","4.248980849903325","0.354499969368782","0.354499969368782","0.354499969368782"
"3250","0.006369755774194207","0.006369755774194207","0.006369755774194207","0.04348058888134068","0.04348058888134068","0.04348058888134068","0.00461952989201121","0.00461952989201121","0.00461952989201121","3.3894410766985574","3.3894410766985574","3.3894410766985574","0.3792172903222464","0.3792172903222464","0.3792172903222464"
"3260","0.0051702373866651385","0.0051702373866651385","0.0051702373866651385","0.028076264661733068","0.028076264661733068","0.028076264661733068","0.0036867019129088047","0.0036867019129088047","0.0036867019129088047","4.201261580450952","4.201261580450952","4.201261580450952","0.37533310205253156","0.37533310205253156","0.37533310205253156"
"3270","0.004955030326428091","0.004955030326428091","0.004955030326428091","0.025448978735561616","0.025448978735561616","0.025448978735561616","0.003755632924577455","0.003755632924577455","0.003755632924577455","4.089450317437044","4.089450317437044","4.089450317437044","0.3436476028103311","0.3436476028103311","0.3436476028103311"
"3280","0.009545045605414125","0.009545045605414125","0.009545045605414125","0.027292450862413182","0.027292450862413182","0.027292450862413182","0.005407113772682771","0.005407113772682771","0.005407113772682771","3.8344155317052127","3.8344155317052127","3.8344155317052127","0.3439889496782416","0.3439889496782416","0.3439889496782416"
"3290","0.007501415032262374","0.007501415032262374","0.007501415032262374","0.02735046737212832","0.02735046737212832","0.02735046737212832","0.004714123879334541","0.004714123879334541","0.004714123879334541","4.137849513905789","4.137849513905789","4.137849513905789","0.3751312847443063","0.3751312847443063","0.3751312847443063"
"3300","0.005487309127707442","0.005487309127707442","0.005487309127707442","0.029808072107192437","0.029808072107192437","0.029808072107192437","0.004866439539994573","0.004866439539994573","0.004866439539994573","4.151131191421963","4.151131191421963","4.151131191421963","0.3796952743374439","0.3796952743374439","0.3796952743374439"
"3310","0.013260061536656532","0.013260061536656532","0.013260061536656532","0.03932038255562408","0.03932038255562408","0.03932038255562408","0.010335302719501406","0.010335302719501406","0.010335302719501406","4.3351503656961405","4.3351503656961405","4.3351503656961405","0.3615207797137265","0.3615207797137265","0.3615207797137265"
"3320","0.011431028800654029","0.011431028800654029","0.011431028800654029","0.040044191460461134","0.040044191460461134","0.040044191460461134","0.011211621612735347","0.011211621612735347","0.011211621612735347","3.561714980813903","3.561714980813903","3.561714980813903","0.3801650203970042","0.3801650203970042","0.3801650203970042"
"3330","0.008453252710058654","0.008453252710058654","0.008453252710058654","0.03568388150762302","0.03568388150762302","0.03568388150762302","0.00806775916614514","0.00806775916614514","0.00806775916614514","3.848348306777048","3.848348306777048","3.848348306777048","0.3619937046449386","0.3619937046449386","0.3619937046449386"
"3340","0.0064142235473535055","0.0064142235473535055","0.0064142235473535055","0.03128081541153069","0.03128081541153069","0.03128081541153069","0.005859115305602848","0.005859115305602848","0.005859115305602848","4.1898788913357246","4.1898788913357246","4.1898788913357246","0.3474984467010501","0.3474984467010501","0.3474984467010501"
"3350","0.004097497187339729","0.004097497187339729","0.004097497187339729","0.022945216690792785","0.022945216690792785","0.022945216690792785","0.0062596554757020405","0.0062596554757020405","0.0062596554757020405","2.8993684813426466","2.8993684813426466","2.8993684813426466","0.2540690673487256","0.2540690673487256","0.2540690673487256"
"3360","0.003879563511989124","0.003879563511989124","0.003879563511989124","0.01763207691070374","0.01763207691070374","0.01763207691070374","0.003669283648227616","0.003669283648227616","0.003669283648227616","2.8574954444963327","2.8574954444963327","2.8574954444963327","0.2199613081560142","0.2199613081560142","0.2199613081560142"
"3370","0.005154965613942468","0.005154965613942468","0.005154965613942468","0.02644152406095793","0.02644152406095793","0.02644152406095793","0.004611872347812239","0.004611872347812239","0.004611872347812239","4.048294068066127","4.048294068066127","4.048294068066127","0.32425121041763727","0.32425121041763727","0.32425121041763727"
"3380","0.004922822738699308","0.004922822738699308","0.004922822738699308","0.0245073069085623","0.0245073069085623","0.0245073069085623","0.0038127394694801634","0.0038127394694801634","0.0038127394694801634","4.20886970700095","4.20886970700095","4.20886970700095","0.3226049294733772","0.3226049294733772","0.3226049294733772"
"3390","0.005478984762540841","0.005478984762540841","0.005478984762540841","0.028717982367953233","0.028717982367953233","0.028717982367953233","0.004146967488867376","0.004146967488867376","0.004146967488867376","4.085740512506803","4.085740512506803","4.085740512506803","0.3297808586703313","0.3297808586703313","0.3297808586703313"
"3400","0.07281856894246613","0.07281856894246613","0.07281856894246613","0.021035558055599837","0.021035558055599837","0.021035558055599837","0.0037661973134699117","0.0037661973134699117","0.0037661973134699117","3.6521502525384233","3.6521502525384233","3.6521502525384233","0.27479451307292324","0.27479451307292324","0.27479451307292324"
"3410","0.006153677276702961","0.006153677276702961","0.006153677276702961","0.021159716555742798","0.021159716555742798","0.021159716555742798","0.003377116569318063","0.003377116569318063","0.003377116569318063","3.6240484239745014","3.6240484239745014","3.6240484239745014","0.28003038826033105","0.28003038826033105","0.28003038826033105"
"3420","0.13368764534868835","0.13368764534868835","0.13368764534868835","0.023695343548090917","0.023695343548090917","0.023695343548090917","0.006884819494626957","0.006884819494626957","0.006884819494626957","3.8183509837547382","3.8183509837547382","3.8183509837547382","0.29569374084101885","0.29569374084101885","0.29569374084101885"
"3430","0.0087333473914046","0.0087333473914046","0.0087333473914046","0.018088204644938304","0.018088204644938304","0.018088204644938304","0.004289585041976348","0.004289585041976348","0.004289585041976348","2.897735113230927","2.897735113230927","2.897735113230927","0.2099893798813604","0.2099893798813604","0.2099893798813604"
"3440","0.0066213234912764415","0.0066213234912764415","0.0066213234912764415","0.019371492435495054","0.019371492435495054","0.019371492435495054","0.00322663981078352","0.00322663981078352","0.00322663981078352","3.194742404218881","3.194742404218881","3.194742404218881","0.24199315869744467","0.24199315869744467","0.24199315869744467"
"3450","0.008593909486376573","0.008593909486376573","0.008593909486376573","0.030668046936573094","0.030668046936573094","0.030668046936573094","0.0037706055829268394","0.0037706055829268394","0.0037706055829268394","2.607045507158911","2.607045507158911","2.607045507158911","0.25681057018927034","0.25681057018927034","0.25681057018927034"
"3460","0.00509929647763769","0.00509929647763769","0.00509929647763769","0.026156906312745226","0.026156906312745226","0.026156906312745226","0.0035972884389733543","0.0035972884389733543","0.0035972884389733543","2.8234280924886885","2.8234280924886885","2.8234280924886885","0.24785831405129372","0.24785831405129372","0.24785831405129372"
"3470","0.004236317633939277","0.004236317633939277","0.004236317633939277","0.02499416960557183","0.02499416960557183","0.02499416960557183","0.003869985676302401","0.003869985676302401","0.003869985676302401","4.079634189285779","4.079634189285779","4.079634189285779","0.3080843160067208","0.3080843160067208","0.3080843160067208"
"3480","0.00578840066814407","0.00578840066814407","0.00578840066814407","0.025166780512547633","0.025166780512547633","0.025166780512547633","0.0045478938638317265","0.0045478938638317265","0.0045478938638317265","2.9472013413896176","2.9472013413896176","2.9472013413896176","0.24307381787546856","0.24307381787546856","0.24307381787546856"
"3490","0.0033134871300165123","0.0033134871300165123","0.0033134871300165123","0.01926175954279391","0.01926175954279391","0.01926175954279391","0.0030826704641552004","0.0030826704641552004","0.0030826704641552004","2.797010573418472","2.797010573418472","2.797010573418472","0.21505574832373425","0.21505574832373425","0.21505574832373425"
"3500","0.005580003316223647","0.005580003316223647","0.005580003316223647","0.026893010448219925","0.026893010448219925","0.026893010448219925","0.004856513115211824","0.004856513115211824","0.004856513115211824","4.1230428099266625","4.1230428099266625","4.1230428099266625","0.3035911450857589","0.3035911450857589","0.3035911450857589"
"3510","0.003685101017221649","0.003685101017221649","0.003685101017221649","0.022688701068742226","0.022688701068742226","0.022688701068742226","0.00310631502626858","0.00310631502626858","0.00310631502626858","4.221641107992827","4.221641107992827","4.221641107992827","0.28873654241514374","0.28873654241514374","0.28873654241514374"
"3520","0.005282040327280157","0.005282040327280157","0.005282040327280157","0.03150871853085166","0.03150871853085166","0.03150871853085166","0.004933595857727614","0.004933595857727614","0.004933595857727614","4.050811991131079","4.050811991131079","4.050811991131079","0.3195329224152482","0.3195329224152482","0.3195329224152482"
"3530","0.006276757008410841","0.006276757008410841","0.006276757008410841","0.03527590569191883","0.03527590569191883","0.03527590569191883","0.004345886502244413","0.004345886502244413","0.004345886502244413","3.853284129522187","3.853284129522187","3.853284129522187","0.33409384474638826","0.33409384474638826","0.33409384474638826"
"3540","0.005601714279003513","0.005601714279003513","0.005601714279003513","0.026367635837074764","0.026367635837074764","0.026367635837074764","0.003457733418120699","0.003457733418120699","0.003457733418120699","4.114817461293895","4.114817461293895","4.114817461293895","0.30194009308366393","0.30194009308366393","0.30194009308366393"
"3550","0.0055514947747759705","0.0055514947747759705","0.0055514947747759705","0.026650994741699352","0.026650994741699352","0.026650994741699352","0.005279099220860748","0.005279099220860748","0.005279099220860748","4.079415026280238","4.079415026280238","4.079415026280238","0.3026576714244719","0.3026576714244719","0.3026576714244719"
"3560","0.004392931288580806","0.004392931288580806","0.004392931288580806","0.023509784646762025","0.023509784646762025","0.023509784646762025","0.004040985357657552","0.004040985357657552","0.004040985357657552","4.230037966805351","4.230037966805351","4.230037966805351","0.2843755667681788","0.2843755667681788","0.2843755667681788"
"3570","0.0038774130524610755","0.0038774130524610755","0.0038774130524610755","0.023389297188004133","0.023389297188004133","0.023389297188004133","0.003427479785843531","0.003427479785843531","0.003427479785843531","2.9661584912098307","2.9661584912098307","2.9661584912098307","0.24498925377370703","0.24498925377370703","0.24498925377370703"
"3580","0.002595556518874833","0.002595556518874833","0.002595556518874833","0.01887332081077266","0.01887332081077266","0.01887332081077266","0.0024083064745497487","0.0024083064745497487","0.0024083064745497487","2.867737174440154","2.867737174440154","2.867737174440154","0.20313145721426262","0.20313145721426262","0.20313145721426262"
"3590","0.0038958963020416498","0.0038958963020416498","0.0038958963020416498","0.02252129197242807","0.02252129197242807","0.02252129197242807","0.0034285982567989768","0.0034285982567989768","0.0034285982567989768","3.8767107605918993","3.8767107605918993","3.8767107605918993","0.2567876210759898","0.2567876210759898","0.2567876210759898"
"3600","0.006400924581248935","0.006400924581248935","0.006400924581248935","0.03046968377730368","0.03046968377730368","0.03046968377730368","0.0046336876840098054","0.0046336876840098054","0.0046336876840098054","4.002899476956574","4.002899476956574","4.002899476956574","0.3132992134096849","0.3132992134096849","0.3132992134096849"
"3610","0.005893065481049288","0.005893065481049288","0.005893065481049288","0.028524709246893643","0.028524709246893643","0.028524709246893643","0.004056921200687258","0.004056921200687258","0.004056921200687258","4.179246137557949","4.179246137557949","4.179246137557949","0.30247155913747387","0.30247155913747387","0.30247155913747387"
"3620","0.004643317275428866","0.004643317275428866","0.004643317275428866","0.020969889407668446","0.020969889407668446","0.020969889407668446","0.0033261187941641215","0.0033261187941641215","0.0033261187941641215","3.4364863891644513","3.4364863891644513","3.4364863891644513","0.23215144806082838","0.23215144806082838","0.23215144806082838"
"3630","0.0035098207625483767","0.0035098207625483767","0.0035098207625483767","0.015852860594662233","0.015852860594662233","0.015852860594662233","0.0022613779198843785","0.0022613779198843785","0.0022613779198843785","2.805547193018785","2.805547193018785","2.805547193018785","0.19172830069041577","0.19172830069041577","0.19172830069041577"
"3640","0.006351083721427444","0.006351083721427444","0.006351083721427444","0.024566368831143066","0.024566368831143066","0.024566368831143066","0.003919922672077195","0.003919922672077195","0.003919922672077195","3.3224526853007195","3.3224526853007195","3.3224526853007195","0.27213737168085783","0.27213737168085783","0.27213737168085783"
"3650","0.005882574021827316","0.005882574021827316","0.005882574021827316","0.02754854862658025","0.02754854862658025","0.02754854862658025","0.00402008680819383","0.00402008680819383","0.00402008680819383","4.114060090644947","4.114060090644947","4.114060090644947","0.31087006243204407","0.31087006243204407","0.31087006243204407"
"3660","0.008138187261706998","0.008138187261706998","0.008138187261706998","0.0308085540774861","0.0308085540774861","0.0308085540774861","0.0067907481251688415","0.0067907481251688415","0.0067907481251688415","4.149319562612092","4.149319562612092","4.149319562612092","0.30972626404524595","0.30972626404524595","0.30972626404524595"
"3670","0.005645476873336427","0.005645476873336427","0.005645476873336427","0.02627447033444278","0.02627447033444278","0.02627447033444278","0.004854692458159546","0.004854692458159546","0.004854692458159546","4.013588924129639","4.013588924129639","4.013588924129639","0.2871493161807717","0.2871493161807717","0.2871493161807717"
"3680","0.00561653418668096","0.00561653418668096","0.00561653418668096","0.02915309767098432","0.02915309767098432","0.02915309767098432","0.00594618362509991","0.00594618362509991","0.00594618362509991","4.1076971155814705","4.1076971155814705","4.1076971155814705","0.2941529233124369","0.2941529233124369","0.2941529233124369"
"3690","0.004266558917759479","0.004266558917759479","0.004266558917759479","0.02659663563904997","0.02659663563904997","0.02659663563904997","0.00465871477654554","0.00465871477654554","0.00465871477654554","4.080331877633188","4.080331877633188","4.080331877633188","0.2794588379249687","0.2794588379249687","0.2794588379249687"
"3700","0.005787393839475821","0.005787393839475821","0.005787393839475821","0.02864731401648665","0.02864731401648665","0.02864731401648665","0.006220673918253593","0.006220673918253593","0.006220673918253593","3.9986254424353116","3.9986254424353116","3.9986254424353116","0.28836069180197865","0.28836069180197865","0.28836069180197865"
"3710","0.0030191997748037287","0.0030191997748037287","0.0030191997748037287","0.022101081995035087","0.022101081995035087","0.022101081995035087","0.0032826141719382454","0.0032826141719382454","0.0032826141719382454","4.142621626062444","4.142621626062444","4.142621626062444","0.261803913547384","0.261803913547384","0.261803913547384"
"3720","0.003612707789281605","0.003612707789281605","0.003612707789281605","0.021784115364059803","0.021784115364059803","0.021784115364059803","0.003396033613149152","0.003396033613149152","0.003396033613149152","4.110132296979621","4.110132296979621","4.110132296979621","0.26989753592731935","0.26989753592731935","0.26989753592731935"
"3730","0.002975628926785413","0.002975628926785413","0.002975628926785413","0.01842271114274289","0.01842271114274289","0.01842271114274289","0.00227411229906226","0.00227411229906226","0.00227411229906226","4.135568324460184","4.135568324460184","4.135568324460184","0.2465403854316029","0.2465403854316029","0.2465403854316029"
"3740","0.005770790653390929","0.005770790653390929","0.005770790653390929","0.023864133684275327","0.023864133684275327","0.023864133684275327","0.003945099707940919","0.003945099707940919","0.003945099707940919","3.8727645543287554","3.8727645543287554","3.8727645543287554","0.2591468252193402","0.2591468252193402","0.2591468252193402"
"3750","0.005481389565270252","0.005481389565270252","0.005481389565270252","0.025330100180838394","0.025330100180838394","0.025330100180838394","0.004123260774720622","0.004123260774720622","0.004123260774720622","4.119142349425435","4.119142349425435","4.119142349425435","0.2648219372131442","0.2648219372131442","0.2648219372131442"
"3760","0.004942019324020628","0.004942019324020628","0.004942019324020628","0.01995062094322709","0.01995062094322709","0.01995062094322709","0.0031607294632079045","0.0031607294632079045","0.0031607294632079045","3.561062569233263","3.561062569233263","3.561062569233263","0.23403631429117813","0.23403631429117813","0.23403631429117813"
"3770","0.0049381607947987126","0.0049381607947987126","0.0049381607947987126","0.016951045136890188","0.016951045136890188","0.016951045136890188","0.0031549110143802507","0.0031549110143802507","0.0031549110143802507","2.864644049882168","2.864644049882168","2.864644049882168","0.18497060152080064","0.18497060152080064","0.18497060152080064"
"3780","0.006521031541940265","0.006521031541940265","0.006521031541940265","0.021404589030937227","0.021404589030937227","0.021404589030937227","0.0034379478908915374","0.0034379478908915374","0.0034379478908915374","3.344695895426698","3.344695895426698","3.344695895426698","0.219032686500114","0.219032686500114","0.219032686500114"
"3790","0.007800843002795052","0.007800843002795052","0.007800843002795052","0.027667763241810632","0.027667763241810632","0.027667763241810632","0.004619597919003405","0.004619597919003405","0.004619597919003405","4.0054789367068215","4.0054789367068215","4.0054789367068215","0.2650721543574473","0.2650721543574473","0.2650721543574473"
"3800","0.007251150926036104","0.007251150926036104","0.007251150926036104","0.03275805601209675","0.03275805601209675","0.03275805601209675","0.005911459227454206","0.005911459227454206","0.005911459227454206","4.1658628190891305","4.1658628190891305","4.1658628190891305","0.2943802082203631","0.2943802082203631","0.2943802082203631"
"3810","0.005754452727937292","0.005754452727937292","0.005754452727937292","0.033426762204187783","0.033426762204187783","0.033426762204187783","0.0046132262976273635","0.0046132262976273635","0.0046132262976273635","3.900253512378311","3.900253512378311","3.900253512378311","0.2977637262837941","0.2977637262837941","0.2977637262837941"
"3820","0.003290466588310848","0.003290466588310848","0.003290466588310848","0.021538643949886253","0.021538643949886253","0.021538643949886253","0.0029166603555597476","0.0029166603555597476","0.0029166603555597476","4.161907685690975","4.161907685690975","4.161907685690975","0.24186896189636153","0.24186896189636153","0.24186896189636153"
"3830","0.00839877415006193","0.00839877415006193","0.00839877415006193","0.02053841169428741","0.02053841169428741","0.02053841169428741","0.003247134615214458","0.003247134615214458","0.003247134615214458","3.711123352990645","3.711123352990645","3.711123352990645","0.22894915632118004","0.22894915632118004","0.22894915632118004"
"3840","0.0021410446334449657","0.0021410446334449657","0.0021410446334449657","0.011871675463291093","0.011871675463291093","0.011871675463291093","0.0016535529909428612","0.0016535529909428612","0.0016535529909428612","2.9824880926671904","2.9824880926671904","2.9824880926671904","0.17052179683657245","0.17052179683657245","0.17052179683657245"
"3850","0.002964471443856154","0.002964471443856154","0.002964471443856154","0.013266993956960666","0.013266993956960666","0.013266993956960666","0.0016849779413367735","0.0016849779413367735","0.0016849779413367735","3.434699597234874","3.434699597234874","3.434699597234874","0.1860252858950778","0.1860252858950778","0.1860252858950778"
"3860","0.0030315878691093696","0.0030315878691093696","0.0030315878691093696","0.01747931327187661","0.01747931327187661","0.01747931327187661","0.0026159338760876317","0.0026159338760876317","0.0026159338760876317","4.364647707798759","4.364647707798759","4.364647707798759","0.2344906209174263","0.2344906209174263","0.2344906209174263"
"3870","0.0031687151386282923","0.0031687151386282923","0.0031687151386282923","0.020056373196205207","0.020056373196205207","0.020056373196205207","0.0029910295837076674","0.0029910295837076674","0.0029910295837076674","3.3800635455648163","3.3800635455648163","3.3800635455648163","0.21339882102606836","0.21339882102606836","0.21339882102606836"
"3880","0.00204773993291527","0.00204773993291527","0.00204773993291527","0.015150192297084851","0.015150192297084851","0.015150192297084851","0.0017476439832647549","0.0017476439832647549","0.0017476439832647549","2.868569576253184","2.868569576253184","2.868569576253184","0.1664877357610915","0.1664877357610915","0.1664877357610915"
"3890","0.002886649197589514","0.002886649197589514","0.002886649197589514","0.019464067739872016","0.019464067739872016","0.019464067739872016","0.0023460529165712897","0.0023460529165712897","0.0023460529165712897","3.4011282780379566","3.4011282780379566","3.4011282780379566","0.2163015591851078","0.2163015591851078","0.2163015591851078"
"3900","0.0032835804399484656","0.0032835804399484656","0.0032835804399484656","0.02220117868759682","0.02220117868759682","0.02220117868759682","0.002348392270400118","0.002348392270400118","0.002348392270400118","3.614961869854392","3.614961869854392","3.614961869854392","0.21881367938860477","0.21881367938860477","0.21881367938860477"
"3910","0.0022263541926007668","0.0022263541926007668","0.0022263541926007668","0.016280570097626963","0.016280570097626963","0.016280570097626963","0.0016658064889592463","0.0016658064889592463","0.0016658064889592463","2.801329562599565","2.801329562599565","2.801329562599565","0.16965636112190427","0.16965636112190427","0.16965636112190427"
"3920","0.004220604216234439","0.004220604216234439","0.004220604216234439","0.020339397220190163","0.020339397220190163","0.020339397220190163","0.002914825251442648","0.002914825251442648","0.002914825251442648","3.1233693799705393","3.1233693799705393","3.1233693799705393","0.18284477899746504","0.18284477899746504","0.18284477899746504"
"3930","0.03933062472658866","0.03933062472658866","0.03933062472658866","0.02529750210416371","0.02529750210416371","0.02529750210416371","0.004303395316120228","0.004303395316120228","0.004303395316120228","3.8061354213035785","3.8061354213035785","3.8061354213035785","0.21919648753217433","0.21919648753217433","0.21919648753217433"
"3940","0.00507474558121398","0.00507474558121398","0.00507474558121398","0.015420529116344108","0.015420529116344108","0.015420529116344108","0.002000981636760444","0.002000981636760444","0.002000981636760444","2.839806803764142","2.839806803764142","2.839806803764142","0.15544711237070305","0.15544711237070305","0.15544711237070305"
"3950","0.004188123689641952","0.004188123689641952","0.004188123689641952","0.017611642989793477","0.017611642989793477","0.017611642989793477","0.002753420977939521","0.002753420977939521","0.002753420977939521","3.198050360663875","3.198050360663875","3.198050360663875","0.19035195226783488","0.19035195226783488","0.19035195226783488"
"3960","0.0033622232608935317","0.0033622232608935317","0.0033622232608935317","0.020874712999513427","0.020874712999513427","0.020874712999513427","0.0025549860341884502","0.0025549860341884502","0.0025549860341884502","4.064624317862133","4.064624317862133","4.064624317862133","0.23339240545451762","0.23339240545451762","0.23339240545451762"
"3970","0.0053773154718526495","0.0053773154718526495","0.0053773154718526495","0.018419141584489603","0.018419141584489603","0.018419141584489603","0.0021770709096050854","0.0021770709096050854","0.0021770709096050854","4.128297975046234","4.128297975046234","4.128297975046234","0.22321411999632745","0.22321411999632745","0.22321411999632745"
"3980","0.003541191586560377","0.003541191586560377","0.003541191586560377","0.019661521186276915","0.019661521186276915","0.019661521186276915","0.002526636739037842","0.002526636739037842","0.002526636739037842","4.181964038752175","4.181964038752175","4.181964038752175","0.23021729276351338","0.23021729276351338","0.23021729276351338"
"3990","0.027701915108100526","0.027701915108100526","0.027701915108100526","0.016803285148964592","0.016803285148964592","0.016803285148964592","0.0023954358341883443","0.0023954358341883443","0.0023954358341883443","4.204281659838399","4.204281659838399","4.204281659838399","0.21148662743996696","0.21148662743996696","0.21148662743996696"
"4000","0.003872909263461942","0.003872909263461942","0.003872909263461942","0.02132670702452394","0.02132670702452394","0.02132670702452394","0.002530130245304627","0.002530130245304627","0.002530130245304627","4.155703077576935","4.155703077576935","4.155703077576935","0.22875463876445867","0.22875463876445867","0.22875463876445867"
"4010","0.011036944738939007","0.011036944738939007","0.011036944738939007","0.015368545439054485","0.015368545439054485","0.015368545439054485","0.0018492163368767152","0.0018492163368767152","0.0018492163368767152","3.4075698143319118","3.4075698143319118","3.4075698143319118","0.18007786129983694","0.18007786129983694","0.18007786129983694"
"4020","0.0057391300086113714","0.0057391300086113714","0.0057391300086113714","0.017010392454512618","0.017010392454512618","0.017010392454512618","0.003642502438760056","0.003642502438760056","0.003642502438760056","2.824137751247687","2.824137751247687","2.824137751247687","0.15450651717981195","0.15450651717981195","0.15450651717981195"
"4030","0.003925103974753549","0.003925103974753549","0.003925103974753549","0.017275867040150113","0.017275867040150113","0.017275867040150113","0.0021536067403790113","0.0021536067403790113","0.0021536067403790113","3.4933181503744106","3.4933181503744106","3.4933181503744106","0.19243177512197288","0.19243177512197288","0.19243177512197288"
"4040","0.004068379619881123","0.004068379619881123","0.004068379619881123","0.020724070095204807","0.020724070095204807","0.020724070095204807","0.0023713818269733475","0.0023713818269733475","0.0023713818269733475","4.109039839791004","4.109039839791004","4.109039839791004","0.218626629916692","0.218626629916692","0.218626629916692"
"4050","0.0033801658154160312","0.0033801658154160312","0.0033801658154160312","0.018692626416771985","0.018692626416771985","0.018692626416771985","0.0021876530264421557","0.0021876530264421557","0.0021876530264421557","4.135297517832438","4.135297517832438","4.135297517832438","0.21147870720682116","0.21147870720682116","0.21147870720682116"
"4060","0.004398086378963641","0.004398086378963641","0.004398086378963641","0.017608246227407927","0.017608246227407927","0.017608246227407927","0.0024727185959690303","0.0024727185959690303","0.0024727185959690303","4.078843817413783","4.078843817413783","4.078843817413783","0.20713453803395437","0.20713453803395437","0.20713453803395437"
"4070","0.0044916842034271745","0.0044916842034271745","0.0044916842034271745","0.021005935051397043","0.021005935051397043","0.021005935051397043","0.0027974405049776756","0.0027974405049776756","0.0027974405049776756","4.078302380603674","4.078302380603674","4.078302380603674","0.22494808091284538","0.22494808091284538","0.22494808091284538"
"4080","0.005774380137396559","0.005774380137396559","0.005774380137396559","0.02497721578867546","0.02497721578867546","0.02497721578867546","0.004737930092019799","0.004737930092019799","0.004737930092019799","3.8572859368604306","3.8572859368604306","3.8572859368604306","0.22068128568610573","0.22068128568610573","0.22068128568610573"
"4090","0.002739829469272255","0.002739829469272255","0.002739829469272255","0.0163706579524281","0.0163706579524281","0.0163706579524281","0.0021041740952163594","0.0021041740952163594","0.0021041740952163594","2.8752104659669158","2.8752104659669158","2.8752104659669158","0.16171167700015188","0.16171167700015188","0.16171167700015188"
"4100","0.0022015472374875638","0.0022015472374875638","0.0022015472374875638","0.013507184079389596","0.013507184079389596","0.013507184079389596","0.0023662979380073314","0.0023662979380073314","0.0023662979380073314","2.9221831231444697","2.9221831231444697","2.9221831231444697","0.14158789881065337","0.14158789881065337","0.14158789881065337"
"4110","0.002279977989236717","0.002279977989236717","0.002279977989236717","0.016607552079330793","0.016607552079330793","0.016607552079330793","0.0020391503771464074","0.0020391503771464074","0.0020391503771464074","4.095725750447884","4.095725750447884","4.095725750447884","0.20313662482737807","0.20313662482737807","0.20313662482737807"
"4120","0.0038080564378787075","0.0038080564378787075","0.0038080564378787075","0.0209458686544076","0.0209458686544076","0.0209458686544076","0.0030328575710074222","0.0030328575710074222","0.0030328575710074222","4.064290192490989","4.064290192490989","4.064290192490989","0.21817461442999278","0.21817461442999278","0.21817461442999278"
"4130","0.0024121754947686487","0.0024121754947686487","0.0024121754947686487","0.01869537490219455","0.01869537490219455","0.01869537490219455","0.0023933140994219634","0.0023933140994219634","0.0023933140994219634","4.045054479242397","4.045054479242397","4.045054479242397","0.21936566979383265","0.21936566979383265","0.21936566979383265"
"4140","0.003292161768476003","0.003292161768476003","0.003292161768476003","0.019040235818375533","0.019040235818375533","0.019040235818375533","0.0029904390909592554","0.0029904390909592554","0.0029904390909592554","4.1598948715896915","4.1598948715896915","4.1598948715896915","0.20824055981349227","0.20824055981349227","0.20824055981349227"
"4150","0.0024415259159075177","0.0024415259159075177","0.0024415259159075177","0.016228104373207163","0.016228104373207163","0.016228104373207163","0.0018021379695052926","0.0018021379695052926","0.0018021379695052926","4.066327485365023","4.066327485365023","4.066327485365023","0.19661149183359353","0.19661149183359353","0.19661149183359353"
"4160","0.0048463256947048105","0.0048463256947048105","0.0048463256947048105","0.019761801134546824","0.019761801134546824","0.019761801134546824","0.0031482530236941544","0.0031482530236941544","0.0031482530236941544","4.190567713044838","4.190567713044838","4.190567713044838","0.21169417889615516","0.21169417889615516","0.21169417889615516"
"4170","0.0032982191402482464","0.0032982191402482464","0.0032982191402482464","0.019974030329863668","0.019974030329863668","0.019974030329863668","0.002401060997031541","0.002401060997031541","0.002401060997031541","4.061545461244444","4.061545461244444","4.061545461244444","0.22452083997817027","0.22452083997817027","0.22452083997817027"
"4180","0.002112394476892734","0.002112394476892734","0.002112394476892734","0.017991287585243737","0.017991287585243737","0.017991287585243737","0.0015110857745482761","0.0015110857745482761","0.0015110857745482761","3.946871482015978","3.946871482015978","3.946871482015978","0.2135679437166195","0.2135679437166195","0.2135679437166195"
"4190","0.003553250511721681","0.003553250511721681","0.003553250511721681","0.01853395015931386","0.01853395015931386","0.01853395015931386","0.002253570044622919","0.002253570044622919","0.002253570044622919","3.9904245407849563","3.9904245407849563","3.9904245407849563","0.21163964762274298","0.21163964762274298","0.21163964762274298"
"4200","0.00478046441799191","0.00478046441799191","0.00478046441799191","0.020951140118815412","0.020951140118815412","0.020951140118815412","0.0020252905807716225","0.0020252905807716225","0.0020252905807716225","4.063987753506238","4.063987753506238","4.063987753506238","0.21341646864707522","0.21341646864707522","0.21341646864707522"
"4210","0.007191309164205237","0.007191309164205237","0.007191309164205237","0.02459831531648896","0.02459831531648896","0.02459831531648896","0.004167557782619647","0.004167557782619647","0.004167557782619647","4.101148626543448","4.101148626543448","4.101148626543448","0.22558409935784696","0.22558409935784696","0.22558409935784696"
"4220","0.00417949484561172","0.00417949484561172","0.00417949484561172","0.02046492779375941","0.02046492779375941","0.02046492779375941","0.002757392742411407","0.002757392742411407","0.002757392742411407","4.097648345407613","4.097648345407613","4.097648345407613","0.21747565805468388","0.21747565805468388","0.21747565805468388"
"4230","0.003841103707695134","0.003841103707695134","0.003841103707695134","0.020614743953536928","0.020614743953536928","0.020614743953536928","0.002422933034745909","0.002422933034745909","0.002422933034745909","4.030641010483376","4.030641010483376","4.030641010483376","0.22207743123740892","0.22207743123740892","0.22207743123740892"
"4240","0.0031163561642041844","0.0031163561642041844","0.0031163561642041844","0.017067971017238517","0.017067971017238517","0.017067971017238517","0.002573971342682304","0.002573971342682304","0.002573971342682304","3.942803064976817","3.942803064976817","3.942803064976817","0.19860652067020293","0.19860652067020293","0.19860652067020293"
"4250","0.0051206719314744785","0.0051206719314744785","0.0051206719314744785","0.023409499668808762","0.023409499668808762","0.023409499668808762","0.0035380923622822394","0.0035380923622822394","0.0035380923622822394","3.8946693605024736","3.8946693605024736","3.8946693605024736","0.24552460542259788","0.24552460542259788","0.24552460542259788"
"4260","0.005404335613278326","0.005404335613278326","0.005404335613278326","0.025137317849151002","0.025137317849151002","0.025137317849151002","0.00392006911802311","0.00392006911802311","0.00392006911802311","3.9529261612570785","3.9529261612570785","3.9529261612570785","0.22268511993968898","0.22268511993968898","0.22268511993968898"
"4270","0.004264478165820834","0.004264478165820834","0.004264478165820834","0.019816074758172","0.019816074758172","0.019816074758172","0.003377627004924891","0.003377627004924891","0.003377627004924891","3.974740643844428","3.974740643844428","3.974740643844428","0.21101372251777661","0.21101372251777661","0.21101372251777661"
"4280","0.002407593969297326","0.002407593969297326","0.002407593969297326","0.018610217529754242","0.018610217529754242","0.018610217529754242","0.0019151411252859272","0.0019151411252859272","0.0019151411252859272","4.103779190763226","4.103779190763226","4.103779190763226","0.21397423178800992","0.21397423178800992","0.21397423178800992"
"4290","0.0031331576409835827","0.0031331576409835827","0.0031331576409835827","0.02198589038940058","0.02198589038940058","0.02198589038940058","0.002431492770530303","0.002431492770530303","0.002431492770530303","3.756873702906925","3.756873702906925","3.756873702906925","0.23856079679935818","0.23856079679935818","0.23856079679935818"
"4300","0.002919171320297899","0.002919171320297899","0.002919171320297899","0.02341037763885625","0.02341037763885625","0.02341037763885625","0.002318357593092704","0.002318357593092704","0.002318357593092704","3.4917239945067142","3.4917239945067142","3.4917239945067142","0.25514092824110324","0.25514092824110324","0.25514092824110324"
"4310","0.011737370772303737","0.011737370772303737","0.011737370772303737","0.03982578189207985","0.03982578189207985","0.03982578189207985","0.008413749577493265","0.008413749577493265","0.008413749577493265","3.9570126899568994","3.9570126899568994","3.9570126899568994","0.2867606584487726","0.2867606584487726","0.2867606584487726"
"4320","0.001594917296811592","0.001594917296811592","0.001594917296811592","0.01138989045570597","0.01138989045570597","0.01138989045570597","0.0012517221972194615","0.0012517221972194615","0.0012517221972194615","2.8909010386817","2.8909010386817","2.8909010386817","0.13935813190994764","0.13935813190994764","0.13935813190994764"
"4330","0.0020789711870231715","0.0020789711870231715","0.0020789711870231715","0.012913545224332783","0.012913545224332783","0.012913545224332783","0.002059603627166321","0.002059603627166321","0.002059603627166321","2.6681933624421426","2.6681933624421426","2.6681933624421426","0.15191986299418606","0.15191986299418606","0.15191986299418606"
"4340","0.0017428992261207539","0.0017428992261207539","0.0017428992261207539","0.011418921207126355","0.011418921207126355","0.011418921207126355","0.0010859693270154642","0.0010859693270154642","0.0010859693270154642","2.784665721667392","2.784665721667392","2.784665721667392","0.1387717287763326","0.1387717287763326","0.1387717287763326"
"4350","0.003515157554361245","0.003515157554361245","0.003515157554361245","0.014113733633604323","0.014113733633604323","0.014113733633604323","0.0019081845724393818","0.0019081845724393818","0.0019081845724393818","2.9738318418584573","2.9738318418584573","2.9738318418584573","0.15581327215703242","0.15581327215703242","0.15581327215703242"
"4360","0.004594467225287927","0.004594467225287927","0.004594467225287927","0.017711926051141896","0.017711926051141896","0.017711926051141896","0.0034312280183659066","0.0034312280183659066","0.0034312280183659066","4.057499351170519","4.057499351170519","4.057499351170519","0.20081855574433993","0.20081855574433993","0.20081855574433993"
"4370","0.0048653166107830315","0.0048653166107830315","0.0048653166107830315","0.019739252761174417","0.019739252761174417","0.019739252761174417","0.003121626260596469","0.003121626260596469","0.003121626260596469","4.0816889516589105","4.0816889516589105","4.0816889516589105","0.2146600142441493","0.2146600142441493","0.2146600142441493"
"4380","0.0069126617029086615","0.0069126617029086615","0.0069126617029086615","0.027325753182873853","0.027325753182873853","0.027325753182873853","0.004479388555146364","0.004479388555146364","0.004479388555146364","4.107579203190749","4.107579203190749","4.107579203190749","0.24458126828161522","0.24458126828161522","0.24458126828161522"
"4390","0.00210267107460561","0.00210267107460561","0.00210267107460561","0.01433014161847687","0.01433014161847687","0.01433014161847687","0.0016042322702313212","0.0016042322702313212","0.0016042322702313212","4.338529533682588","4.338529533682588","4.338529533682588","0.18207697488387564","0.18207697488387564","0.18207697488387564"
"4400","0.0018275559866634285","0.0018275559866634285","0.0018275559866634285","0.014459301411986428","0.014459301411986428","0.014459301411986428","0.0013642582665665385","0.0013642582665665385","0.0013642582665665385","4.212482848639583","4.212482848639583","4.212482848639583","0.18285233169896756","0.18285233169896756","0.18285233169896756"
"4410","0.005116663268645723","0.005116663268645723","0.005116663268645723","0.027430261650004475","0.027430261650004475","0.027430261650004475","0.0032382593200544567","0.0032382593200544567","0.0032382593200544567","3.72460630897495","3.72460630897495","3.72460630897495","0.2927726379809922","0.2927726379809922","0.2927726379809922"
"4420","0.0024817263128279416","0.0024817263128279416","0.0024817263128279416","0.017193209507143366","0.017193209507143366","0.017193209507143366","0.0018367396157120356","0.0018367396157120356","0.0018367396157120356","3.9041521157401804","3.9041521157401804","3.9041521157401804","0.2041462889574139","0.2041462889574139","0.2041462889574139"
"4430","0.002735618345910445","0.002735618345910445","0.002735618345910445","0.01699614640002294","0.01699614640002294","0.01699614640002294","0.00211174978957652","0.00211174978957652","0.00211174978957652","4.062935468854221","4.062935468854221","4.062935468854221","0.19993487889327277","0.19993487889327277","0.19993487889327277"
"4440","0.0021750191462264","0.0021750191462264","0.0021750191462264","0.015991498245217305","0.015991498245217305","0.015991498245217305","0.0019566005902288282","0.0019566005902288282","0.0019566005902288282","4.09848103439724","4.09848103439724","4.09848103439724","0.19524921446599655","0.19524921446599655","0.19524921446599655"
"4450","0.001578950433935815","0.001578950433935815","0.001578950433935815","0.01612979481180663","0.01612979481180663","0.01612979481180663","0.0014500005927001913","0.0014500005927001913","0.0014500005927001913","4.0214759865131064","4.0214759865131064","4.0214759865131064","0.20267442139225192","0.20267442139225192","0.20267442139225192"
"4460","0.002269510944590063","0.002269510944590063","0.002269510944590063","0.01628360360860404","0.01628360360860404","0.01628360360860404","0.0017551265499355154","0.0017551265499355154","0.0017551265499355154","4.025020698879757","4.025020698879757","4.025020698879757","0.1962658704517554","0.1962658704517554","0.1962658704517554"
"4470","0.0018484591146727687","0.0018484591146727687","0.0018484591146727687","0.014761121311029584","0.014761121311029584","0.014761121311029584","0.001359998240429426","0.001359998240429426","0.001359998240429426","4.055481945932004","4.055481945932004","4.055481945932004","0.18801466438470643","0.18801466438470643","0.18801466438470643"
"4480","0.0019930103106563625","0.0019930103106563625","0.0019930103106563625","0.013605821738375492","0.013605821738375492","0.013605821738375492","0.0016697157089299386","0.0016697157089299386","0.0016697157089299386","3.12282062479679","3.12282062479679","3.12282062479679","0.15719417512985137","0.15719417512985137","0.15719417512985137"
"4490","0.0023993873736458744","0.0023993873736458744","0.0023993873736458744","0.012168333958142789","0.012168333958142789","0.012168333958142789","0.0016738557105038794","0.0016738557105038794","0.0016738557105038794","2.865057478132019","2.865057478132019","2.865057478132019","0.1310300109473716","0.1310300109473716","0.1310300109473716"
"4500","0.0019750748450048875","0.0019750748450048875","0.0019750748450048875","0.01401091709186459","0.01401091709186459","0.01401091709186459","0.0017529588773650662","0.0017529588773650662","0.0017529588773650662","3.909406296164444","3.909406296164444","3.909406296164444","0.1668580053600999","0.1668580053600999","0.1668580053600999"
"4510","0.0019312052108666727","0.0019312052108666727","0.0019312052108666727","0.015615877839910893","0.015615877839910893","0.015615877839910893","0.001853900080438369","0.001853900080438369","0.001853900080438369","4.042847772386696","4.042847772386696","4.042847772386696","0.18732412719297822","0.18732412719297822","0.18732412719297822"
"4520","0.0018148672023138223","0.0018148672023138223","0.0018148672023138223","0.016174829812898396","0.016174829812898396","0.016174829812898396","0.0014014010338254626","0.0014014010338254626","0.0014014010338254626","4.001014535714721","4.001014535714721","4.001014535714721","0.193078184031151","0.193078184031151","0.193078184031151"
"4530","0.002539881568170027","0.002539881568170027","0.002539881568170027","0.019587602665185982","0.019587602665185982","0.019587602665185982","0.0022523945832035393","0.0022523945832035393","0.0022523945832035393","4.025578259540055","4.025578259540055","4.025578259540055","0.20976863636449156","0.20976863636449156","0.20976863636449156"
"4540","0.0024030238893359064","0.0024030238893359064","0.0024030238893359064","0.017871595158230016","0.017871595158230016","0.017871595158230016","0.001926649563513542","0.001926649563513542","0.001926649563513542","4.074120323878323","4.074120323878323","4.074120323878323","0.18626149044190135","0.18626149044190135","0.18626149044190135"
"4550","0.0025873753499941377","0.0025873753499941377","0.0025873753499941377","0.017145252079938205","0.017145252079938205","0.017145252079938205","0.0018779452385159676","0.0018779452385159676","0.0018779452385159676","4.178304305268319","4.178304305268319","4.178304305268319","0.18530379657742213","0.18530379657742213","0.18530379657742213"
"4560","0.00313463750281484","0.00313463750281484","0.00313463750281484","0.019979877909247698","0.019979877909247698","0.019979877909247698","0.002252204270925228","0.002252204270925228","0.002252204270925228","4.099607795340859","4.099607795340859","4.099607795340859","0.2219419341568623","0.2219419341568623","0.2219419341568623"
"4570","0.0028821685443566475","0.0028821685443566475","0.0028821685443566475","0.015280924258937012","0.015280924258937012","0.015280924258937012","0.0021651766834366168","0.0021651766834366168","0.0021651766834366168","3.6535060934804626","3.6535060934804626","3.6535060934804626","0.19237046385069012","0.19237046385069012","0.19237046385069012"
"4580","0.0013266811427969894","0.0013266811427969894","0.0013266811427969894","0.010985168541042568","0.010985168541042568","0.010985168541042568","0.0012112983619048682","0.0012112983619048682","0.0012112983619048682","2.7425978499130603","2.7425978499130603","2.7425978499130603","0.1390182728674436","0.1390182728674436","0.1390182728674436"
"4590","0.0016710581149939087","0.0016710581149939087","0.0016710581149939087","0.011362111273300599","0.011362111273300599","0.011362111273300599","0.001259419105662215","0.001259419105662215","0.001259419105662215","3.0739071931935626","3.0739071931935626","3.0739071931935626","0.14981666812163355","0.14981666812163355","0.14981666812163355"
"4600","0.003855321408078079","0.003855321408078079","0.003855321408078079","0.0237994217630259","0.0237994217630259","0.0237994217630259","0.002763329170495136","0.002763329170495136","0.002763329170495136","3.903897521803725","3.903897521803725","3.903897521803725","0.23235962765847545","0.23235962765847545","0.23235962765847545"
"4610","0.002031337565648864","0.002031337565648864","0.002031337565648864","0.02252188654094383","0.02252188654094383","0.02252188654094383","0.0016880386132325203","0.0016880386132325203","0.0016880386132325203","3.573195290442569","3.573195290442569","3.573195290442569","0.2510179767681549","0.2510179767681549","0.2510179767681549"
"4620","0.002381288333329124","0.002381288333329124","0.002381288333329124","0.021440236006911147","0.021440236006911147","0.021440236006911147","0.0018863901876322417","0.0018863901876322417","0.0018863901876322417","3.8235374639472055","3.8235374639472055","3.8235374639472055","0.24295200653900845","0.24295200653900845","0.24295200653900845"
"4630","0.001750432746199214","0.001750432746199214","0.001750432746199214","0.014207095238808037","0.014207095238808037","0.014207095238808037","0.0013199294693495792","0.0013199294693495792","0.0013199294693495792","3.9491181806096267","3.9491181806096267","3.9491181806096267","0.1918608487469015","0.1918608487469015","0.1918608487469015"
"4640","0.0037127006892631828","0.0037127006892631828","0.0037127006892631828","0.01824769625867735","0.01824769625867735","0.01824769625867735","0.0021731965065208414","0.0021731965065208414","0.0021731965065208414","4.0096097957318895","4.0096097957318895","4.0096097957318895","0.19724710571521337","0.19724710571521337","0.19724710571521337"
"4650","0.0017085570559595838","0.0017085570559595838","0.0017085570559595838","0.012900766988095485","0.012900766988095485","0.012900766988095485","0.0012266273142707725","0.0012266273142707725","0.0012266273142707725","3.1138821669683887","3.1138821669683887","3.1138821669683887","0.15333841594265046","0.15333841594265046","0.15333841594265046"
"4660","0.0023707540748623647","0.0023707540748623647","0.0023707540748623647","0.013605302105105684","0.013605302105105684","0.013605302105105684","0.001424432090769643","0.001424432090769643","0.001424432090769643","4.107560384483","4.107560384483","4.107560384483","0.18053112919667377","0.18053112919667377","0.18053112919667377"
"4670","0.0026319894687473772","0.0026319894687473772","0.0026319894687473772","0.014807857451301594","0.014807857451301594","0.014807857451301594","0.0015308388359996212","0.0015308388359996212","0.0015308388359996212","3.954432352916727","3.954432352916727","3.954432352916727","0.1873587225649619","0.1873587225649619","0.1873587225649619"
"4680","0.008004458986193654","0.008004458986193654","0.008004458986193654","0.02263008447292005","0.02263008447292005","0.02263008447292005","0.006284339444117515","0.006284339444117515","0.006284339444117515","4.1524276186524975","4.1524276186524975","4.1524276186524975","0.1980433426731288","0.1980433426731288","0.1980433426731288"
"4690","0.0017819691801923658","0.0017819691801923658","0.0017819691801923658","0.011723820562932707","0.011723820562932707","0.011723820562932707","0.0011105283150185093","0.0011105283150185093","0.0011105283150185093","4.041233753889967","4.041233753889967","4.041233753889967","0.17215521293704766","0.17215521293704766","0.17215521293704766"
"4700","0.00375937116797645","0.00375937116797645","0.00375937116797645","0.014603733033089487","0.014603733033089487","0.014603733033089487","0.0024337458406021935","0.0024337458406021935","0.0024337458406021935","4.069383174768774","4.069383174768774","4.069383174768774","0.1858003897057658","0.1858003897057658","0.1858003897057658"
"4710","0.0035165794673281394","0.0035165794673281394","0.0035165794673281394","0.016802918486881358","0.016802918486881358","0.016802918486881358","0.002597259281808942","0.002597259281808942","0.002597259281808942","3.9609026313768996","3.9609026313768996","3.9609026313768996","0.193808012266814","0.193808012266814","0.193808012266814"
"4720","0.0020615412930700704","0.0020615412930700704","0.0020615412930700704","0.015039066247411954","0.015039066247411954","0.015039066247411954","0.0015939111918580283","0.0015939111918580283","0.0015939111918580283","4.045671700909947","4.045671700909947","4.045671700909947","0.18846999922057606","0.18846999922057606","0.18846999922057606"
"4730","0.002648274909413373","0.002648274909413373","0.002648274909413373","0.014361033117038584","0.014361033117038584","0.014361033117038584","0.0015742531172699091","0.0015742531172699091","0.0015742531172699091","3.9146951163583363","3.9146951163583363","3.9146951163583363","0.17581612229812593","0.17581612229812593","0.17581612229812593"
"4740","0.002187750471544341","0.002187750471544341","0.002187750471544341","0.016056530212762817","0.016056530212762817","0.016056530212762817","0.0014596435284723094","0.0014596435284723094","0.0014596435284723094","4.163535712124664","4.163535712124664","4.163535712124664","0.1939016742438517","0.1939016742438517","0.1939016742438517"
"4750","0.0016985068379536856","0.0016985068379536856","0.0016985068379536856","0.016863752424078605","0.016863752424078605","0.016863752424078605","0.001245903671813215","0.001245903671813215","0.001245903671813215","3.9946247926018943","3.9946247926018943","3.9946247926018943","0.21032720288694887","0.21032720288694887","0.21032720288694887"
"4760","0.0015498047281481662","0.0015498047281481662","0.0015498047281481662","0.013778929717424846","0.013778929717424846","0.013778929717424846","0.0011004305777102723","0.0011004305777102723","0.0011004305777102723","4.128976451486523","4.128976451486523","4.128976451486523","0.1816708541664691","0.1816708541664691","0.1816708541664691"
"4770","0.0016017435018573537","0.0016017435018573537","0.0016017435018573537","0.013634647471922843","0.013634647471922843","0.013634647471922843","0.0012051380471138882","0.0012051380471138882","0.0012051380471138882","3.962313834473665","3.962313834473665","3.962313834473665","0.18382122602291742","0.18382122602291742","0.18382122602291742"
"4780","0.0012068773206868584","0.0012068773206868584","0.0012068773206868584","0.011813367080084337","0.011813367080084337","0.011813367080084337","0.0010002125251032275","0.0010002125251032275","0.0010002125251032275","4.1202329034501","4.1202329034501","4.1202329034501","0.16502698960759718","0.16502698960759718","0.16502698960759718"
"4790","0.0018951135409226902","0.0018951135409226902","0.0018951135409226902","0.013699876042845583","0.013699876042845583","0.013699876042845583","0.0012030126814561294","0.0012030126814561294","0.0012030126814561294","3.9610903368090438","3.9610903368090438","3.9610903368090438","0.17534327605651354","0.17534327605651354","0.17534327605651354"
"4800","0.001985381171076795","0.001985381171076795","0.001985381171076795","0.023125868222852","0.023125868222852","0.023125868222852","0.0012320645583729765","0.0012320645583729765","0.0012320645583729765","3.690775809464441","3.690775809464441","3.690775809464441","0.2470260950447107","0.2470260950447107","0.2470260950447107"
"4810","0.0012551413730615014","0.0012551413730615014","0.0012551413730615014","0.012755390840567973","0.012755390840567973","0.012755390840567973","0.0011036650987320794","0.0011036650987320794","0.0011036650987320794","4.074506210596004","4.074506210596004","4.074506210596004","0.1758104591515416","0.1758104591515416","0.1758104591515416"
"4820","0.0014401221453760136","0.0014401221453760136","0.0014401221453760136","0.014200420958618367","0.014200420958618367","0.014200420958618367","0.001317575834478123","0.001317575834478123","0.001317575834478123","4.105621256489544","4.105621256489544","4.105621256489544","0.18707379455781364","0.18707379455781364","0.18707379455781364"
"4830","0.0014244439903842636","0.0014244439903842636","0.0014244439903842636","0.015110545964484504","0.015110545964484504","0.015110545964484504","0.0011041074940785047","0.0011041074940785047","0.0011041074940785047","4.063470816141122","4.063470816141122","4.063470816141122","0.1922110777558861","0.1922110777558861","0.1922110777558861"
"4840","0.0015454241999027858","0.0015454241999027858","0.0015454241999027858","0.015009307932591281","0.015009307932591281","0.015009307932591281","0.0011497385218145128","0.0011497385218145128","0.0011497385218145128","3.9990331514687782","3.9990331514687782","3.9990331514687782","0.19057058432806007","0.19057058432806007","0.19057058432806007"
"4850","0.0015289870664844142","0.0015289870664844142","0.0015289870664844142","0.014132905185700713","0.014132905185700713","0.014132905185700713","0.001257677441791882","0.001257677441791882","0.001257677441791882","4.0114557829668565","4.0114557829668565","4.0114557829668565","0.18427471776097623","0.18427471776097623","0.18427471776097623"
"4860","0.0015407424869867473","0.0015407424869867473","0.0015407424869867473","0.01877846299753156","0.01877846299753156","0.01877846299753156","0.0009555334457003945","0.0009555334457003945","0.0009555334457003945","3.8639075752715093","3.8639075752715093","3.8639075752715093","0.22533864958439778","0.22533864958439778","0.22533864958439778"
"4870","0.0021704320008462405","0.0021704320008462405","0.0021704320008462405","0.014077018428346855","0.014077018428346855","0.014077018428346855","0.0013876125048356144","0.0013876125048356144","0.0013876125048356144","4.040642655605567","4.040642655605567","4.040642655605567","0.18726103360279678","0.18726103360279678","0.18726103360279678"
"4880","0.0017245237017022353","0.0017245237017022353","0.0017245237017022353","0.0127241964439798","0.0127241964439798","0.0127241964439798","0.001073747608605765","0.001073747608605765","0.001073747608605765","4.061738831500621","4.061738831500621","4.061738831500621","0.17473629702352253","0.17473629702352253","0.17473629702352253"
"4890","0.0016274601880269528","0.0016274601880269528","0.0016274601880269528","0.013472361721121399","0.013472361721121399","0.013472361721121399","0.0010488872687816875","0.0010488872687816875","0.0010488872687816875","3.986762588110722","3.986762588110722","3.986762588110722","0.1820152727242948","0.1820152727242948","0.1820152727242948"
"4900","0.0014463931876334297","0.0014463931876334297","0.0014463931876334297","0.012077818034674274","0.012077818034674274","0.012077818034674274","0.0008149619106201544","0.0008149619106201544","0.0008149619106201544","4.1045670251123","4.1045670251123","4.1045670251123","0.16931402659089215","0.16931402659089215","0.16931402659089215"
"4910","0.0032497159788595496","0.0032497159788595496","0.0032497159788595496","0.013819210072296223","0.013819210072296223","0.013819210072296223","0.0016338416610663794","0.0016338416610663794","0.0016338416610663794","4.020496221460783","4.020496221460783","4.020496221460783","0.17701098864403814","0.17701098864403814","0.17701098864403814"
"4920","0.0012715247842108287","0.0012715247842108287","0.0012715247842108287","0.012351053351262306","0.012351053351262306","0.012351053351262306","0.0007952389560949668","0.0007952389560949668","0.0007952389560949668","4.043218128767769","4.043218128767769","4.043218128767769","0.17566647283033188","0.17566647283033188","0.17566647283033188"
"4930","0.0012213591310633724","0.0012213591310633724","0.0012213591310633724","0.01172941021390784","0.01172941021390784","0.01172941021390784","0.0010530605457309513","0.0010530605457309513","0.0010530605457309513","4.054250391412054","4.054250391412054","4.054250391412054","0.1703909974530005","0.1703909974530005","0.1703909974530005"
"4940","0.001194038903217008","0.001194038903217008","0.001194038903217008","0.009047166836691321","0.009047166836691321","0.009047166836691321","0.0009611064938871769","0.0009611064938871769","0.0009611064938871769","3.1919054958930393","3.1919054958930393","3.1919054958930393","0.12919031314045135","0.12919031314045135","0.12919031314045135"
"4950","0.0023764014507180204","0.0023764014507180204","0.0023764014507180204","0.012505803670657937","0.012505803670657937","0.012505803670657937","0.0014158537154824516","0.0014158537154824516","0.0014158537154824516","2.6931891582001515","2.6931891582001515","2.6931891582001515","0.12301317426519127","0.12301317426519127","0.12301317426519127"
"4960","0.002785814916594128","0.002785814916594128","0.002785814916594128","0.013480399684669384","0.013480399684669384","0.013480399684669384","0.0017433691969286921","0.0017433691969286921","0.0017433691969286921","3.7772951777277584","3.7772951777277584","3.7772951777277584","0.16358935636101068","0.16358935636101068","0.16358935636101068"
"4970","0.0013551472602707135","0.0013551472602707135","0.0013551472602707135","0.008956653456647253","0.008956653456647253","0.008956653456647253","0.0009297557079361495","0.0009297557079361495","0.0009297557079361495","3.111337673014448","3.111337673014448","3.111337673014448","0.1315060150085047","0.1315060150085047","0.1315060150085047"
"4980","0.0015355096341056916","0.0015355096341056916","0.0015355096341056916","0.010175429150901978","0.010175429150901978","0.010175429150901978","0.0010394054838948582","0.0010394054838948582","0.0010394054838948582","3.8004392453502245","3.8004392453502245","3.8004392453502245","0.15573066407939337","0.15573066407939337","0.15573066407939337"
"4990","0.0009302633724016218","0.0009302633724016218","0.0009302633724016218","0.007919757263914437","0.007919757263914437","0.007919757263914437","0.0007250084489149365","0.0007250084489149365","0.0007250084489149365","2.726117853736943","2.726117853736943","2.726117853736943","0.11997403433712162","0.11997403433712162","0.11997403433712162"
"5000","0.0014523063169432212","0.0014523063169432212","0.0014523063169432212","0.011861770305459901","0.011861770305459901","0.011861770305459901","0.0012902635499673462","0.0012902635499673462","0.0012902635499673462","2.9128808876764927","2.9128808876764927","2.9128808876764927","0.14486326792448384","0.14486326792448384","0.14486326792448384"
"5010","0.0014798507979016757","0.0014798507979016757","0.0014798507979016757","0.01466986551581902","0.01466986551581902","0.01466986551581902","0.0011947543636112016","0.0011947543636112016","0.0011947543636112016","4.0246055403313195","4.0246055403313195","4.0246055403313195","0.18539953770010614","0.18539953770010614","0.18539953770010614"
"5020","0.0020042408416956416","0.0020042408416956416","0.0020042408416956416","0.014590111191530046","0.014590111191530046","0.014590111191530046","0.001561777668905739","0.001561777668905739","0.001561777668905739","4.074208879033796","4.074208879033796","4.074208879033796","0.1790364402453956","0.1790364402453956","0.1790364402453956"
"5030","0.0015229027760162782","0.0015229027760162782","0.0015229027760162782","0.012830565955865972","0.012830565955865972","0.012830565955865972","0.0011125896426278233","0.0011125896426278233","0.0011125896426278233","4.042405014358563","4.042405014358563","4.042405014358563","0.17137383646042176","0.17137383646042176","0.17137383646042176"
"5040","0.0009617209860467042","0.0009617209860467042","0.0009617209860467042","0.012107000678075476","0.012107000678075476","0.012107000678075476","0.0007439287807695758","0.0007439287807695758","0.0007439287807695758","3.97953001259358","3.97953001259358","3.97953001259358","0.1747292731010347","0.1747292731010347","0.1747292731010347"
"5050","0.001228314895555736","0.001228314895555736","0.001228314895555736","0.012705086970816445","0.012705086970816445","0.012705086970816445","0.0009930724043538748","0.0009930724043538748","0.0009930724043538748","3.9835424828844435","3.9835424828844435","3.9835424828844435","0.1737716844694788","0.1737716844694788","0.1737716844694788"
"5060","0.003369389170577767","0.003369389170577767","0.003369389170577767","0.015673250040207504","0.015673250040207504","0.015673250040207504","0.002489924329993609","0.002489924329993609","0.002489924329993609","4.024356403993476","4.024356403993476","4.024356403993476","0.1773434747854496","0.1773434747854496","0.1773434747854496"
"5070","0.0018026851779150818","0.0018026851779150818","0.0018026851779150818","0.01703338064973308","0.01703338064973308","0.01703338064973308","0.0010971812023093381","0.0010971812023093381","0.0010971812023093381","3.739639851001216","3.739639851001216","3.739639851001216","0.2128467685409542","0.2128467685409542","0.2128467685409542"
"5080","0.0021063713026732165","0.0021063713026732165","0.0021063713026732165","0.0198329470955396","0.0198329470955396","0.0198329470955396","0.0011714283222169029","0.0011714283222169029","0.0011714283222169029","3.9514307879166717","3.9514307879166717","3.9514307879166717","0.2302640944013882","0.2302640944013882","0.2302640944013882"
"5090","0.0019534367545552445","0.0019534367545552445","0.0019534367545552445","0.013719381217760916","0.013719381217760916","0.013719381217760916","0.0014453397042330867","0.0014453397042330867","0.0014453397042330867","4.067609505688478","4.067609505688478","4.067609505688478","0.17763568064695437","0.17763568064695437","0.17763568064695437"
"5100","0.0014245721423686991","0.0014245721423686991","0.0014245721423686991","0.012224838256528899","0.012224838256528899","0.012224838256528899","0.0009788610575224728","0.0009788610575224728","0.0009788610575224728","4.172286996387106","4.172286996387106","4.172286996387106","0.16921111115599033","0.16921111115599033","0.16921111115599033"
"5110","0.001495219585967256","0.001495219585967256","0.001495219585967256","0.011547729160417285","0.011547729160417285","0.011547729160417285","0.0008838951264262179","0.0008838951264262179","0.0008838951264262179","4.0935440932612845","4.0935440932612845","4.0935440932612845","0.16616876120558843","0.16616876120558843","0.16616876120558843"
"5120","0.001047530137022373","0.001047530137022373","0.001047530137022373","0.01258637993599757","0.01258637993599757","0.01258637993599757","0.0007390469017744512","0.0007390469017744512","0.0007390469017744512","4.02638925827305","4.02638925827305","4.02638925827305","0.18447899091930697","0.18447899091930697","0.18447899091930697"
"5130","0.0012005827214980717","0.0012005827214980717","0.0012005827214980717","0.01614775936382635","0.01614775936382635","0.01614775936382635","0.0011341433354707148","0.0011341433354707148","0.0011341433354707148","3.4276493654216376","3.4276493654216376","3.4276493654216376","0.2077631481234439","0.2077631481234439","0.2077631481234439"
"5140","0.0011444866732008012","0.0011444866732008012","0.0011444866732008012","0.010688313662721095","0.010688313662721095","0.010688313662721095","0.0009569978953346922","0.0009569978953346922","0.0009569978953346922","4.128621359898665","4.128621359898665","4.128621359898665","0.16487631771175637","0.16487631771175637","0.16487631771175637"
"5150","0.0021564628696690126","0.0021564628696690126","0.0021564628696690126","0.01586611947558278","0.01586611947558278","0.01586611947558278","0.0014976162038015588","0.0014976162038015588","0.0014976162038015588","3.559842004863615","3.559842004863615","3.559842004863615","0.1950320512801188","0.1950320512801188","0.1950320512801188"
"5160","0.0009923909102892605","0.0009923909102892605","0.0009923909102892605","0.011333526093294365","0.011333526093294365","0.011333526093294365","0.0006885737892238983","0.0006885737892238983","0.0006885737892238983","3.8946313182702297","3.8946313182702297","3.8946313182702297","0.17046704694180836","0.17046704694180836","0.17046704694180836"
"5170","0.002071138745599486","0.002071138745599486","0.002071138745599486","0.011686288957294216","0.011686288957294216","0.011686288957294216","0.0010039856866707404","0.0010039856866707404","0.0010039856866707404","4.112187443917244","4.112187443917244","4.112187443917244","0.16528472793819785","0.16528472793819785","0.16528472793819785"
"5180","0.0016943727031352278","0.0016943727031352278","0.0016943727031352278","0.011044870487807133","0.011044870487807133","0.011044870487807133","0.0011039538130593112","0.0011039538130593112","0.0011039538130593112","4.081135097267416","4.081135097267416","4.081135097267416","0.16279814915384783","0.16279814915384783","0.16279814915384783"
"5190","0.0016309742069470622","0.0016309742069470622","0.0016309742069470622","0.015387988821653443","0.015387988821653443","0.015387988821653443","0.0010035952566771929","0.0010035952566771929","0.0010035952566771929","3.8443350126866553","3.8443350126866553","3.8443350126866553","0.19137915270343037","0.19137915270343037","0.19137915270343037"
"5200","0.001883175596632322","0.001883175596632322","0.001883175596632322","0.014636890024228584","0.014636890024228584","0.014636890024228584","0.0014463129642014899","0.0014463129642014899","0.0014463129642014899","3.9515191974653336","3.9515191974653336","3.9515191974653336","0.1858059533682273","0.1858059533682273","0.1858059533682273"
"5210","0.004342662158526517","0.004342662158526517","0.004342662158526517","0.020138258476615756","0.020138258476615756","0.020138258476615756","0.0025540714536557126","0.0025540714536557126","0.0025540714536557126","3.8192780074721","3.8192780074721","3.8192780074721","0.2010223582706272","0.2010223582706272","0.2010223582706272"
"5220","0.011901586486017893","0.011901586486017893","0.011901586486017893","0.030649306430635577","0.030649306430635577","0.030649306430635577","0.00771866593404724","0.00771866593404724","0.00771866593404724","4.026554112148138","4.026554112148138","4.026554112148138","0.2062979425556696","0.2062979425556696","0.2062979425556696"
"5230","0.010975477209421816","0.010975477209421816","0.010975477209421816","0.029045536950850197","0.029045536950850197","0.029045536950850197","0.0065951275565110205","0.0065951275565110205","0.0065951275565110205","2.9152559515037075","2.9152559515037075","2.9152559515037075","0.18725546489637954","0.18725546489637954","0.18725546489637954"
"5240","0.0016129270499642568","0.0016129270499642568","0.0016129270499642568","0.010664385485000405","0.010664385485000405","0.010664385485000405","0.0010441461167609099","0.0010441461167609099","0.0010441461167609099","2.8407063918792947","2.8407063918792947","2.8407063918792947","0.12735408242224905","0.12735408242224905","0.12735408242224905"
"5250","0.0014229992575354286","0.0014229992575354286","0.0014229992575354286","0.010157599262147866","0.010157599262147866","0.010157599262147866","0.0009416567002787506","0.0009416567002787506","0.0009416567002787506","3.752434890509241","3.752434890509241","3.752434890509241","0.14722818342386518","0.14722818342386518","0.14722818342386518"
"5260","0.0016696201709022387","0.0016696201709022387","0.0016696201709022387","0.011514597978960907","0.011514597978960907","0.011514597978960907","0.0011112705756989457","0.0011112705756989457","0.0011112705756989457","4.066341277348414","4.066341277348414","4.066341277348414","0.16923512441536714","0.16923512441536714","0.16923512441536714"
"5270","0.0020144175470207153","0.0020144175470207153","0.0020144175470207153","0.012777316776076863","0.012777316776076863","0.012777316776076863","0.0015647133543152817","0.0015647133543152817","0.0015647133543152817","3.9661663280479202","3.9661663280479202","3.9661663280479202","0.18007229477705078","0.18007229477705078","0.18007229477705078"
"5280","0.002389390051599554","0.002389390051599554","0.002389390051599554","0.015691257942958274","0.015691257942958274","0.015691257942958274","0.0017251185025547676","0.0017251185025547676","0.0017251185025547676","3.7181444198702858","3.7181444198702858","3.7181444198702858","0.18685646352778307","0.18685646352778307","0.18685646352778307"
"5290","0.0009923530278766483","0.0009923530278766483","0.0009923530278766483","0.00872019789051907","0.00872019789051907","0.00872019789051907","0.0007370273688943302","0.0007370273688943302","0.0007370273688943302","2.8160809457536446","2.8160809457536446","2.8160809457536446","0.11600761273446146","0.11600761273446146","0.11600761273446146"
"5300","0.0037246733173440594","0.0037246733173440594","0.0037246733173440594","0.01309241713001947","0.01309241713001947","0.01309241713001947","0.0036086253683598316","0.0036086253683598316","0.0036086253683598316","2.7445857051685643","2.7445857051685643","2.7445857051685643","0.1314773283136124","0.1314773283136124","0.1314773283136124"
"5310","0.0011272871265635062","0.0011272871265635062","0.0011272871265635062","0.010718860381766488","0.010718860381766488","0.010718860381766488","0.0008172674283823814","0.0008172674283823814","0.0008172674283823814","4.083615496314641","4.083615496314641","4.083615496314641","0.16442910004669892","0.16442910004669892","0.16442910004669892"
"5320","0.0018959414063310766","0.0018959414063310766","0.0018959414063310766","0.017940797422863104","0.017940797422863104","0.017940797422863104","0.0016482332888039727","0.0016482332888039727","0.0016482332888039727","3.808485265741259","3.808485265741259","3.808485265741259","0.20689654735296448","0.20689654735296448","0.20689654735296448"
"5330","0.001466266847749994","0.001466266847749994","0.001466266847749994","0.015538437994041235","0.015538437994041235","0.015538437994041235","0.0010339006199289182","0.0010339006199289182","0.0010339006199289182","3.7821090346451722","3.7821090346451722","3.7821090346451722","0.19472583954092562","0.19472583954092562","0.19472583954092562"
"5340","0.001183317099293563","0.001183317099293563","0.001183317099293563","0.010963788193042112","0.010963788193042112","0.010963788193042112","0.0008009529411511228","0.0008009529411511228","0.0008009529411511228","4.05774095978859","4.05774095978859","4.05774095978859","0.16842590985159062","0.16842590985159062","0.16842590985159062"
"5350","0.0016058236545882889","0.0016058236545882889","0.0016058236545882889","0.013842289568349478","0.013842289568349478","0.013842289568349478","0.0009222122097411144","0.0009222122097411144","0.0009222122097411144","3.975831473225002","3.975831473225002","3.975831473225002","0.17203607278897487","0.17203607278897487","0.17203607278897487"
"5360","0.001894266282621247","0.001894266282621247","0.001894266282621247","0.013211177493488878","0.013211177493488878","0.013211177493488878","0.0012939534898354509","0.0012939534898354509","0.0012939534898354509","3.9144586809286355","3.9144586809286355","3.9144586809286355","0.17647072193744162","0.17647072193744162","0.17647072193744162"
"5370","0.0010955552393432523","0.0010955552393432523","0.0010955552393432523","0.010375394395729296","0.010375394395729296","0.010375394395729296","0.0005767210607756781","0.0005767210607756781","0.0005767210607756781","4.157778251312952","4.157778251312952","4.157778251312952","0.15630893179397587","0.15630893179397587","0.15630893179397587"
"5380","0.0015049873422167317","0.0015049873422167317","0.0015049873422167317","0.01339541450144012","0.01339541450144012","0.01339541450144012","0.0012920630929105206","0.0012920630929105206","0.0012920630929105206","4.023438154070516","4.023438154070516","4.023438154070516","0.17394566052840607","0.17394566052840607","0.17394566052840607"
"5390","0.002087759142759914","0.002087759142759914","0.002087759142759914","0.01774180827787721","0.01774180827787721","0.01774180827787721","0.0013469337698521233","0.0013469337698521233","0.0013469337698521233","4.308840270040994","4.308840270040994","4.308840270040994","0.1993740321470545","0.1993740321470545","0.1993740321470545"
"5400","0.0011144034947546738","0.0011144034947546738","0.0011144034947546738","0.012116179124368869","0.012116179124368869","0.012116179124368869","0.000833446016726572","0.000833446016726572","0.000833446016726572","4.0995320967289235","4.0995320967289235","4.0995320967289235","0.17903692535983104","0.17903692535983104","0.17903692535983104"
"5410","0.0014191336149714064","0.0014191336149714064","0.0014191336149714064","0.010444174025835484","0.010444174025835484","0.010444174025835484","0.0009721737349582228","0.0009721737349582228","0.0009721737349582228","4.156814106057125","4.156814106057125","4.156814106057125","0.15806534280866902","0.15806534280866902","0.15806534280866902"
"5420","0.001570743932215964","0.001570743932215964","0.001570743932215964","0.011320536736040323","0.011320536736040323","0.011320536736040323","0.0010590739335676136","0.0010590739335676136","0.0010590739335676136","4.026197280161369","4.026197280161369","4.026197280161369","0.16712797975161914","0.16712797975161914","0.16712797975161914"
"5430","0.0025943004897268926","0.0025943004897268926","0.0025943004897268926","0.013861380520229342","0.013861380520229342","0.013861380520229342","0.0016152242073637275","0.0016152242073637275","0.0016152242073637275","4.008756004678128","4.008756004678128","4.008756004678128","0.1676587327104645","0.1676587327104645","0.1676587327104645"
"5440","0.0010228945148317429","0.0010228945148317429","0.0010228945148317429","0.010244683244595992","0.010244683244595992","0.010244683244595992","0.0007597994305928535","0.0007597994305928535","0.0007597994305928535","4.082977818649412","4.082977818649412","4.082977818649412","0.1581533913576498","0.1581533913576498","0.1581533913576498"
"5450","0.001509182206941253","0.001509182206941253","0.001509182206941253","0.013847599932953971","0.013847599932953971","0.013847599932953971","0.0009000242184668333","0.0009000242184668333","0.0009000242184668333","3.9660161296017287","3.9660161296017287","3.9660161296017287","0.19345976359613243","0.19345976359613243","0.19345976359613243"
"5460","0.0014499580367491594","0.0014499580367491594","0.0014499580367491594","0.010017455372910435","0.010017455372910435","0.010017455372910435","0.0010221474730148464","0.0010221474730148464","0.0010221474730148464","3.553569001022537","3.553569001022537","3.553569001022537","0.15555145850982102","0.15555145850982102","0.15555145850982102"
"5470","0.001145918700500754","0.001145918700500754","0.001145918700500754","0.01329325865742186","0.01329325865742186","0.01329325865742186","0.000781041672610474","0.000781041672610474","0.000781041672610474","3.752701351121524","3.752701351121524","3.752701351121524","0.18005355812646312","0.18005355812646312","0.18005355812646312"
"5480","0.0010316231523224292","0.0010316231523224292","0.0010316231523224292","0.010451269870660052","0.010451269870660052","0.010451269870660052","0.0006582231589179711","0.0006582231589179711","0.0006582231589179711","4.009765786021054","4.009765786021054","4.009765786021054","0.15828277113947797","0.15828277113947797","0.15828277113947797"
"5490","0.001043619476892837","0.001043619476892837","0.001043619476892837","0.011703615306217987","0.011703615306217987","0.011703615306217987","0.0006773376328302225","0.0006773376328302225","0.0006773376328302225","3.9663864896068826","3.9663864896068826","3.9663864896068826","0.18142325958276642","0.18142325958276642","0.18142325958276642"
"5500","0.0007441778394632742","0.0007441778394632742","0.0007441778394632742","0.009154932249290574","0.009154932249290574","0.009154932249290574","0.0005035904009363728","0.0005035904009363728","0.0005035904009363728","4.114626362355004","4.114626362355004","4.114626362355004","0.15310348919428604","0.15310348919428604","0.15310348919428604"
"5510","0.0032505076685662073","0.0032505076685662073","0.0032505076685662073","0.01521920909961205","0.01521920909961205","0.01521920909961205","0.0018656676488570932","0.0018656676488570932","0.0018656676488570932","3.991645420411769","3.991645420411769","3.991645420411769","0.18825533471428987","0.18825533471428987","0.18825533471428987"
"5520","0.001887386076643706","0.001887386076643706","0.001887386076643706","0.012899478265047941","0.012899478265047941","0.012899478265047941","0.0012340749181587425","0.0012340749181587425","0.0012340749181587425","4.00549266959072","4.00549266959072","4.00549266959072","0.17557404940852994","0.17557404940852994","0.17557404940852994"
"5530","0.0013482419532475337","0.0013482419532475337","0.0013482419532475337","0.011660270042282643","0.011660270042282643","0.011660270042282643","0.000822904970078492","0.000822904970078492","0.000822904970078492","4.062475778310166","4.062475778310166","4.062475778310166","0.16235063185000095","0.16235063185000095","0.16235063185000095"
"5540","0.0011727016995177122","0.0011727016995177122","0.0011727016995177122","0.01137625823806702","0.01137625823806702","0.01137625823806702","0.0007823554179493638","0.0007823554179493638","0.0007823554179493638","4.200758295001512","4.200758295001512","4.200758295001512","0.16119929854074327","0.16119929854074327","0.16119929854074327"
"5550","0.0009450532026827884","0.0009450532026827884","0.0009450532026827884","0.018136933654195588","0.018136933654195588","0.018136933654195588","0.0005864476764730939","0.0005864476764730939","0.0005864476764730939","3.7178081360395048","3.7178081360395048","3.7178081360395048","0.22779708290349807","0.22779708290349807","0.22779708290349807"
"5560","0.0009181756285303539","0.0009181756285303539","0.0009181756285303539","0.011127301616909275","0.011127301616909275","0.011127301616909275","0.0005361190187685107","0.0005361190187685107","0.0005361190187685107","3.908142151141422","3.908142151141422","3.908142151141422","0.17542108290418107","0.17542108290418107","0.17542108290418107"
"5570","0.0008731915888728677","0.0008731915888728677","0.0008731915888728677","0.010243687477722729","0.010243687477722729","0.010243687477722729","0.0005085471438002991","0.0005085471438002991","0.0005085471438002991","4.0941638518606895","4.0941638518606895","4.0941638518606895","0.15997603915789788","0.15997603915789788","0.15997603915789788"
"5580","0.0009853114342170393","0.0009853114342170393","0.0009853114342170393","0.008730494834715368","0.008730494834715368","0.008730494834715368","0.0005480478080216854","0.0005480478080216854","0.0005480478080216854","4.134814848027871","4.134814848027871","4.134814848027871","0.14900324781205335","0.14900324781205335","0.14900324781205335"
"5590","0.001088309512146993","0.001088309512146993","0.001088309512146993","0.009492270952827689","0.009492270952827689","0.009492270952827689","0.0006749359801390823","0.0006749359801390823","0.0006749359801390823","4.095149727391455","4.095149727391455","4.095149727391455","0.15256825602188873","0.15256825602188873","0.15256825602188873"
"5600","0.0010450187302510393","0.0010450187302510393","0.0010450187302510393","0.011894163279068424","0.011894163279068424","0.011894163279068424","0.0007956186407470801","0.0007956186407470801","0.0007956186407470801","3.9098917390811097","3.9098917390811097","3.9098917390811097","0.17917632230580458","0.17917632230580458","0.17917632230580458"
"5610","0.0014247296536347238","0.0014247296536347238","0.0014247296536347238","0.009844098130199373","0.009844098130199373","0.009844098130199373","0.0007498779958286281","0.0007498779958286281","0.0007498779958286281","4.038949522039887","4.038949522039887","4.038949522039887","0.15555520015000554","0.15555520015000554","0.15555520015000554"
"5620","0.0009337120119945815","0.0009337120119945815","0.0009337120119945815","0.008436724997063395","0.008436724997063395","0.008436724997063395","0.0005352975480341816","0.0005352975480341816","0.0005352975480341816","3.496747551094735","3.496747551094735","3.496747551094735","0.13752578142197236","0.13752578142197236","0.13752578142197236"
"5630","0.0010734660930308683","0.0010734660930308683","0.0010734660930308683","0.00777340309108023","0.00777340309108023","0.00777340309108023","0.0007589315228662833","0.0007589315228662833","0.0007589315228662833","2.83449211081998","2.83449211081998","2.83449211081998","0.10621759984951834","0.10621759984951834","0.10621759984951834"
"5640","0.0007351069627586686","0.0007351069627586686","0.0007351069627586686","0.007838708874651105","0.007838708874651105","0.007838708874651105","0.0005355927870042475","0.0005355927870042475","0.0005355927870042475","3.229143969494669","3.229143969494669","3.229143969494669","0.12661308747259037","0.12661308747259037","0.12661308747259037"
"5650","0.000951703474159851","0.000951703474159851","0.000951703474159851","0.010806318472020458","0.010806318472020458","0.010806318472020458","0.000701192132127571","0.000701192132127571","0.000701192132127571","4.119225639484154","4.119225639484154","4.119225639484154","0.16547779435664675","0.16547779435664675","0.16547779435664675"
"5660","0.0006778159510093364","0.0006778159510093364","0.0006778159510093364","0.009030223864864415","0.009030223864864415","0.009030223864864415","0.0005085167322037181","0.0005085167322037181","0.0005085167322037181","3.958788569116603","3.958788569116603","3.958788569116603","0.15739185284638207","0.15739185284638207","0.15739185284638207"
"5670","0.0017343270377326294","0.0017343270377326294","0.0017343270377326294","0.01324372123020608","0.01324372123020608","0.01324372123020608","0.0011718927810971278","0.0011718927810971278","0.0011718927810971278","3.9552173415693437","3.9552173415693437","3.9552173415693437","0.17955834234580567","0.17955834234580567","0.17955834234580567"
"5680","0.0007012109254393758","0.0007012109254393758","0.0007012109254393758","0.011807561238183682","0.011807561238183682","0.011807561238183682","0.0005951381896421064","0.0005951381896421064","0.0005951381896421064","3.9730212779061063","3.9730212779061063","3.9730212779061063","0.17677332117769226","0.17677332117769226","0.17677332117769226"
"5690","0.0007432462112582692","0.0007432462112582692","0.0007432462112582692","0.008999696514448974","0.008999696514448974","0.008999696514448974","0.0004387543389634023","0.0004387543389634023","0.0004387543389634023","2.748086387744679","2.748086387744679","2.748086387744679","0.12490031175365225","0.12490031175365225","0.12490031175365225"
"5700","0.000935498877389384","0.000935498877389384","0.000935498877389384","0.011509095674739572","0.011509095674739572","0.011509095674739572","0.0006459444827134396","0.0006459444827134396","0.0006459444827134396","2.558851786943564","2.558851786943564","2.558851786943564","0.1470800112655918","0.1470800112655918","0.1470800112655918"
"5710","0.0006478227494699727","0.0006478227494699727","0.0006478227494699727","0.010488877886828028","0.010488877886828028","0.010488877886828028","0.0005636778949301752","0.0005636778949301752","0.0005636778949301752","3.9979489488674527","3.9979489488674527","3.9979489488674527","0.1664148255647892","0.1664148255647892","0.1664148255647892"
"5720","0.002684624859013297","0.002684624859013297","0.002684624859013297","0.01455188362956724","0.01455188362956724","0.01455188362956724","0.00242432869135172","0.00242432869135172","0.00242432869135172","3.7691319716813063","3.7691319716813063","3.7691319716813063","0.17884357810271037","0.17884357810271037","0.17884357810271037"
"5730","0.0009087018703554456","0.0009087018703554456","0.0009087018703554456","0.010251638949911787","0.010251638949911787","0.010251638949911787","0.0009136302840560638","0.0009136302840560638","0.0009136302840560638","4.122507062472528","4.122507062472528","4.122507062472528","0.1586521751013195","0.1586521751013195","0.1586521751013195"
"5740","0.0010535873255991973","0.0010535873255991973","0.0010535873255991973","0.011333233076663887","0.011333233076663887","0.011333233076663887","0.0006405497499771842","0.0006405497499771842","0.0006405497499771842","3.9966307370575587","3.9966307370575587","3.9966307370575587","0.16731668643317357","0.16731668643317357","0.16731668643317357"
"5750","0.0007801881202338959","0.0007801881202338959","0.0007801881202338959","0.009634529952314924","0.009634529952314924","0.009634529952314924","0.0005390832554402042","0.0005390832554402042","0.0005390832554402042","4.002880496220224","4.002880496220224","4.002880496220224","0.1560829012019151","0.1560829012019151","0.1560829012019151"
"5760","0.0009286384609825062","0.0009286384609825062","0.0009286384609825062","0.010050980470167623","0.010050980470167623","0.010050980470167623","0.000584268028042424","0.000584268028042424","0.000584268028042424","3.9808384587082752","3.9808384587082752","3.9808384587082752","0.16369388176536961","0.16369388176536961","0.16369388176536961"
"5770","0.0011505919542740238","0.0011505919542740238","0.0011505919542740238","0.010538563268870014","0.010538563268870014","0.010538563268870014","0.0007306670197723349","0.0007306670197723349","0.0007306670197723349","3.9789756951337116","3.9789756951337116","3.9789756951337116","0.16690825109634203","0.16690825109634203","0.16690825109634203"
"5780","0.0008531347265794369","0.0008531347265794369","0.0008531347265794369","0.008907381224969327","0.008907381224969327","0.008907381224969327","0.0005040886649623243","0.0005040886649623243","0.0005040886649623243","4.044396974053153","4.044396974053153","4.044396974053153","0.15246079027746035","0.15246079027746035","0.15246079027746035"
"5790","0.0007620395413368482","0.0007620395413368482","0.0007620395413368482","0.008303133413814189","0.008303133413814189","0.008303133413814189","0.0005741600622370331","0.0005741600622370331","0.0005741600622370331","4.092835505739509","4.092835505739509","4.092835505739509","0.14692296419860024","0.14692296419860024","0.14692296419860024"
"5800","0.0007035452745811218","0.0007035452745811218","0.0007035452745811218","0.00944893586908422","0.00944893586908422","0.00944893586908422","0.0006490022466136268","0.0006490022466136268","0.0006490022466136268","4.090408028079795","4.090408028079795","4.090408028079795","0.15058302948865854","0.15058302948865854","0.15058302948865854"
"5810","0.00135248498518984","0.00135248498518984","0.00135248498518984","0.011148183589274326","0.011148183589274326","0.011148183589274326","0.0009439579532341522","0.0009439579532341522","0.0009439579532341522","4.103935420539777","4.103935420539777","4.103935420539777","0.15912619403672193","0.15912619403672193","0.15912619403672193"
"5820","0.0009407788776092549","0.0009407788776092549","0.0009407788776092549","0.01194487586096341","0.01194487586096341","0.01194487586096341","0.0009658838611579942","0.0009658838611579942","0.0009658838611579942","3.939880535720665","3.939880535720665","3.939880535720665","0.17327252232200172","0.17327252232200172","0.17327252232200172"
"5830","0.0010314317052503106","0.0010314317052503106","0.0010314317052503106","0.010493708268999724","0.010493708268999724","0.010493708268999724","0.0008132448168668575","0.0008132448168668575","0.0008132448168668575","3.9949464207950895","3.9949464207950895","3.9949464207950895","0.16052643870810485","0.16052643870810485","0.16052643870810485"
"5840","0.000799219453511876","0.000799219453511876","0.000799219453511876","0.008535012549107397","0.008535012549107397","0.008535012549107397","0.0005624503617691919","0.0005624503617691919","0.0005624503617691919","4.030265110714573","4.030265110714573","4.030265110714573","0.14110419131766816","0.14110419131766816","0.14110419131766816"
"5850","0.000616333993285772","0.000616333993285772","0.000616333993285772","0.007123805293399729","0.007123805293399729","0.007123805293399729","0.0003251200932525337","0.0003251200932525337","0.0003251200932525337","2.74989906467277","2.74989906467277","2.74989906467277","0.11308751909567896","0.11308751909567896","0.11308751909567896"
"5860","0.0008362357064472091","0.0008362357064472091","0.0008362357064472091","0.008106300590900334","0.008106300590900334","0.008106300590900334","0.00045271175904374204","0.00045271175904374204","0.00045271175904374204","2.8099518316608005","2.8099518316608005","2.8099518316608005","0.12049364356951252","0.12049364356951252","0.12049364356951252"
"5870","0.0020960879993274853","0.0020960879993274853","0.0020960879993274853","0.011575300943609377","0.011575300943609377","0.011575300943609377","0.001088576629558873","0.001088576629558873","0.001088576629558873","4.033572336249836","4.033572336249836","4.033572336249836","0.15673419006559103","0.15673419006559103","0.15673419006559103"
"5880","0.0018574838529846116","0.0018574838529846116","0.0018574838529846116","0.013981927126806959","0.013981927126806959","0.013981927126806959","0.0010467712554923158","0.0010467712554923158","0.0010467712554923158","3.6687790298542016","3.6687790298542016","3.6687790298542016","0.18993483560449556","0.18993483560449556","0.18993483560449556"
"5890","0.0013168480076376282","0.0013168480076376282","0.0013168480076376282","0.010808376893824086","0.010808376893824086","0.010808376893824086","0.0009465146299653981","0.0009465146299653981","0.0009465146299653981","4.008184456128724","4.008184456128724","4.008184456128724","0.16706986140120272","0.16706986140120272","0.16706986140120272"
"5900","0.0011989251042810302","0.0011989251042810302","0.0011989251042810302","0.010419587752607077","0.010419587752607077","0.010419587752607077","0.0007983708992614015","0.0007983708992614015","0.0007983708992614015","4.0226690996937995","4.0226690996937995","4.0226690996937995","0.1584304946673519","0.1584304946673519","0.1584304946673519"
"5910","0.0009692718262116524","0.0009692718262116524","0.0009692718262116524","0.012004210541035168","0.012004210541035168","0.012004210541035168","0.0005876380601876871","0.0005876380601876871","0.0005876380601876871","4.008141821622695","4.008141821622695","4.008141821622695","0.17260293590133993","0.17260293590133993","0.17260293590133993"
"5920","0.00574003630259058","0.00574003630259058","0.00574003630259058","0.017815614050635947","0.017815614050635947","0.017815614050635947","0.0047319901717082676","0.0047319901717082676","0.0047319901717082676","3.905039517404053","3.905039517404053","3.905039517404053","0.16576374885444506","0.16576374885444506","0.16576374885444506"
"5930","0.001339521774584061","0.001339521774584061","0.001339521774584061","0.01165017341775796","0.01165017341775796","0.01165017341775796","0.0006915422471748037","0.0006915422471748037","0.0006915422471748037","3.99874655561403","3.99874655561403","3.99874655561403","0.16887810523963545","0.16887810523963545","0.16887810523963545"
"5940","0.0007696343206185474","0.0007696343206185474","0.0007696343206185474","0.009594694695418725","0.009594694695418725","0.009594694695418725","0.0007137679220081042","0.0007137679220081042","0.0007137679220081042","3.976647021075548","3.976647021075548","3.976647021075548","0.15773899857801912","0.15773899857801912","0.15773899857801912"
"5950","0.0009428957837145405","0.0009428957837145405","0.0009428957837145405","0.010768173935929052","0.010768173935929052","0.010768173935929052","0.0007172789018842657","0.0007172789018842657","0.0007172789018842657","3.976589746790453","3.976589746790453","3.976589746790453","0.1655700409260567","0.1655700409260567","0.1655700409260567"
"5960","0.0006272148414891953","0.0006272148414891953","0.0006272148414891953","0.007801651514635588","0.007801651514635588","0.007801651514635588","0.0003974559943922349","0.0003974559943922349","0.0003974559943922349","4.0876660024463956","4.0876660024463956","4.0876660024463956","0.1423309238551129","0.1423309238551129","0.1423309238551129"
"5970","0.0005822774626285184","0.0005822774626285184","0.0005822774626285184","0.00907315411067962","0.00907315411067962","0.00907315411067962","0.0005635213303811129","0.0005635213303811129","0.0005635213303811129","4.056771546553516","4.056771546553516","4.056771546553516","0.1501278012731243","0.1501278012731243","0.1501278012731243"
"5980","0.0011958822644053267","0.0011958822644053267","0.0011958822644053267","0.013148838194990884","0.013148838194990884","0.013148838194990884","0.0008520529102420909","0.0008520529102420909","0.0008520529102420909","3.9442855831216086","3.9442855831216086","3.9442855831216086","0.17960564611665106","0.17960564611665106","0.17960564611665106"
"5990","0.000619152728990921","0.000619152728990921","0.000619152728990921","0.010381808228553198","0.010381808228553198","0.010381808228553198","0.0004321016611295654","0.0004321016611295654","0.0004321016611295654","3.991009254726022","3.991009254726022","3.991009254726022","0.16791715475594038","0.16791715475594038","0.16791715475594038"
"6000","0.0005342349023736596","0.0005342349023736596","0.0005342349023736596","0.009312680103181072","0.009312680103181072","0.009312680103181072","0.0004945199638955877","0.0004945199638955877","0.0004945199638955877","4.186822682151008","4.186822682151008","4.186822682151008","0.1546895521709842","0.1546895521709842","0.1546895521709842"