"Step","zip2zip_150M_compress_ms4 - loss","zip2zip_150M_compress_ms4 - loss__MIN","zip2zip_150M_compress_ms4 - loss__MAX","zip2zip_50M_compress_ms4 - loss","zip2zip_50M_compress_ms4 - loss__MIN","zip2zip_50M_compress_ms4 - loss__MAX","zip2zip_20M_compress_ms4 - loss","zip2zip_20M_compress_ms4 - loss__MIN","zip2zip_20M_compress_ms4 - loss__MAX","zip2zip_1b_compress_ms4 - loss","zip2zip_1b_compress_ms4 - loss__MIN","zip2zip_1b_compress_ms4 - loss__MAX"
"10","38.76708984375","38.76708984375","38.76708984375","28.503469467163086","28.503469467163086","28.503469467163086","19.616092681884766","19.616092681884766","19.616092681884766","59.764156341552734","59.764156341552734","59.764156341552734"
"20","39.06493377685547","39.06493377685547","39.06493377685547","24.377822875976562","24.377822875976562","24.377822875976562","19.839643478393555","19.839643478393555","19.839643478393555","34.2603759765625","34.2603759765625","34.2603759765625"
"30","28.95316505432129","28.95316505432129","28.95316505432129","19.53815460205078","19.53815460205078","19.53815460205078","17.01613998413086","17.01613998413086","17.01613998413086","12.359076499938965","12.359076499938965","12.359076499938965"
"40","24.479970932006836","24.479970932006836","24.479970932006836","19.315004348754883","19.315004348754883","19.315004348754883","17.06556510925293","17.06556510925293","17.06556510925293","12.092707633972168","12.092707633972168","12.092707633972168"
"50","17.346296310424805","17.346296310424805","17.346296310424805","19.618345260620117","19.618345260620117","19.618345260620117","16.608230590820312","16.608230590820312","16.608230590820312","11.465354919433594","11.465354919433594","11.465354919433594"
"60","11.524630546569824","11.524630546569824","11.524630546569824","17.998779296875","17.998779296875","17.998779296875","16.14309310913086","16.14309310913086","16.14309310913086","10.66064453125","10.66064453125","10.66064453125"
"70","9.473711013793945","9.473711013793945","9.473711013793945","14.671127319335938","14.671127319335938","14.671127319335938","15.502243041992188","15.502243041992188","15.502243041992188","9.82229232788086","9.82229232788086","9.82229232788086"
"80","9.079964637756348","9.079964637756348","9.079964637756348","11.804804801940918","11.804804801940918","11.804804801940918","14.802236557006836","14.802236557006836","14.802236557006836","9.540878295898438","9.540878295898438","9.540878295898438"
"90","8.319570541381836","8.319570541381836","8.319570541381836","9.552278518676758","9.552278518676758","9.552278518676758","13.501002311706543","13.501002311706543","13.501002311706543","9.09760570526123","9.09760570526123","9.09760570526123"
"100","8.266484260559082","8.266484260559082","8.266484260559082","9.241326332092285","9.241326332092285","9.241326332092285","13.042356491088867","13.042356491088867","13.042356491088867","8.70366382598877","8.70366382598877","8.70366382598877"
"110","7.390930652618408","7.390930652618408","7.390930652618408","8.485982894897461","8.485982894897461","8.485982894897461","11.376771926879883","11.376771926879883","11.376771926879883","7.476551055908203","7.476551055908203","7.476551055908203"
"120","8.015676498413086","8.015676498413086","8.015676498413086","8.879301071166992","8.879301071166992","8.879301071166992","11.319374084472656","11.319374084472656","11.319374084472656","9.172607421875","9.172607421875","9.172607421875"
"130","8.08105754852295","8.08105754852295","8.08105754852295","8.930312156677246","8.930312156677246","8.930312156677246","10.434789657592773","10.434789657592773","10.434789657592773","9.295384407043457","9.295384407043457","9.295384407043457"
"140","7.915916442871094","7.915916442871094","7.915916442871094","8.796113967895508","8.796113967895508","8.796113967895508","9.649807929992676","9.649807929992676","9.649807929992676","9.009326934814453","9.009326934814453","9.009326934814453"
"150","8.016944885253906","8.016944885253906","8.016944885253906","8.618343353271484","8.618343353271484","8.618343353271484","9.424779891967773","9.424779891967773","9.424779891967773","8.381939888000488","8.381939888000488","8.381939888000488"
"160","7.413280487060547","7.413280487060547","7.413280487060547","8.222672462463379","8.222672462463379","8.222672462463379","9.092595100402832","9.092595100402832","9.092595100402832","8.133429527282715","8.133429527282715","8.133429527282715"
"170","7.522169589996338","7.522169589996338","7.522169589996338","8.255996704101562","8.255996704101562","8.255996704101562","9.128297805786133","9.128297805786133","9.128297805786133","12.533843994140625","12.533843994140625","12.533843994140625"
"180","7.438563346862793","7.438563346862793","7.438563346862793","8.22055435180664","8.22055435180664","8.22055435180664","8.910074234008789","8.910074234008789","8.910074234008789","10.821194648742676","10.821194648742676","10.821194648742676"
"190","7.281972408294678","7.281972408294678","7.281972408294678","8.159832000732422","8.159832000732422","8.159832000732422","8.998000144958496","8.998000144958496","8.998000144958496","7.659144401550293","7.659144401550293","7.659144401550293"
"200","6.853435039520264","6.853435039520264","6.853435039520264","7.496670722961426","7.496670722961426","7.496670722961426","8.426931381225586","8.426931381225586","8.426931381225586","6.631889343261719","6.631889343261719","6.631889343261719"
"210","6.220215320587158","6.220215320587158","6.220215320587158","6.774661540985107","6.774661540985107","6.774661540985107","8.028533935546875","8.028533935546875","8.028533935546875","6.186829566955566","6.186829566955566","6.186829566955566"
"220","7.251178741455078","7.251178741455078","7.251178741455078","7.843055725097656","7.843055725097656","7.843055725097656","8.654544830322266","8.654544830322266","8.654544830322266","7.815954685211182","7.815954685211182","7.815954685211182"
"230","7.1774139404296875","7.1774139404296875","7.1774139404296875","7.834136009216309","7.834136009216309","7.834136009216309","8.484750747680664","8.484750747680664","8.484750747680664","7.376555442810059","7.376555442810059","7.376555442810059"
"240","7.131040573120117","7.131040573120117","7.131040573120117","7.422438621520996","7.422438621520996","7.422438621520996","8.310240745544434","8.310240745544434","8.310240745544434","7.229864120483398","7.229864120483398","7.229864120483398"
"250","7.039499759674072","7.039499759674072","7.039499759674072","7.379624366760254","7.379624366760254","7.379624366760254","8.14863109588623","8.14863109588623","8.14863109588623","7.273938179016113","7.273938179016113","7.273938179016113"
"260","7.002857685089111","7.002857685089111","7.002857685089111","7.3836822509765625","7.3836822509765625","7.3836822509765625","7.92848014831543","7.92848014831543","7.92848014831543","7.490715980529785","7.490715980529785","7.490715980529785"
"270","7.113669395446777","7.113669395446777","7.113669395446777","7.326918601989746","7.326918601989746","7.326918601989746","7.996494293212891","7.996494293212891","7.996494293212891","7.1031174659729","7.1031174659729","7.1031174659729"
"280","6.985468864440918","6.985468864440918","6.985468864440918","7.199326038360596","7.199326038360596","7.199326038360596","7.79576301574707","7.79576301574707","7.79576301574707","7.246862411499023","7.246862411499023","7.246862411499023"
"290","6.934879302978516","6.934879302978516","6.934879302978516","7.299400329589844","7.299400329589844","7.299400329589844","7.686725616455078","7.686725616455078","7.686725616455078","6.845518112182617","6.845518112182617","6.845518112182617"
"300","6.8612260818481445","6.8612260818481445","6.8612260818481445","7.128942012786865","7.128942012786865","7.128942012786865","7.554502487182617","7.554502487182617","7.554502487182617","6.739616870880127","6.739616870880127","6.739616870880127"
"310","6.49428653717041","6.49428653717041","6.49428653717041","6.754015922546387","6.754015922546387","6.754015922546387","7.107889175415039","7.107889175415039","7.107889175415039","6.433091640472412","6.433091640472412","6.433091640472412"
"320","6.419615745544434","6.419615745544434","6.419615745544434","6.714910507202148","6.714910507202148","6.714910507202148","7.06131649017334","7.06131649017334","7.06131649017334","6.326418399810791","6.326418399810791","6.326418399810791"
"330","6.748946189880371","6.748946189880371","6.748946189880371","7.0466156005859375","7.0466156005859375","7.0466156005859375","7.34160852432251","7.34160852432251","7.34160852432251","7.027106761932373","7.027106761932373","7.027106761932373"
"340","6.64640998840332","6.64640998840332","6.64640998840332","7.0462327003479","7.0462327003479","7.0462327003479","7.246308326721191","7.246308326721191","7.246308326721191","6.810187339782715","6.810187339782715","6.810187339782715"
"350","6.530058860778809","6.530058860778809","6.530058860778809","7.053076267242432","7.053076267242432","7.053076267242432","7.171144962310791","7.171144962310791","7.171144962310791","6.656681060791016","6.656681060791016","6.656681060791016"
"360","6.549827575683594","6.549827575683594","6.549827575683594","6.95928955078125","6.95928955078125","6.95928955078125","7.107519626617432","7.107519626617432","7.107519626617432","6.443068981170654","6.443068981170654","6.443068981170654"
"370","6.350768089294434","6.350768089294434","6.350768089294434","6.880780220031738","6.880780220031738","6.880780220031738","6.988968849182129","6.988968849182129","6.988968849182129","6.305026054382324","6.305026054382324","6.305026054382324"
"380","6.310060501098633","6.310060501098633","6.310060501098633","6.907312393188477","6.907312393188477","6.907312393188477","6.944519996643066","6.944519996643066","6.944519996643066","6.313952445983887","6.313952445983887","6.313952445983887"
"390","6.369211673736572","6.369211673736572","6.369211673736572","6.965178966522217","6.965178966522217","6.965178966522217","7.008848667144775","7.008848667144775","7.008848667144775","6.322530746459961","6.322530746459961","6.322530746459961"
"400","6.266629219055176","6.266629219055176","6.266629219055176","6.847171783447266","6.847171783447266","6.847171783447266","6.973411560058594","6.973411560058594","6.973411560058594","6.200082302093506","6.200082302093506","6.200082302093506"
"410","6.185452461242676","6.185452461242676","6.185452461242676","6.754690647125244","6.754690647125244","6.754690647125244","6.907661437988281","6.907661437988281","6.907661437988281","6.212793350219727","6.212793350219727","6.212793350219727"
"420","6.039316654205322","6.039316654205322","6.039316654205322","6.610313415527344","6.610313415527344","6.610313415527344","6.874278545379639","6.874278545379639","6.874278545379639","6.1348724365234375","6.1348724365234375","6.1348724365234375"
"430","5.452828407287598","5.452828407287598","5.452828407287598","5.862174034118652","5.862174034118652","5.862174034118652","6.108114719390869","6.108114719390869","6.108114719390869","5.506016254425049","5.506016254425049","5.506016254425049"
"440","5.29426383972168","5.29426383972168","5.29426383972168","5.751020431518555","5.751020431518555","5.751020431518555","6.325064182281494","6.325064182281494","6.325064182281494","5.308128833770752","5.308128833770752","5.308128833770752"
"450","6.295363903045654","6.295363903045654","6.295363903045654","6.803034782409668","6.803034782409668","6.803034782409668","7.210793495178223","7.210793495178223","7.210793495178223","6.3543314933776855","6.3543314933776855","6.3543314933776855"
"460","6.087223052978516","6.087223052978516","6.087223052978516","6.555792331695557","6.555792331695557","6.555792331695557","6.828037261962891","6.828037261962891","6.828037261962891","6.065062522888184","6.065062522888184","6.065062522888184"
"470","6.059772491455078","6.059772491455078","6.059772491455078","6.565653324127197","6.565653324127197","6.565653324127197","6.836796760559082","6.836796760559082","6.836796760559082","6.106409549713135","6.106409549713135","6.106409549713135"
"480","6.022989273071289","6.022989273071289","6.022989273071289","6.492641448974609","6.492641448974609","6.492641448974609","6.865163803100586","6.865163803100586","6.865163803100586","6.158211708068848","6.158211708068848","6.158211708068848"
"490","6.280516147613525","6.280516147613525","6.280516147613525","6.758167266845703","6.758167266845703","6.758167266845703","7.005771160125732","7.005771160125732","7.005771160125732","6.388110637664795","6.388110637664795","6.388110637664795"
"500","6.017852783203125","6.017852783203125","6.017852783203125","6.435880184173584","6.435880184173584","6.435880184173584","6.7777886390686035","6.7777886390686035","6.7777886390686035","6.110538959503174","6.110538959503174","6.110538959503174"
"510","5.805046081542969","5.805046081542969","5.805046081542969","6.2072224617004395","6.2072224617004395","6.2072224617004395","6.579627990722656","6.579627990722656","6.579627990722656","5.902255535125732","5.902255535125732","5.902255535125732"
"520","5.743921756744385","5.743921756744385","5.743921756744385","6.20850944519043","6.20850944519043","6.20850944519043","6.569988250732422","6.569988250732422","6.569988250732422","5.934939384460449","5.934939384460449","5.934939384460449"
"530","5.7960028648376465","5.7960028648376465","5.7960028648376465","6.274761199951172","6.274761199951172","6.274761199951172","6.5769124031066895","6.5769124031066895","6.5769124031066895","5.865902900695801","5.865902900695801","5.865902900695801"
"540","5.750167369842529","5.750167369842529","5.750167369842529","6.152864933013916","6.152864933013916","6.152864933013916","6.586934566497803","6.586934566497803","6.586934566497803","5.979538917541504","5.979538917541504","5.979538917541504"
"550","5.394583225250244","5.394583225250244","5.394583225250244","5.760037899017334","5.760037899017334","5.760037899017334","6.153870582580566","6.153870582580566","6.153870582580566","5.544655799865723","5.544655799865723","5.544655799865723"
"560","5.665440559387207","5.665440559387207","5.665440559387207","6.12486457824707","6.12486457824707","6.12486457824707","6.47489070892334","6.47489070892334","6.47489070892334","5.802249431610107","5.802249431610107","5.802249431610107"
"570","5.660728454589844","5.660728454589844","5.660728454589844","6.090322494506836","6.090322494506836","6.090322494506836","6.4487481117248535","6.4487481117248535","6.4487481117248535","5.858615875244141","5.858615875244141","5.858615875244141"
"580","5.666369438171387","5.666369438171387","5.666369438171387","6.121363162994385","6.121363162994385","6.121363162994385","6.441798686981201","6.441798686981201","6.441798686981201","5.816335678100586","5.816335678100586","5.816335678100586"
"590","5.386239528656006","5.386239528656006","5.386239528656006","5.8160271644592285","5.8160271644592285","5.8160271644592285","6.210524559020996","6.210524559020996","6.210524559020996","5.611137866973877","5.611137866973877","5.611137866973877"
"600","5.622804641723633","5.622804641723633","5.622804641723633","6.09658145904541","6.09658145904541","6.09658145904541","6.409992218017578","6.409992218017578","6.409992218017578","5.889400959014893","5.889400959014893","5.889400959014893"
"610","5.535552978515625","5.535552978515625","5.535552978515625","5.954865455627441","5.954865455627441","5.954865455627441","6.289594650268555","6.289594650268555","6.289594650268555","5.696105003356934","5.696105003356934","5.696105003356934"
"620","4.974580764770508","4.974580764770508","4.974580764770508","5.366273880004883","5.366273880004883","5.366273880004883","5.743102073669434","5.743102073669434","5.743102073669434","5.0811662673950195","5.0811662673950195","5.0811662673950195"
"630","5.5893096923828125","5.5893096923828125","5.5893096923828125","6.0825300216674805","6.0825300216674805","6.0825300216674805","6.327914237976074","6.327914237976074","6.327914237976074","5.719923973083496","5.719923973083496","5.719923973083496"
"640","5.599597454071045","5.599597454071045","5.599597454071045","6.041160583496094","6.041160583496094","6.041160583496094","6.377828598022461","6.377828598022461","6.377828598022461","5.715446472167969","5.715446472167969","5.715446472167969"
"650","5.444957256317139","5.444957256317139","5.444957256317139","5.881419658660889","5.881419658660889","5.881419658660889","6.187568664550781","6.187568664550781","6.187568664550781","5.594143867492676","5.594143867492676","5.594143867492676"
"660","5.56605863571167","5.56605863571167","5.56605863571167","6.0201921463012695","6.0201921463012695","6.0201921463012695","6.3553571701049805","6.3553571701049805","6.3553571701049805","5.774591445922852","5.774591445922852","5.774591445922852"
"670","5.464929580688477","5.464929580688477","5.464929580688477","5.943787097930908","5.943787097930908","5.943787097930908","6.2319231033325195","6.2319231033325195","6.2319231033325195","5.611466884613037","5.611466884613037","5.611466884613037"
"680","5.445562839508057","5.445562839508057","5.445562839508057","5.980133533477783","5.980133533477783","5.980133533477783","6.239258289337158","6.239258289337158","6.239258289337158","5.618249893188477","5.618249893188477","5.618249893188477"
"690","4.611082077026367","4.611082077026367","4.611082077026367","5.027268409729004","5.027268409729004","5.027268409729004","5.342895030975342","5.342895030975342","5.342895030975342","4.724946975708008","4.724946975708008","4.724946975708008"
"700","4.888692855834961","4.888692855834961","4.888692855834961","5.329866886138916","5.329866886138916","5.329866886138916","5.6459455490112305","5.6459455490112305","5.6459455490112305","4.994681358337402","4.994681358337402","4.994681358337402"
"710","5.395663738250732","5.395663738250732","5.395663738250732","5.900508403778076","5.900508403778076","5.900508403778076","6.221999168395996","6.221999168395996","6.221999168395996","5.539885520935059","5.539885520935059","5.539885520935059"
"720","5.321537971496582","5.321537971496582","5.321537971496582","5.799654483795166","5.799654483795166","5.799654483795166","6.143622875213623","6.143622875213623","6.143622875213623","5.453371047973633","5.453371047973633","5.453371047973633"
"730","5.322782039642334","5.322782039642334","5.322782039642334","5.845799446105957","5.845799446105957","5.845799446105957","6.147675037384033","6.147675037384033","6.147675037384033","5.428887844085693","5.428887844085693","5.428887844085693"
"740","5.232796669006348","5.232796669006348","5.232796669006348","5.778237342834473","5.778237342834473","5.778237342834473","6.088248252868652","6.088248252868652","6.088248252868652","5.3274993896484375","5.3274993896484375","5.3274993896484375"
"750","5.185479640960693","5.185479640960693","5.185479640960693","5.756868362426758","5.756868362426758","5.756868362426758","6.012392520904541","6.012392520904541","6.012392520904541","5.355442047119141","5.355442047119141","5.355442047119141"
"760","5.17805290222168","5.17805290222168","5.17805290222168","5.764004707336426","5.764004707336426","5.764004707336426","6.0532917976379395","6.0532917976379395","6.0532917976379395","5.289154052734375","5.289154052734375","5.289154052734375"
"770","5.2408342361450195","5.2408342361450195","5.2408342361450195","5.817447185516357","5.817447185516357","5.817447185516357","6.0306196212768555","6.0306196212768555","6.0306196212768555","5.299128532409668","5.299128532409668","5.299128532409668"
"780","5.291336536407471","5.291336536407471","5.291336536407471","5.77993106842041","5.77993106842041","5.77993106842041","6.058471202850342","6.058471202850342","6.058471202850342","5.354217052459717","5.354217052459717","5.354217052459717"
"790","5.1050238609313965","5.1050238609313965","5.1050238609313965","5.63005256652832","5.63005256652832","5.63005256652832","6.0115251541137695","6.0115251541137695","6.0115251541137695","5.309649467468262","5.309649467468262","5.309649467468262"
"800","4.944332122802734","4.944332122802734","4.944332122802734","5.536783695220947","5.536783695220947","5.536783695220947","5.8998565673828125","5.8998565673828125","5.8998565673828125","5.0785231590271","5.0785231590271","5.0785231590271"
"810","5.017050743103027","5.017050743103027","5.017050743103027","5.633782863616943","5.633782863616943","5.633782863616943","5.994203090667725","5.994203090667725","5.994203090667725","5.102828025817871","5.102828025817871","5.102828025817871"
"820","5.281524181365967","5.281524181365967","5.281524181365967","5.8271355628967285","5.8271355628967285","5.8271355628967285","6.1785993576049805","6.1785993576049805","6.1785993576049805","5.305697441101074","5.305697441101074","5.305697441101074"
"830","5.145497798919678","5.145497798919678","5.145497798919678","5.738763809204102","5.738763809204102","5.738763809204102","6.091594219207764","6.091594219207764","6.091594219207764","5.253936767578125","5.253936767578125","5.253936767578125"
"840","5.081700801849365","5.081700801849365","5.081700801849365","5.700376987457275","5.700376987457275","5.700376987457275","6.040822982788086","6.040822982788086","6.040822982788086","5.201410293579102","5.201410293579102","5.201410293579102"
"850","5.0639801025390625","5.0639801025390625","5.0639801025390625","5.676414966583252","5.676414966583252","5.676414966583252","5.983678817749023","5.983678817749023","5.983678817749023","5.140326499938965","5.140326499938965","5.140326499938965"
"860","4.819386005401611","4.819386005401611","4.819386005401611","5.419727325439453","5.419727325439453","5.419727325439453","5.650663375854492","5.650663375854492","5.650663375854492","4.940799713134766","4.940799713134766","4.940799713134766"
"870","5.032534599304199","5.032534599304199","5.032534599304199","5.617482662200928","5.617482662200928","5.617482662200928","5.902590274810791","5.902590274810791","5.902590274810791","5.117171764373779","5.117171764373779","5.117171764373779"
"880","5.03591251373291","5.03591251373291","5.03591251373291","5.621642112731934","5.621642112731934","5.621642112731934","5.9225358963012695","5.9225358963012695","5.9225358963012695","5.070046424865723","5.070046424865723","5.070046424865723"
"890","4.905293941497803","4.905293941497803","4.905293941497803","5.560359954833984","5.560359954833984","5.560359954833984","5.856105804443359","5.856105804443359","5.856105804443359","5.006746292114258","5.006746292114258","5.006746292114258"
"900","4.911561012268066","4.911561012268066","4.911561012268066","5.481330394744873","5.481330394744873","5.481330394744873","5.885406494140625","5.885406494140625","5.885406494140625","5.007976531982422","5.007976531982422","5.007976531982422"
"910","5.021080017089844","5.021080017089844","5.021080017089844","5.656482219696045","5.656482219696045","5.656482219696045","6.011955261230469","6.011955261230469","6.011955261230469","5.126859664916992","5.126859664916992","5.126859664916992"
"920","4.944910049438477","4.944910049438477","4.944910049438477","5.56657600402832","5.56657600402832","5.56657600402832","5.942314624786377","5.942314624786377","5.942314624786377","5.001667022705078","5.001667022705078","5.001667022705078"
"930","4.941645622253418","4.941645622253418","4.941645622253418","5.57425594329834","5.57425594329834","5.57425594329834","5.92866325378418","5.92866325378418","5.92866325378418","4.936468601226807","4.936468601226807","4.936468601226807"
"940","5.060111999511719","5.060111999511719","5.060111999511719","5.713512897491455","5.713512897491455","5.713512897491455","6.023078918457031","6.023078918457031","6.023078918457031","5.010773658752441","5.010773658752441","5.010773658752441"
"950","4.873330593109131","4.873330593109131","4.873330593109131","5.52984094619751","5.52984094619751","5.52984094619751","5.880248069763184","5.880248069763184","5.880248069763184","4.788158893585205","4.788158893585205","4.788158893585205"
"960","4.888113498687744","4.888113498687744","4.888113498687744","5.567379951477051","5.567379951477051","5.567379951477051","5.952676296234131","5.952676296234131","5.952676296234131","4.7982563972473145","4.7982563972473145","4.7982563972473145"
"970","4.776993751525879","4.776993751525879","4.776993751525879","5.451738357543945","5.451738357543945","5.451738357543945","5.848145484924316","5.848145484924316","5.848145484924316","4.606135368347168","4.606135368347168","4.606135368347168"
"980","4.863980770111084","4.863980770111084","4.863980770111084","5.549352645874023","5.549352645874023","5.549352645874023","5.889915943145752","5.889915943145752","5.889915943145752","4.503408908843994","4.503408908843994","4.503408908843994"
"990","4.6705451011657715","4.6705451011657715","4.6705451011657715","5.43707799911499","5.43707799911499","5.43707799911499","5.83090877532959","5.83090877532959","5.83090877532959","4.142158508300781","4.142158508300781","4.142158508300781"
"1000","4.009279727935791","4.009279727935791","4.009279727935791","4.697998523712158","4.697998523712158","4.697998523712158","4.943681240081787","4.943681240081787","4.943681240081787","3.3186678886413574","3.3186678886413574","3.3186678886413574"
"1010","3.8977696895599365","3.8977696895599365","3.8977696895599365","4.547251224517822","4.547251224517822","4.547251224517822","4.865912437438965","4.865912437438965","4.865912437438965","2.815035343170166","2.815035343170166","2.815035343170166"
"1020","4.525635719299316","4.525635719299316","4.525635719299316","5.415136337280273","5.415136337280273","5.415136337280273","5.856694221496582","5.856694221496582","5.856694221496582","2.919780731201172","2.919780731201172","2.919780731201172"
"1030","4.600651741027832","4.600651741027832","4.600651741027832","5.4691057205200195","5.4691057205200195","5.4691057205200195","5.87261962890625","5.87261962890625","5.87261962890625","2.812380313873291","2.812380313873291","2.812380313873291"
"1040","4.464419364929199","4.464419364929199","4.464419364929199","5.486311912536621","5.486311912536621","5.486311912536621","5.8525776863098145","5.8525776863098145","5.8525776863098145","2.3631250858306885","2.3631250858306885","2.3631250858306885"
"1050","4.224325656890869","4.224325656890869","4.224325656890869","5.4186553955078125","5.4186553955078125","5.4186553955078125","5.834282875061035","5.834282875061035","5.834282875061035","2.0003418922424316","2.0003418922424316","2.0003418922424316"
"1060","4.0338029861450195","4.0338029861450195","4.0338029861450195","5.402591228485107","5.402591228485107","5.402591228485107","5.791289806365967","5.791289806365967","5.791289806365967","1.8991987705230713","1.8991987705230713","1.8991987705230713"
"1070","3.152924060821533","3.152924060821533","3.152924060821533","4.543577194213867","4.543577194213867","4.543577194213867","4.8872270584106445","4.8872270584106445","4.8872270584106445","1.308692216873169","1.308692216873169","1.308692216873169"
"1080","3.077585220336914","3.077585220336914","3.077585220336914","4.834207534790039","4.834207534790039","4.834207534790039","5.24074649810791","5.24074649810791","5.24074649810791","1.317885398864746","1.317885398864746","1.317885398864746"
"1090","3.2443177700042725","3.2443177700042725","3.2443177700042725","5.448118686676025","5.448118686676025","5.448118686676025","5.811232566833496","5.811232566833496","5.811232566833496","1.4087965488433838","1.4087965488433838","1.4087965488433838"
"1100","2.866645336151123","2.866645336151123","2.866645336151123","5.375718116760254","5.375718116760254","5.375718116760254","5.82111930847168","5.82111930847168","5.82111930847168","1.2728490829467773","1.2728490829467773","1.2728490829467773"
"1110","1.9641004800796509","1.9641004800796509","1.9641004800796509","4.044922351837158","4.044922351837158","4.044922351837158","4.371138572692871","4.371138572692871","4.371138572692871","0.8566526174545288","0.8566526174545288","0.8566526174545288"
"1120","2.369781970977783","2.369781970977783","2.369781970977783","5.286070346832275","5.286070346832275","5.286070346832275","5.680388927459717","5.680388927459717","5.680388927459717","1.063023567199707","1.063023567199707","1.063023567199707"
"1130","1.7224043607711792","1.7224043607711792","1.7224043607711792","4.123849391937256","4.123849391937256","4.123849391937256","4.380141735076904","4.380141735076904","4.380141735076904","0.8295720219612122","0.8295720219612122","0.8295720219612122"
"1140","1.911387324333191","1.911387324333191","1.911387324333191","5.221065044403076","5.221065044403076","5.221065044403076","5.672794342041016","5.672794342041016","5.672794342041016","0.8491919040679932","0.8491919040679932","0.8491919040679932"
"1150","1.7798514366149902","1.7798514366149902","1.7798514366149902","5.203245162963867","5.203245162963867","5.203245162963867","5.638020038604736","5.638020038604736","5.638020038604736","0.8174483776092529","0.8174483776092529","0.8174483776092529"
"1160","1.6836551427841187","1.6836551427841187","1.6836551427841187","5.230076313018799","5.230076313018799","5.230076313018799","5.647940635681152","5.647940635681152","5.647940635681152","0.8312578201293945","0.8312578201293945","0.8312578201293945"
"1170","1.485530972480774","1.485530972480774","1.485530972480774","5.214358329772949","5.214358329772949","5.214358329772949","5.670693397521973","5.670693397521973","5.670693397521973","0.7183582782745361","0.7183582782745361","0.7183582782745361"
"1180","1.376815676689148","1.376815676689148","1.376815676689148","5.393072128295898","5.393072128295898","5.393072128295898","5.8148579597473145","5.8148579597473145","5.8148579597473145","0.6645627021789551","0.6645627021789551","0.6645627021789551"
"1190","1.3957386016845703","1.3957386016845703","1.3957386016845703","5.226252555847168","5.226252555847168","5.226252555847168","5.66148567199707","5.66148567199707","5.66148567199707","0.7198850512504578","0.7198850512504578","0.7198850512504578"
"1200","1.156546950340271","1.156546950340271","1.156546950340271","5.193922996520996","5.193922996520996","5.193922996520996","5.652647495269775","5.652647495269775","5.652647495269775","0.5850490927696228","0.5850490927696228","0.5850490927696228"
"1210","1.1989816427230835","1.1989816427230835","1.1989816427230835","5.160036087036133","5.160036087036133","5.160036087036133","5.608870506286621","5.608870506286621","5.608870506286621","0.6419491767883301","0.6419491767883301","0.6419491767883301"
"1220","1.0791882276535034","1.0791882276535034","1.0791882276535034","5.393901348114014","5.393901348114014","5.393901348114014","5.800994873046875","5.800994873046875","5.800994873046875","0.5706959962844849","0.5706959962844849","0.5706959962844849"
"1230","0.9286206960678101","0.9286206960678101","0.9286206960678101","5.039813995361328","5.039813995361328","5.039813995361328","5.493887901306152","5.493887901306152","5.493887901306152","0.5410177707672119","0.5410177707672119","0.5410177707672119"
"1240","0.964216947555542","0.964216947555542","0.964216947555542","5.266862869262695","5.266862869262695","5.266862869262695","5.67906379699707","5.67906379699707","5.67906379699707","0.5127558708190918","0.5127558708190918","0.5127558708190918"
"1250","0.8204127550125122","0.8204127550125122","0.8204127550125122","5.320399284362793","5.320399284362793","5.320399284362793","5.7717132568359375","5.7717132568359375","5.7717132568359375","0.4428987503051758","0.4428987503051758","0.4428987503051758"
"1260","0.8274362087249756","0.8274362087249756","0.8274362087249756","5.1720476150512695","5.1720476150512695","5.1720476150512695","5.649290084838867","5.649290084838867","5.649290084838867","0.505342960357666","0.505342960357666","0.505342960357666"
"1270","0.7574707269668579","0.7574707269668579","0.7574707269668579","5.252971649169922","5.252971649169922","5.252971649169922","5.648995399475098","5.648995399475098","5.648995399475098","0.45959267020225525","0.45959267020225525","0.45959267020225525"
"1280","0.6897551417350769","0.6897551417350769","0.6897551417350769","5.236081600189209","5.236081600189209","5.236081600189209","5.652524948120117","5.652524948120117","5.652524948120117","0.4204188585281372","0.4204188585281372","0.4204188585281372"
"1290","0.7145591974258423","0.7145591974258423","0.7145591974258423","5.035948753356934","5.035948753356934","5.035948753356934","5.477682113647461","5.477682113647461","5.477682113647461","0.4659070074558258","0.4659070074558258","0.4659070074558258"
"1300","0.6950157880783081","0.6950157880783081","0.6950157880783081","5.175599098205566","5.175599098205566","5.175599098205566","5.565207481384277","5.565207481384277","5.565207481384277","0.42418423295021057","0.42418423295021057","0.42418423295021057"
"1310","0.5564512014389038","0.5564512014389038","0.5564512014389038","5.433750629425049","5.433750629425049","5.433750629425049","5.837394714355469","5.837394714355469","5.837394714355469","0.32081669569015503","0.32081669569015503","0.32081669569015503"
"1320","0.6493436098098755","0.6493436098098755","0.6493436098098755","5.169532775878906","5.169532775878906","5.169532775878906","5.650981903076172","5.650981903076172","5.650981903076172","0.40295159816741943","0.40295159816741943","0.40295159816741943"
"1330","0.5708271265029907","0.5708271265029907","0.5708271265029907","5.091794490814209","5.091794490814209","5.091794490814209","5.567846298217773","5.567846298217773","5.567846298217773","0.359993577003479","0.359993577003479","0.359993577003479"
"1340","0.5917316675186157","0.5917316675186157","0.5917316675186157","5.172158718109131","5.172158718109131","5.172158718109131","5.640192031860352","5.640192031860352","5.640192031860352","0.4018867611885071","0.4018867611885071","0.4018867611885071"
"1350","0.6701805591583252","0.6701805591583252","0.6701805591583252","5.231474876403809","5.231474876403809","5.231474876403809","5.6784281730651855","5.6784281730651855","5.6784281730651855","0.46379318833351135","0.46379318833351135","0.46379318833351135"
"1360","0.5648629069328308","0.5648629069328308","0.5648629069328308","5.044646263122559","5.044646263122559","5.044646263122559","5.480645656585693","5.480645656585693","5.480645656585693","0.3737940490245819","0.3737940490245819","0.3737940490245819"
"1370","0.46076419949531555","0.46076419949531555","0.46076419949531555","5.045382499694824","5.045382499694824","5.045382499694824","5.540111541748047","5.540111541748047","5.540111541748047","0.29836249351501465","0.29836249351501465","0.29836249351501465"
"1380","0.5319962501525879","0.5319962501525879","0.5319962501525879","5.144752025604248","5.144752025604248","5.144752025604248","5.604631423950195","5.604631423950195","5.604631423950195","0.35089829564094543","0.35089829564094543","0.35089829564094543"
"1390","0.48103395104408264","0.48103395104408264","0.48103395104408264","5.188161373138428","5.188161373138428","5.188161373138428","5.657212257385254","5.657212257385254","5.657212257385254","0.33900654315948486","0.33900654315948486","0.33900654315948486"
"1400","0.3935001492500305","0.3935001492500305","0.3935001492500305","5.056756019592285","5.056756019592285","5.056756019592285","5.4595794677734375","5.4595794677734375","5.4595794677734375","0.2860083281993866","0.2860083281993866","0.2860083281993866"
"1410","0.40445250272750854","0.40445250272750854","0.40445250272750854","4.211503505706787","4.211503505706787","4.211503505706787","4.651759624481201","4.651759624481201","4.651759624481201","0.2506505846977234","0.2506505846977234","0.2506505846977234"
"1420","0.46331316232681274","0.46331316232681274","0.46331316232681274","4.654818534851074","4.654818534851074","4.654818534851074","5.014284133911133","5.014284133911133","5.014284133911133","0.31756842136383057","0.31756842136383057","0.31756842136383057"
"1430","0.4609421491622925","0.4609421491622925","0.4609421491622925","5.266852378845215","5.266852378845215","5.266852378845215","5.694659233093262","5.694659233093262","5.694659233093262","0.3280465006828308","0.3280465006828308","0.3280465006828308"
"1440","0.389737606048584","0.389737606048584","0.389737606048584","5.097542762756348","5.097542762756348","5.097542762756348","5.539839267730713","5.539839267730713","5.539839267730713","0.2721233069896698","0.2721233069896698","0.2721233069896698"
"1450","0.36147016286849976","0.36147016286849976","0.36147016286849976","4.910693168640137","4.910693168640137","4.910693168640137","5.394075393676758","5.394075393676758","5.394075393676758","0.23007425665855408","0.23007425665855408","0.23007425665855408"
"1460","0.39361780881881714","0.39361780881881714","0.39361780881881714","5.073297500610352","5.073297500610352","5.073297500610352","5.537226676940918","5.537226676940918","5.537226676940918","0.25233393907546997","0.25233393907546997","0.25233393907546997"
"1470","0.33425137400627136","0.33425137400627136","0.33425137400627136","4.912039279937744","4.912039279937744","4.912039279937744","5.4062604904174805","5.4062604904174805","5.4062604904174805","0.2015160471200943","0.2015160471200943","0.2015160471200943"
"1480","0.36697790026664734","0.36697790026664734","0.36697790026664734","4.752184867858887","4.752184867858887","4.752184867858887","5.196443557739258","5.196443557739258","5.196443557739258","0.2614092528820038","0.2614092528820038","0.2614092528820038"
"1490","0.34363532066345215","0.34363532066345215","0.34363532066345215","4.9752678871154785","4.9752678871154785","4.9752678871154785","5.474050045013428","5.474050045013428","5.474050045013428","0.20198778808116913","0.20198778808116913","0.20198778808116913"
"1500","0.4275064468383789","0.4275064468383789","0.4275064468383789","4.985634803771973","4.985634803771973","4.985634803771973","5.444504737854004","5.444504737854004","5.444504737854004","0.2777248024940491","0.2777248024940491","0.2777248024940491"
"1510","0.3923073410987854","0.3923073410987854","0.3923073410987854","5.058369159698486","5.058369159698486","5.058369159698486","5.522894382476807","5.522894382476807","5.522894382476807","0.2846057415008545","0.2846057415008545","0.2846057415008545"
"1520","0.33460330963134766","0.33460330963134766","0.33460330963134766","4.973113536834717","4.973113536834717","4.973113536834717","5.426880359649658","5.426880359649658","5.426880359649658","0.2080080509185791","0.2080080509185791","0.2080080509185791"
"1530","0.3266116976737976","0.3266116976737976","0.3266116976737976","5.046965599060059","5.046965599060059","5.046965599060059","5.5181884765625","5.5181884765625","5.5181884765625","0.18739798665046692","0.18739798665046692","0.18739798665046692"
"1540","0.3154047131538391","0.3154047131538391","0.3154047131538391","4.900650501251221","4.900650501251221","4.900650501251221","5.416315078735352","5.416315078735352","5.416315078735352","0.19208775460720062","0.19208775460720062","0.19208775460720062"
"1550","0.27660322189331055","0.27660322189331055","0.27660322189331055","4.971577167510986","4.971577167510986","4.971577167510986","5.467316627502441","5.467316627502441","5.467316627502441","0.16164787113666534","0.16164787113666534","0.16164787113666534"
"1560","0.3038609027862549","0.3038609027862549","0.3038609027862549","4.892045497894287","4.892045497894287","4.892045497894287","5.341947078704834","5.341947078704834","5.341947078704834","0.1837562769651413","0.1837562769651413","0.1837562769651413"
"1570","0.3454663157463074","0.3454663157463074","0.3454663157463074","4.7468109130859375","4.7468109130859375","4.7468109130859375","5.15670108795166","5.15670108795166","5.15670108795166","0.1942867934703827","0.1942867934703827","0.1942867934703827"
"1580","0.2910396456718445","0.2910396456718445","0.2910396456718445","5.022444248199463","5.022444248199463","5.022444248199463","5.5067901611328125","5.5067901611328125","5.5067901611328125","0.14858096837997437","0.14858096837997437","0.14858096837997437"
"1590","0.24163460731506348","0.24163460731506348","0.24163460731506348","4.986969470977783","4.986969470977783","4.986969470977783","5.471214294433594","5.471214294433594","5.471214294433594","0.13590821623802185","0.13590821623802185","0.13590821623802185"
"1600","0.2428452968597412","0.2428452968597412","0.2428452968597412","4.818621635437012","4.818621635437012","4.818621635437012","5.326414108276367","5.326414108276367","5.326414108276367","0.14859916269779205","0.14859916269779205","0.14859916269779205"
"1610","0.2377706915140152","0.2377706915140152","0.2377706915140152","4.88157844543457","4.88157844543457","4.88157844543457","5.358465194702148","5.358465194702148","5.358465194702148","0.13640160858631134","0.13640160858631134","0.13640160858631134"
"1620","0.27033567428588867","0.27033567428588867","0.27033567428588867","4.909120082855225","4.909120082855225","4.909120082855225","5.404672145843506","5.404672145843506","5.404672145843506","0.19998803734779358","0.19998803734779358","0.19998803734779358"
"1630","0.20873720943927765","0.20873720943927765","0.20873720943927765","4.703532695770264","4.703532695770264","4.703532695770264","5.217740058898926","5.217740058898926","5.217740058898926","0.13220977783203125","0.13220977783203125","0.13220977783203125"
"1640","0.21961906552314758","0.21961906552314758","0.21961906552314758","4.902312278747559","4.902312278747559","4.902312278747559","5.410199165344238","5.410199165344238","5.410199165344238","0.14539818465709686","0.14539818465709686","0.14539818465709686"
"1650","0.1889340579509735","0.1889340579509735","0.1889340579509735","4.948797702789307","4.948797702789307","4.948797702789307","5.465039253234863","5.465039253234863","5.465039253234863","0.14006178081035614","0.14006178081035614","0.14006178081035614"
"1660","0.17831504344940186","0.17831504344940186","0.17831504344940186","4.976077079772949","4.976077079772949","4.976077079772949","5.4563374519348145","5.4563374519348145","5.4563374519348145","0.1166752427816391","0.1166752427816391","0.1166752427816391"
"1670","0.1677025407552719","0.1677025407552719","0.1677025407552719","4.915055274963379","4.915055274963379","4.915055274963379","5.387578964233398","5.387578964233398","5.387578964233398","0.10695662349462509","0.10695662349462509","0.10695662349462509"
"1680","0.1418399214744568","0.1418399214744568","0.1418399214744568","4.935131072998047","4.935131072998047","4.935131072998047","5.432168006896973","5.432168006896973","5.432168006896973","0.0962088406085968","0.0962088406085968","0.0962088406085968"
"1690","0.14729180932044983","0.14729180932044983","0.14729180932044983","4.859022617340088","4.859022617340088","4.859022617340088","5.377201557159424","5.377201557159424","5.377201557159424","0.1024123877286911","0.1024123877286911","0.1024123877286911"
"1700","0.14688067138195038","0.14688067138195038","0.14688067138195038","4.802559852600098","4.802559852600098","4.802559852600098","5.317279815673828","5.317279815673828","5.317279815673828","0.09996066987514496","0.09996066987514496","0.09996066987514496"
"1710","0.13293993473052979","0.13293993473052979","0.13293993473052979","4.8149518966674805","4.8149518966674805","4.8149518966674805","5.355764865875244","5.355764865875244","5.355764865875244","0.0899016484618187","0.0899016484618187","0.0899016484618187"
"1720","0.12265777587890625","0.12265777587890625","0.12265777587890625","4.786559581756592","4.786559581756592","4.786559581756592","5.328128814697266","5.328128814697266","5.328128814697266","0.09186717867851257","0.09186717867851257","0.09186717867851257"
"1730","0.1163037046790123","0.1163037046790123","0.1163037046790123","4.853099822998047","4.853099822998047","4.853099822998047","5.402461051940918","5.402461051940918","5.402461051940918","0.08671267330646515","0.08671267330646515","0.08671267330646515"
"1740","0.14988091588020325","0.14988091588020325","0.14988091588020325","4.697885513305664","4.697885513305664","4.697885513305664","5.230837821960449","5.230837821960449","5.230837821960449","0.1219978928565979","0.1219978928565979","0.1219978928565979"
"1750","0.13679157197475433","0.13679157197475433","0.13679157197475433","4.770791530609131","4.770791530609131","4.770791530609131","5.276850700378418","5.276850700378418","5.276850700378418","0.10709811002016068","0.10709811002016068","0.10709811002016068"
"1760","0.14264081418514252","0.14264081418514252","0.14264081418514252","4.9168853759765625","4.9168853759765625","4.9168853759765625","5.484589576721191","5.484589576721191","5.484589576721191","0.11116059124469757","0.11116059124469757","0.11116059124469757"
"1770","0.10865957289934158","0.10865957289934158","0.10865957289934158","4.783616065979004","4.783616065979004","4.783616065979004","5.289020538330078","5.289020538330078","5.289020538330078","0.08447245508432388","0.08447245508432388","0.08447245508432388"
"1780","0.10116974264383316","0.10116974264383316","0.10116974264383316","4.942403793334961","4.942403793334961","4.942403793334961","5.4057488441467285","5.4057488441467285","5.4057488441467285","0.08377616107463837","0.08377616107463837","0.08377616107463837"
"1790","0.09420175850391388","0.09420175850391388","0.09420175850391388","4.69886589050293","4.69886589050293","4.69886589050293","5.161725997924805","5.161725997924805","5.161725997924805","0.07988503575325012","0.07988503575325012","0.07988503575325012"
"1800","0.11790356040000916","0.11790356040000916","0.11790356040000916","4.811830997467041","4.811830997467041","4.811830997467041","5.297519683837891","5.297519683837891","5.297519683837891","0.10885275900363922","0.10885275900363922","0.10885275900363922"
"1810","0.08256520330905914","0.08256520330905914","0.08256520330905914","4.839065074920654","4.839065074920654","4.839065074920654","5.349290370941162","5.349290370941162","5.349290370941162","0.06725602596998215","0.06725602596998215","0.06725602596998215"
"1820","0.14812539517879486","0.14812539517879486","0.14812539517879486","4.615306854248047","4.615306854248047","4.615306854248047","5.119750022888184","5.119750022888184","5.119750022888184","0.1169714480638504","0.1169714480638504","0.1169714480638504"
"1830","0.08806673437356949","0.08806673437356949","0.08806673437356949","4.703433513641357","4.703433513641357","4.703433513641357","5.2405290603637695","5.2405290603637695","5.2405290603637695","0.07751154154539108","0.07751154154539108","0.07751154154539108"
"1840","0.08793199062347412","0.08793199062347412","0.08793199062347412","4.79751443862915","4.79751443862915","4.79751443862915","5.35055685043335","5.35055685043335","5.35055685043335","0.07208020985126495","0.07208020985126495","0.07208020985126495"
"1850","0.08473465591669083","0.08473465591669083","0.08473465591669083","4.639316558837891","4.639316558837891","4.639316558837891","5.191164493560791","5.191164493560791","5.191164493560791","0.07408203184604645","0.07408203184604645","0.07408203184604645"
"1860","0.09499537944793701","0.09499537944793701","0.09499537944793701","4.661942958831787","4.661942958831787","4.661942958831787","5.15147590637207","5.15147590637207","5.15147590637207","0.07265311479568481","0.07265311479568481","0.07265311479568481"
"1870","0.107479989528656","0.107479989528656","0.107479989528656","4.801452159881592","4.801452159881592","4.801452159881592","5.320535659790039","5.320535659790039","5.320535659790039","0.09098014235496521","0.09098014235496521","0.09098014235496521"
"1880","0.1253858059644699","0.1253858059644699","0.1253858059644699","4.485616207122803","4.485616207122803","4.485616207122803","5.055171012878418","5.055171012878418","5.055171012878418","0.10537293553352356","0.10537293553352356","0.10537293553352356"
"1890","0.08068704605102539","0.08068704605102539","0.08068704605102539","3.6837496757507324","3.6837496757507324","3.6837496757507324","4.0993428230285645","4.0993428230285645","4.0993428230285645","0.07018369436264038","0.07018369436264038","0.07018369436264038"
"1900","0.0835881158709526","0.0835881158709526","0.0835881158709526","4.535859107971191","4.535859107971191","4.535859107971191","5.060193061828613","5.060193061828613","5.060193061828613","0.06864173710346222","0.06864173710346222","0.06864173710346222"
"1910","0.07918251305818558","0.07918251305818558","0.07918251305818558","4.745640277862549","4.745640277862549","4.745640277862549","5.237961292266846","5.237961292266846","5.237961292266846","0.07222627848386765","0.07222627848386765","0.07222627848386765"
"1920","0.08223964273929596","0.08223964273929596","0.08223964273929596","4.628825664520264","4.628825664520264","4.628825664520264","5.105966091156006","5.105966091156006","5.105966091156006","0.0788738876581192","0.0788738876581192","0.0788738876581192"
"1930","0.08861206471920013","0.08861206471920013","0.08861206471920013","4.748766899108887","4.748766899108887","4.748766899108887","5.289502143859863","5.289502143859863","5.289502143859863","0.08344854414463043","0.08344854414463043","0.08344854414463043"
"1940","0.07552213966846466","0.07552213966846466","0.07552213966846466","4.732921600341797","4.732921600341797","4.732921600341797","5.288339614868164","5.288339614868164","5.288339614868164","0.08207854628562927","0.08207854628562927","0.08207854628562927"
"1950","0.07024669647216797","0.07024669647216797","0.07024669647216797","4.696574687957764","4.696574687957764","4.696574687957764","5.249835968017578","5.249835968017578","5.249835968017578","0.07064159214496613","0.07064159214496613","0.07064159214496613"
"1960","0.0719669833779335","0.0719669833779335","0.0719669833779335","4.638899803161621","4.638899803161621","4.638899803161621","5.154697418212891","5.154697418212891","5.154697418212891","0.06038773059844971","0.06038773059844971","0.06038773059844971"
"1970","0.05546844005584717","0.05546844005584717","0.05546844005584717","5.193903923034668","5.193903923034668","5.193903923034668","5.685195446014404","5.685195446014404","5.685195446014404","0.052635930478572845","0.052635930478572845","0.052635930478572845"
"1980","0.05936562269926071","0.05936562269926071","0.05936562269926071","4.384790897369385","4.384790897369385","4.384790897369385","4.891351222991943","4.891351222991943","4.891351222991943","0.05686883628368378","0.05686883628368378","0.05686883628368378"
"1990","0.0515279695391655","0.0515279695391655","0.0515279695391655","3.9457650184631348","3.9457650184631348","3.9457650184631348","4.374724388122559","4.374724388122559","4.374724388122559","0.05407579988241196","0.05407579988241196","0.05407579988241196"
"2000","0.0854559913277626","0.0854559913277626","0.0854559913277626","4.736417293548584","4.736417293548584","4.736417293548584","5.258950233459473","5.258950233459473","5.258950233459473","0.07300867885351181","0.07300867885351181","0.07300867885351181"
"2010","0.06849353760480881","0.06849353760480881","0.06849353760480881","4.584540367126465","4.584540367126465","4.584540367126465","5.149435043334961","5.149435043334961","5.149435043334961","0.06511509418487549","0.06511509418487549","0.06511509418487549"
"2020","0.059057123959064484","0.059057123959064484","0.059057123959064484","4.890189170837402","4.890189170837402","4.890189170837402","5.473963737487793","5.473963737487793","5.473963737487793","0.058497317135334015","0.058497317135334015","0.058497317135334015"
"2030","0.06114620342850685","0.06114620342850685","0.06114620342850685","4.953591346740723","4.953591346740723","4.953591346740723","5.519857883453369","5.519857883453369","5.519857883453369","0.0629163309931755","0.0629163309931755","0.0629163309931755"
"2040","0.05446295440196991","0.05446295440196991","0.05446295440196991","4.3657050132751465","4.3657050132751465","4.3657050132751465","4.855301856994629","4.855301856994629","4.855301856994629","0.05654773488640785","0.05654773488640785","0.05654773488640785"
"2050","0.04341645911335945","0.04341645911335945","0.04341645911335945","3.971116781234741","3.971116781234741","3.971116781234741","4.452186584472656","4.452186584472656","4.452186584472656","0.043188780546188354","0.043188780546188354","0.043188780546188354"
"2060","0.0402432456612587","0.0402432456612587","0.0402432456612587","3.637850522994995","3.637850522994995","3.637850522994995","4.083503246307373","4.083503246307373","4.083503246307373","0.03690536320209503","0.03690536320209503","0.03690536320209503"
"2070","0.08638522028923035","0.08638522028923035","0.08638522028923035","3.8243775367736816","3.8243775367736816","3.8243775367736816","4.340892791748047","4.340892791748047","4.340892791748047","0.08373785763978958","0.08373785763978958","0.08373785763978958"
"2080","0.05211402475833893","0.05211402475833893","0.05211402475833893","4.057477951049805","4.057477951049805","4.057477951049805","4.5420331954956055","4.5420331954956055","4.5420331954956055","0.05375085026025772","0.05375085026025772","0.05375085026025772"
"2090","0.06996402889490128","0.06996402889490128","0.06996402889490128","4.697039604187012","4.697039604187012","4.697039604187012","5.278800010681152","5.278800010681152","5.278800010681152","0.06769807636737823","0.06769807636737823","0.06769807636737823"
"2100","0.054111041128635406","0.054111041128635406","0.054111041128635406","4.59289026260376","4.59289026260376","4.59289026260376","5.182912826538086","5.182912826538086","5.182912826538086","0.05198632925748825","0.05198632925748825","0.05198632925748825"
"2110","0.058152198791503906","0.058152198791503906","0.058152198791503906","4.6537766456604","4.6537766456604","4.6537766456604","5.236968994140625","5.236968994140625","5.236968994140625","0.05482577532529831","0.05482577532529831","0.05482577532529831"
"2120","0.06394655257463455","0.06394655257463455","0.06394655257463455","4.680111408233643","4.680111408233643","4.680111408233643","5.204490661621094","5.204490661621094","5.204490661621094","0.051472585648298264","0.051472585648298264","0.051472585648298264"
"2130","0.06506991386413574","0.06506991386413574","0.06506991386413574","4.735905647277832","4.735905647277832","4.735905647277832","5.304634094238281","5.304634094238281","5.304634094238281","0.05759835243225098","0.05759835243225098","0.05759835243225098"
"2140","0.05474666506052017","0.05474666506052017","0.05474666506052017","4.678787708282471","4.678787708282471","4.678787708282471","5.233534812927246","5.233534812927246","5.233534812927246","0.05160999298095703","0.05160999298095703","0.05160999298095703"
"2150","0.04586849361658096","0.04586849361658096","0.04586849361658096","4.783510684967041","4.783510684967041","4.783510684967041","5.3109235763549805","5.3109235763549805","5.3109235763549805","0.043254271149635315","0.043254271149635315","0.043254271149635315"
"2160","0.05545937642455101","0.05545937642455101","0.05545937642455101","4.698052406311035","4.698052406311035","4.698052406311035","5.239302635192871","5.239302635192871","5.239302635192871","0.0507468543946743","0.0507468543946743","0.0507468543946743"
"2170","0.055713899433612823","0.055713899433612823","0.055713899433612823","4.758286476135254","4.758286476135254","4.758286476135254","5.322606563568115","5.322606563568115","5.322606563568115","0.05595994368195534","0.05595994368195534","0.05595994368195534"
"2180","0.044965311884880066","0.044965311884880066","0.044965311884880066","4.477347373962402","4.477347373962402","4.477347373962402","5.058938980102539","5.058938980102539","5.058938980102539","0.043654609471559525","0.043654609471559525","0.043654609471559525"
"2190","0.04271158203482628","0.04271158203482628","0.04271158203482628","4.564456939697266","4.564456939697266","4.564456939697266","5.1623406410217285","5.1623406410217285","5.1623406410217285","0.03960815444588661","0.03960815444588661","0.03960815444588661"
"2200","0.05042632669210434","0.05042632669210434","0.05042632669210434","4.6222734451293945","4.6222734451293945","4.6222734451293945","5.20970344543457","5.20970344543457","5.20970344543457","0.04759252071380615","0.04759252071380615","0.04759252071380615"
"2210","0.0382271446287632","0.0382271446287632","0.0382271446287632","4.634546279907227","4.634546279907227","4.634546279907227","5.202585220336914","5.202585220336914","5.202585220336914","0.03697909414768219","0.03697909414768219","0.03697909414768219"
"2220","0.057386599481105804","0.057386599481105804","0.057386599481105804","4.606734275817871","4.606734275817871","4.606734275817871","5.202426910400391","5.202426910400391","5.202426910400391","0.059487972408533096","0.059487972408533096","0.059487972408533096"
"2230","0.051451489329338074","0.051451489329338074","0.051451489329338074","4.386377811431885","4.386377811431885","4.386377811431885","4.9581618309021","4.9581618309021","4.9581618309021","0.043011244386434555","0.043011244386434555","0.043011244386434555"
"2240","0.06617594510316849","0.06617594510316849","0.06617594510316849","4.527141571044922","4.527141571044922","4.527141571044922","5.150981903076172","5.150981903076172","5.150981903076172","0.05505349487066269","0.05505349487066269","0.05505349487066269"
"2250","0.059004731476306915","0.059004731476306915","0.059004731476306915","4.5355119705200195","4.5355119705200195","4.5355119705200195","5.120932579040527","5.120932579040527","5.120932579040527","0.05149519070982933","0.05149519070982933","0.05149519070982933"
"2260","0.03867882117629051","0.03867882117629051","0.03867882117629051","4.848475456237793","4.848475456237793","4.848475456237793","5.4181060791015625","5.4181060791015625","5.4181060791015625","0.03683246672153473","0.03683246672153473","0.03683246672153473"
"2270","0.0420369990170002","0.0420369990170002","0.0420369990170002","4.892921447753906","4.892921447753906","4.892921447753906","5.432090759277344","5.432090759277344","5.432090759277344","0.04410466179251671","0.04410466179251671","0.04410466179251671"
"2280","0.03401084616780281","0.03401084616780281","0.03401084616780281","4.566051006317139","4.566051006317139","4.566051006317139","5.209399223327637","5.209399223327637","5.209399223327637","0.03868924453854561","0.03868924453854561","0.03868924453854561"
"2290","0.03208833932876587","0.03208833932876587","0.03208833932876587","4.525809288024902","4.525809288024902","4.525809288024902","5.143511772155762","5.143511772155762","5.143511772155762","0.035585690289735794","0.035585690289735794","0.035585690289735794"
"2300","0.05309029668569565","0.05309029668569565","0.05309029668569565","4.385404109954834","4.385404109954834","4.385404109954834","4.996611595153809","4.996611595153809","4.996611595153809","0.061100125312805176","0.061100125312805176","0.061100125312805176"
"2310","0.05394931882619858","0.05394931882619858","0.05394931882619858","4.553239345550537","4.553239345550537","4.553239345550537","5.20965576171875","5.20965576171875","5.20965576171875","0.05852043628692627","0.05852043628692627","0.05852043628692627"
"2320","0.04605161026120186","0.04605161026120186","0.04605161026120186","4.602287769317627","4.602287769317627","4.602287769317627","5.237360000610352","5.237360000610352","5.237360000610352","0.045027680695056915","0.045027680695056915","0.045027680695056915"
"2330","0.045180633664131165","0.045180633664131165","0.045180633664131165","4.423862457275391","4.423862457275391","4.423862457275391","5.085920810699463","5.085920810699463","5.085920810699463","0.0448220893740654","0.0448220893740654","0.0448220893740654"
"2340","0.04249709099531174","0.04249709099531174","0.04249709099531174","4.450519561767578","4.450519561767578","4.450519561767578","5.1157732009887695","5.1157732009887695","5.1157732009887695","0.040221501141786575","0.040221501141786575","0.040221501141786575"
"2350","0.03301580995321274","0.03301580995321274","0.03301580995321274","4.568253040313721","4.568253040313721","4.568253040313721","5.1988091468811035","5.1988091468811035","5.1988091468811035","0.03178251534700394","0.03178251534700394","0.03178251534700394"
"2360","0.04474130645394325","0.04474130645394325","0.04474130645394325","4.4608659744262695","4.4608659744262695","4.4608659744262695","5.145613670349121","5.145613670349121","5.145613670349121","0.03705529496073723","0.03705529496073723","0.03705529496073723"
"2370","0.04950504004955292","0.04950504004955292","0.04950504004955292","4.326389789581299","4.326389789581299","4.326389789581299","5.101042747497559","5.101042747497559","5.101042747497559","0.037199467420578","0.037199467420578","0.037199467420578"
"2380","0.044761911034584045","0.044761911034584045","0.044761911034584045","4.36048698425293","4.36048698425293","4.36048698425293","5.1761555671691895","5.1761555671691895","5.1761555671691895","0.04234912991523743","0.04234912991523743","0.04234912991523743"
"2390","0.03553501516580582","0.03553501516580582","0.03553501516580582","4.248947620391846","4.248947620391846","4.248947620391846","5.094877243041992","5.094877243041992","5.094877243041992","0.03721689060330391","0.03721689060330391","0.03721689060330391"
"2400","0.03819793835282326","0.03819793835282326","0.03819793835282326","4.075921058654785","4.075921058654785","4.075921058654785","5.043269157409668","5.043269157409668","5.043269157409668","0.03935784474015236","0.03935784474015236","0.03935784474015236"
"2410","0.035673387348651886","0.035673387348651886","0.035673387348651886","4.077556133270264","4.077556133270264","4.077556133270264","5.164423942565918","5.164423942565918","5.164423942565918","0.04259999096393585","0.04259999096393585","0.04259999096393585"
"2420","0.033802762627601624","0.033802762627601624","0.033802762627601624","3.8590128421783447","3.8590128421783447","3.8590128421783447","5.05433988571167","5.05433988571167","5.05433988571167","0.040305305272340775","0.040305305272340775","0.040305305272340775"
"2430","0.037096645683050156","0.037096645683050156","0.037096645683050156","3.711799383163452","3.711799383163452","3.711799383163452","5.077951431274414","5.077951431274414","5.077951431274414","0.0393882691860199","0.0393882691860199","0.0393882691860199"
"2440","0.03430991247296333","0.03430991247296333","0.03430991247296333","3.5306267738342285","3.5306267738342285","3.5306267738342285","5.06435489654541","5.06435489654541","5.06435489654541","0.03269950672984123","0.03269950672984123","0.03269950672984123"
"2450","0.03803247585892677","0.03803247585892677","0.03803247585892677","3.632904529571533","3.632904529571533","3.632904529571533","5.193343162536621","5.193343162536621","5.193343162536621","0.03664530813694","0.03664530813694","0.03664530813694"
"2460","0.04360279440879822","0.04360279440879822","0.04360279440879822","3.2815401554107666","3.2815401554107666","3.2815401554107666","5.034850120544434","5.034850120544434","5.034850120544434","0.0481814369559288","0.0481814369559288","0.0481814369559288"
"2470","0.033688951283693314","0.033688951283693314","0.033688951283693314","3.2479910850524902","3.2479910850524902","3.2479910850524902","5.161215305328369","5.161215305328369","5.161215305328369","0.03897237032651901","0.03897237032651901","0.03897237032651901"
"2480","0.03192635253071785","0.03192635253071785","0.03192635253071785","3.109570026397705","3.109570026397705","3.109570026397705","5.141623497009277","5.141623497009277","5.141623497009277","0.03702818602323532","0.03702818602323532","0.03702818602323532"
"2490","0.039485424757003784","0.039485424757003784","0.039485424757003784","2.9809584617614746","2.9809584617614746","2.9809584617614746","5.126256465911865","5.126256465911865","5.126256465911865","0.04129549488425255","0.04129549488425255","0.04129549488425255"
"2500","0.028890911489725113","0.028890911489725113","0.028890911489725113","2.8176703453063965","2.8176703453063965","2.8176703453063965","5.077205181121826","5.077205181121826","5.077205181121826","0.0348043218255043","0.0348043218255043","0.0348043218255043"
"2510","0.039335623383522034","0.039335623383522034","0.039335623383522034","2.7803211212158203","2.7803211212158203","2.7803211212158203","5.04447078704834","5.04447078704834","5.04447078704834","0.04391009733080864","0.04391009733080864","0.04391009733080864"
"2520","0.04176728054881096","0.04176728054881096","0.04176728054881096","2.684027910232544","2.684027910232544","2.684027910232544","5.014213562011719","5.014213562011719","5.014213562011719","0.04960015416145325","0.04960015416145325","0.04960015416145325"
"2530","0.032053034752607346","0.032053034752607346","0.032053034752607346","2.5886998176574707","2.5886998176574707","2.5886998176574707","5.040273189544678","5.040273189544678","5.040273189544678","0.03411712870001793","0.03411712870001793","0.03411712870001793"
"2540","0.031792644411325455","0.031792644411325455","0.031792644411325455","2.2637133598327637","2.2637133598327637","2.2637133598327637","4.483192443847656","4.483192443847656","4.483192443847656","0.03295671194791794","0.03295671194791794","0.03295671194791794"
"2550","0.024591049179434776","0.024591049179434776","0.024591049179434776","2.502673864364624","2.502673864364624","2.502673864364624","5.133284568786621","5.133284568786621","5.133284568786621","0.02765927091240883","0.02765927091240883","0.02765927091240883"
"2560","0.027824314311146736","0.027824314311146736","0.027824314311146736","3.01135516166687","3.01135516166687","3.01135516166687","5.316300392150879","5.316300392150879","5.316300392150879","0.02952638454735279","0.02952638454735279","0.02952638454735279"
"2570","0.031179361045360565","0.031179361045360565","0.031179361045360565","2.554685115814209","2.554685115814209","2.554685115814209","5.32468318939209","5.32468318939209","5.32468318939209","0.03848882019519806","0.03848882019519806","0.03848882019519806"
"2580","0.03271544724702835","0.03271544724702835","0.03271544724702835","2.2935385704040527","2.2935385704040527","2.2935385704040527","5.026109218597412","5.026109218597412","5.026109218597412","0.03507194295525551","0.03507194295525551","0.03507194295525551"
"2590","0.027776595205068588","0.027776595205068588","0.027776595205068588","2.238914966583252","2.238914966583252","2.238914966583252","5.011808395385742","5.011808395385742","5.011808395385742","0.034262944012880325","0.034262944012880325","0.034262944012880325"
"2600","0.02644990012049675","0.02644990012049675","0.02644990012049675","1.7218148708343506","1.7218148708343506","1.7218148708343506","4.168059825897217","4.168059825897217","4.168059825897217","0.028089329600334167","0.028089329600334167","0.028089329600334167"
"2610","0.02702479064464569","0.02702479064464569","0.02702479064464569","1.8997281789779663","1.8997281789779663","1.8997281789779663","4.617668151855469","4.617668151855469","4.617668151855469","0.03190387412905693","0.03190387412905693","0.03190387412905693"
"2620","0.027865000069141388","0.027865000069141388","0.027865000069141388","2.0718772411346436","2.0718772411346436","2.0718772411346436","5.2472076416015625","5.2472076416015625","5.2472076416015625","0.03530016168951988","0.03530016168951988","0.03530016168951988"
"2630","0.019896281883120537","0.019896281883120537","0.019896281883120537","1.8742599487304688","1.8742599487304688","1.8742599487304688","5.020004749298096","5.020004749298096","5.020004749298096","0.022717982530593872","0.022717982530593872","0.022717982530593872"
"2640","0.032137516885995865","0.032137516885995865","0.032137516885995865","1.6895359754562378","1.6895359754562378","1.6895359754562378","4.495175361633301","4.495175361633301","4.495175361633301","0.03638647496700287","0.03638647496700287","0.03638647496700287"
"2650","0.026032239198684692","0.026032239198684692","0.026032239198684692","1.8010371923446655","1.8010371923446655","1.8010371923446655","5.028790473937988","5.028790473937988","5.028790473937988","0.028254954144358635","0.028254954144358635","0.028254954144358635"
"2660","0.04142429307103157","0.04142429307103157","0.04142429307103157","1.8344240188598633","1.8344240188598633","1.8344240188598633","5.117238521575928","5.117238521575928","5.117238521575928","0.04923121631145477","0.04923121631145477","0.04923121631145477"
"2670","0.02138449065387249","0.02138449065387249","0.02138449065387249","1.652741551399231","1.652741551399231","1.652741551399231","5.0706987380981445","5.0706987380981445","5.0706987380981445","0.024660322815179825","0.024660322815179825","0.024660322815179825"
"2680","0.029708577319979668","0.029708577319979668","0.029708577319979668","1.6606218814849854","1.6606218814849854","1.6606218814849854","4.8317718505859375","4.8317718505859375","4.8317718505859375","0.03256882354617119","0.03256882354617119","0.03256882354617119"
"2690","0.02565014734864235","0.02565014734864235","0.02565014734864235","1.6366114616394043","1.6366114616394043","1.6366114616394043","5.040909767150879","5.040909767150879","5.040909767150879","0.028454918414354324","0.028454918414354324","0.028454918414354324"
"2700","0.06565073132514954","0.06565073132514954","0.06565073132514954","1.8069226741790771","1.8069226741790771","1.8069226741790771","4.458072185516357","4.458072185516357","4.458072185516357","0.07177134603261948","0.07177134603261948","0.07177134603261948"
"2710","0.026765799149870872","0.026765799149870872","0.026765799149870872","1.4746084213256836","1.4746084213256836","1.4746084213256836","4.775556564331055","4.775556564331055","4.775556564331055","0.033224064856767654","0.033224064856767654","0.033224064856767654"
"2720","0.028312183916568756","0.028312183916568756","0.028312183916568756","1.2781037092208862","1.2781037092208862","1.2781037092208862","3.8587539196014404","3.8587539196014404","3.8587539196014404","0.029169268906116486","0.029169268906116486","0.029169268906116486"
"2730","0.028374861925840378","0.028374861925840378","0.028374861925840378","1.566036581993103","1.566036581993103","1.566036581993103","5.092572212219238","5.092572212219238","5.092572212219238","0.034210819751024246","0.034210819751024246","0.034210819751024246"
"2740","0.018665824085474014","0.018665824085474014","0.018665824085474014","1.2077572345733643","1.2077572345733643","1.2077572345733643","4.075850486755371","4.075850486755371","4.075850486755371","0.024425968527793884","0.024425968527793884","0.024425968527793884"
"2750","0.014893257059156895","0.014893257059156895","0.014893257059156895","0.8264979124069214","0.8264979124069214","0.8264979124069214","2.9100546836853027","2.9100546836853027","2.9100546836853027","0.018067795783281326","0.018067795783281326","0.018067795783281326"
"2760","0.02372298203408718","0.02372298203408718","0.02372298203408718","1.179221510887146","1.179221510887146","1.179221510887146","4.283753871917725","4.283753871917725","4.283753871917725","0.0258573517203331","0.0258573517203331","0.0258573517203331"
"2770","0.03519238531589508","0.03519238531589508","0.03519238531589508","1.4332554340362549","1.4332554340362549","1.4332554340362549","5.022778511047363","5.022778511047363","5.022778511047363","0.03368551656603813","0.03368551656603813","0.03368551656603813"
"2780","0.03785490244626999","0.03785490244626999","0.03785490244626999","1.3737987279891968","1.3737987279891968","1.3737987279891968","5.0249433517456055","5.0249433517456055","5.0249433517456055","0.028390496969223022","0.028390496969223022","0.028390496969223022"
"2790","0.03100747987627983","0.03100747987627983","0.03100747987627983","1.2744537591934204","1.2744537591934204","1.2744537591934204","4.8101959228515625","4.8101959228515625","4.8101959228515625","0.035076551139354706","0.035076551139354706","0.035076551139354706"
"2800","0.03079269453883171","0.03079269453883171","0.03079269453883171","1.2862833738327026","1.2862833738327026","1.2862833738327026","4.9255757331848145","4.9255757331848145","4.9255757331848145","0.03959324583411217","0.03959324583411217","0.03959324583411217"
"2810","0.17684508860111237","0.17684508860111237","0.17684508860111237","1.2114001512527466","1.2114001512527466","1.2114001512527466","4.732362270355225","4.732362270355225","4.732362270355225","0.0939243882894516","0.0939243882894516","0.0939243882894516"
"2820","0.022196590900421143","0.022196590900421143","0.022196590900421143","1.1883398294448853","1.1883398294448853","1.1883398294448853","4.970069885253906","4.970069885253906","4.970069885253906","0.0223833154886961","0.0223833154886961","0.0223833154886961"
"2830","0.036478716880083084","0.036478716880083084","0.036478716880083084","1.2968411445617676","1.2968411445617676","1.2968411445617676","5.022963047027588","5.022963047027588","5.022963047027588","0.041125304996967316","0.041125304996967316","0.041125304996967316"
"2840","0.027195610105991364","0.027195610105991364","0.027195610105991364","1.1696501970291138","1.1696501970291138","1.1696501970291138","5.005616188049316","5.005616188049316","5.005616188049316","0.03598242253065109","0.03598242253065109","0.03598242253065109"
"2850","0.019544612616300583","0.019544612616300583","0.019544612616300583","1.0368304252624512","1.0368304252624512","1.0368304252624512","3.7637829780578613","3.7637829780578613","3.7637829780578613","0.045467860996723175","0.045467860996723175","0.045467860996723175"
"2860","0.15839895606040955","0.15839895606040955","0.15839895606040955","1.345505952835083","1.345505952835083","1.345505952835083","4.870180606842041","4.870180606842041","4.870180606842041","0.2018323540687561","0.2018323540687561","0.2018323540687561"
"2870","0.027761707082390785","0.027761707082390785","0.027761707082390785","1.092181921005249","1.092181921005249","1.092181921005249","5.049679756164551","5.049679756164551","5.049679756164551","0.027929306030273438","0.027929306030273438","0.027929306030273438"
"2880","0.022275129333138466","0.022275129333138466","0.022275129333138466","1.074074387550354","1.074074387550354","1.074074387550354","4.972644805908203","4.972644805908203","4.972644805908203","0.03491474688053131","0.03491474688053131","0.03491474688053131"
"2890","0.02862381376326084","0.02862381376326084","0.02862381376326084","1.1572120189666748","1.1572120189666748","1.1572120189666748","5.042437553405762","5.042437553405762","5.042437553405762","0.033780455589294434","0.033780455589294434","0.033780455589294434"
"2900","0.022908316925168037","0.022908316925168037","0.022908316925168037","1.067530632019043","1.067530632019043","1.067530632019043","4.978553771972656","4.978553771972656","4.978553771972656","0.027356555685400963","0.027356555685400963","0.027356555685400963"
"2910","0.0182608924806118","0.0182608924806118","0.0182608924806118","1.0268176794052124","1.0268176794052124","1.0268176794052124","5.022965431213379","5.022965431213379","5.022965431213379","0.024065321311354637","0.024065321311354637","0.024065321311354637"
"2920","0.018201151862740517","0.018201151862740517","0.018201151862740517","1.0285558700561523","1.0285558700561523","1.0285558700561523","4.961330413818359","4.961330413818359","4.961330413818359","0.02146102674305439","0.02146102674305439","0.02146102674305439"
"2930","0.016645880416035652","0.016645880416035652","0.016645880416035652","1.015965223312378","1.015965223312378","1.015965223312378","4.968263626098633","4.968263626098633","4.968263626098633","0.02156289853155613","0.02156289853155613","0.02156289853155613"
"2940","0.02213306911289692","0.02213306911289692","0.02213306911289692","1.0340863466262817","1.0340863466262817","1.0340863466262817","4.945693016052246","4.945693016052246","4.945693016052246","0.02976381778717041","0.02976381778717041","0.02976381778717041"
"2950","0.03360980004072189","0.03360980004072189","0.03360980004072189","1.1841213703155518","1.1841213703155518","1.1841213703155518","5.08272123336792","5.08272123336792","5.08272123336792","0.031953081488609314","0.031953081488609314","0.031953081488609314"
"2960","0.022410394623875618","0.022410394623875618","0.022410394623875618","1.002944827079773","1.002944827079773","1.002944827079773","5.0961103439331055","5.0961103439331055","5.0961103439331055","0.028212741017341614","0.028212741017341614","0.028212741017341614"
"2970","0.0260581336915493","0.0260581336915493","0.0260581336915493","0.9384576082229614","0.9384576082229614","0.9384576082229614","4.970009803771973","4.970009803771973","4.970009803771973","0.04557931795716286","0.04557931795716286","0.04557931795716286"
"2980","0.020800800994038582","0.020800800994038582","0.020800800994038582","0.9056729078292847","0.9056729078292847","0.9056729078292847","4.910422325134277","4.910422325134277","4.910422325134277","0.024895712733268738","0.024895712733268738","0.024895712733268738"
"2990","0.020669542253017426","0.020669542253017426","0.020669542253017426","0.885942816734314","0.885942816734314","0.885942816734314","4.975186824798584","4.975186824798584","4.975186824798584","0.025859106332063675","0.025859106332063675","0.025859106332063675"
"3000","0.025606580078601837","0.025606580078601837","0.025606580078601837","0.9288365244865417","0.9288365244865417","0.9288365244865417","4.822994232177734","4.822994232177734","4.822994232177734","0.03206038102507591","0.03206038102507591","0.03206038102507591"
"3010","0.04850613325834274","0.04850613325834274","0.04850613325834274","0.8138903379440308","0.8138903379440308","0.8138903379440308","4.515676021575928","4.515676021575928","4.515676021575928","0.032777056097984314","0.032777056097984314","0.032777056097984314"
"3020","0.025430629029870033","0.025430629029870033","0.025430629029870033","0.9401344060897827","0.9401344060897827","0.9401344060897827","4.9905781745910645","4.9905781745910645","4.9905781745910645","0.03010706603527069","0.03010706603527069","0.03010706603527069"
"3030","0.07849858701229095","0.07849858701229095","0.07849858701229095","1.0723822116851807","1.0723822116851807","1.0723822116851807","4.8881916999816895","4.8881916999816895","4.8881916999816895","0.10557632893323898","0.10557632893323898","0.10557632893323898"
"3040","0.022315718233585358","0.022315718233585358","0.022315718233585358","0.8944801688194275","0.8944801688194275","0.8944801688194275","4.974172115325928","4.974172115325928","4.974172115325928","0.0273150485008955","0.0273150485008955","0.0273150485008955"
"3050","0.01920950785279274","0.01920950785279274","0.01920950785279274","0.8921670317649841","0.8921670317649841","0.8921670317649841","4.928250312805176","4.928250312805176","4.928250312805176","0.026333939284086227","0.026333939284086227","0.026333939284086227"
"3060","0.017575550824403763","0.017575550824403763","0.017575550824403763","0.8309048414230347","0.8309048414230347","0.8309048414230347","5.027841091156006","5.027841091156006","5.027841091156006","0.020389903336763382","0.020389903336763382","0.020389903336763382"
"3070","0.01437903568148613","0.01437903568148613","0.01437903568148613","0.7442366480827332","0.7442366480827332","0.7442366480827332","4.398739814758301","4.398739814758301","4.398739814758301","0.0343741811811924","0.0343741811811924","0.0343741811811924"
"3080","0.020630624145269394","0.020630624145269394","0.020630624145269394","0.788527250289917","0.788527250289917","0.788527250289917","4.880531311035156","4.880531311035156","4.880531311035156","0.031737957149744034","0.031737957149744034","0.031737957149744034"
"3090","0.0186562892049551","0.0186562892049551","0.0186562892049551","0.7912687659263611","0.7912687659263611","0.7912687659263611","5.010985374450684","5.010985374450684","5.010985374450684","0.028092365711927414","0.028092365711927414","0.028092365711927414"
"3100","0.01827273704111576","0.01827273704111576","0.01827273704111576","0.82297682762146","0.82297682762146","0.82297682762146","5.029902935028076","5.029902935028076","5.029902935028076","0.030489567667245865","0.030489567667245865","0.030489567667245865"
"3110","0.018098967149853706","0.018098967149853706","0.018098967149853706","0.7621645331382751","0.7621645331382751","0.7621645331382751","4.924075603485107","4.924075603485107","4.924075603485107","0.02374269999563694","0.02374269999563694","0.02374269999563694"
"3120","0.017531393095850945","0.017531393095850945","0.017531393095850945","0.764049768447876","0.764049768447876","0.764049768447876","4.773423671722412","4.773423671722412","4.773423671722412","0.023061595857143402","0.023061595857143402","0.023061595857143402"
"3130","0.01670854538679123","0.01670854538679123","0.01670854538679123","0.7475036382675171","0.7475036382675171","0.7475036382675171","4.939770698547363","4.939770698547363","4.939770698547363","0.02049912139773369","0.02049912139773369","0.02049912139773369"
"3140","0.01806287094950676","0.01806287094950676","0.01806287094950676","0.7542653679847717","0.7542653679847717","0.7542653679847717","4.851703643798828","4.851703643798828","4.851703643798828","0.024698417633771896","0.024698417633771896","0.024698417633771896"
"3150","0.017420820891857147","0.017420820891857147","0.017420820891857147","0.7133076786994934","0.7133076786994934","0.7133076786994934","4.998105525970459","4.998105525970459","4.998105525970459","0.019460909068584442","0.019460909068584442","0.019460909068584442"
"3160","0.018029771745204926","0.018029771745204926","0.018029771745204926","0.763850212097168","0.763850212097168","0.763850212097168","4.986496925354004","4.986496925354004","4.986496925354004","0.021368956193327904","0.021368956193327904","0.021368956193327904"
"3170","0.014904020354151726","0.014904020354151726","0.014904020354151726","0.72792649269104","0.72792649269104","0.72792649269104","4.998923301696777","4.998923301696777","4.998923301696777","0.018621699884533882","0.018621699884533882","0.018621699884533882"
"3180","0.023923270404338837","0.023923270404338837","0.023923270404338837","0.7069143652915955","0.7069143652915955","0.7069143652915955","4.858484268188477","4.858484268188477","4.858484268188477","0.023243507370352745","0.023243507370352745","0.023243507370352745"
"3190","0.021049372851848602","0.021049372851848602","0.021049372851848602","0.6643584966659546","0.6643584966659546","0.6643584966659546","4.842869758605957","4.842869758605957","4.842869758605957","0.021791845560073853","0.021791845560073853","0.021791845560073853"
"3200","0.021247830241918564","0.021247830241918564","0.021247830241918564","0.6800829172134399","0.6800829172134399","0.6800829172134399","4.796329498291016","4.796329498291016","4.796329498291016","0.022959325462579727","0.022959325462579727","0.022959325462579727"
"3210","0.01553973089903593","0.01553973089903593","0.01553973089903593","0.6304104924201965","0.6304104924201965","0.6304104924201965","4.796727180480957","4.796727180480957","4.796727180480957","0.017405182123184204","0.017405182123184204","0.017405182123184204"
"3220","0.026144569739699364","0.026144569739699364","0.026144569739699364","0.725330650806427","0.725330650806427","0.725330650806427","4.8727006912231445","4.8727006912231445","4.8727006912231445","0.032013241201639175","0.032013241201639175","0.032013241201639175"
"3230","0.017785480245947838","0.017785480245947838","0.017785480245947838","0.6714974641799927","0.6714974641799927","0.6714974641799927","4.960754871368408","4.960754871368408","4.960754871368408","0.02212500013411045","0.02212500013411045","0.02212500013411045"
"3240","0.022248180583119392","0.022248180583119392","0.022248180583119392","0.7180604934692383","0.7180604934692383","0.7180604934692383","4.873566150665283","4.873566150665283","4.873566150665283","0.02753128483891487","0.02753128483891487","0.02753128483891487"
"3250","0.019381698220968246","0.019381698220968246","0.019381698220968246","0.5940309166908264","0.5940309166908264","0.5940309166908264","4.354989528656006","4.354989528656006","4.354989528656006","0.016970409080386162","0.016970409080386162","0.016970409080386162"
"3260","0.015398139134049416","0.015398139134049416","0.015398139134049416","0.6537573337554932","0.6537573337554932","0.6537573337554932","4.841780662536621","4.841780662536621","4.841780662536621","0.018869677558541298","0.018869677558541298","0.018869677558541298"
"3270","0.01746845245361328","0.01746845245361328","0.01746845245361328","0.6365161538124084","0.6365161538124084","0.6365161538124084","4.772226333618164","4.772226333618164","4.772226333618164","0.019334981217980385","0.019334981217980385","0.019334981217980385"
"3280","0.027054142206907272","0.027054142206907272","0.027054142206907272","0.6564134955406189","0.6564134955406189","0.6564134955406189","4.826053619384766","4.826053619384766","4.826053619384766","0.025498580187559128","0.025498580187559128","0.025498580187559128"
"3290","0.023686369881033897","0.023686369881033897","0.023686369881033897","0.628637433052063","0.628637433052063","0.628637433052063","4.856766223907471","4.856766223907471","4.856766223907471","0.023281652480363846","0.023281652480363846","0.023281652480363846"
"3300","0.01969912461936474","0.01969912461936474","0.01969912461936474","0.6494747996330261","0.6494747996330261","0.6494747996330261","4.8588714599609375","4.8588714599609375","4.8588714599609375","0.020569372922182083","0.020569372922182083","0.020569372922182083"
"3310","0.01967664808034897","0.01967664808034897","0.01967664808034897","0.681037425994873","0.681037425994873","0.681037425994873","5.035655975341797","5.035655975341797","5.035655975341797","0.02558901160955429","0.02558901160955429","0.02558901160955429"
"3320","0.0229935459792614","0.0229935459792614","0.0229935459792614","0.6707351803779602","0.6707351803779602","0.6707351803779602","5.064911842346191","5.064911842346191","5.064911842346191","0.027801744639873505","0.027801744639873505","0.027801744639873505"
"3330","0.014314557425677776","0.014314557425677776","0.014314557425677776","0.5808048248291016","0.5808048248291016","0.5808048248291016","5.023087501525879","5.023087501525879","5.023087501525879","0.01850821077823639","0.01850821077823639","0.01850821077823639"
"3340","0.018648456782102585","0.018648456782102585","0.018648456782102585","0.6480578184127808","0.6480578184127808","0.6480578184127808","4.915245056152344","4.915245056152344","4.915245056152344","0.026747338473796844","0.026747338473796844","0.026747338473796844"
"3350","0.016371440142393112","0.016371440142393112","0.016371440142393112","0.5772311091423035","0.5772311091423035","0.5772311091423035","4.822140216827393","4.822140216827393","4.822140216827393","0.025658100843429565","0.025658100843429565","0.025658100843429565"
"3360","0.019635669887065887","0.019635669887065887","0.019635669887065887","0.6311478614807129","0.6311478614807129","0.6311478614807129","4.7147216796875","4.7147216796875","4.7147216796875","0.026925044134259224","0.026925044134259224","0.026925044134259224"
"3370","0.01317411009222269","0.01317411009222269","0.01317411009222269","0.5528810620307922","0.5528810620307922","0.5528810620307922","4.838072299957275","4.838072299957275","4.838072299957275","0.016360897570848465","0.016360897570848465","0.016360897570848465"
"3380","0.013208151794970036","0.013208151794970036","0.013208151794970036","0.556912362575531","0.556912362575531","0.556912362575531","4.829740524291992","4.829740524291992","4.829740524291992","0.016787413507699966","0.016787413507699966","0.016787413507699966"
"3390","0.01303408108651638","0.01303408108651638","0.01303408108651638","0.5440948605537415","0.5440948605537415","0.5440948605537415","4.831745147705078","4.831745147705078","4.831745147705078","0.019045820459723473","0.019045820459723473","0.019045820459723473"
"3400","0.020827701315283775","0.020827701315283775","0.020827701315283775","0.593143105506897","0.593143105506897","0.593143105506897","4.801635265350342","4.801635265350342","4.801635265350342","0.02588103711605072","0.02588103711605072","0.02588103711605072"
"3410","0.013606968335807323","0.013606968335807323","0.013606968335807323","0.5240381956100464","0.5240381956100464","0.5240381956100464","4.307586669921875","4.307586669921875","4.307586669921875","0.014861032366752625","0.014861032366752625","0.014861032366752625"
"3420","0.014628684148192406","0.014628684148192406","0.014628684148192406","0.5149611830711365","0.5149611830711365","0.5149611830711365","4.207015514373779","4.207015514373779","4.207015514373779","0.02026883140206337","0.02026883140206337","0.02026883140206337"
"3430","0.013684921897947788","0.013684921897947788","0.013684921897947788","0.5375586748123169","0.5375586748123169","0.5375586748123169","4.83012580871582","4.83012580871582","4.83012580871582","0.018123719841241837","0.018123719841241837","0.018123719841241837"
"3440","0.010372945107519627","0.010372945107519627","0.010372945107519627","0.4903227686882019","0.4903227686882019","0.4903227686882019","4.896875858306885","4.896875858306885","4.896875858306885","0.013502840884029865","0.013502840884029865","0.013502840884029865"
"3450","0.015783563256263733","0.015783563256263733","0.015783563256263733","0.537717878818512","0.537717878818512","0.537717878818512","4.829240322113037","4.829240322113037","4.829240322113037","0.0166441909968853","0.0166441909968853","0.0166441909968853"
"3460","0.015056398697197437","0.015056398697197437","0.015056398697197437","0.547640323638916","0.547640323638916","0.547640323638916","4.866901874542236","4.866901874542236","4.866901874542236","0.017649691551923752","0.017649691551923752","0.017649691551923752"
"3470","0.01346863154321909","0.01346863154321909","0.01346863154321909","0.5369624495506287","0.5369624495506287","0.5369624495506287","4.842866897583008","4.842866897583008","4.842866897583008","0.016333308070898056","0.016333308070898056","0.016333308070898056"
"3480","0.015131272375583649","0.015131272375583649","0.015131272375583649","0.5535962581634521","0.5535962581634521","0.5535962581634521","4.8094282150268555","4.8094282150268555","4.8094282150268555","0.020163297653198242","0.020163297653198242","0.020163297653198242"
"3490","0.026839056983590126","0.026839056983590126","0.026839056983590126","0.5158554315567017","0.5158554315567017","0.5158554315567017","4.688296318054199","4.688296318054199","4.688296318054199","0.03942158818244934","0.03942158818244934","0.03942158818244934"
"3500","0.013769363984465599","0.013769363984465599","0.013769363984465599","0.43266475200653076","0.43266475200653076","0.43266475200653076","3.7878646850585938","3.7878646850585938","3.7878646850585938","0.016134921461343765","0.016134921461343765","0.016134921461343765"
"3510","0.012044350616633892","0.012044350616633892","0.012044350616633892","0.5140499472618103","0.5140499472618103","0.5140499472618103","4.878330230712891","4.878330230712891","4.878330230712891","0.01867770031094551","0.01867770031094551","0.01867770031094551"
"3520","0.020356835797429085","0.020356835797429085","0.020356835797429085","0.5619257688522339","0.5619257688522339","0.5619257688522339","5.080358505249023","5.080358505249023","5.080358505249023","0.030631765723228455","0.030631765723228455","0.030631765723228455"
"3530","0.01893906109035015","0.01893906109035015","0.01893906109035015","0.5942266583442688","0.5942266583442688","0.5942266583442688","4.943507194519043","4.943507194519043","4.943507194519043","0.019223814830183983","0.019223814830183983","0.019223814830183983"
"3540","0.014706886373460293","0.014706886373460293","0.014706886373460293","0.4974294602870941","0.4974294602870941","0.4974294602870941","4.884690761566162","4.884690761566162","4.884690761566162","0.018645716831088066","0.018645716831088066","0.018645716831088066"
"3550","0.015528896823525429","0.015528896823525429","0.015528896823525429","0.5300642848014832","0.5300642848014832","0.5300642848014832","4.8094305992126465","4.8094305992126465","4.8094305992126465","0.01704133301973343","0.01704133301973343","0.01704133301973343"
"3560","0.012368849478662014","0.012368849478662014","0.012368849478662014","0.5063239336013794","0.5063239336013794","0.5063239336013794","4.925898551940918","4.925898551940918","4.925898551940918","0.015390396118164062","0.015390396118164062","0.015390396118164062"
"3570","0.02826719731092453","0.02826719731092453","0.02826719731092453","0.4407217800617218","0.4407217800617218","0.4407217800617218","4.432372093200684","4.432372093200684","4.432372093200684","0.0642646849155426","0.0642646849155426","0.0642646849155426"
"3580","0.017533769831061363","0.017533769831061363","0.017533769831061363","0.46239417791366577","0.46239417791366577","0.46239417791366577","3.921231746673584","3.921231746673584","3.921231746673584","0.014903232455253601","0.014903232455253601","0.014903232455253601"
"3590","0.01415778137743473","0.01415778137743473","0.01415778137743473","0.48826754093170166","0.48826754093170166","0.48826754093170166","4.792488098144531","4.792488098144531","4.792488098144531","0.016243303194642067","0.016243303194642067","0.016243303194642067"
"3600","0.01426185853779316","0.01426185853779316","0.01426185853779316","0.5138397216796875","0.5138397216796875","0.5138397216796875","4.93148946762085","4.93148946762085","4.93148946762085","0.020157845690846443","0.020157845690846443","0.020157845690846443"
"3610","0.013804012909531593","0.013804012909531593","0.013804012909531593","0.49254560470581055","0.49254560470581055","0.49254560470581055","4.958171844482422","4.958171844482422","4.958171844482422","0.02126193791627884","0.02126193791627884","0.02126193791627884"
"3620","0.05325833708047867","0.05325833708047867","0.05325833708047867","0.664887547492981","0.664887547492981","0.664887547492981","4.935673713684082","4.935673713684082","4.935673713684082","0.0644637793302536","0.0644637793302536","0.0644637793302536"
"3630","0.017273951321840286","0.017273951321840286","0.017273951321840286","0.5080692172050476","0.5080692172050476","0.5080692172050476","4.837144374847412","4.837144374847412","4.837144374847412","0.020620571449398994","0.020620571449398994","0.020620571449398994"
"3640","0.019665570929646492","0.019665570929646492","0.019665570929646492","0.4869619309902191","0.4869619309902191","0.4869619309902191","4.8248491287231445","4.8248491287231445","4.8248491287231445","0.024907026439905167","0.024907026439905167","0.024907026439905167"
"3650","0.010387802496552467","0.010387802496552467","0.010387802496552467","0.47655031085014343","0.47655031085014343","0.47655031085014343","4.813678741455078","4.813678741455078","4.813678741455078","0.013931909576058388","0.013931909576058388","0.013931909576058388"
"3660","0.010394558310508728","0.010394558310508728","0.010394558310508728","0.4543443024158478","0.4543443024158478","0.4543443024158478","4.817417144775391","4.817417144775391","4.817417144775391","0.01360724214464426","0.01360724214464426","0.01360724214464426"
"3670","0.01913066767156124","0.01913066767156124","0.01913066767156124","0.5223746299743652","0.5223746299743652","0.5223746299743652","4.917421817779541","4.917421817779541","4.917421817779541","0.02914990484714508","0.02914990484714508","0.02914990484714508"
"3680","0.013559620827436447","0.013559620827436447","0.013559620827436447","0.4654475748538971","0.4654475748538971","0.4654475748538971","4.906170845031738","4.906170845031738","4.906170845031738","0.01911916583776474","0.01911916583776474","0.01911916583776474"
"3690","0.01250573992729187","0.01250573992729187","0.01250573992729187","0.44605526328086853","0.44605526328086853","0.44605526328086853","4.771116733551025","4.771116733551025","4.771116733551025","0.01729646511375904","0.01729646511375904","0.01729646511375904"
"3700","0.01104919333010912","0.01104919333010912","0.01104919333010912","0.4462496340274811","0.4462496340274811","0.4462496340274811","4.926494598388672","4.926494598388672","4.926494598388672","0.016420824453234673","0.016420824453234673","0.016420824453234673"
"3710","0.011486761271953583","0.011486761271953583","0.011486761271953583","0.4929236173629761","0.4929236173629761","0.4929236173629761","4.892078399658203","4.892078399658203","4.892078399658203","0.013802474364638329","0.013802474364638329","0.013802474364638329"
"3720","0.00998038612306118","0.00998038612306118","0.00998038612306118","0.4779995083808899","0.4779995083808899","0.4779995083808899","4.877910614013672","4.877910614013672","4.877910614013672","0.012843604199588299","0.012843604199588299","0.012843604199588299"
"3730","0.013124560937285423","0.013124560937285423","0.013124560937285423","0.4803672134876251","0.4803672134876251","0.4803672134876251","4.792199611663818","4.792199611663818","4.792199611663818","0.015360310673713684","0.015360310673713684","0.015360310673713684"
"3740","0.01399134285748005","0.01399134285748005","0.01399134285748005","0.4587690830230713","0.4587690830230713","0.4587690830230713","4.793067932128906","4.793067932128906","4.793067932128906","0.013448224402964115","0.013448224402964115","0.013448224402964115"
"3750","0.012626735493540764","0.012626735493540764","0.012626735493540764","0.43031075596809387","0.43031075596809387","0.43031075596809387","4.8743696212768555","4.8743696212768555","4.8743696212768555","0.010954203084111214","0.010954203084111214","0.010954203084111214"
"3760","0.011809006333351135","0.011809006333351135","0.011809006333351135","0.45049938559532166","0.45049938559532166","0.45049938559532166","4.778853416442871","4.778853416442871","4.778853416442871","0.012415205128490925","0.012415205128490925","0.012415205128490925"
"3770","0.016594475135207176","0.016594475135207176","0.016594475135207176","0.36109453439712524","0.36109453439712524","0.36109453439712524","5.1119794845581055","5.1119794845581055","5.1119794845581055","0.011859414167702198","0.011859414167702198","0.011859414167702198"
"3780","0.012453577481210232","0.012453577481210232","0.012453577481210232","0.4110603928565979","0.4110603928565979","0.4110603928565979","4.481878757476807","4.481878757476807","4.481878757476807","0.013456159271299839","0.013456159271299839","0.013456159271299839"
"3790","0.014533157460391521","0.014533157460391521","0.014533157460391521","0.48580852150917053","0.48580852150917053","0.48580852150917053","4.637835502624512","4.637835502624512","4.637835502624512","0.01956196129322052","0.01956196129322052","0.01956196129322052"
"3800","0.011730827391147614","0.011730827391147614","0.011730827391147614","0.43877753615379333","0.43877753615379333","0.43877753615379333","4.803889751434326","4.803889751434326","4.803889751434326","0.017323702573776245","0.017323702573776245","0.017323702573776245"
"3810","0.017084363847970963","0.017084363847970963","0.017084363847970963","0.46790647506713867","0.46790647506713867","0.46790647506713867","4.819201946258545","4.819201946258545","4.819201946258545","0.018797369673848152","0.018797369673848152","0.018797369673848152"
"3820","0.009158559143543243","0.009158559143543243","0.009158559143543243","0.408331036567688","0.408331036567688","0.408331036567688","4.893821716308594","4.893821716308594","4.893821716308594","0.013611752539873123","0.013611752539873123","0.013611752539873123"
"3830","0.013724390417337418","0.013724390417337418","0.013724390417337418","0.4632783532142639","0.4632783532142639","0.4632783532142639","4.100724697113037","4.100724697113037","4.100724697113037","0.01592944748699665","0.01592944748699665","0.01592944748699665"
"3840","0.01648086868226528","0.01648086868226528","0.01648086868226528","0.4192447066307068","0.4192447066307068","0.4192447066307068","4.342199325561523","4.342199325561523","4.342199325561523","0.015689631924033165","0.015689631924033165","0.015689631924033165"
"3850","0.015382232144474983","0.015382232144474983","0.015382232144474983","0.41973191499710083","0.41973191499710083","0.41973191499710083","4.753866195678711","4.753866195678711","4.753866195678711","0.014919394627213478","0.014919394627213478","0.014919394627213478"
"3860","0.013039839453995228","0.013039839453995228","0.013039839453995228","0.43961483240127563","0.43961483240127563","0.43961483240127563","4.802927494049072","4.802927494049072","4.802927494049072","0.014454902149736881","0.014454902149736881","0.014454902149736881"
"3870","0.01254073902964592","0.01254073902964592","0.01254073902964592","0.44084542989730835","0.44084542989730835","0.44084542989730835","4.653229713439941","4.653229713439941","4.653229713439941","0.015705531463027","0.015705531463027","0.015705531463027"
"3880","0.011207599192857742","0.011207599192857742","0.011207599192857742","0.41882243752479553","0.41882243752479553","0.41882243752479553","4.797490119934082","4.797490119934082","4.797490119934082","0.01541140116751194","0.01541140116751194","0.01541140116751194"
"3890","0.009974895976483822","0.009974895976483822","0.009974895976483822","0.4267043471336365","0.4267043471336365","0.4267043471336365","4.864439964294434","4.864439964294434","4.864439964294434","0.014265685342252254","0.014265685342252254","0.014265685342252254"
"3900","0.01005780790001154","0.01005780790001154","0.01005780790001154","0.4199780225753784","0.4199780225753784","0.4199780225753784","4.8416547775268555","4.8416547775268555","4.8416547775268555","0.013594519346952438","0.013594519346952438","0.013594519346952438"
"3910","0.014292043633759022","0.014292043633759022","0.014292043633759022","0.4348454475402832","0.4348454475402832","0.4348454475402832","4.7605438232421875","4.7605438232421875","4.7605438232421875","0.01770811527967453","0.01770811527967453","0.01770811527967453"
"3920","0.010437436401844025","0.010437436401844025","0.010437436401844025","0.38841110467910767","0.38841110467910767","0.38841110467910767","4.791009902954102","4.791009902954102","4.791009902954102","0.014407949522137642","0.014407949522137642","0.014407949522137642"
"3930","0.009926344268023968","0.009926344268023968","0.009926344268023968","0.38744059205055237","0.38744059205055237","0.38744059205055237","4.792601585388184","4.792601585388184","4.792601585388184","0.014007054269313812","0.014007054269313812","0.014007054269313812"
"3940","0.018979746848344803","0.018979746848344803","0.018979746848344803","0.40281441807746887","0.40281441807746887","0.40281441807746887","4.892453670501709","4.892453670501709","4.892453670501709","0.01346873864531517","0.01346873864531517","0.01346873864531517"
"3950","0.01009364053606987","0.01009364053606987","0.01009364053606987","0.4185790419578552","0.4185790419578552","0.4185790419578552","4.908036231994629","4.908036231994629","4.908036231994629","0.011749664321541786","0.011749664321541786","0.011749664321541786"
"3960","0.012390048243105412","0.012390048243105412","0.012390048243105412","0.44066646695137024","0.44066646695137024","0.44066646695137024","4.861493110656738","4.861493110656738","4.861493110656738","0.018399357795715332","0.018399357795715332","0.018399357795715332"
"3970","0.0101119764149189","0.0101119764149189","0.0101119764149189","0.37850475311279297","0.37850475311279297","0.37850475311279297","4.968484878540039","4.968484878540039","4.968484878540039","0.013021528720855713","0.013021528720855713","0.013021528720855713"
"3980","0.007978267967700958","0.007978267967700958","0.007978267967700958","0.40098899602890015","0.40098899602890015","0.40098899602890015","4.760671138763428","4.760671138763428","4.760671138763428","0.010835899040102959","0.010835899040102959","0.010835899040102959"
"3990","0.014317228458821774","0.014317228458821774","0.014317228458821774","0.3367105722427368","0.3367105722427368","0.3367105722427368","3.5812528133392334","3.5812528133392334","3.5812528133392334","0.02153126709163189","0.02153126709163189","0.02153126709163189"
"4000","0.00713899964466691","0.00713899964466691","0.00713899964466691","0.37433481216430664","0.37433481216430664","0.37433481216430664","4.761518478393555","4.761518478393555","4.761518478393555","0.009922267869114876","0.009922267869114876","0.009922267869114876"
"4010","0.012918276712298393","0.012918276712298393","0.012918276712298393","0.43485450744628906","0.43485450744628906","0.43485450744628906","4.833059310913086","4.833059310913086","4.833059310913086","0.021014392375946045","0.021014392375946045","0.021014392375946045"
"4020","0.010232092812657356","0.010232092812657356","0.010232092812657356","0.38767150044441223","0.38767150044441223","0.38767150044441223","4.766994953155518","4.766994953155518","4.766994953155518","0.013254314661026001","0.013254314661026001","0.013254314661026001"
"4030","0.03317001089453697","0.03317001089453697","0.03317001089453697","0.4640941023826599","0.4640941023826599","0.4640941023826599","4.82274866104126","4.82274866104126","4.82274866104126","0.051876362413167953","0.051876362413167953","0.051876362413167953"
"4040","0.008303960785269737","0.008303960785269737","0.008303960785269737","0.4047856330871582","0.4047856330871582","0.4047856330871582","4.866785526275635","4.866785526275635","4.866785526275635","0.012075850740075111","0.012075850740075111","0.012075850740075111"
"4050","0.009227228350937366","0.009227228350937366","0.009227228350937366","0.3345060348510742","0.3345060348510742","0.3345060348510742","3.722573757171631","3.722573757171631","3.722573757171631","0.012506003491580486","0.012506003491580486","0.012506003491580486"
"4060","0.012387419119477272","0.012387419119477272","0.012387419119477272","0.349351167678833","0.349351167678833","0.349351167678833","4.526861190795898","4.526861190795898","4.526861190795898","0.014544686302542686","0.014544686302542686","0.014544686302542686"
"4070","0.011948971077799797","0.011948971077799797","0.011948971077799797","0.39939722418785095","0.39939722418785095","0.39939722418785095","4.780060768127441","4.780060768127441","4.780060768127441","0.014376260340213776","0.014376260340213776","0.014376260340213776"
"4080","0.011268186382949352","0.011268186382949352","0.011268186382949352","0.36509642004966736","0.36509642004966736","0.36509642004966736","4.704714775085449","4.704714775085449","4.704714775085449","0.016122814267873764","0.016122814267873764","0.016122814267873764"
"4090","0.0068819718435406685","0.0068819718435406685","0.0068819718435406685","0.28028735518455505","0.28028735518455505","0.28028735518455505","3.655564308166504","3.655564308166504","3.655564308166504","0.00936632975935936","0.00936632975935936","0.00936632975935936"
"4100","0.0269533172249794","0.0269533172249794","0.0269533172249794","0.42525702714920044","0.42525702714920044","0.42525702714920044","4.784146308898926","4.784146308898926","4.784146308898926","0.012175312265753746","0.012175312265753746","0.012175312265753746"
"4110","","","","0.400314062833786","0.400314062833786","0.400314062833786","4.714088439941406","4.714088439941406","4.714088439941406","0.013021934777498245","0.013021934777498245","0.013021934777498245"
"4120","","","","0.37752267718315125","0.37752267718315125","0.37752267718315125","4.8573384284973145","4.8573384284973145","4.8573384284973145","0.012371238321065903","0.012371238321065903","0.012371238321065903"
"4130","","","","0.3438800573348999","0.3438800573348999","0.3438800573348999","3.998720169067383","3.998720169067383","3.998720169067383","0.010200439020991325","0.010200439020991325","0.010200439020991325"
"4140","","","","0.3667636215686798","0.3667636215686798","0.3667636215686798","4.416191101074219","4.416191101074219","4.416191101074219","0.011760778725147247","0.011760778725147247","0.011760778725147247"
"4150","","","","0.3521461486816406","0.3521461486816406","0.3521461486816406","4.770353317260742","4.770353317260742","4.770353317260742","0.010805509053170681","0.010805509053170681","0.010805509053170681"
"4160","","","","0.3489830195903778","0.3489830195903778","0.3489830195903778","4.717343807220459","4.717343807220459","4.717343807220459","0.012167071923613548","0.012167071923613548","0.012167071923613548"
"4170","","","","0.383733332157135","0.383733332157135","0.383733332157135","4.81521463394165","4.81521463394165","4.81521463394165","0.013316521421074867","0.013316521421074867","0.013316521421074867"
"4180","","","","0.3511216640472412","0.3511216640472412","0.3511216640472412","4.761746406555176","4.761746406555176","4.761746406555176","0.011786657385528088","0.011786657385528088","0.011786657385528088"
"4190","","","","0.49915456771850586","0.49915456771850586","0.49915456771850586","4.639893531799316","4.639893531799316","4.639893531799316","0.022140920162200928","0.022140920162200928","0.022140920162200928"
"4200","","","","0.31427013874053955","0.31427013874053955","0.31427013874053955","3.7954554557800293","3.7954554557800293","3.7954554557800293","0.013757403939962387","0.013757403939962387","0.013757403939962387"
"4210","","","","0.29918786883354187","0.29918786883354187","0.29918786883354187","3.6574292182922363","3.6574292182922363","3.6574292182922363","0.00888717733323574","0.00888717733323574","0.00888717733323574"
"4220","","","","0.34666749835014343","0.34666749835014343","0.34666749835014343","4.039307594299316","4.039307594299316","4.039307594299316","0.008028958924114704","0.008028958924114704","0.008028958924114704"
"4230","","","","0.354101300239563","0.354101300239563","0.354101300239563","3.781217336654663","3.781217336654663","3.781217336654663","0.019424688071012497","0.019424688071012497","0.019424688071012497"
"4240","","","","0.35844185948371887","0.35844185948371887","0.35844185948371887","4.847995758056641","4.847995758056641","4.847995758056641","0.011264881119132042","0.011264881119132042","0.011264881119132042"
"4250","","","","0.3531148433685303","0.3531148433685303","0.3531148433685303","4.741532802581787","4.741532802581787","4.741532802581787","0.00869442243129015","0.00869442243129015","0.00869442243129015"
"4260","","","","0.34079256653785706","0.34079256653785706","0.34079256653785706","4.811323642730713","4.811323642730713","4.811323642730713","0.010637061670422554","0.010637061670422554","0.010637061670422554"
"4270","","","","0.3693995177745819","0.3693995177745819","0.3693995177745819","4.601480960845947","4.601480960845947","4.601480960845947","0.00831194780766964","0.00831194780766964","0.00831194780766964"
"4280","","","","0.2984566390514374","0.2984566390514374","0.2984566390514374","3.8234472274780273","3.8234472274780273","3.8234472274780273","0.012172434478998184","0.012172434478998184","0.012172434478998184"
"4290","","","","0.3435773551464081","0.3435773551464081","0.3435773551464081","4.6662187576293945","4.6662187576293945","4.6662187576293945","0.00746484799310565","0.00746484799310565","0.00746484799310565"
"4300","","","","0.33845657110214233","0.33845657110214233","0.33845657110214233","4.787979602813721","4.787979602813721","4.787979602813721","0.008472373709082603","0.008472373709082603","0.008472373709082603"
"4310","","","","0.34799379110336304","0.34799379110336304","0.34799379110336304","4.874134540557861","4.874134540557861","4.874134540557861","0.00889610406011343","0.00889610406011343","0.00889610406011343"
"4320","","","","0.33316606283187866","0.33316606283187866","0.33316606283187866","4.768555164337158","4.768555164337158","4.768555164337158","0.009438327513635159","0.009438327513635159","0.009438327513635159"
"4330","","","","0.3428572118282318","0.3428572118282318","0.3428572118282318","4.808742046356201","4.808742046356201","4.808742046356201","0.008438668213784695","0.008438668213784695","0.008438668213784695"
"4340","","","","0.3330674469470978","0.3330674469470978","0.3330674469470978","4.874060153961182","4.874060153961182","4.874060153961182","0.009389144368469715","0.009389144368469715","0.009389144368469715"
"4350","","","","0.35186728835105896","0.35186728835105896","0.35186728835105896","4.676969528198242","4.676969528198242","4.676969528198242","0.009230046533048153","0.009230046533048153","0.009230046533048153"
"4360","","","","0.347382128238678","0.347382128238678","0.347382128238678","4.780864715576172","4.780864715576172","4.780864715576172","0.00908152386546135","0.00908152386546135","0.00908152386546135"
"4370","","","","0.3297008275985718","0.3297008275985718","0.3297008275985718","4.655816555023193","4.655816555023193","4.655816555023193","0.009988466277718544","0.009988466277718544","0.009988466277718544"
"4380","","","","0.3612491488456726","0.3612491488456726","0.3612491488456726","4.609984397888184","4.609984397888184","4.609984397888184","0.01244700700044632","0.01244700700044632","0.01244700700044632"
"4390","","","","0.3232525587081909","0.3232525587081909","0.3232525587081909","4.670468330383301","4.670468330383301","4.670468330383301","0.01077469252049923","0.01077469252049923","0.01077469252049923"
"4400","","","","0.3365061581134796","0.3365061581134796","0.3365061581134796","4.807656288146973","4.807656288146973","4.807656288146973","0.009299306198954582","0.009299306198954582","0.009299306198954582"
"4410","","","","0.28262606263160706","0.28262606263160706","0.28262606263160706","3.994415760040283","3.994415760040283","3.994415760040283","0.009796280413866043","0.009796280413866043","0.009796280413866043"
"4420","","","","0.2889280617237091","0.2889280617237091","0.2889280617237091","4.249353885650635","4.249353885650635","4.249353885650635","0.0065598879009485245","0.0065598879009485245","0.0065598879009485245"
"4430","","","","0.33450326323509216","0.33450326323509216","0.33450326323509216","4.729766845703125","4.729766845703125","4.729766845703125","0.008176466450095177","0.008176466450095177","0.008176466450095177"
"4440","","","","0.34631070494651794","0.34631070494651794","0.34631070494651794","4.7657270431518555","4.7657270431518555","4.7657270431518555","0.011852978728711605","0.011852978728711605","0.011852978728711605"
"4450","","","","0.30999448895454407","0.30999448895454407","0.30999448895454407","4.697094440460205","4.697094440460205","4.697094440460205","0.007734812796115875","0.007734812796115875","0.007734812796115875"
"4460","","","","0.32477208971977234","0.32477208971977234","0.32477208971977234","4.754694938659668","4.754694938659668","4.754694938659668","0.011165197938680649","0.011165197938680649","0.011165197938680649"
"4470","","","","0.33920231461524963","0.33920231461524963","0.33920231461524963","4.742881774902344","4.742881774902344","4.742881774902344","0.012227930128574371","0.012227930128574371","0.012227930128574371"
"4480","","","","0.3395721912384033","0.3395721912384033","0.3395721912384033","4.609076499938965","4.609076499938965","4.609076499938965","0.012251696549355984","0.012251696549355984","0.012251696549355984"
"4490","","","","0.2369382530450821","0.2369382530450821","0.2369382530450821","3.503554582595825","3.503554582595825","3.503554582595825","0.0076437112875282764","0.0076437112875282764","0.0076437112875282764"
"4500","","","","0.3940565586090088","0.3940565586090088","0.3940565586090088","4.769032955169678","4.769032955169678","4.769032955169678","0.025595244020223618","0.025595244020223618","0.025595244020223618"
"4510","","","","0.3469714820384979","0.3469714820384979","0.3469714820384979","4.747751712799072","4.747751712799072","4.747751712799072","0.01506844349205494","0.01506844349205494","0.01506844349205494"
"4520","","","","0.3684929609298706","0.3684929609298706","0.3684929609298706","4.904109001159668","4.904109001159668","4.904109001159668","0.011739286594092846","0.011739286594092846","0.011739286594092846"
"4530","","","","0.33755555748939514","0.33755555748939514","0.33755555748939514","4.785489559173584","4.785489559173584","4.785489559173584","0.011271842755377293","0.011271842755377293","0.011271842755377293"
"4540","","","","0.3124874234199524","0.3124874234199524","0.3124874234199524","4.761495590209961","4.761495590209961","4.761495590209961","0.007624414749443531","0.007624414749443531","0.007624414749443531"
"4550","","","","0.34279000759124756","0.34279000759124756","0.34279000759124756","4.715373992919922","4.715373992919922","4.715373992919922","0.007666396908462048","0.007666396908462048","0.007666396908462048"
"4560","","","","0.32554346323013306","0.32554346323013306","0.32554346323013306","4.818446636199951","4.818446636199951","4.818446636199951","0.007170653901994228","0.007170653901994228","0.007170653901994228"
"4570","","","","0.4155987501144409","0.4155987501144409","0.4155987501144409","4.761668682098389","4.761668682098389","4.761668682098389","0.05743773654103279","0.05743773654103279","0.05743773654103279"
"4580","","","","0.3363572955131531","0.3363572955131531","0.3363572955131531","4.694316387176514","4.694316387176514","4.694316387176514","0.01157182827591896","0.01157182827591896","0.01157182827591896"
"4590","","","","0.3146185874938965","0.3146185874938965","0.3146185874938965","4.536062717437744","4.536062717437744","4.536062717437744","0.015072712674736977","0.015072712674736977","0.015072712674736977"
"4600","","","","0.32641738653182983","0.32641738653182983","0.32641738653182983","4.7810378074646","4.7810378074646","4.7810378074646","0.009062630124390125","0.009062630124390125","0.009062630124390125"
"4610","","","","0.29962146282196045","0.29962146282196045","0.29962146282196045","4.677274227142334","4.677274227142334","4.677274227142334","0.008857039734721184","0.008857039734721184","0.008857039734721184"
"4620","","","","0.3255370259284973","0.3255370259284973","0.3255370259284973","4.6890974044799805","4.6890974044799805","4.6890974044799805","0.008344669826328754","0.008344669826328754","0.008344669826328754"
"4630","","","","0.31598222255706787","0.31598222255706787","0.31598222255706787","4.807944297790527","4.807944297790527","4.807944297790527","0.008049627766013145","0.008049627766013145","0.008049627766013145"
"4640","","","","0.3301103413105011","0.3301103413105011","0.3301103413105011","4.739019393920898","4.739019393920898","4.739019393920898","0.017945729196071625","0.017945729196071625","0.017945729196071625"
"4650","","","","0.31836819648742676","0.31836819648742676","0.31836819648742676","4.741806507110596","4.741806507110596","4.741806507110596","0.008936605416238308","0.008936605416238308","0.008936605416238308"
"4660","","","","0.2954453229904175","0.2954453229904175","0.2954453229904175","4.855475902557373","4.855475902557373","4.855475902557373","0.006468608044087887","0.006468608044087887","0.006468608044087887"
"4670","","","","0.21517086029052734","0.21517086029052734","0.21517086029052734","4.510159492492676","4.510159492492676","4.510159492492676","0.005584747530519962","0.005584747530519962","0.005584747530519962"
"4680","","","","0.23439067602157593","0.23439067602157593","0.23439067602157593","4.774750232696533","4.774750232696533","4.774750232696533","0.004920600913465023","0.004920600913465023","0.004920600913465023"
"4690","","","","0.3033837676048279","0.3033837676048279","0.3033837676048279","5.0117340087890625","5.0117340087890625","5.0117340087890625","0.007385643199086189","0.007385643199086189","0.007385643199086189"
"4700","","","","0.3259482681751251","0.3259482681751251","0.3259482681751251","4.779449939727783","4.779449939727783","4.779449939727783","0.01162557490170002","0.01162557490170002","0.01162557490170002"
"4710","","","","0.2807149887084961","0.2807149887084961","0.2807149887084961","4.947866916656494","4.947866916656494","4.947866916656494","0.006282052956521511","0.006282052956521511","0.006282052956521511"
"4720","","","","0.30340802669525146","0.30340802669525146","0.30340802669525146","4.691654205322266","4.691654205322266","4.691654205322266","0.007584491744637489","0.007584491744637489","0.007584491744637489"
"4730","","","","0.30316925048828125","0.30316925048828125","0.30316925048828125","4.688467025756836","4.688467025756836","4.688467025756836","0.00764410151168704","0.00764410151168704","0.00764410151168704"
"4740","","","","0.28133055567741394","0.28133055567741394","0.28133055567741394","4.0549702644348145","4.0549702644348145","4.0549702644348145","0.008395787328481674","0.008395787328481674","0.008395787328481674"
"4750","","","","0.26752516627311707","0.26752516627311707","0.26752516627311707","4.172364234924316","4.172364234924316","4.172364234924316","0.007024629041552544","0.007024629041552544","0.007024629041552544"
"4760","","","","0.3052727282047272","0.3052727282047272","0.3052727282047272","4.6807756423950195","4.6807756423950195","4.6807756423950195","0.008822969160974026","0.008822969160974026","0.008822969160974026"
"4770","","","","0.2884159982204437","0.2884159982204437","0.2884159982204437","4.668067932128906","4.668067932128906","4.668067932128906","0.007351747713983059","0.007351747713983059","0.007351747713983059"
"4780","","","","0.3176383972167969","0.3176383972167969","0.3176383972167969","4.7482452392578125","4.7482452392578125","4.7482452392578125","0.008178413845598698","0.008178413845598698","0.008178413845598698"
"4790","","","","0.29322314262390137","0.29322314262390137","0.29322314262390137","4.767308235168457","4.767308235168457","4.767308235168457","0.009678179398179054","0.009678179398179054","0.009678179398179054"
"4800","","","","0.27083781361579895","0.27083781361579895","0.27083781361579895","4.487363815307617","4.487363815307617","4.487363815307617","0.007830360904335976","0.007830360904335976","0.007830360904335976"
"4810","","","","0.27341100573539734","0.27341100573539734","0.27341100573539734","3.71176815032959","3.71176815032959","3.71176815032959","0.013010650873184204","0.013010650873184204","0.013010650873184204"
"4820","","","","0.2914082705974579","0.2914082705974579","0.2914082705974579","4.599555015563965","4.599555015563965","4.599555015563965","0.005549917463213205","0.005549917463213205","0.005549917463213205"
"4830","","","","0.2741849720478058","0.2741849720478058","0.2741849720478058","4.065826416015625","4.065826416015625","4.065826416015625","0.011289410293102264","0.011289410293102264","0.011289410293102264"
"4840","","","","0.2968149185180664","0.2968149185180664","0.2968149185180664","4.216742992401123","4.216742992401123","4.216742992401123","0.007886919192969799","0.007886919192969799","0.007886919192969799"
"4850","","","","0.2814093828201294","0.2814093828201294","0.2814093828201294","4.708823204040527","4.708823204040527","4.708823204040527","0.006686676759272814","0.006686676759272814","0.006686676759272814"
"4860","","","","0.28963354229927063","0.28963354229927063","0.28963354229927063","4.704722881317139","4.704722881317139","4.704722881317139","0.007430503144860268","0.007430503144860268","0.007430503144860268"
"4870","","","","0.2917598485946655","0.2917598485946655","0.2917598485946655","4.658436298370361","4.658436298370361","4.658436298370361","0.007081975229084492","0.007081975229084492","0.007081975229084492"
"4880","","","","0.281938374042511","0.281938374042511","0.281938374042511","4.643499374389648","4.643499374389648","4.643499374389648","0.004973649978637695","0.004973649978637695","0.004973649978637695"
"4890","","","","0.28118231892585754","0.28118231892585754","0.28118231892585754","4.6460490226745605","4.6460490226745605","4.6460490226745605","0.005707723554223776","0.005707723554223776","0.005707723554223776"
"4900","","","","0.30223768949508667","0.30223768949508667","0.30223768949508667","4.609627723693848","4.609627723693848","4.609627723693848","0.0071524702943861485","0.0071524702943861485","0.0071524702943861485"
"4910","","","","0.3233683705329895","0.3233683705329895","0.3233683705329895","5.03880500793457","5.03880500793457","5.03880500793457","0.008798550814390182","0.008798550814390182","0.008798550814390182"
"4920","","","","0.316766619682312","0.316766619682312","0.316766619682312","4.703476905822754","4.703476905822754","4.703476905822754","0.007337950635701418","0.007337950635701418","0.007337950635701418"
"4930","","","","0.37273359298706055","0.37273359298706055","0.37273359298706055","4.700084686279297","4.700084686279297","4.700084686279297","0.021338341757655144","0.021338341757655144","0.021338341757655144"
"4940","","","","0.26508790254592896","0.26508790254592896","0.26508790254592896","4.688398361206055","4.688398361206055","4.688398361206055","0.006208771839737892","0.006208771839737892","0.006208771839737892"
"4950","","","","0.27284473180770874","0.27284473180770874","0.27284473180770874","4.635897159576416","4.635897159576416","4.635897159576416","0.005464824847877026","0.005464824847877026","0.005464824847877026"
"4960","","","","0.2702973484992981","0.2702973484992981","0.2702973484992981","4.728893280029297","4.728893280029297","4.728893280029297","0.00627029687166214","0.00627029687166214","0.00627029687166214"
"4970","","","","0.2689187824726105","0.2689187824726105","0.2689187824726105","4.678884983062744","4.678884983062744","4.678884983062744","0.005447725765407085","0.005447725765407085","0.005447725765407085"
"4980","","","","0.3325614035129547","0.3325614035129547","0.3325614035129547","4.714498043060303","4.714498043060303","4.714498043060303","0.015483423136174679","0.015483423136174679","0.015483423136174679"
"4990","","","","0.22602640092372894","0.22602640092372894","0.22602640092372894","3.6756794452667236","3.6756794452667236","3.6756794452667236","0.005672543775290251","0.005672543775290251","0.005672543775290251"
"5000","","","","0.2837929129600525","0.2837929129600525","0.2837929129600525","4.485411167144775","4.485411167144775","4.485411167144775","0.008925298228859901","0.008925298228859901","0.008925298228859901"
"5010","","","","0.26975017786026","0.26975017786026","0.26975017786026","4.679161071777344","4.679161071777344","4.679161071777344","0.005213586613535881","0.005213586613535881","0.005213586613535881"
"5020","","","","0.3280777335166931","0.3280777335166931","0.3280777335166931","4.655516147613525","4.655516147613525","4.655516147613525","0.011845468543469906","0.011845468543469906","0.011845468543469906"
"5030","","","","0.331229567527771","0.331229567527771","0.331229567527771","4.68772029876709","4.68772029876709","4.68772029876709","0.009124679490923882","0.009124679490923882","0.009124679490923882"
"5040","","","","0.26889464259147644","0.26889464259147644","0.26889464259147644","4.624282360076904","4.624282360076904","4.624282360076904","0.006450425833463669","0.006450425833463669","0.006450425833463669"
"5050","","","","0.17547470331192017","0.17547470331192017","0.17547470331192017","3.413850784301758","3.413850784301758","3.413850784301758","0.003258061595261097","0.003258061595261097","0.003258061595261097"
"5060","","","","0.2310781627893448","0.2310781627893448","0.2310781627893448","3.6138358116149902","3.6138358116149902","3.6138358116149902","0.008958406746387482","0.008958406746387482","0.008958406746387482"
"5070","","","","0.27829909324645996","0.27829909324645996","0.27829909324645996","4.770634651184082","4.770634651184082","4.770634651184082","0.006250264588743448","0.006250264588743448","0.006250264588743448"
"5080","","","","0.28807806968688965","0.28807806968688965","0.28807806968688965","4.653395175933838","4.653395175933838","4.653395175933838","0.007683446165174246","0.007683446165174246","0.007683446165174246"
"5090","","","","0.2505095899105072","0.2505095899105072","0.2505095899105072","4.5426130294799805","4.5426130294799805","4.5426130294799805","0.007015850394964218","0.007015850394964218","0.007015850394964218"
"5100","","","","0.3842219412326813","0.3842219412326813","0.3842219412326813","4.660231113433838","4.660231113433838","4.660231113433838","0.017038967460393906","0.017038967460393906","0.017038967460393906"
"5110","","","","0.2814844846725464","0.2814844846725464","0.2814844846725464","4.574534893035889","4.574534893035889","4.574534893035889","0.007052034605294466","0.007052034605294466","0.007052034605294466"
"5120","","","","0.277186781167984","0.277186781167984","0.277186781167984","4.598380088806152","4.598380088806152","4.598380088806152","0.00880916602909565","0.00880916602909565","0.00880916602909565"
"5130","","","","0.2724009156227112","0.2724009156227112","0.2724009156227112","4.66736364364624","4.66736364364624","4.66736364364624","0.0064054373651742935","0.0064054373651742935","0.0064054373651742935"
"5140","","","","0.26514506340026855","0.26514506340026855","0.26514506340026855","4.688554763793945","4.688554763793945","4.688554763793945","0.007840250618755817","0.007840250618755817","0.007840250618755817"
"5150","","","","0.34845900535583496","0.34845900535583496","0.34845900535583496","4.714347839355469","4.714347839355469","4.714347839355469","0.008819550275802612","0.008819550275802612","0.008819550275802612"
"5160","","","","0.27559736371040344","0.27559736371040344","0.27559736371040344","4.6844329833984375","4.6844329833984375","4.6844329833984375","0.00700016412883997","0.00700016412883997","0.00700016412883997"
"5170","","","","0.2794007658958435","0.2794007658958435","0.2794007658958435","4.663735389709473","4.663735389709473","4.663735389709473","0.01049933210015297","0.01049933210015297","0.01049933210015297"
"5180","","","","0.27560460567474365","0.27560460567474365","0.27560460567474365","4.647958755493164","4.647958755493164","4.647958755493164","0.005841339472681284","0.005841339472681284","0.005841339472681284"
"5190","","","","0.27902868390083313","0.27902868390083313","0.27902868390083313","4.756312847137451","4.756312847137451","4.756312847137451","0.0063451011665165424","0.0063451011665165424","0.0063451011665165424"
"5200","","","","0.3012165129184723","0.3012165129184723","0.3012165129184723","4.811841011047363","4.811841011047363","4.811841011047363","0.006757656112313271","0.006757656112313271","0.006757656112313271"
"5210","","","","0.24634790420532227","0.24634790420532227","0.24634790420532227","3.6971030235290527","3.6971030235290527","3.6971030235290527","0.02230767533183098","0.02230767533183098","0.02230767533183098"
"5220","","","","0.24808524549007416","0.24808524549007416","0.24808524549007416","4.490108489990234","4.490108489990234","4.490108489990234","0.005829991772770882","0.005829991772770882","0.005829991772770882"
"5230","","","","0.2787672281265259","0.2787672281265259","0.2787672281265259","4.687570571899414","4.687570571899414","4.687570571899414","0.006144196726381779","0.006144196726381779","0.006144196726381779"
"5240","","","","0.29053816199302673","0.29053816199302673","0.29053816199302673","4.716163635253906","4.716163635253906","4.716163635253906","0.00703401630744338","0.00703401630744338","0.00703401630744338"
"5250","","","","0.2916686534881592","0.2916686534881592","0.2916686534881592","4.6435465812683105","4.6435465812683105","4.6435465812683105","0.008580068126320839","0.008580068126320839","0.008580068126320839"
"5260","","","","0.27208462357521057","0.27208462357521057","0.27208462357521057","4.676772117614746","4.676772117614746","4.676772117614746","0.00891480315476656","0.00891480315476656","0.00891480315476656"
"5270","","","","0.2690774202346802","0.2690774202346802","0.2690774202346802","4.722082138061523","4.722082138061523","4.722082138061523","0.008079901337623596","0.008079901337623596","0.008079901337623596"
"5280","","","","0.2618473172187805","0.2618473172187805","0.2618473172187805","4.675603866577148","4.675603866577148","4.675603866577148","0.010078174993395805","0.010078174993395805","0.010078174993395805"
"5290","","","","0.29298096895217896","0.29298096895217896","0.29298096895217896","4.615467071533203","4.615467071533203","4.615467071533203","0.010534726083278656","0.010534726083278656","0.010534726083278656"
"5300","","","","0.26487302780151367","0.26487302780151367","0.26487302780151367","4.629411697387695","4.629411697387695","4.629411697387695","0.00487500848248601","0.00487500848248601","0.00487500848248601"
"5310","","","","0.251669704914093","0.251669704914093","0.251669704914093","4.647258281707764","4.647258281707764","4.647258281707764","0.005168631207197905","0.005168631207197905","0.005168631207197905"
"5320","","","","0.2728387415409088","0.2728387415409088","0.2728387415409088","4.638274669647217","4.638274669647217","4.638274669647217","0.0049704136326909065","0.0049704136326909065","0.0049704136326909065"
"5330","","","","0.2790241241455078","0.2790241241455078","0.2790241241455078","4.6189069747924805","4.6189069747924805","4.6189069747924805","0.006404898129403591","0.006404898129403591","0.006404898129403591"
"5340","","","","0.2779664993286133","0.2779664993286133","0.2779664993286133","4.750947952270508","4.750947952270508","4.750947952270508","0.008291930891573429","0.008291930891573429","0.008291930891573429"
"5350","","","","0.31875917315483093","0.31875917315483093","0.31875917315483093","4.063523292541504","4.063523292541504","4.063523292541504","0.007373741827905178","0.007373741827905178","0.007373741827905178"
"5360","","","","0.23772238194942474","0.23772238194942474","0.23772238194942474","3.2868754863739014","3.2868754863739014","3.2868754863739014","0.005878860130906105","0.005878860130906105","0.005878860130906105"
"5370","","","","0.2472285032272339","0.2472285032272339","0.2472285032272339","4.446382999420166","4.446382999420166","4.446382999420166","0.005392066668719053","0.005392066668719053","0.005392066668719053"
"5380","","","","0.24965746700763702","0.24965746700763702","0.24965746700763702","4.725863456726074","4.725863456726074","4.725863456726074","0.0059655397199094296","0.0059655397199094296","0.0059655397199094296"
"5390","","","","0.24717551469802856","0.24717551469802856","0.24717551469802856","4.735352039337158","4.735352039337158","4.735352039337158","0.0045641385950148106","0.0045641385950148106","0.0045641385950148106"
"5400","","","","0.2850687801837921","0.2850687801837921","0.2850687801837921","4.641599178314209","4.641599178314209","4.641599178314209","0.007437723223119974","0.007437723223119974","0.007437723223119974"
"5410","","","","0.2584710717201233","0.2584710717201233","0.2584710717201233","4.658382892608643","4.658382892608643","4.658382892608643","0.005038545932620764","0.005038545932620764","0.005038545932620764"
"5420","","","","0.2662099003791809","0.2662099003791809","0.2662099003791809","4.704410076141357","4.704410076141357","4.704410076141357","0.0058306315913796425","0.0058306315913796425","0.0058306315913796425"
"5430","","","","0.26496922969818115","0.26496922969818115","0.26496922969818115","4.724343299865723","4.724343299865723","4.724343299865723","0.005568008404225111","0.005568008404225111","0.005568008404225111"
"5440","","","","0.29371774196624756","0.29371774196624756","0.29371774196624756","4.7691545486450195","4.7691545486450195","4.7691545486450195","0.006333939731121063","0.006333939731121063","0.006333939731121063"
"5450","","","","0.3012540936470032","0.3012540936470032","0.3012540936470032","4.61043643951416","4.61043643951416","4.61043643951416","0.023080486804246902","0.023080486804246902","0.023080486804246902"
"5460","","","","0.25455939769744873","0.25455939769744873","0.25455939769744873","4.69327449798584","4.69327449798584","4.69327449798584","0.006836100947111845","0.006836100947111845","0.006836100947111845"
"5470","","","","0.2737579941749573","0.2737579941749573","0.2737579941749573","4.699353218078613","4.699353218078613","4.699353218078613","0.00493734423071146","0.00493734423071146","0.00493734423071146"
"5480","","","","0.40088963508605957","0.40088963508605957","0.40088963508605957","4.654605388641357","4.654605388641357","4.654605388641357","0.04518935829401016","0.04518935829401016","0.04518935829401016"
"5490","","","","0.2540653347969055","0.2540653347969055","0.2540653347969055","4.537471294403076","4.537471294403076","4.537471294403076","0.004268514923751354","0.004268514923751354","0.004268514923751354"
"5500","","","","0.29214778542518616","0.29214778542518616","0.29214778542518616","4.539223670959473","4.539223670959473","4.539223670959473","0.004751694388687611","0.004751694388687611","0.004751694388687611"
"5510","","","","0.26073557138442993","0.26073557138442993","0.26073557138442993","4.518293857574463","4.518293857574463","4.518293857574463","0.005498416721820831","0.005498416721820831","0.005498416721820831"
"5520","","","","0.2320633977651596","0.2320633977651596","0.2320633977651596","4.678827285766602","4.678827285766602","4.678827285766602","0.0051130871288478374","0.0051130871288478374","0.0051130871288478374"
"5530","","","","0.2553943693637848","0.2553943693637848","0.2553943693637848","4.523691177368164","4.523691177368164","4.523691177368164","0.006132000591605902","0.006132000591605902","0.006132000591605902"
"5540","","","","0.23524387180805206","0.23524387180805206","0.23524387180805206","4.609519958496094","4.609519958496094","4.609519958496094","0.004506570287048817","0.004506570287048817","0.004506570287048817"
"5550","","","","0.1998596340417862","0.1998596340417862","0.1998596340417862","3.8558976650238037","3.8558976650238037","3.8558976650238037","0.0041563184931874275","0.0041563184931874275","0.0041563184931874275"
"5560","","","","0.29020190238952637","0.29020190238952637","0.29020190238952637","4.4785614013671875","4.4785614013671875","4.4785614013671875","0.0056199426762759686","0.0056199426762759686","0.0056199426762759686"
"5570","","","","0.25795993208885193","0.25795993208885193","0.25795993208885193","4.6691765785217285","4.6691765785217285","4.6691765785217285","0.004170690663158894","0.004170690663158894","0.004170690663158894"
"5580","","","","0.26124274730682373","0.26124274730682373","0.26124274730682373","4.636057376861572","4.636057376861572","4.636057376861572","0.006483827717602253","0.006483827717602253","0.006483827717602253"
"5590","","","","0.32002776861190796","0.32002776861190796","0.32002776861190796","4.66542387008667","4.66542387008667","4.66542387008667","0.010003190487623215","0.010003190487623215","0.010003190487623215"
"5600","","","","0.27173206210136414","0.27173206210136414","0.27173206210136414","4.739346504211426","4.739346504211426","4.739346504211426","0.005904452875256538","0.005904452875256538","0.005904452875256538"
"5610","","","","0.25337323546409607","0.25337323546409607","0.25337323546409607","4.673836708068848","4.673836708068848","4.673836708068848","0.0037514236755669117","0.0037514236755669117","0.0037514236755669117"
"5620","","","","0.2573222517967224","0.2573222517967224","0.2573222517967224","4.652397155761719","4.652397155761719","4.652397155761719","0.005397304426878691","0.005397304426878691","0.005397304426878691"
"5630","","","","0.29645708203315735","0.29645708203315735","0.29645708203315735","4.6719889640808105","4.6719889640808105","4.6719889640808105","0.011392809450626373","0.011392809450626373","0.011392809450626373"
"5640","","","","0.25762462615966797","0.25762462615966797","0.25762462615966797","4.595231056213379","4.595231056213379","4.595231056213379","0.007682350464165211","0.007682350464165211","0.007682350464165211"
"5650","","","","0.249638170003891","0.249638170003891","0.249638170003891","4.538118362426758","4.538118362426758","4.538118362426758","0.00524336751550436","0.00524336751550436","0.00524336751550436"
"5660","","","","0.32608291506767273","0.32608291506767273","0.32608291506767273","4.6418023109436035","4.6418023109436035","4.6418023109436035","0.005440547131001949","0.005440547131001949","0.005440547131001949"
"5670","","","","0.26179438829421997","0.26179438829421997","0.26179438829421997","4.5593366622924805","4.5593366622924805","4.5593366622924805","0.009090710431337357","0.009090710431337357","0.009090710431337357"
"5680","","","","0.37609416246414185","0.37609416246414185","0.37609416246414185","4.9290289878845215","4.9290289878845215","4.9290289878845215","0.038245417177677155","0.038245417177677155","0.038245417177677155"
"5690","","","","0.2629757523536682","0.2629757523536682","0.2629757523536682","4.615241050720215","4.615241050720215","4.615241050720215","0.00843377597630024","0.00843377597630024","0.00843377597630024"
"5700","","","","0.26253706216812134","0.26253706216812134","0.26253706216812134","4.698629379272461","4.698629379272461","4.698629379272461","0.008926276117563248","0.008926276117563248","0.008926276117563248"
"5710","","","","0.2765178680419922","0.2765178680419922","0.2765178680419922","4.6126508712768555","4.6126508712768555","4.6126508712768555","0.005662868730723858","0.005662868730723858","0.005662868730723858"
"5720","","","","0.3284732401371002","0.3284732401371002","0.3284732401371002","4.8655900955200195","4.8655900955200195","4.8655900955200195","0.01088471245020628","0.01088471245020628","0.01088471245020628"
"5730","","","","0.2829141914844513","0.2829141914844513","0.2829141914844513","4.767690181732178","4.767690181732178","4.767690181732178","0.009613086469471455","0.009613086469471455","0.009613086469471455"
"5740","","","","0.24699893593788147","0.24699893593788147","0.24699893593788147","4.642749786376953","4.642749786376953","4.642749786376953","0.006158109754323959","0.006158109754323959","0.006158109754323959"
"5750","","","","0.23231714963912964","0.23231714963912964","0.23231714963912964","4.654911041259766","4.654911041259766","4.654911041259766","0.003928829915821552","0.003928829915821552","0.003928829915821552"
"5760","","","","0.24186794459819794","0.24186794459819794","0.24186794459819794","4.793031692504883","4.793031692504883","4.793031692504883","0.006080347113311291","0.006080347113311291","0.006080347113311291"
"5770","","","","0.20377491414546967","0.20377491414546967","0.20377491414546967","4.0363922119140625","4.0363922119140625","4.0363922119140625","0.0050450945273041725","0.0050450945273041725","0.0050450945273041725"
"5780","","","","0.2309814691543579","0.2309814691543579","0.2309814691543579","4.054141521453857","4.054141521453857","4.054141521453857","0.0065186358988285065","0.0065186358988285065","0.0065186358988285065"
"5790","","","","0.2817097008228302","0.2817097008228302","0.2817097008228302","4.703702449798584","4.703702449798584","4.703702449798584","0.007303536403924227","0.007303536403924227","0.007303536403924227"
"5800","","","","0.26271575689315796","0.26271575689315796","0.26271575689315796","4.6208109855651855","4.6208109855651855","4.6208109855651855","0.014330191537737846","0.014330191537737846","0.014330191537737846"
"5810","","","","0.26301127672195435","0.26301127672195435","0.26301127672195435","4.714937686920166","4.714937686920166","4.714937686920166","0.0046476335264742374","0.0046476335264742374","0.0046476335264742374"
"5820","","","","0.255264550447464","0.255264550447464","0.255264550447464","4.675551414489746","4.675551414489746","4.675551414489746","0.004447502549737692","0.004447502549737692","0.004447502549737692"
"5830","","","","0.18188638985157013","0.18188638985157013","0.18188638985157013","3.6848907470703125","3.6848907470703125","3.6848907470703125","0.00452038086950779","0.00452038086950779","0.00452038086950779"
"5840","","","","0.24457582831382751","0.24457582831382751","0.24457582831382751","4.596529960632324","4.596529960632324","4.596529960632324","0.004783867858350277","0.004783867858350277","0.004783867858350277"
"5850","","","","0.22155092656612396","0.22155092656612396","0.22155092656612396","4.720504283905029","4.720504283905029","4.720504283905029","0.005319023970514536","0.005319023970514536","0.005319023970514536"
"5860","","","","0.31200242042541504","0.31200242042541504","0.31200242042541504","4.783519744873047","4.783519744873047","4.783519744873047","0.008829532191157341","0.008829532191157341","0.008829532191157341"
"5870","","","","0.2619797885417938","0.2619797885417938","0.2619797885417938","4.689465522766113","4.689465522766113","4.689465522766113","0.008320239372551441","0.008320239372551441","0.008320239372551441"
"5880","","","","0.23974935710430145","0.23974935710430145","0.23974935710430145","4.593897819519043","4.593897819519043","4.593897819519043","0.0036336889024823904","0.0036336889024823904","0.0036336889024823904"
"5890","","","","0.23145967721939087","0.23145967721939087","0.23145967721939087","4.7209954261779785","4.7209954261779785","4.7209954261779785","0.004672282375395298","0.004672282375395298","0.004672282375395298"
"5900","","","","0.281270295381546","0.281270295381546","0.281270295381546","4.632688522338867","4.632688522338867","4.632688522338867","0.006442319601774216","0.006442319601774216","0.006442319601774216"
"5910","","","","0.24323055148124695","0.24323055148124695","0.24323055148124695","4.634556293487549","4.634556293487549","4.634556293487549","0.005777354352176189","0.005777354352176189","0.005777354352176189"
"5920","","","","0.2568059265613556","0.2568059265613556","0.2568059265613556","4.667125701904297","4.667125701904297","4.667125701904297","0.004336461890488863","0.004336461890488863","0.004336461890488863"
"5930","","","","0.2646585702896118","0.2646585702896118","0.2646585702896118","4.634538650512695","4.634538650512695","4.634538650512695","0.006470121443271637","0.006470121443271637","0.006470121443271637"
"5940","","","","0.23629248142242432","0.23629248142242432","0.23629248142242432","4.725902080535889","4.725902080535889","4.725902080535889","0.0052208867855370045","0.0052208867855370045","0.0052208867855370045"
"5950","","","","0.24028021097183228","0.24028021097183228","0.24028021097183228","4.681880474090576","4.681880474090576","4.681880474090576","0.0044081429950892925","0.0044081429950892925","0.0044081429950892925"
"5960","","","","0.2394925355911255","0.2394925355911255","0.2394925355911255","4.568501949310303","4.568501949310303","4.568501949310303","0.004058395978063345","0.004058395978063345","0.004058395978063345"
"5970","","","","0.2609417736530304","0.2609417736530304","0.2609417736530304","4.655472755432129","4.655472755432129","4.655472755432129","0.006227751262485981","0.006227751262485981","0.006227751262485981"
"5980","","","","0.2580612003803253","0.2580612003803253","0.2580612003803253","4.577280521392822","4.577280521392822","4.577280521392822","0.004529412370175123","0.004529412370175123","0.004529412370175123"
"5990","","","","0.23376742005348206","0.23376742005348206","0.23376742005348206","4.6742634773254395","4.6742634773254395","4.6742634773254395","0.004576180130243301","0.004576180130243301","0.004576180130243301"
"6000","","","","0.27731794118881226","0.27731794118881226","0.27731794118881226","4.326074123382568","4.326074123382568","4.326074123382568","0.004351229872554541","0.004351229872554541","0.004351229872554541"