"Step","zip2zip_Phi-150M_compress_ms4_scratch_7404 - direction/compress_acc","zip2zip_Phi-150M_compress_ms4_scratch_7404 - direction/compress_acc__MIN","zip2zip_Phi-150M_compress_ms4_scratch_7404 - direction/compress_acc__MAX","zip2zip_Phi-50M_compress_ms4_scratch_89e4 - direction/compress_acc","zip2zip_Phi-50M_compress_ms4_scratch_89e4 - direction/compress_acc__MIN","zip2zip_Phi-50M_compress_ms4_scratch_89e4 - direction/compress_acc__MAX","zip2zip_Phi-1B_compress_ms4_scratch_fc71 - direction/compress_acc","zip2zip_Phi-1B_compress_ms4_scratch_fc71 - direction/compress_acc__MIN","zip2zip_Phi-1B_compress_ms4_scratch_fc71 - direction/compress_acc__MAX","zip2zip_Phi-7M_compress_ms4_scratch_b2d1 - direction/compress_acc","zip2zip_Phi-7M_compress_ms4_scratch_b2d1 - direction/compress_acc__MIN","zip2zip_Phi-7M_compress_ms4_scratch_b2d1 - direction/compress_acc__MAX","zip2zip_Phi-20M_compress_ms4_scratch_r1_7f36 - direction/compress_acc","zip2zip_Phi-20M_compress_ms4_scratch_r1_7f36 - direction/compress_acc__MIN","zip2zip_Phi-20M_compress_ms4_scratch_r1_7f36 - direction/compress_acc__MAX"
"10","0.0004205934461863713","0.0004205934461863713","0.0004205934461863713","0.0009872779787693361","0.0009872779787693361","0.0009872779787693361","0.004185463099438713","0.004185463099438713","0.004185463099438713","0.0007527878273556956","0.0007527878273556956","0.0007527878273556956","0.000740691113195468","0.000740691113195468","0.000740691113195468"
"20","0.010950269448757655","0.010950269448757655","0.010950269448757655","0.0006930431089763208","0.0006930431089763208","0.0006930431089763208","0.01487594434185858","0.01487594434185858","0.01487594434185858","0.0006591442612546529","0.0006591442612546529","0.0006591442612546529","0.0006233621442151146","0.0006233621442151146","0.0006233621442151146"
"30","0.01560738118888065","0.01560738118888065","0.01560738118888065","0.0004122422902763982","0.0004122422902763982","0.0004122422902763982","0.015560747445636713","0.015560747445636713","0.015560747445636713","0.0005194998997374521","0.0005194998997374521","0.0005194998997374521","0.0005306919981159968","0.0005306919981159968","0.0005306919981159968"
"40","0.015865269613517613","0.015865269613517613","0.015865269613517613","0.01121376277315114","0.01121376277315114","0.01121376277315114","0.01535131749464193","0.01535131749464193","0.01535131749464193","0.00045823394524056323","0.00045823394524056323","0.00045823394524056323","0.0004918569810548603","0.0004918569810548603","0.0004918569810548603"
"50","0.017985290176577434","0.017985290176577434","0.017985290176577434","0.015176019116815055","0.015176019116815055","0.015176019116815055","0.016698366733168567","0.016698366733168567","0.016698366733168567","0.00038058690408837803","0.00038058690408837803","0.00038058690408837803","0.0002670622040913557","0.0002670622040913557","0.0002670622040913557"
"60","0.017997458449805326","0.017997458449805326","0.017997458449805326","0.015067222776214336","0.015067222776214336","0.015067222776214336","0.015119110400827184","0.015119110400827184","0.015119110400827184","0.0003584963155069468","0.0003584963155069468","0.0003584963155069468","0.0003452885565145856","0.0003452885565145856","0.0003452885565145856"
"70","0.019291392184996283","0.019291392184996283","0.019291392184996283","0.015657237413989927","0.015657237413989927","0.015657237413989927","0.014723230122830052","0.014723230122830052","0.014723230122830052","0.00037036578619897116","0.00037036578619897116","0.00037036578619897116","0.004225407092933249","0.004225407092933249","0.004225407092933249"
"80","0.02072206398958588","0.02072206398958588","0.02072206398958588","0.018136999201399627","0.018136999201399627","0.018136999201399627","0.015361747503796814","0.015361747503796814","0.015361747503796814","0.0003111310120067027","0.0003111310120067027","0.0003111310120067027","0.01429356180382128","0.01429356180382128","0.01429356180382128"
"90","0.021952633384032687","0.021952633384032687","0.021952633384032687","0.01781280755122126","0.01781280755122126","0.01781280755122126","0.01701037845575736","0.01701037845575736","0.01701037845575736","0.0003886329068623065","0.0003886329068623065","0.0003886329068623065","0.01573916674122454","0.01573916674122454","0.01573916674122454"
"100","0.02318068492198002","0.02318068492198002","0.02318068492198002","0.0217792880980349","0.0217792880980349","0.0217792880980349","0.0188602671132845","0.0188602671132845","0.0188602671132845","0.00043061275623602533","0.00043061275623602533","0.00043061275623602533","0.013866302360653426","0.013866302360653426","0.013866302360653426"
"110","0.022233300870317982","0.022233300870317982","0.022233300870317982","0.02223233470914684","0.02223233470914684","0.02223233470914684","0.019842051971741718","0.019842051971741718","0.019842051971741718","0.0003478180216110931","0.0003478180216110931","0.0003478180216110931","0.014831540138199694","0.014831540138199694","0.014831540138199694"
"120","0.03419557400235697","0.03419557400235697","0.03419557400235697","0.022175801959853515","0.022175801959853515","0.022175801959853515","0.022323965559761107","0.022323965559761107","0.022323965559761107","0.0005302697259850686","0.0005302697259850686","0.0005302697259850686","0.01499279164591239","0.01499279164591239","0.01499279164591239"
"130","0.02756433642971403","0.02756433642971403","0.02756433642971403","0.026268720942197777","0.026268720942197777","0.026268720942197777","0.023665328955369085","0.023665328955369085","0.023665328955369085","0.0005051497207644599","0.0005051497207644599","0.0005051497207644599","0.01793936332425935","0.01793936332425935","0.01793936332425935"
"140","0.023451686289711025","0.023451686289711025","0.023451686289711025","0.02720380555968485","0.02720380555968485","0.02720380555968485","0.02490812576561862","0.02490812576561862","0.02490812576561862","0.0021893634757344763","0.0021893634757344763","0.0021893634757344763","0.02691778643780119","0.02691778643780119","0.02691778643780119"
"150","0.0226908320855696","0.0226908320855696","0.0226908320855696","0.028587285216533177","0.028587285216533177","0.028587285216533177","0.02157139623577857","0.02157139623577857","0.02157139623577857","0.0027161946000005682","0.0027161946000005682","0.0027161946000005682","0.018030304321761094","0.018030304321761094","0.018030304321761094"
"160","0.027399064619530088","0.027399064619530088","0.027399064619530088","0.031113490384172104","0.031113490384172104","0.031113490384172104","0.026197615353712497","0.026197615353712497","0.026197615353712497","0.00666112827093857","0.00666112827093857","0.00666112827093857","0.016119365913275497","0.016119365913275497","0.016119365913275497"
"170","0.02872499812720054","0.02872499812720054","0.02872499812720054","0.03293598771443554","0.03293598771443554","0.03293598771443554","0.026060940894449023","0.026060940894449023","0.026060940894449023","0.00898194621319949","0.00898194621319949","0.00898194621319949","0.018067832796464154","0.018067832796464154","0.018067832796464154"
"180","0.03128376235789994","0.03128376235789994","0.03128376235789994","0.037009390554069814","0.037009390554069814","0.037009390554069814","0.030064926621972906","0.030064926621972906","0.030064926621972906","0.011850675317313548","0.011850675317313548","0.011850675317313548","0.020908224381765917","0.020908224381765917","0.020908224381765917"
"190","0.034232693942693494","0.034232693942693494","0.034232693942693494","0.04142397416583387","0.04142397416583387","0.04142397416583387","0.03341139268827469","0.03341139268827469","0.03341139268827469","0.013079292394433423","0.013079292394433423","0.013079292394433423","0.02249675581343317","0.02249675581343317","0.02249675581343317"
"200","0.03951813580964738","0.03951813580964738","0.03951813580964738","0.044428573832310365","0.044428573832310365","0.044428573832310365","0.03797199750972646","0.03797199750972646","0.03797199750972646","0.01302719670356584","0.01302719670356584","0.01302719670356584","0.024060491959893883","0.024060491959893883","0.024060491959893883"
"210","0.04397167521261453","0.04397167521261453","0.04397167521261453","0.046599389655736505","0.046599389655736505","0.046599389655736505","0.040767649873738085","0.040767649873738085","0.040767649873738085","0.012843365655631206","0.012843365655631206","0.012843365655631206","0.026409705338726025","0.026409705338726025","0.026409705338726025"
"220","0.04841999998141231","0.04841999998141231","0.04841999998141231","0.05072859093236776","0.05072859093236776","0.05072859093236776","0.041800923994011044","0.041800923994011044","0.041800923994011044","0.013848757552410312","0.013848757552410312","0.013848757552410312","0.02925144588984378","0.02925144588984378","0.02925144588984378"
"230","0.16841395707437254","0.16841395707437254","0.16841395707437254","0.17753123802057982","0.17753123802057982","0.17753123802057982","0.17038235078757286","0.17038235078757286","0.17038235078757286","0.034608410252876136","0.034608410252876136","0.034608410252876136","0.1606728288445055","0.1606728288445055","0.1606728288445055"
"240","0.18315489882063352","0.18315489882063352","0.18315489882063352","0.18441770449278908","0.18441770449278908","0.18441770449278908","0.1794188316162951","0.1794188316162951","0.1794188316162951","0.14896619804681782","0.14896619804681782","0.14896619804681782","0.16677581780555997","0.16677581780555997","0.16677581780555997"
"250","0.05438209707593078","0.05438209707593078","0.05438209707593078","0.05513288578567129","0.05513288578567129","0.05513288578567129","0.04873162499487231","0.04873162499487231","0.04873162499487231","0.011010931750730516","0.011010931750730516","0.011010931750730516","0.03450384504942136","0.03450384504942136","0.03450384504942136"
"260","0.05528286625113004","0.05528286625113004","0.05528286625113004","0.05606604177570538","0.05606604177570538","0.05606604177570538","0.04893657515344721","0.04893657515344721","0.04893657515344721","0.01415711091021554","0.01415711091021554","0.01415711091021554","0.035590236475234335","0.035590236475234335","0.035590236475234335"
"270","0.05895045519025289","0.05895045519025289","0.05895045519025289","0.05904764218738027","0.05904764218738027","0.05904764218738027","0.05206886820134903","0.05206886820134903","0.05206886820134903","0.014869610560488626","0.014869610560488626","0.014869610560488626","0.03921962579268144","0.03921962579268144","0.03921962579268144"
"280","0.062289957089268294","0.062289957089268294","0.062289957089268294","0.05925758595307674","0.05925758595307674","0.05925758595307674","0.05307989551337335","0.05307989551337335","0.05307989551337335","0.014026630880603259","0.014026630880603259","0.014026630880603259","0.039975036540646505","0.039975036540646505","0.039975036540646505"
"290","0.064737680712873","0.064737680712873","0.064737680712873","0.060417438138554935","0.060417438138554935","0.060417438138554935","0.05666631803204235","0.05666631803204235","0.05666631803204235","0.010231012840118988","0.010231012840118988","0.010231012840118988","0.04075538758276539","0.04075538758276539","0.04075538758276539"
"300","0.06872439979669327","0.06872439979669327","0.06872439979669327","0.06438451131641104","0.06438451131641104","0.06438451131641104","0.060008184590546236","0.060008184590546236","0.060008184590546236","0.011665844470356086","0.011665844470356086","0.011665844470356086","0.04354463778515263","0.04354463778515263","0.04354463778515263"
"310","0.0729390768171631","0.0729390768171631","0.0729390768171631","0.06876166886792806","0.06876166886792806","0.06876166886792806","0.06295857014041928","0.06295857014041928","0.06295857014041928","0.01297746482035088","0.01297746482035088","0.01297746482035088","0.04537809938227492","0.04537809938227492","0.04537809938227492"
"320","0.07842094918997838","0.07842094918997838","0.07842094918997838","0.07096931183258617","0.07096931183258617","0.07096931183258617","0.06905539593257776","0.06905539593257776","0.06905539593257776","0.015910303325253394","0.015910303325253394","0.015910303325253394","0.04752220423214069","0.04752220423214069","0.04752220423214069"
"330","0.07625666958212228","0.07625666958212228","0.07625666958212228","0.06950592575900513","0.06950592575900513","0.06950592575900513","0.06456079106877546","0.06456079106877546","0.06456079106877546","0.015126631350186959","0.015126631350186959","0.015126631350186959","0.04625739526321217","0.04625739526321217","0.04625739526321217"
"340","0.0771146383394421","0.0771146383394421","0.0771146383394421","0.07038025606805919","0.07038025606805919","0.07038025606805919","0.06532081581791399","0.06532081581791399","0.06532081581791399","0.015097554315427543","0.015097554315427543","0.015097554315427543","0.046538773657834924","0.046538773657834924","0.046538773657834924"
"350","0.08393020684549937","0.08393020684549937","0.08393020684549937","0.07511353013471768","0.07511353013471768","0.07511353013471768","0.0678504486635","0.0678504486635","0.0678504486635","0.01638440330838913","0.01638440330838913","0.01638440330838913","0.05054831377498968","0.05054831377498968","0.05054831377498968"
"360","0.07508542234780037","0.07508542234780037","0.07508542234780037","0.0682680618983474","0.0682680618983474","0.0682680618983474","0.05957079377073956","0.05957079377073956","0.05957079377073956","0.015955087557906495","0.015955087557906495","0.015955087557906495","0.046897074284587836","0.046897074284587836","0.046897074284587836"
"370","0.0880834598618798","0.0880834598618798","0.0880834598618798","0.07739922613508352","0.07739922613508352","0.07739922613508352","0.07210657785179017","0.07210657785179017","0.07210657785179017","0.017056374589802616","0.017056374589802616","0.017056374589802616","0.05136405936229613","0.05136405936229613","0.05136405936229613"
"380","0.08629309904085553","0.08629309904085553","0.08629309904085553","0.07574086989571245","0.07574086989571245","0.07574086989571245","0.07249774032390781","0.07249774032390781","0.07249774032390781","0.01815650945880637","0.01815650945880637","0.01815650945880637","0.050281048721221085","0.050281048721221085","0.050281048721221085"
"390","0.0955045060866317","0.0955045060866317","0.0955045060866317","0.08619871010424536","0.08619871010424536","0.08619871010424536","0.07888415933306758","0.07888415933306758","0.07888415933306758","0.020589828574508157","0.020589828574508157","0.020589828574508157","0.057185812075884745","0.057185812075884745","0.057185812075884745"
"400","0.09690274489493933","0.09690274489493933","0.09690274489493933","0.08801790470553418","0.08801790470553418","0.08801790470553418","0.0814007472625037","0.0814007472625037","0.0814007472625037","0.02346108316069843","0.02346108316069843","0.02346108316069843","0.05811445693992305","0.05811445693992305","0.05811445693992305"
"410","0.10074459995207086","0.10074459995207086","0.10074459995207086","0.09115877188182259","0.09115877188182259","0.09115877188182259","0.08474022972021836","0.08474022972021836","0.08474022972021836","0.026322344225576423","0.026322344225576423","0.026322344225576423","0.06128797299362769","0.06128797299362769","0.06128797299362769"
"420","0.1035527076687746","0.1035527076687746","0.1035527076687746","0.09177346242095248","0.09177346242095248","0.09177346242095248","0.08616878392747215","0.08616878392747215","0.08616878392747215","0.026812729680825265","0.026812729680825265","0.026812729680825265","0.06182494823437237","0.06182494823437237","0.06182494823437237"
"430","0.10565297030398711","0.10565297030398711","0.10565297030398711","0.0934569457001916","0.0934569457001916","0.0934569457001916","0.08871045567615933","0.08871045567615933","0.08871045567615933","0.028255950679977326","0.028255950679977326","0.028255950679977326","0.06298702819692406","0.06298702819692406","0.06298702819692406"
"440","0.13393958225177985","0.13393958225177985","0.13393958225177985","0.1235122809793905","0.1235122809793905","0.1235122809793905","0.11697374744045747","0.11697374744045747","0.11697374744045747","0.06061459899374516","0.06061459899374516","0.06061459899374516","0.09408984500896443","0.09408984500896443","0.09408984500896443"
"450","0.10453782270150885","0.10453782270150885","0.10453782270150885","0.09403652494656856","0.09403652494656856","0.09403652494656856","0.09046065605174493","0.09046065605174493","0.09046065605174493","0.029565712225189594","0.029565712225189594","0.029565712225189594","0.06355806467364562","0.06355806467364562","0.06355806467364562"
"460","0.16295475997446413","0.16295475997446413","0.16295475997446413","0.15068617889999883","0.15068617889999883","0.15068617889999883","0.1407538176534405","0.1407538176534405","0.1407538176534405","0.08667414726997145","0.08667414726997145","0.08667414726997145","0.12165282167573348","0.12165282167573348","0.12165282167573348"
"470","0.23441606791698752","0.23441606791698752","0.23441606791698752","0.2229385297805044","0.2229385297805044","0.2229385297805044","0.21818035252514326","0.21818035252514326","0.21818035252514326","0.16544265049353096","0.16544265049353096","0.16544265049353096","0.19661051465955592","0.19661051465955592","0.19661051465955592"
"480","0.17488095286259311","0.17488095286259311","0.17488095286259311","0.16275978978116365","0.16275978978116365","0.16275978978116365","0.1599874176177626","0.1599874176177626","0.1599874176177626","0.10004713336111437","0.10004713336111437","0.10004713336111437","0.1337262462020221","0.1337262462020221","0.1337262462020221"
"490","0.11999050531283598","0.11999050531283598","0.11999050531283598","0.10386722331597295","0.10386722331597295","0.10386722331597295","0.102957781221929","0.102957781221929","0.102957781221929","0.034805475269597916","0.034805475269597916","0.034805475269597916","0.07254778759826302","0.07254778759826302","0.07254778759826302"
"500","0.12282787006933","0.12282787006933","0.12282787006933","0.1088189774194985","0.1088189774194985","0.1088189774194985","0.11319385679716147","0.11319385679716147","0.11319385679716147","0.03623773363618819","0.03623773363618819","0.03623773363618819","0.07748407785151205","0.07748407785151205","0.07748407785151205"
"510","0.12202809756709884","0.12202809756709884","0.12202809756709884","0.10653576251177962","0.10653576251177962","0.10653576251177962","0.11291729391317831","0.11291729391317831","0.11291729391317831","0.0365539730432447","0.0365539730432447","0.0365539730432447","0.07456903434341942","0.07456903434341942","0.07456903434341942"
"520","0.10127650469570382","0.10127650469570382","0.10127650469570382","0.08775981311255579","0.08775981311255579","0.08775981311255579","0.10158269612621727","0.10158269612621727","0.10158269612621727","0.032369598880003396","0.032369598880003396","0.032369598880003396","0.06238465944042594","0.06238465944042594","0.06238465944042594"
"530","0.10319445287830945","0.10319445287830945","0.10319445287830945","0.09075270980082585","0.09075270980082585","0.09075270980082585","0.10741760535584163","0.10741760535584163","0.10741760535584163","0.033173237490891426","0.033173237490891426","0.033173237490891426","0.0639298563881467","0.0639298563881467","0.0639298563881467"
"540","0.12290252301899009","0.12290252301899009","0.12290252301899009","0.10385197147487121","0.10385197147487121","0.10385197147487121","0.1403083958615121","0.1403083958615121","0.1403083958615121","0.038266687256158706","0.038266687256158706","0.038266687256158706","0.07507939667826996","0.07507939667826996","0.07507939667826996"
"550","0.12076723192752624","0.12076723192752624","0.12076723192752624","0.09862117339865727","0.09862117339865727","0.09862117339865727","0.14765498300909716","0.14765498300909716","0.14765498300909716","0.03646550306789648","0.03646550306789648","0.03646550306789648","0.0715271771752782","0.0715271771752782","0.0715271771752782"
"560","0.140272311347176","0.140272311347176","0.140272311347176","0.11120886740735701","0.11120886740735701","0.11120886740735701","0.1947569487484657","0.1947569487484657","0.1947569487484657","0.04105360576273366","0.04105360576273366","0.04105360576273366","0.08004749464799811","0.08004749464799811","0.08004749464799811"
"570","0.16017395638583445","0.16017395638583445","0.16017395638583445","0.11512793372074095","0.11512793372074095","0.11512793372074095","0.2535361904875763","0.2535361904875763","0.2535361904875763","0.04249774001999266","0.04249774001999266","0.04249774001999266","0.08300173165507785","0.08300173165507785","0.08300173165507785"
"580","0.1727947114391421","0.1727947114391421","0.1727947114391421","0.11005127049411234","0.11005127049411234","0.11005127049411234","0.3040668957875561","0.3040668957875561","0.3040668957875561","0.04025485003849982","0.04025485003849982","0.04025485003849982","0.07938663211072924","0.07938663211072924","0.07938663211072924"
"590","0.20917608752787253","0.20917608752787253","0.20917608752787253","0.11683477637430963","0.11683477637430963","0.11683477637430963","0.4018092882741738","0.4018092882741738","0.4018092882741738","0.043869807768925226","0.043869807768925226","0.043869807768925226","0.08450867728415447","0.08450867728415447","0.08450867728415447"
"600","0.2501079517339921","0.2501079517339921","0.2501079517339921","0.11766275692976003","0.11766275692976003","0.11766275692976003","0.47273871232577147","0.47273871232577147","0.47273871232577147","0.043246483923994564","0.043246483923994564","0.043246483923994564","0.08433763966545155","0.08433763966545155","0.08433763966545155"
"610","0.3098538192683052","0.3098538192683052","0.3098538192683052","0.12148033005850022","0.12148033005850022","0.12148033005850022","0.551541157252491","0.551541157252491","0.551541157252491","0.04434381559168059","0.04434381559168059","0.04434381559168059","0.08747294888561044","0.08747294888561044","0.08747294888561044"
"620","0.35751180102098035","0.35751180102098035","0.35751180102098035","0.12020879490584156","0.12020879490584156","0.12020879490584156","0.5791787488326201","0.5791787488326201","0.5791787488326201","0.043915158928583206","0.043915158928583206","0.043915158928583206","0.08651663263084786","0.08651663263084786","0.08651663263084786"
"630","0.4260601797957794","0.4260601797957794","0.4260601797957794","0.1252389332129575","0.1252389332129575","0.1252389332129575","0.6188747170496934","0.6188747170496934","0.6188747170496934","0.04550243639295839","0.04550243639295839","0.04550243639295839","0.08947270331448715","0.08947270331448715","0.08947270331448715"
"640","0.46472580920118434","0.46472580920118434","0.46472580920118434","0.12820840043542153","0.12820840043542153","0.12820840043542153","0.6345744878416254","0.6345744878416254","0.6345744878416254","0.051252503530895215","0.051252503530895215","0.051252503530895215","0.09323468096230823","0.09323468096230823","0.09323468096230823"
"650","0.4930818652225327","0.4930818652225327","0.4930818652225327","0.11911563114328108","0.11911563114328108","0.11911563114328108","0.6407616350448531","0.6407616350448531","0.6407616350448531","0.04467318686119292","0.04467318686119292","0.04467318686119292","0.08499005777037968","0.08499005777037968","0.08499005777037968"
"660","0.5365159219231652","0.5365159219231652","0.5365159219231652","0.13420696656807335","0.13420696656807335","0.13420696656807335","0.6715774269506684","0.6715774269506684","0.6715774269506684","0.04835610054439015","0.04835610054439015","0.04835610054439015","0.09249906180373785","0.09249906180373785","0.09249906180373785"
"670","0.5393548731805241","0.5393548731805241","0.5393548731805241","0.13072176043598727","0.13072176043598727","0.13072176043598727","0.6544083411569844","0.6544083411569844","0.6544083411569844","0.046004022501583815","0.046004022501583815","0.046004022501583815","0.087546655675391","0.087546655675391","0.087546655675391"
"680","0.5956120691600172","0.5956120691600172","0.5956120691600172","0.1436014199011785","0.1436014199011785","0.1436014199011785","0.692759293659329","0.692759293659329","0.692759293659329","0.04771484654087104","0.04771484654087104","0.04771484654087104","0.09284540525092692","0.09284540525092692","0.09284540525092692"
"690","0.6478637494973208","0.6478637494973208","0.6478637494973208","0.1405454657435485","0.1405454657435485","0.1405454657435485","0.7238543444158234","0.7238543444158234","0.7238543444158234","0.045460309179374034","0.045460309179374034","0.045460309179374034","0.0865323652910467","0.0865323652910467","0.0865323652910467"
"700","0.6552439955288947","0.6552439955288947","0.6552439955288947","0.16127361890934197","0.16127361890934197","0.16127361890934197","0.7213561737528394","0.7213561737528394","0.7213561737528394","0.047760709100323887","0.047760709100323887","0.047760709100323887","0.0900211463714728","0.0900211463714728","0.0900211463714728"
"710","0.6504237148477706","0.6504237148477706","0.6504237148477706","0.18696941474710357","0.18696941474710357","0.18696941474710357","0.6931784687503826","0.6931784687503826","0.6931784687503826","0.04882867493410502","0.04882867493410502","0.04882867493410502","0.09310143824799867","0.09310143824799867","0.09310143824799867"
"720","0.6657364006560126","0.6657364006560126","0.6657364006560126","0.21140981198784503","0.21140981198784503","0.21140981198784503","0.7102737139758509","0.7102737139758509","0.7102737139758509","0.05130185192019964","0.05130185192019964","0.05130185192019964","0.09554768819905989","0.09554768819905989","0.09554768819905989"
"730","0.684799118724105","0.684799118724105","0.684799118724105","0.24291670739685237","0.24291670739685237","0.24291670739685237","0.7252037762521713","0.7252037762521713","0.7252037762521713","0.05105027483476077","0.05105027483476077","0.05105027483476077","0.09641116934483303","0.09641116934483303","0.09641116934483303"
"740","0.6899593816330889","0.6899593816330889","0.6899593816330889","0.27672750916228633","0.27672750916228633","0.27672750916228633","0.7218568018281101","0.7218568018281101","0.7218568018281101","0.05242113062330009","0.05242113062330009","0.05242113062330009","0.09624984170366548","0.09624984170366548","0.09624984170366548"
"750","0.6885717285081692","0.6885717285081692","0.6885717285081692","0.30053061536112385","0.30053061536112385","0.30053061536112385","0.7185696289509849","0.7185696289509849","0.7185696289509849","0.0489912582073599","0.0489912582073599","0.0489912582073599","0.09126488776912506","0.09126488776912506","0.09126488776912506"
"760","0.6861476332515928","0.6861476332515928","0.6861476332515928","0.3365334687674109","0.3365334687674109","0.3365334687674109","0.7256910359569896","0.7256910359569896","0.7256910359569896","0.0515230648529618","0.0515230648529618","0.0515230648529618","0.09561178428080336","0.09561178428080336","0.09561178428080336"
"770","0.7169645945827502","0.7169645945827502","0.7169645945827502","0.40022919205604296","0.40022919205604296","0.40022919205604296","0.7567869474284894","0.7567869474284894","0.7567869474284894","0.054088579279658135","0.054088579279658135","0.054088579279658135","0.10049950441180722","0.10049950441180722","0.10049950441180722"
"780","0.7186646092519369","0.7186646092519369","0.7186646092519369","0.43561596689982773","0.43561596689982773","0.43561596689982773","0.7461021635001768","0.7461021635001768","0.7461021635001768","0.05833659531900329","0.05833659531900329","0.05833659531900329","0.10302579899738852","0.10302579899738852","0.10302579899738852"
"790","0.7621702159404102","0.7621702159404102","0.7621702159404102","0.5335161876109414","0.5335161876109414","0.5335161876109414","0.8090269652151075","0.8090269652151075","0.8090269652151075","0.14709209581046379","0.14709209581046379","0.14709209581046379","0.19030061611127405","0.19030061611127405","0.19030061611127405"
"800","0.7053222477358869","0.7053222477358869","0.7053222477358869","0.4783418803581471","0.4783418803581471","0.4783418803581471","0.7745916888470604","0.7745916888470604","0.7745916888470604","0.05259822258679377","0.05259822258679377","0.05259822258679377","0.09616949278348161","0.09616949278348161","0.09616949278348161"
"810","0.7104087773214669","0.7104087773214669","0.7104087773214669","0.5024632266992005","0.5024632266992005","0.5024632266992005","0.7902495028588573","0.7902495028588573","0.7902495028588573","0.053052366164682674","0.053052366164682674","0.053052366164682674","0.09687177307837556","0.09687177307837556","0.09687177307837556"
"820","0.7309888926005552","0.7309888926005552","0.7309888926005552","0.5459318709367961","0.5459318709367961","0.5459318709367961","0.8232228493986624","0.8232228493986624","0.8232228493986624","0.058509185422478044","0.058509185422478044","0.058509185422478044","0.10448911767980883","0.10448911767980883","0.10448911767980883"
"830","0.7284201155259473","0.7284201155259473","0.7284201155259473","0.5674904612680057","0.5674904612680057","0.5674904612680057","0.8291526938994374","0.8291526938994374","0.8291526938994374","0.05638815666527996","0.05638815666527996","0.05638815666527996","0.10182848782338484","0.10182848782338484","0.10182848782338484"
"840","0.730622453423937","0.730622453423937","0.730622453423937","0.5842734021030641","0.5842734021030641","0.5842734021030641","0.8526450452420862","0.8526450452420862","0.8526450452420862","0.05729784357683047","0.05729784357683047","0.05729784357683047","0.10359485565709911","0.10359485565709911","0.10359485565709911"
"850","0.7538957907010503","0.7538957907010503","0.7538957907010503","0.6168830864758301","0.6168830864758301","0.6168830864758301","0.8811290979672303","0.8811290979672303","0.8811290979672303","0.05883559430768294","0.05883559430768294","0.05883559430768294","0.10580142448408109","0.10580142448408109","0.10580142448408109"
"860","0.7617398402425515","0.7617398402425515","0.7617398402425515","0.6498884242106212","0.6498884242106212","0.6498884242106212","0.861282406008661","0.861282406008661","0.861282406008661","0.12756001505345566","0.12756001505345566","0.12756001505345566","0.19846815187028585","0.19846815187028585","0.19846815187028585"
"870","0.7667574771486858","0.7667574771486858","0.7667574771486858","0.6681560566789853","0.6681560566789853","0.6681560566789853","0.9022944209498126","0.9022944209498126","0.9022944209498126","0.06075074086269345","0.06075074086269345","0.06075074086269345","0.1087904669228491","0.1087904669228491","0.1087904669228491"
"880","0.7627218836071538","0.7627218836071538","0.7627218836071538","0.6628686924179096","0.6628686924179096","0.6628686924179096","0.9055004120297849","0.9055004120297849","0.9055004120297849","0.0587615720977884","0.0587615720977884","0.0587615720977884","0.10445326245926102","0.10445326245926102","0.10445326245926102"
"890","0.754878324741702","0.754878324741702","0.754878324741702","0.658361157869912","0.658361157869912","0.658361157869912","0.898534091701143","0.898534091701143","0.898534091701143","0.0594326372504743","0.0594326372504743","0.0594326372504743","0.10624374007602137","0.10624374007602137","0.10624374007602137"
"900","0.7906603063485019","0.7906603063485019","0.7906603063485019","0.687644737711309","0.687644737711309","0.687644737711309","0.9213966648337487","0.9213966648337487","0.9213966648337487","0.06320868561178054","0.06320868561178054","0.06320868561178054","0.11283330960774626","0.11283330960774626","0.11283330960774626"
"910","0.797736390595015","0.797736390595015","0.797736390595015","0.6884070834493417","0.6884070834493417","0.6884070834493417","0.9220172171842971","0.9220172171842971","0.9220172171842971","0.06166812728084714","0.06166812728084714","0.06166812728084714","0.10830345147179457","0.10830345147179457","0.10830345147179457"
"920","0.8154554640317752","0.8154554640317752","0.8154554640317752","0.699573009745808","0.699573009745808","0.699573009745808","0.9250573899114821","0.9250573899114821","0.9250573899114821","0.06269632471747401","0.06269632471747401","0.06269632471747401","0.10904781638953431","0.10904781638953431","0.10904781638953431"
"930","0.7876639566182605","0.7876639566182605","0.7876639566182605","0.6619538096113196","0.6619538096113196","0.6619538096113196","0.9045393392696922","0.9045393392696922","0.9045393392696922","0.06044197407355359","0.06044197407355359","0.06044197407355359","0.10805339381723732","0.10805339381723732","0.10805339381723732"
"940","0.8300283955565302","0.8300283955565302","0.8300283955565302","0.7176097822881298","0.7176097822881298","0.7176097822881298","0.9352072762195721","0.9352072762195721","0.9352072762195721","0.07803957228956662","0.07803957228956662","0.07803957228956662","0.12522875248602908","0.12522875248602908","0.12522875248602908"
"950","0.7700964385093325","0.7700964385093325","0.7700964385093325","0.7595466500641653","0.7595466500641653","0.7595466500641653","0.8679580193893498","0.8679580193893498","0.8679580193893498","0.348469562786679","0.348469562786679","0.348469562786679","0.38008716313228214","0.38008716313228214","0.38008716313228214"
"960","0.8597892190352459","0.8597892190352459","0.8597892190352459","0.7807096466699769","0.7807096466699769","0.7807096466699769","0.9280161476785845","0.9280161476785845","0.9280161476785845","0.34596177370601416","0.34596177370601416","0.34596177370601416","0.37861054800810867","0.37861054800810867","0.37861054800810867"
"970","0.8484438632263698","0.8484438632263698","0.8484438632263698","0.7293900257257401","0.7293900257257401","0.7293900257257401","0.9345756558757852","0.9345756558757852","0.9345756558757852","0.07418490072550692","0.07418490072550692","0.07418490072550692","0.12010040314230867","0.12010040314230867","0.12010040314230867"
"980","0.8553830773284561","0.8553830773284561","0.8553830773284561","0.7549899638854876","0.7549899638854876","0.7549899638854876","0.9495220252026597","0.9495220252026597","0.9495220252026597","0.10787854363966086","0.10787854363966086","0.10787854363966086","0.13821260287986112","0.13821260287986112","0.13821260287986112"
"990","0.8844787287296706","0.8844787287296706","0.8844787287296706","0.7629804996104439","0.7629804996104439","0.7629804996104439","0.9546185925543967","0.9546185925543967","0.9546185925543967","0.0808159601335406","0.0808159601335406","0.0808159601335406","0.11419264021197875","0.11419264021197875","0.11419264021197875"
"1000","0.8944766174845199","0.8944766174845199","0.8944766174845199","0.737127156967859","0.737127156967859","0.737127156967859","0.946632803750177","0.946632803750177","0.946632803750177","0.06490811220370714","0.06490811220370714","0.06490811220370714","0.11327678888335133","0.11327678888335133","0.11327678888335133"
"1010","0.896113786748327","0.896113786748327","0.896113786748327","0.724132788722619","0.724132788722619","0.724132788722619","0.9478993251766781","0.9478993251766781","0.9478993251766781","0.06619833896858485","0.06619833896858485","0.06619833896858485","0.11377924507951098","0.11377924507951098","0.11377924507951098"
"1020","0.9098249267998824","0.9098249267998824","0.9098249267998824","0.7349543987783635","0.7349543987783635","0.7349543987783635","0.9533181718416542","0.9533181718416542","0.9533181718416542","0.06883379487155539","0.06883379487155539","0.06883379487155539","0.1180261418984865","0.1180261418984865","0.1180261418984865"
"1030","0.9154994952898379","0.9154994952898379","0.9154994952898379","0.7345849026883389","0.7345849026883389","0.7345849026883389","0.9577488155855244","0.9577488155855244","0.9577488155855244","0.06710734434841126","0.06710734434841126","0.06710734434841126","0.11401696161686208","0.11401696161686208","0.11401696161686208"
"1040","0.916878844402681","0.916878844402681","0.916878844402681","0.7279192139717515","0.7279192139717515","0.7279192139717515","0.9587085714178537","0.9587085714178537","0.9587085714178537","0.06543326928144662","0.06543326928144662","0.06543326928144662","0.10996667988967695","0.10996667988967695","0.10996667988967695"
"1050","0.9251531194851033","0.9251531194851033","0.9251531194851033","0.7262006549455943","0.7262006549455943","0.7262006549455943","0.9596727159480196","0.9596727159480196","0.9596727159480196","0.06754527523758293","0.06754527523758293","0.06754527523758293","0.11366231609146589","0.11366231609146589","0.11366231609146589"
"1060","0.9286107681196561","0.9286107681196561","0.9286107681196561","0.7401486382592084","0.7401486382592084","0.7401486382592084","0.9623558465158539","0.9623558465158539","0.9623558465158539","0.07067446357430748","0.07067446357430748","0.07067446357430748","0.11979498171143677","0.11979498171143677","0.11979498171143677"
"1070","0.9252093514077795","0.9252093514077795","0.9252093514077795","0.7309938423831641","0.7309938423831641","0.7309938423831641","0.9651147177632873","0.9651147177632873","0.9651147177632873","0.0695332238982102","0.0695332238982102","0.0695332238982102","0.11698999198148176","0.11698999198148176","0.11698999198148176"
"1080","0.9270609960902244","0.9270609960902244","0.9270609960902244","0.7296083514393966","0.7296083514393966","0.7296083514393966","0.9648139099929403","0.9648139099929403","0.9648139099929403","0.0683260924831564","0.0683260924831564","0.0683260924831564","0.11673094752281647","0.11673094752281647","0.11673094752281647"
"1090","0.9364552327503014","0.9364552327503014","0.9364552327503014","0.7363050315507753","0.7363050315507753","0.7363050315507753","0.9677446238672168","0.9677446238672168","0.9677446238672168","0.07093171148868709","0.07093171148868709","0.07093171148868709","0.11906428251462946","0.11906428251462946","0.11906428251462946"
"1100","0.9401588772974904","0.9401588772974904","0.9401588772974904","0.7351760111236902","0.7351760111236902","0.7351760111236902","0.9703434743296533","0.9703434743296533","0.9703434743296533","0.07290614006428034","0.07290614006428034","0.07290614006428034","0.12116483424637758","0.12116483424637758","0.12116483424637758"
"1110","0.9314643429031108","0.9314643429031108","0.9314643429031108","0.7154072657453574","0.7154072657453574","0.7154072657453574","0.970919753508033","0.970919753508033","0.970919753508033","0.06670669884418945","0.06670669884418945","0.06670669884418945","0.11390197998011672","0.11390197998011672","0.11390197998011672"
"1120","0.9543061681500955","0.9543061681500955","0.9543061681500955","0.7547566484045414","0.7547566484045414","0.7547566484045414","0.9793099656408627","0.9793099656408627","0.9793099656408627","0.07387540689065183","0.07387540689065183","0.07387540689065183","0.12500221326149008","0.12500221326149008","0.12500221326149008"
"1130","0.9518130594881223","0.9518130594881223","0.9518130594881223","0.7607239208865569","0.7607239208865569","0.7607239208865569","0.9775299953364142","0.9775299953364142","0.9775299953364142","0.158455412086236","0.158455412086236","0.158455412086236","0.20184847585534405","0.20184847585534405","0.20184847585534405"
"1140","0.9529996066555771","0.9529996066555771","0.9529996066555771","0.7552118136021345","0.7552118136021345","0.7552118136021345","0.9766211240172313","0.9766211240172313","0.9766211240172313","0.08250944263569197","0.08250944263569197","0.08250944263569197","0.13057328764851123","0.13057328764851123","0.13057328764851123"
"1150","0.9584584043027523","0.9584584043027523","0.9584584043027523","0.7561353956595632","0.7561353956595632","0.7561353956595632","0.9801400670486112","0.9801400670486112","0.9801400670486112","0.07566008555507257","0.07566008555507257","0.07566008555507257","0.12447554143525817","0.12447554143525817","0.12447554143525817"
"1160","0.958439024947825","0.958439024947825","0.958439024947825","0.7487024101974509","0.7487024101974509","0.7487024101974509","0.9806340258574952","0.9806340258574952","0.9806340258574952","0.09199194918039189","0.09199194918039189","0.09199194918039189","0.13805936384046574","0.13805936384046574","0.13805936384046574"
"1170","0.9659721454625843","0.9659721454625843","0.9659721454625843","0.7698712280313916","0.7698712280313916","0.7698712280313916","0.9837450720312443","0.9837450720312443","0.9837450720312443","0.07871578055340629","0.07871578055340629","0.07871578055340629","0.1289921152499908","0.1289921152499908","0.1289921152499908"
"1180","0.962954866998987","0.962954866998987","0.962954866998987","0.7616074160959271","0.7616074160959271","0.7616074160959271","0.9804300569173828","0.9804300569173828","0.9804300569173828","0.07533390942145932","0.07533390942145932","0.07533390942145932","0.1239587858245114","0.1239587858245114","0.1239587858245114"
"1190","0.9611495266968809","0.9611495266968809","0.9611495266968809","0.7524372277465115","0.7524372277465115","0.7524372277465115","0.9810416508617985","0.9810416508617985","0.9810416508617985","0.07600947449164519","0.07600947449164519","0.07600947449164519","0.12478306355008716","0.12478306355008716","0.12478306355008716"
"1200","0.9664443379334214","0.9664443379334214","0.9664443379334214","0.7587800465042551","0.7587800465042551","0.7587800465042551","0.9829131098290186","0.9829131098290186","0.9829131098290186","0.07525660350104442","0.07525660350104442","0.07525660350104442","0.12605204387045216","0.12605204387045216","0.12605204387045216"
"1210","0.9657916014646248","0.9657916014646248","0.9657916014646248","0.7847958574030065","0.7847958574030065","0.7847958574030065","0.9844703852070017","0.9844703852070017","0.9844703852070017","0.16380392554721038","0.16380392554721038","0.16380392554721038","0.20532315105455656","0.20532315105455656","0.20532315105455656"
"1220","0.9733568082406447","0.9733568082406447","0.9733568082406447","0.8125040108141901","0.8125040108141901","0.8125040108141901","0.9869894362917099","0.9869894362917099","0.9869894362917099","0.18117287592455736","0.18117287592455736","0.18117287592455736","0.21085290093133693","0.21085290093133693","0.21085290093133693"
"1230","0.9687802014771502","0.9687802014771502","0.9687802014771502","0.7909744667248654","0.7909744667248654","0.7909744667248654","0.9846190945305067","0.9846190945305067","0.9846190945305067","0.08423232868927692","0.08423232868927692","0.08423232868927692","0.11997872694406382","0.11997872694406382","0.11997872694406382"
"1240","0.9679611406604264","0.9679611406604264","0.9679611406604264","0.7704500437735091","0.7704500437735091","0.7704500437735091","0.9846797370054082","0.9846797370054082","0.9846797370054082","0.07528857488154173","0.07528857488154173","0.07528857488154173","0.12519223594712198","0.12519223594712198","0.12519223594712198"
"1250","0.9602357949417981","0.9602357949417981","0.9602357949417981","0.7752936026670595","0.7752936026670595","0.7752936026670595","0.9804078177868967","0.9804078177868967","0.9804078177868967","0.1673063238933757","0.1673063238933757","0.1673063238933757","0.21196546265888566","0.21196546265888566","0.21196546265888566"
"1260","0.9704735550882904","0.9704735550882904","0.9704735550882904","0.791889642693655","0.791889642693655","0.791889642693655","0.9829641806260031","0.9829641806260031","0.9829641806260031","0.2098126406169343","0.2098126406169343","0.2098126406169343","0.25553079747590235","0.25553079747590235","0.25553079747590235"
"1270","0.969043469136738","0.969043469136738","0.969043469136738","0.7726045923274671","0.7726045923274671","0.7726045923274671","0.9832961229284103","0.9832961229284103","0.9832961229284103","0.10885646499210129","0.10885646499210129","0.10885646499210129","0.15943346915616904","0.15943346915616904","0.15943346915616904"
"1280","0.9682676986114273","0.9682676986114273","0.9682676986114273","0.7669350861218606","0.7669350861218606","0.7669350861218606","0.9825024660444647","0.9825024660444647","0.9825024660444647","0.07948914940435542","0.07948914940435542","0.07948914940435542","0.1312315046665149","0.1312315046665149","0.1312315046665149"
"1290","0.9660707911398351","0.9660707911398351","0.9660707911398351","0.7691369042027543","0.7691369042027543","0.7691369042027543","0.980669584985064","0.980669584985064","0.980669584985064","0.07879365735435023","0.07879365735435023","0.07879365735435023","0.13006275010802787","0.13006275010802787","0.13006275010802787"
"1300","0.9731358597002323","0.9731358597002323","0.9731358597002323","0.7801244492041486","0.7801244492041486","0.7801244492041486","0.984912382854955","0.984912382854955","0.984912382854955","0.08113163213436844","0.08113163213436844","0.08113163213436844","0.1373078942958753","0.1373078942958753","0.1373078942958753"
"1310","0.972880639693488","0.972880639693488","0.972880639693488","0.7782586852101401","0.7782586852101401","0.7782586852101401","0.984965512707945","0.984965512707945","0.984965512707945","0.07904421604210783","0.07904421604210783","0.07904421604210783","0.1355010165416923","0.1355010165416923","0.1355010165416923"
"1320","0.9754667408712623","0.9754667408712623","0.9754667408712623","0.7885693157008474","0.7885693157008474","0.7885693157008474","0.985056477765781","0.985056477765781","0.985056477765781","0.09164807581066774","0.09164807581066774","0.09164807581066774","0.14966488810702996","0.14966488810702996","0.14966488810702996"
"1330","0.9750961503276008","0.9750961503276008","0.9750961503276008","0.7853335447592794","0.7853335447592794","0.7853335447592794","0.9840708064242212","0.9840708064242212","0.9840708064242212","0.08075407753389774","0.08075407753389774","0.08075407753389774","0.13793103448275862","0.13793103448275862","0.13793103448275862"
"1340","0.9725594949004371","0.9725594949004371","0.9725594949004371","0.7819291679760783","0.7819291679760783","0.7819291679760783","0.9823491319791637","0.9823491319791637","0.9823491319791637","0.07827043396280318","0.07827043396280318","0.07827043396280318","0.13751773657496025","0.13751773657496025","0.13751773657496025"
"1350","0.9754882548277802","0.9754882548277802","0.9754882548277802","0.7956084449524923","0.7956084449524923","0.7956084449524923","0.9848812095032398","0.9848812095032398","0.9848812095032398","0.07882573555363945","0.07882573555363945","0.07882573555363945","0.1400901191883843","0.1400901191883843","0.1400901191883843"
"1360","0.9805443446931609","0.9805443446931609","0.9805443446931609","0.8126039332352748","0.8126039332352748","0.8126039332352748","0.989800808290098","0.989800808290098","0.989800808290098","0.0841197864873175","0.0841197864873175","0.0841197864873175","0.15430178564338654","0.15430178564338654","0.15430178564338654"
"1370","0.9814340450876757","0.9814340450876757","0.9814340450876757","0.8154416144145497","0.8154416144145497","0.8154416144145497","0.9882398735631645","0.9882398735631645","0.9882398735631645","0.08254974698563516","0.08254974698563516","0.08254974698563516","0.15709307833362254","0.15709307833362254","0.15709307833362254"
"1380","0.9861351999320332","0.9861351999320332","0.9861351999320332","0.8510927518032944","0.8510927518032944","0.8510927518032944","0.9894724081982805","0.9894724081982805","0.9894724081982805","0.18212909950288964","0.18212909950288964","0.18212909950288964","0.2597583036496895","0.2597583036496895","0.2597583036496895"
"1390","0.9853446671614878","0.9853446671614878","0.9853446671614878","0.8611320851577189","0.8611320851577189","0.8611320851577189","0.9894472619778443","0.9894472619778443","0.9894472619778443","0.21282157134942856","0.21282157134942856","0.21282157134942856","0.295559015976163","0.295559015976163","0.295559015976163"
"1400","0.9754985612072933","0.9754985612072933","0.9754985612072933","0.8327691671015682","0.8327691671015682","0.8327691671015682","0.9852483955266714","0.9852483955266714","0.9852483955266714","0.10264674190383676","0.10264674190383676","0.10264674190383676","0.19742570417881738","0.19742570417881738","0.19742570417881738"
"1410","0.9771861488760648","0.9771861488760648","0.9771861488760648","0.839995505973152","0.839995505973152","0.839995505973152","0.9847145959708002","0.9847145959708002","0.9847145959708002","0.08145994936602802","0.08145994936602802","0.08145994936602802","0.19098471554809512","0.19098471554809512","0.19098471554809512"
"1420","0.9760411941795327","0.9760411941795327","0.9760411941795327","0.8491993316759202","0.8491993316759202","0.8491993316759202","0.9828478797169766","0.9828478797169766","0.9828478797169766","0.08047544406613576","0.08047544406613576","0.08047544406613576","0.20020057377880615","0.20020057377880615","0.20020057377880615"
"1430","0.981184755607748","0.981184755607748","0.981184755607748","0.8738671801807317","0.8738671801807317","0.8738671801807317","0.9882223842413516","0.9882223842413516","0.9882223842413516","0.08502664967320989","0.08502664967320989","0.08502664967320989","0.22676710615901496","0.22676710615901496","0.22676710615901496"
"1440","0.9817595615051232","0.9817595615051232","0.9817595615051232","0.877262319366826","0.877262319366826","0.877262319366826","0.9892663219767367","0.9892663219767367","0.9892663219767367","0.07946039441762866","0.07946039441762866","0.07946039441762866","0.22494705036212978","0.22494705036212978","0.22494705036212978"
"1450","0.9825079588177508","0.9825079588177508","0.9825079588177508","0.888789537239198","0.888789537239198","0.888789537239198","0.9891255292977381","0.9891255292977381","0.9891255292977381","0.08569814758692774","0.08569814758692774","0.08569814758692774","0.26916519906661573","0.26916519906661573","0.26916519906661573"
"1460","0.9830546013121348","0.9830546013121348","0.9830546013121348","0.8931518802767232","0.8931518802767232","0.8931518802767232","0.9884898281981624","0.9884898281981624","0.9884898281981624","0.08472604289247604","0.08472604289247604","0.08472604289247604","0.2925355456994409","0.2925355456994409","0.2925355456994409"
"1470","0.9806425648553996","0.9806425648553996","0.9806425648553996","0.8986631705435133","0.8986631705435133","0.8986631705435133","0.9869570884499496","0.9869570884499496","0.9869570884499496","0.08622554751400717","0.08622554751400717","0.08622554751400717","0.32294835067916566","0.32294835067916566","0.32294835067916566"
"1480","0.9839484398222473","0.9839484398222473","0.9839484398222473","0.9073792291675203","0.9073792291675203","0.9073792291675203","0.9882330153503462","0.9882330153503462","0.9882330153503462","0.08710604440835422","0.08710604440835422","0.08710604440835422","0.3565388899028916","0.3565388899028916","0.3565388899028916"
"1490","0.9835163239359953","0.9835163239359953","0.9835163239359953","0.9106317555761464","0.9106317555761464","0.9106317555761464","0.9885380645125024","0.9885380645125024","0.9885380645125024","0.08473999844475945","0.08473999844475945","0.08473999844475945","0.37525518593088175","0.37525518593088175","0.37525518593088175"
"1500","0.9862805536210065","0.9862805536210065","0.9862805536210065","0.916938077118738","0.916938077118738","0.916938077118738","0.9896876542815898","0.9896876542815898","0.9896876542815898","0.0870274876997096","0.0870274876997096","0.0870274876997096","0.4102778054141927","0.4102778054141927","0.4102778054141927"
"1510","0.9863387796280748","0.9863387796280748","0.9863387796280748","0.9145743455840892","0.9145743455840892","0.9145743455840892","0.9893901373348687","0.9893901373348687","0.9893901373348687","0.08436828147419849","0.08436828147419849","0.08436828147419849","0.43335365036138","0.43335365036138","0.43335365036138"
"1520","0.9872230526194151","0.9872230526194151","0.9872230526194151","0.9230433185490273","0.9230433185490273","0.9230433185490273","0.9903007937678561","0.9903007937678561","0.9903007937678561","0.083517080242048","0.083517080242048","0.083517080242048","0.46594051015720345","0.46594051015720345","0.46594051015720345"
"1530","0.9884463120105971","0.9884463120105971","0.9884463120105971","0.9220438208375696","0.9220438208375696","0.9220438208375696","0.9912063544814547","0.9912063544814547","0.9912063544814547","0.08607483470255849","0.08607483470255849","0.08607483470255849","0.48006244830787803","0.48006244830787803","0.48006244830787803"
"1540","0.9861955815618643","0.9861955815618643","0.9861955815618643","0.9181683255172152","0.9181683255172152","0.9181683255172152","0.9890179193793892","0.9890179193793892","0.9890179193793892","0.08436191551005505","0.08436191551005505","0.08436191551005505","0.4869509552418571","0.4869509552418571","0.4869509552418571"
"1550","0.9847061438657861","0.9847061438657861","0.9847061438657861","0.9102159878171718","0.9102159878171718","0.9102159878171718","0.9887189896520056","0.9887189896520056","0.9887189896520056","0.08052697361622141","0.08052697361622141","0.08052697361622141","0.48999323392863064","0.48999323392863064","0.48999323392863064"
"1560","0.9905578618396176","0.9905578618396176","0.9905578618396176","0.944624654823881","0.944624654823881","0.944624654823881","0.9936616364465102","0.9936616364465102","0.9936616364465102","0.17856974959273816","0.17856974959273816","0.17856974959273816","0.5948598140392403","0.5948598140392403","0.5948598140392403"
"1570","0.9893121725217813","0.9893121725217813","0.9893121725217813","0.9312115651468391","0.9312115651468391","0.9312115651468391","0.9922191933514812","0.9922191933514812","0.9922191933514812","0.0901394460073249","0.0901394460073249","0.0901394460073249","0.550125493823884","0.550125493823884","0.550125493823884"
"1580","0.9875053463840425","0.9875053463840425","0.9875053463840425","0.9265779064176524","0.9265779064176524","0.9265779064176524","0.9906178665485641","0.9906178665485641","0.9906178665485641","0.08687269489051648","0.08687269489051648","0.08687269489051648","0.545537914990834","0.545537914990834","0.545537914990834"
"1590","0.9870994156330142","0.9870994156330142","0.9870994156330142","0.924102720128311","0.924102720128311","0.924102720128311","0.9900038782510872","0.9900038782510872","0.9900038782510872","0.08864573913549745","0.08864573913549745","0.08864573913549745","0.5693310157731195","0.5693310157731195","0.5693310157731195"
"1600","0.990415444688994","0.990415444688994","0.990415444688994","0.9425333237238303","0.9425333237238303","0.9425333237238303","0.9927402052368096","0.9927402052368096","0.9927402052368096","0.09146306532059705","0.09146306532059705","0.09146306532059705","0.6057636690561066","0.6057636690561066","0.6057636690561066"
"1610","0.9855549052199569","0.9855549052199569","0.9855549052199569","0.9278383409728378","0.9278383409728378","0.9278383409728378","0.9891594484400753","0.9891594484400753","0.9891594484400753","0.12828883409229824","0.12828883409229824","0.12828883409229824","0.6053937527233496","0.6053937527233496","0.6053937527233496"
"1620","0.9874613882382217","0.9874613882382217","0.9874613882382217","0.9430574564654076","0.9430574564654076","0.9430574564654076","0.9914191276311447","0.9914191276311447","0.9914191276311447","0.21659156194381482","0.21659156194381482","0.21659156194381482","0.653373220883621","0.653373220883621","0.653373220883621"
"1630","0.9872556126199766","0.9872556126199766","0.9872556126199766","0.9431977667761686","0.9431977667761686","0.9431977667761686","0.9886765681148691","0.9886765681148691","0.9886765681148691","0.16982680177053933","0.16982680177053933","0.16982680177053933","0.6449760175203195","0.6449760175203195","0.6449760175203195"
"1640","0.988757980735476","0.988757980735476","0.988757980735476","0.9404333485392039","0.9404333485392039","0.9404333485392039","0.9908436254550028","0.9908436254550028","0.9908436254550028","0.0909799151099422","0.0909799151099422","0.0909799151099422","0.6233308741122869","0.6233308741122869","0.6233308741122869"
"1650","0.9890189491560772","0.9890189491560772","0.9890189491560772","0.9447539738108361","0.9447539738108361","0.9447539738108361","0.9909695428069182","0.9909695428069182","0.9909695428069182","0.09174214548542316","0.09174214548542316","0.09174214548542316","0.6406866834507724","0.6406866834507724","0.6406866834507724"
"1660","0.9863079859141061","0.9863079859141061","0.9863079859141061","0.9423772525004337","0.9423772525004337","0.9423772525004337","0.9919882961413841","0.9919882961413841","0.9919882961413841","0.08776393467221225","0.08776393467221225","0.08776393467221225","0.6315647815139054","0.6315647815139054","0.6315647815139054"
"1670","0.9814748614893227","0.9814748614893227","0.9814748614893227","0.909897930973023","0.909897930973023","0.909897930973023","0.9873677047076921","0.9873677047076921","0.9873677047076921","0.07351825728200075","0.07351825728200075","0.07351825728200075","0.5474703509679798","0.5474703509679798","0.5474703509679798"
"1680","0.9876357196915361","0.9876357196915361","0.9876357196915361","0.9298833119809263","0.9298833119809263","0.9298833119809263","0.991965888911423","0.991965888911423","0.991965888911423","0.08099503865692535","0.08099503865692535","0.08099503865692535","0.598792063829682","0.598792063829682","0.598792063829682"
"1690","0.9904524014088113","0.9904524014088113","0.9904524014088113","0.9469543084629201","0.9469543084629201","0.9469543084629201","0.9939744297329745","0.9939744297329745","0.9939744297329745","0.09777753753890447","0.09777753753890447","0.09777753753890447","0.6534272920210981","0.6534272920210981","0.6534272920210981"
"1700","0.9930474064694222","0.9930474064694222","0.9930474064694222","0.9557904738625305","0.9557904738625305","0.9557904738625305","0.9952675314984833","0.9952675314984833","0.9952675314984833","0.09159761704129744","0.09159761704129744","0.09159761704129744","0.6829650431389774","0.6829650431389774","0.6829650431389774"
"1710","0.9907363217759259","0.9907363217759259","0.9907363217759259","0.9453902418213816","0.9453902418213816","0.9453902418213816","0.9930194246580737","0.9930194246580737","0.9930194246580737","0.08937105438097909","0.08937105438097909","0.08937105438097909","0.6633459318107022","0.6633459318107022","0.6633459318107022"
"1720","0.9915387005419024","0.9915387005419024","0.9915387005419024","0.948058847990418","0.948058847990418","0.948058847990418","0.9926820179082173","0.9926820179082173","0.9926820179082173","0.0910805287795885","0.0910805287795885","0.0910805287795885","0.6696282153454217","0.6696282153454217","0.6696282153454217"
"1730","0.9930384278781128","0.9930384278781128","0.9930384278781128","0.9551082674797906","0.9551082674797906","0.9551082674797906","0.9951939711397736","0.9951939711397736","0.9951939711397736","0.09036074357916395","0.09036074357916395","0.09036074357916395","0.6852684807768097","0.6852684807768097","0.6852684807768097"
"1740","0.9917970799376876","0.9917970799376876","0.9917970799376876","0.9490424052500299","0.9490424052500299","0.9490424052500299","0.9906491142034578","0.9906491142034578","0.9906491142034578","0.14449263439003243","0.14449263439003243","0.14449263439003243","0.6822803433021738","0.6822803433021738","0.6822803433021738"
"1750","0.9910981432931917","0.9910981432931917","0.9910981432931917","0.9567773297659871","0.9567773297659871","0.9567773297659871","0.9939329992086521","0.9939329992086521","0.9939329992086521","0.21962435198294564","0.21962435198294564","0.21962435198294564","0.723645153128516","0.723645153128516","0.723645153128516"
"1760","0.9917538129625746","0.9917538129625746","0.9917538129625746","0.9573487549815719","0.9573487549815719","0.9573487549815719","0.9947003066351042","0.9947003066351042","0.9947003066351042","0.15338347366633706","0.15338347366633706","0.15338347366633706","0.7096545111317533","0.7096545111317533","0.7096545111317533"
"1770","0.9908761219769383","0.9908761219769383","0.9908761219769383","0.9485084125135606","0.9485084125135606","0.9485084125135606","0.9927791049620874","0.9927791049620874","0.9927791049620874","0.08877676633362092","0.08877676633362092","0.08877676633362092","0.6737034326775873","0.6737034326775873","0.6737034326775873"
"1780","0.9921075907529304","0.9921075907529304","0.9921075907529304","0.9558073496140848","0.9558073496140848","0.9558073496140848","0.9937080450994814","0.9937080450994814","0.9937080450994814","0.09424897818577932","0.09424897818577932","0.09424897818577932","0.6940515981267515","0.6940515981267515","0.6940515981267515"
"1790","0.99020077675867","0.99020077675867","0.99020077675867","0.9550218243652061","0.9550218243652061","0.9550218243652061","0.9920510832619424","0.9920510832619424","0.9920510832619424","0.09232659390027959","0.09232659390027959","0.09232659390027959","0.6991605159394654","0.6991605159394654","0.6991605159394654"
"1800","0.9798043677354022","0.9798043677354022","0.9798043677354022","0.9133341805755599","0.9133341805755599","0.9133341805755599","0.9884603591500143","0.9884603591500143","0.9884603591500143","0.08041841662531318","0.08041841662531318","0.08041841662531318","0.6139066742515018","0.6139066742515018","0.6139066742515018"
"1810","0.9584398678759662","0.9584398678759662","0.9584398678759662","0.8890938309609522","0.8890938309609522","0.8890938309609522","0.9683841519002371","0.9683841519002371","0.9683841519002371","0.077551846810748","0.077551846810748","0.077551846810748","0.5875629136826395","0.5875629136826395","0.5875629136826395"
"1820","0.9893369592068297","0.9893369592068297","0.9893369592068297","0.9194582961744103","0.9194582961744103","0.9194582961744103","0.9902528481529399","0.9902528481529399","0.9902528481529399","0.08395299762601585","0.08395299762601585","0.08395299762601585","0.6345801983763121","0.6345801983763121","0.6345801983763121"
"1830","0.9913656094624907","0.9913656094624907","0.9913656094624907","0.9424213333131757","0.9424213333131757","0.9424213333131757","0.9930512904341384","0.9930512904341384","0.9930512904341384","0.09090488186059872","0.09090488186059872","0.09090488186059872","0.6890202073841142","0.6890202073841142","0.6890202073841142"
"1840","0.9922133196517948","0.9922133196517948","0.9922133196517948","0.9493767472516773","0.9493767472516773","0.9493767472516773","0.993750620256791","0.993750620256791","0.993750620256791","0.09182234722021972","0.09182234722021972","0.09182234722021972","0.6982471777145715","0.6982471777145715","0.6982471777145715"
"1850","0.9936713215852803","0.9936713215852803","0.9936713215852803","0.9559349034061185","0.9559349034061185","0.9559349034061185","0.9949513849286209","0.9949513849286209","0.9949513849286209","0.09314016128044039","0.09314016128044039","0.09314016128044039","0.6985347139416619","0.6985347139416619","0.6985347139416619"
"1860","0.9914789231848739","0.9914789231848739","0.9914789231848739","0.9531864206007289","0.9531864206007289","0.9531864206007289","0.9939112261296675","0.9939112261296675","0.9939112261296675","0.0909505881287772","0.0909505881287772","0.0909505881287772","0.6923688499234187","0.6923688499234187","0.6923688499234187"
"1870","0.9937761772419462","0.9937761772419462","0.9937761772419462","0.9663917585787081","0.9663917585787081","0.9663917585787081","0.9957032437949963","0.9957032437949963","0.9957032437949963","0.17068189049243576","0.17068189049243576","0.17068189049243576","0.7441909482070753","0.7441909482070753","0.7441909482070753"
"1880","0.9785241349968201","0.9785241349968201","0.9785241349968201","0.955275882859319","0.955275882859319","0.955275882859319","0.9868735333441352","0.9868735333441352","0.9868735333441352","0.2229691672976938","0.2229691672976938","0.2229691672976938","0.7393896507140802","0.7393896507140802","0.7393896507140802"
"1890","0.9628358095190362","0.9628358095190362","0.9628358095190362","0.9036370641615582","0.9036370641615582","0.9036370641615582","0.9787767444240141","0.9787767444240141","0.9787767444240141","0.14374302381795154","0.14374302381795154","0.14374302381795154","0.6827516933393059","0.6827516933393059","0.6827516933393059"
"1900","0.9854244941394871","0.9854244941394871","0.9854244941394871","0.9423277940241936","0.9423277940241936","0.9423277940241936","0.9894045250543654","0.9894045250543654","0.9894045250543654","0.08951528605704995","0.08951528605704995","0.08951528605704995","0.6858551684218777","0.6858551684218777","0.6858551684218777"
"1910","0.9902256937353093","0.9902256937353093","0.9902256937353093","0.957690779530863","0.957690779530863","0.957690779530863","0.9932984407897424","0.9932984407897424","0.9932984407897424","0.09587342138780482","0.09587342138780482","0.09587342138780482","0.7141881078190737","0.7141881078190737","0.7141881078190737"
"1920","0.9939878225161135","0.9939878225161135","0.9939878225161135","0.9625170285893558","0.9625170285893558","0.9625170285893558","0.9960307863823573","0.9960307863823573","0.9960307863823573","0.09549735619187054","0.09549735619187054","0.09549735619187054","0.7150877736829279","0.7150877736829279","0.7150877736829279"
"1930","0.9928822730059033","0.9928822730059033","0.9928822730059033","0.9535860701788947","0.9535860701788947","0.9535860701788947","0.9954241134399096","0.9954241134399096","0.9954241134399096","0.08731862610560018","0.08731862610560018","0.08731862610560018","0.6841701101368558","0.6841701101368558","0.6841701101368558"
"1940","0.9916014057221628","0.9916014057221628","0.9916014057221628","0.9537155483195721","0.9537155483195721","0.9537155483195721","0.9943886460611321","0.9943886460611321","0.9943886460611321","0.09024966979522103","0.09024966979522103","0.09024966979522103","0.6974378756463457","0.6974378756463457","0.6974378756463457"
"1950","0.9914570728700614","0.9914570728700614","0.9914570728700614","0.9587338905405799","0.9587338905405799","0.9587338905405799","0.9943803938602754","0.9943803938602754","0.9943803938602754","0.09355565333315821","0.09355565333315821","0.09355565333315821","0.7134451187763331","0.7134451187763331","0.7134451187763331"
"1960","0.9931772802025931","0.9931772802025931","0.9931772802025931","0.9604797350705592","0.9604797350705592","0.9604797350705592","0.9950765905319193","0.9950765905319193","0.9950765905319193","0.0932741188061692","0.0932741188061692","0.0932741188061692","0.7161711102536534","0.7161711102536534","0.7161711102536534"
"1970","0.9926877929000284","0.9926877929000284","0.9926877929000284","0.960160917216907","0.960160917216907","0.960160917216907","0.9948934330503526","0.9948934330503526","0.9948934330503526","0.09598230996122116","0.09598230996122116","0.09598230996122116","0.72186381739508","0.72186381739508","0.72186381739508"
"1980","0.990409247894301","0.990409247894301","0.990409247894301","0.949515346554723","0.949515346554723","0.949515346554723","0.99333492921801","0.99333492921801","0.99333492921801","0.08388240131737706","0.08388240131737706","0.08388240131737706","0.6661788922372437","0.6661788922372437","0.6661788922372437"
"1990","0.9942473153823632","0.9942473153823632","0.9942473153823632","0.9588245294245427","0.9588245294245427","0.9588245294245427","0.995667777977163","0.995667777977163","0.995667777977163","0.08736411631926408","0.08736411631926408","0.08736411631926408","0.7047449495187994","0.7047449495187994","0.7047449495187994"
"2000","0.9953484482092816","0.9953484482092816","0.9953484482092816","0.9690860242809971","0.9690860242809971","0.9690860242809971","0.9961455620788564","0.9961455620788564","0.9961455620788564","0.1876005426982511","0.1876005426982511","0.1876005426982511","0.755458474704025","0.755458474704025","0.755458474704025"
"2010","0.995194625099185","0.995194625099185","0.995194625099185","0.9701175017983077","0.9701175017983077","0.9701175017983077","0.9961605202856528","0.9961605202856528","0.9961605202856528","0.09939636185659516","0.09939636185659516","0.09939636185659516","0.7383230502265496","0.7383230502265496","0.7383230502265496"
"2020","0.9951499076842332","0.9951499076842332","0.9951499076842332","0.9695170526434175","0.9695170526434175","0.9695170526434175","0.9963598534194322","0.9963598534194322","0.9963598534194322","0.100006560511345","0.100006560511345","0.100006560511345","0.7282186337266516","0.7282186337266516","0.7282186337266516"
"2030","0.9931105319491041","0.9931105319491041","0.9931105319491041","0.9597210422996252","0.9597210422996252","0.9597210422996252","0.9956361262701167","0.9956361262701167","0.9956361262701167","0.09154919437284914","0.09154919437284914","0.09154919437284914","0.7080495519493921","0.7080495519493921","0.7080495519493921"
"2040","0.9928140723584378","0.9928140723584378","0.9928140723584378","0.9627925085855762","0.9627925085855762","0.9627925085855762","0.9951451561376887","0.9951451561376887","0.9951451561376887","0.14387129622234646","0.14387129622234646","0.14387129622234646","0.7326691158853127","0.7326691158853127","0.7326691158853127"
"2050","0.9941618308123703","0.9941618308123703","0.9941618308123703","0.9735482586132165","0.9735482586132165","0.9735482586132165","0.9965313905428475","0.9965313905428475","0.9965313905428475","0.2253137137337552","0.2253137137337552","0.2253137137337552","0.7746106733490026","0.7746106733490026","0.7746106733490026"
"2060","0.9940567649067655","0.9940567649067655","0.9940567649067655","0.9718516037453176","0.9718516037453176","0.9718516037453176","0.9961249421162598","0.9961249421162598","0.9961249421162598","0.16793195394320684","0.16793195394320684","0.16793195394320684","0.7556937927444308","0.7556937927444308","0.7556937927444308"
"2070","0.9946494838342039","0.9946494838342039","0.9946494838342039","0.9712954180667821","0.9712954180667821","0.9712954180667821","0.9961025262233115","0.9961025262233115","0.9961025262233115","0.09869869701827867","0.09869869701827867","0.09869869701827867","0.7411113069640647","0.7411113069640647","0.7411113069640647"
"2080","0.9948571200429331","0.9948571200429331","0.9948571200429331","0.9692615663732344","0.9692615663732344","0.9692615663732344","0.9961857824763259","0.9961857824763259","0.9961857824763259","0.09653832833653506","0.09653832833653506","0.09653832833653506","0.7352693489368379","0.7352693489368379","0.7352693489368379"
"2090","0.9958419861919408","0.9958419861919408","0.9958419861919408","0.9720403974389086","0.9720403974389086","0.9720403974389086","0.9970664604524521","0.9970664604524521","0.9970664604524521","0.097092732341438","0.097092732341438","0.097092732341438","0.7405859838079757","0.7405859838079757","0.7405859838079757"
"2100","0.9958141861410947","0.9958141861410947","0.9958141861410947","0.970612351750478","0.970612351750478","0.970612351750478","0.9967818692646075","0.9967818692646075","0.9967818692646075","0.09474038510983437","0.09474038510983437","0.09474038510983437","0.7321901894695507","0.7321901894695507","0.7321901894695507"
"2110","0.9955594483555377","0.9955594483555377","0.9955594483555377","0.969304686757654","0.969304686757654","0.969304686757654","0.9966178425504572","0.9966178425504572","0.9966178425504572","0.09753690502958329","0.09753690502958329","0.09753690502958329","0.7339808510618281","0.7339808510618281","0.7339808510618281"
"2120","0.9883525925245239","0.9883525925245239","0.9883525925245239","0.9593652124637215","0.9593652124637215","0.9593652124637215","0.9885928538062747","0.9885928538062747","0.9885928538062747","0.10044548844831415","0.10044548844831415","0.10044548844831415","0.7143025339428887","0.7143025339428887","0.7143025339428887"
"2130","0.987558595449274","0.987558595449274","0.987558595449274","0.9622006170508336","0.9622006170508336","0.9622006170508336","0.992379125822344","0.992379125822344","0.992379125822344","0.09757415079024383","0.09757415079024383","0.09757415079024383","0.7185276826748686","0.7185276826748686","0.7185276826748686"
"2140","0.9895027916899938","0.9895027916899938","0.9895027916899938","0.9640324032743725","0.9640324032743725","0.9640324032743725","0.9928618983491958","0.9928618983491958","0.9928618983491958","0.09794746478233897","0.09794746478233897","0.09794746478233897","0.723118635476403","0.723118635476403","0.723118635476403"
"2150","0.9931150441814344","0.9931150441814344","0.9931150441814344","0.971144293528179","0.971144293528179","0.971144293528179","0.9955752958862717","0.9955752958862717","0.9955752958862717","0.10032859590389179","0.10032859590389179","0.10032859590389179","0.7358926824147769","0.7358926824147769","0.7358926824147769"
"2160","0.9944089888151357","0.9944089888151357","0.9944089888151357","0.9692968038778996","0.9692968038778996","0.9692968038778996","0.9953525074766275","0.9953525074766275","0.9953525074766275","0.09655814623213022","0.09655814623213022","0.09655814623213022","0.7241666769291688","0.7241666769291688","0.7241666769291688"
"2170","0.9951591117237211","0.9951591117237211","0.9951591117237211","0.9727743799627397","0.9727743799627397","0.9727743799627397","0.9962583084716466","0.9962583084716466","0.9962583084716466","0.10014668241598469","0.10014668241598469","0.10014668241598469","0.7448186647846109","0.7448186647846109","0.7448186647846109"
"2180","0.9935810571208374","0.9935810571208374","0.9935810571208374","0.9704934775105319","0.9704934775105319","0.9704934775105319","0.9954846122203888","0.9954846122203888","0.9954846122203888","0.10244114629383591","0.10244114629383591","0.10244114629383591","0.7267571005063854","0.7267571005063854","0.7267571005063854"
"2190","0.9936220403100543","0.9936220403100543","0.9936220403100543","0.9689720879948587","0.9689720879948587","0.9689720879948587","0.9945214000783192","0.9945214000783192","0.9945214000783192","0.09632049434808596","0.09632049434808596","0.09632049434808596","0.7342391884777024","0.7342391884777024","0.7342391884777024"
"2200","0.9961714474276508","0.9961714474276508","0.9961714474276508","0.9750580244779645","0.9750580244779645","0.9750580244779645","0.9967038584082576","0.9967038584082576","0.9967038584082576","0.10244104888660478","0.10244104888660478","0.10244104888660478","0.75317944560858","0.75317944560858","0.75317944560858"
"2210","0.989443241089235","0.989443241089235","0.989443241089235","0.9604728143860104","0.9604728143860104","0.9604728143860104","0.9912845145449404","0.9912845145449404","0.9912845145449404","0.10096580532149493","0.10096580532149493","0.10096580532149493","0.7229438724229871","0.7229438724229871","0.7229438724229871"
"2220","0.9949487892005751","0.9949487892005751","0.9949487892005751","0.9717859959729114","0.9717859959729114","0.9717859959729114","0.996237382523711","0.996237382523711","0.996237382523711","0.10118646245494847","0.10118646245494847","0.10118646245494847","0.7358636904600016","0.7358636904600016","0.7358636904600016"
"2230","0.9954215866962461","0.9954215866962461","0.9954215866962461","0.9759880670884121","0.9759880670884121","0.9759880670884121","0.9965275819116147","0.9965275819116147","0.9965275819116147","0.09891074267208814","0.09891074267208814","0.09891074267208814","0.7528821994878762","0.7528821994878762","0.7528821994878762"
"2240","0.9956731811993816","0.9956731811993816","0.9956731811993816","0.9767451948591338","0.9767451948591338","0.9767451948591338","0.9970382334617781","0.9970382334617781","0.9970382334617781","0.1029428459355315","0.1029428459355315","0.1029428459355315","0.7539546367013544","0.7539546367013544","0.7539546367013544"
"2250","0.9958092080451911","0.9958092080451911","0.9958092080451911","0.9803740654917122","0.9803740654917122","0.9803740654917122","0.9964475072048143","0.9964475072048143","0.9964475072048143","0.1705781397159216","0.1705781397159216","0.1705781397159216","0.7858682784476726","0.7858682784476726","0.7858682784476726"
"2260","0.9951814990245579","0.9951814990245579","0.9951814990245579","0.975233141979345","0.975233141979345","0.975233141979345","0.9962910577110559","0.9962910577110559","0.9962910577110559","0.22393264224703946","0.22393264224703946","0.22393264224703946","0.766498222012998","0.766498222012998","0.766498222012998"
"2270","0.9915304921954616","0.9915304921954616","0.9915304921954616","0.9699957111435508","0.9699957111435508","0.9699957111435508","0.9956747472919216","0.9956747472919216","0.9956747472919216","0.12844043014475875","0.12844043014475875","0.12844043014475875","0.73696817196347","0.73696817196347","0.73696817196347"
"2280","0.9950820268315813","0.9950820268315813","0.9950820268315813","0.9751425083901144","0.9751425083901144","0.9751425083901144","0.9969218374234072","0.9969218374234072","0.9969218374234072","0.10028972587474927","0.10028972587474927","0.10028972587474927","0.7448444739941421","0.7448444739941421","0.7448444739941421"
"2290","0.9941437520618951","0.9941437520618951","0.9941437520618951","0.9722191675628726","0.9722191675628726","0.9722191675628726","0.9963002380149146","0.9963002380149146","0.9963002380149146","0.10241537609897843","0.10241537609897843","0.10241537609897843","0.7413996842621258","0.7413996842621258","0.7413996842621258"
"2300","0.994837652283593","0.994837652283593","0.994837652283593","0.9720781942734571","0.9720781942734571","0.9720781942734571","0.9962840159817524","0.9962840159817524","0.9962840159817524","0.09932704435767102","0.09932704435767102","0.09932704435767102","0.7339899245473976","0.7339899245473976","0.7339899245473976"
"2310","0.9831419325331396","0.9831419325331396","0.9831419325331396","0.9778976274756233","0.9778976274756233","0.9778976274756233","0.9965274975306222","0.9965274975306222","0.9965274975306222","0.13957653533804532","0.13957653533804532","0.13957653533804532","0.7697300403171565","0.7697300403171565","0.7697300403171565"
"2320","0.9955159932038118","0.9955159932038118","0.9955159932038118","0.9798362160850157","0.9798362160850157","0.9798362160850157","0.9970018678964531","0.9970018678964531","0.9970018678964531","0.21989784611488092","0.21989784611488092","0.21989784611488092","0.79015396954379","0.79015396954379","0.79015396954379"
"2330","0.9961131407788463","0.9961131407788463","0.9961131407788463","0.9790052261668769","0.9790052261668769","0.9790052261668769","0.9971821294582153","0.9971821294582153","0.9971821294582153","0.1846616507478825","0.1846616507478825","0.1846616507478825","0.773761447599076","0.773761447599076","0.773761447599076"
"2340","0.9953316910322193","0.9953316910322193","0.9953316910322193","0.973289923179972","0.973289923179972","0.973289923179972","0.9968852015966745","0.9968852015966745","0.9968852015966745","0.12789241696301323","0.12789241696301323","0.12789241696301323","0.750993060726903","0.750993060726903","0.750993060726903"
"2350","0.9925272467859662","0.9925272467859662","0.9925272467859662","0.9684923587491112","0.9684923587491112","0.9684923587491112","0.9958915045845607","0.9958915045845607","0.9958915045845607","0.10027937389111917","0.10027937389111917","0.10027937389111917","0.734626129765043","0.734626129765043","0.734626129765043"
"2360","0.9930853921147129","0.9930853921147129","0.9930853921147129","0.9731205202042961","0.9731205202042961","0.9731205202042961","0.9960798406723821","0.9960798406723821","0.9960798406723821","0.10032390469318427","0.10032390469318427","0.10032390469318427","0.7365073421846586","0.7365073421846586","0.7365073421846586"
"2370","0.9931647623171361","0.9931647623171361","0.9931647623171361","0.9723064152912682","0.9723064152912682","0.9723064152912682","0.9955046258392783","0.9955046258392783","0.9955046258392783","0.10011023357037648","0.10011023357037648","0.10011023357037648","0.7318421863684751","0.7318421863684751","0.7318421863684751"
"2380","0.9950507164555646","0.9950507164555646","0.9950507164555646","0.9728989403166294","0.9728989403166294","0.9728989403166294","0.9965266196431187","0.9965266196431187","0.9965266196431187","0.10256204320938077","0.10256204320938077","0.10256204320938077","0.737471594532922","0.737471594532922","0.737471594532922"
"2390","0.9944471769190355","0.9944471769190355","0.9944471769190355","0.9754049341038912","0.9754049341038912","0.9754049341038912","0.9953041803135142","0.9953041803135142","0.9953041803135142","0.10212499580813557","0.10212499580813557","0.10212499580813557","0.7548700149416678","0.7548700149416678","0.7548700149416678"
"2400","0.9967007661926228","0.9967007661926228","0.9967007661926228","0.9792202233914374","0.9792202233914374","0.9792202233914374","0.9969184821291502","0.9969184821291502","0.9969184821291502","0.10255909266418248","0.10255909266418248","0.10255909266418248","0.7537725798873274","0.7537725798873274","0.7537725798873274"
"2410","0.9963152098657584","0.9963152098657584","0.9963152098657584","0.9802303806996919","0.9802303806996919","0.9802303806996919","0.9972101538504431","0.9972101538504431","0.9972101538504431","0.10549744666812262","0.10549744666812262","0.10549744666812262","0.760478418653495","0.760478418653495","0.760478418653495"
"2420","0.9967492293512645","0.9967492293512645","0.9967492293512645","0.9788483816141673","0.9788483816141673","0.9788483816141673","0.997662451625996","0.997662451625996","0.997662451625996","0.10538603840982823","0.10538603840982823","0.10538603840982823","0.7531500061539156","0.7531500061539156","0.7531500061539156"
"2430","0.9971109942155171","0.9971109942155171","0.9971109942155171","0.9795144066629256","0.9795144066629256","0.9795144066629256","0.9975972716691612","0.9975972716691612","0.9975972716691612","0.10564701249067429","0.10564701249067429","0.10564701249067429","0.7579207293792012","0.7579207293792012","0.7579207293792012"
"2440","0.9970135204038751","0.9970135204038751","0.9970135204038751","0.9791777562367743","0.9791777562367743","0.9791777562367743","0.9973683866473171","0.9973683866473171","0.9973683866473171","0.10588648389187412","0.10588648389187412","0.10588648389187412","0.7547323281280058","0.7547323281280058","0.7547323281280058"
"2450","0.994857254833571","0.994857254833571","0.994857254833571","0.9767090368861874","0.9767090368861874","0.9767090368861874","0.9973887793457603","0.9973887793457603","0.9973887793457603","0.10410472635626426","0.10410472635626426","0.10410472635626426","0.7526053606437948","0.7526053606437948","0.7526053606437948"
"2460","0.9963169141333799","0.9963169141333799","0.9963169141333799","0.9762945786113676","0.9762945786113676","0.9762945786113676","0.997442222479243","0.997442222479243","0.997442222479243","0.10460343072101265","0.10460343072101265","0.10460343072101265","0.7480115128429251","0.7480115128429251","0.7480115128429251"
"2470","0.9958261577509765","0.9958261577509765","0.9958261577509765","0.9797348852727774","0.9797348852727774","0.9797348852727774","0.9974609358663256","0.9974609358663256","0.9974609358663256","0.10398173955633293","0.10398173955633293","0.10398173955633293","0.7612629148865181","0.7612629148865181","0.7612629148865181"
"2480","0.9951122050842669","0.9951122050842669","0.9951122050842669","0.9807211851840909","0.9807211851840909","0.9807211851840909","0.9976539692329283","0.9976539692329283","0.9976539692329283","0.10615304503898972","0.10615304503898972","0.10615304503898972","0.7629650283536422","0.7629650283536422","0.7629650283536422"
"2490","0.9938702423902448","0.9938702423902448","0.9938702423902448","0.9719623861823228","0.9719623861823228","0.9719623861823228","0.9964500939206434","0.9964500939206434","0.9964500939206434","0.09947710073285627","0.09947710073285627","0.09947710073285627","0.7364384570627469","0.7364384570627469","0.7364384570627469"
"2500","0.9959323715818347","0.9959323715818347","0.9959323715818347","0.9789550548123461","0.9789550548123461","0.9789550548123461","0.9971596813301005","0.9971596813301005","0.9971596813301005","0.10479970791713085","0.10479970791713085","0.10479970791713085","0.745338376131587","0.745338376131587","0.745338376131587"
"2510","0.9953955973643829","0.9953955973643829","0.9953955973643829","0.975280237213086","0.975280237213086","0.975280237213086","0.9969281962330532","0.9969281962330532","0.9969281962330532","0.09870635065937612","0.09870635065937612","0.09870635065937612","0.7423582393232406","0.7423582393232406","0.7423582393232406"
"2520","0.9953840958424336","0.9953840958424336","0.9953840958424336","0.9739404706213246","0.9739404706213246","0.9739404706213246","0.9972620274199057","0.9972620274199057","0.9972620274199057","0.10136238530793582","0.10136238530793582","0.10136238530793582","0.7326286545763461","0.7326286545763461","0.7326286545763461"
"2530","0.9964557434894051","0.9964557434894051","0.9964557434894051","0.980650375230705","0.980650375230705","0.980650375230705","0.9975810657365729","0.9975810657365729","0.9975810657365729","0.10752514175176704","0.10752514175176704","0.10752514175176704","0.7635926351958634","0.7635926351958634","0.7635926351958634"
"2540","0.9942312288465541","0.9942312288465541","0.9942312288465541","0.96741212887508","0.96741212887508","0.96741212887508","0.996019875565698","0.996019875565698","0.996019875565698","0.09040279244759342","0.09040279244759342","0.09040279244759342","0.7200873892696616","0.7200873892696616","0.7200873892696616"
"2550","0.9962589898430217","0.9962589898430217","0.9962589898430217","0.9782671363910344","0.9782671363910344","0.9782671363910344","0.997224894892309","0.997224894892309","0.997224894892309","0.1065584204083008","0.1065584204083008","0.1065584204083008","0.7541949480919632","0.7541949480919632","0.7541949480919632"
"2560","0.9970954833237967","0.9970954833237967","0.9970954833237967","0.9806600113699282","0.9806600113699282","0.9806600113699282","0.9981158140146402","0.9981158140146402","0.9981158140146402","0.10293303408571149","0.10293303408571149","0.10293303408571149","0.7559002335094376","0.7559002335094376","0.7559002335094376"
"2570","0.9957768282517437","0.9957768282517437","0.9957768282517437","0.9794326660084369","0.9794326660084369","0.9794326660084369","0.997303321059506","0.997303321059506","0.997303321059506","0.10412687518108349","0.10412687518108349","0.10412687518108349","0.7499411625161627","0.7499411625161627","0.7499411625161627"
"2580","0.9966145765572204","0.9966145765572204","0.9966145765572204","0.9816148181740459","0.9816148181740459","0.9816148181740459","0.9978523981399222","0.9978523981399222","0.9978523981399222","0.10734385048007404","0.10734385048007404","0.10734385048007404","0.7647479193074147","0.7647479193074147","0.7647479193074147"
"2590","0.9967528159982385","0.9967528159982385","0.9967528159982385","0.9799626823188902","0.9799626823188902","0.9799626823188902","0.9976768190958131","0.9976768190958131","0.9976768190958131","0.10422604390237936","0.10422604390237936","0.10422604390237936","0.7574830607273279","0.7574830607273279","0.7574830607273279"
"2600","0.9958431060479143","0.9958431060479143","0.9958431060479143","0.9774592972783624","0.9774592972783624","0.9774592972783624","0.9972119206810948","0.9972119206810948","0.9972119206810948","0.10312085928814024","0.10312085928814024","0.10312085928814024","0.7430578823923605","0.7430578823923605","0.7430578823923605"
"2610","0.9962256281345944","0.9962256281345944","0.9962256281345944","0.9784254809378323","0.9784254809378323","0.9784254809378323","0.9969167234786317","0.9969167234786317","0.9969167234786317","0.1030723349577347","0.1030723349577347","0.1030723349577347","0.755253119514606","0.755253119514606","0.755253119514606"
"2620","0.9915379037260599","0.9915379037260599","0.9915379037260599","0.9774308504906696","0.9774308504906696","0.9774308504906696","0.9912476471256345","0.9912476471256345","0.9912476471256345","0.10876953528850439","0.10876953528850439","0.10876953528850439","0.7481718202583575","0.7481718202583575","0.7481718202583575"
"2630","0.9970646659867938","0.9970646659867938","0.9970646659867938","0.9803707701939504","0.9803707701939504","0.9803707701939504","0.9977980329716571","0.9977980329716571","0.9977980329716571","0.10501143436692048","0.10501143436692048","0.10501143436692048","0.7603261523705201","0.7603261523705201","0.7603261523705201"
"2640","0.9967197693165729","0.9967197693165729","0.9967197693165729","0.9788282029946155","0.9788282029946155","0.9788282029946155","0.9975433688431922","0.9975433688431922","0.9975433688431922","0.10304722379900394","0.10304722379900394","0.10304722379900394","0.7502047192630673","0.7502047192630673","0.7502047192630673"
"2650","0.9969711493656056","0.9969711493656056","0.9969711493656056","0.9787989965327506","0.9787989965327506","0.9787989965327506","0.9974998906380461","0.9974998906380461","0.9974998906380461","0.10603735043564097","0.10603735043564097","0.10603735043564097","0.7554476517611078","0.7554476517611078","0.7554476517611078"
"2660","0.9951302934018054","0.9951302934018054","0.9951302934018054","0.9689169562350982","0.9689169562350982","0.9689169562350982","0.9955020645692163","0.9955020645692163","0.9955020645692163","0.09707986140370879","0.09707986140370879","0.09707986140370879","0.7247098945656969","0.7247098945656969","0.7247098945656969"
"2670","0.9969701113625941","0.9969701113625941","0.9969701113625941","0.9795042964509278","0.9795042964509278","0.9795042964509278","0.9978436346756195","0.9978436346756195","0.9978436346756195","0.1063056475747402","0.1063056475747402","0.1063056475747402","0.7585177825717679","0.7585177825717679","0.7585177825717679"
"2680","0.9962663646846901","0.9962663646846901","0.9962663646846901","0.9764855402889681","0.9764855402889681","0.9764855402889681","0.9968957031632738","0.9968957031632738","0.9968957031632738","0.10364017666699327","0.10364017666699327","0.10364017666699327","0.7539371339850316","0.7539371339850316","0.7539371339850316"
"2690","0.9961615445151353","0.9961615445151353","0.9961615445151353","0.9790934245629336","0.9790934245629336","0.9790934245629336","0.9973508855490854","0.9973508855490854","0.9973508855490854","0.09724523912679349","0.09724523912679349","0.09724523912679349","0.7630553806218822","0.7630553806218822","0.7630553806218822"
"2700","0.9949506348848084","0.9949506348848084","0.9949506348848084","0.9751169725141972","0.9751169725141972","0.9751169725141972","0.9960344103471034","0.9960344103471034","0.9960344103471034","0.10059683838507932","0.10059683838507932","0.10059683838507932","0.7463670189413094","0.7463670189413094","0.7463670189413094"
"2710","0.9969948347572924","0.9969948347572924","0.9969948347572924","0.9812728916255388","0.9812728916255388","0.9812728916255388","0.9975281872177485","0.9975281872177485","0.9975281872177485","0.10630450195455285","0.10630450195455285","0.10630450195455285","0.7703825700415923","0.7703825700415923","0.7703825700415923"
"2720","0.9971860648018696","0.9971860648018696","0.9971860648018696","0.9810234719041335","0.9810234719041335","0.9810234719041335","0.9978145009777233","0.9978145009777233","0.9978145009777233","0.10624499098025757","0.10624499098025757","0.10624499098025757","0.7624558013917243","0.7624558013917243","0.7624558013917243"
"2730","0.9972706683777955","0.9972706683777955","0.9972706683777955","0.9815181252856685","0.9815181252856685","0.9815181252856685","0.99812498656365","0.99812498656365","0.99812498656365","0.10435580763446398","0.10435580763446398","0.10435580763446398","0.7618639465574436","0.7618639465574436","0.7618639465574436"
"2740","0.9974816794794495","0.9974816794794495","0.9974816794794495","0.9808618089900908","0.9808618089900908","0.9808618089900908","0.9978933883114399","0.9978933883114399","0.9978933883114399","0.1976390483883271","0.1976390483883271","0.1976390483883271","0.779228975942202","0.779228975942202","0.779228975942202"
"2750","0.9977504465614766","0.9977504465614766","0.9977504465614766","0.9820696263768979","0.9820696263768979","0.9820696263768979","0.9981570035724918","0.9981570035724918","0.9981570035724918","0.10126153617147961","0.10126153617147961","0.10126153617147961","0.768479272104793","0.768479272104793","0.768479272104793"
"2760","0.9976080981795423","0.9976080981795423","0.9976080981795423","0.9856694513229385","0.9856694513229385","0.9856694513229385","0.9983555108075504","0.9983555108075504","0.9983555108075504","0.08025343093236097","0.08025343093236097","0.08025343093236097","0.79310457427413","0.79310457427413","0.79310457427413"
"2770","0.9976463803636757","0.9976463803636757","0.9976463803636757","0.9865450810070464","0.9865450810070464","0.9865450810070464","0.9984510443511326","0.9984510443511326","0.9984510443511326","0.0950440627872191","0.0950440627872191","0.0950440627872191","0.799802663590982","0.799802663590982","0.799802663590982"
"2780","0.9975583415504531","0.9975583415504531","0.9975583415504531","0.984549052752528","0.984549052752528","0.984549052752528","0.9985950336372517","0.9985950336372517","0.9985950336372517","0.1080415450210699","0.1080415450210699","0.1080415450210699","0.7807930234121164","0.7807930234121164","0.7807930234121164"
"2790","0.9954477384980809","0.9954477384980809","0.9954477384980809","0.9775120206651499","0.9775120206651499","0.9775120206651499","0.9962407751741024","0.9962407751741024","0.9962407751741024","0.10080997532347043","0.10080997532347043","0.10080997532347043","0.7511298847787005","0.7511298847787005","0.7511298847787005"
"2800","0.9970792028424617","0.9970792028424617","0.9970792028424617","0.983226865365426","0.983226865365426","0.983226865365426","0.9978550978728167","0.9978550978728167","0.9978550978728167","0.10837164625901093","0.10837164625901093","0.10837164625901093","0.7682619764806818","0.7682619764806818","0.7682619764806818"
"2810","0.9977456639866564","0.9977456639866564","0.9977456639866564","0.9842261633285988","0.9842261633285988","0.9842261633285988","0.9982212897929399","0.9982212897929399","0.9982212897929399","0.10871912388051089","0.10871912388051089","0.10871912388051089","0.7715702353184273","0.7715702353184273","0.7715702353184273"
"2820","0.9977124495641555","0.9977124495641555","0.9977124495641555","0.983793000602135","0.983793000602135","0.983793000602135","0.9983342806174417","0.9983342806174417","0.9983342806174417","0.10929313847417854","0.10929313847417854","0.10929313847417854","0.7743353535808277","0.7743353535808277","0.7743353535808277"
"2830","0.9978425139402782","0.9978425139402782","0.9978425139402782","0.9824520677092463","0.9824520677092463","0.9824520677092463","0.9984735572937147","0.9984735572937147","0.9984735572937147","0.10759573429853278","0.10759573429853278","0.10759573429853278","0.7668891741954434","0.7668891741954434","0.7668891741954434"
"2840","0.9969129248353326","0.9969129248353326","0.9969129248353326","0.9809237464370008","0.9809237464370008","0.9809237464370008","0.9980532716916143","0.9980532716916143","0.9980532716916143","0.10497458775853086","0.10497458775853086","0.10497458775853086","0.7684974269696241","0.7684974269696241","0.7684974269696241"
"2850","0.997443839457468","0.997443839457468","0.997443839457468","0.9852191693409782","0.9852191693409782","0.9852191693409782","0.9984955541996395","0.9984955541996395","0.9984955541996395","0.11096848116182341","0.11096848116182341","0.11096848116182341","0.7836308844557679","0.7836308844557679","0.7836308844557679"
"2860","0.9977424176517949","0.9977424176517949","0.9977424176517949","0.9843369068209427","0.9843369068209427","0.9843369068209427","0.9984968240711077","0.9984968240711077","0.9984968240711077","0.10792521323959779","0.10792521323959779","0.10792521323959779","0.774488849722805","0.774488849722805","0.774488849722805"
"2870","0.9976158002587312","0.9976158002587312","0.9976158002587312","0.9823633759584967","0.9823633759584967","0.9823633759584967","0.9984652663289683","0.9984652663289683","0.9984652663289683","0.10501203963921894","0.10501203963921894","0.10501203963921894","0.7635693899884491","0.7635693899884491","0.7635693899884491"
"2880","0.9977964126464622","0.9977964126464622","0.9977964126464622","0.9809421254490316","0.9809421254490316","0.9809421254490316","0.9982523922442016","0.9982523922442016","0.9982523922442016","0.10543115037811449","0.10543115037811449","0.10543115037811449","0.7703530356088034","0.7703530356088034","0.7703530356088034"
"2890","0.9977052348573429","0.9977052348573429","0.9977052348573429","0.9835977821304358","0.9835977821304358","0.9835977821304358","0.9982349392655262","0.9982349392655262","0.9982349392655262","0.11033491468873116","0.11033491468873116","0.11033491468873116","0.7838266069872573","0.7838266069872573","0.7838266069872573"
"2900","0.9979078110766664","0.9979078110766664","0.9979078110766664","0.9860309921423056","0.9860309921423056","0.9860309921423056","0.9984321334104516","0.9984321334104516","0.9984321334104516","0.18813889033400558","0.18813889033400558","0.18813889033400558","0.8042859780498678","0.8042859780498678","0.8042859780498678"
"2910","0.9944926057004575","0.9944926057004575","0.9944926057004575","0.9808641572136902","0.9808641572136902","0.9808641572136902","0.9929317160597831","0.9929317160597831","0.9929317160597831","0.24291760163218135","0.24291760163218135","0.24291760163218135","0.8058685022433637","0.8058685022433637","0.8058685022433637"
"2920","0.9921942234388191","0.9921942234388191","0.9921942234388191","0.9772621453605874","0.9772621453605874","0.9772621453605874","0.9932390186497481","0.9932390186497481","0.9932390186497481","0.16896006549157053","0.16896006549157053","0.16896006549157053","0.7880375553224692","0.7880375553224692","0.7880375553224692"
"2930","0.9972848974528815","0.9972848974528815","0.9972848974528815","0.9844579585389412","0.9844579585389412","0.9844579585389412","0.9978076811731341","0.9978076811731341","0.9978076811731341","0.11004784688995216","0.11004784688995216","0.11004784688995216","0.7825856807852624","0.7825856807852624","0.7825856807852624"
"2940","0.9969312382487241","0.9969312382487241","0.9969312382487241","0.9811461570929741","0.9811461570929741","0.9811461570929741","0.9979672690994206","0.9979672690994206","0.9979672690994206","0.10259679214151414","0.10259679214151414","0.10259679214151414","0.7651049460880243","0.7651049460880243","0.7651049460880243"
"2950","0.9975513801743479","0.9975513801743479","0.9975513801743479","0.983379209337049","0.983379209337049","0.983379209337049","0.9984109616104282","0.9984109616104282","0.9984109616104282","0.10773927232869634","0.10773927232869634","0.10773927232869634","0.7804306075578579","0.7804306075578579","0.7804306075578579"
"2960","0.9978353913057205","0.9978353913057205","0.9978353913057205","0.9851133239047647","0.9851133239047647","0.9851133239047647","0.9984779950021776","0.9984779950021776","0.9984779950021776","0.1087226022849576","0.1087226022849576","0.1087226022849576","0.7876640519877534","0.7876640519877534","0.7876640519877534"
"2970","0.9975808910026351","0.9975808910026351","0.9975808910026351","0.9825248129328353","0.9825248129328353","0.9825248129328353","0.9986020224387088","0.9986020224387088","0.9986020224387088","0.10690180119356425","0.10690180119356425","0.10690180119356425","0.7870669776192676","0.7870669776192676","0.7870669776192676"
"2980","0.9977005856148956","0.9977005856148956","0.9977005856148956","0.9779037989889384","0.9779037989889384","0.9779037989889384","0.9983843035186947","0.9983843035186947","0.9983843035186947","0.1005716001801892","0.1005716001801892","0.1005716001801892","0.7660583612793433","0.7660583612793433","0.7660583612793433"
"2990","0.9973442678456996","0.9973442678456996","0.9973442678456996","0.9752862156388038","0.9752862156388038","0.9752862156388038","0.9980723352059516","0.9980723352059516","0.9980723352059516","0.09436209978365702","0.09436209978365702","0.09436209978365702","0.7412016538865399","0.7412016538865399","0.7412016538865399"
"3000","0.9977130202620196","0.9977130202620196","0.9977130202620196","0.9838660211820797","0.9838660211820797","0.9838660211820797","0.9983019340077932","0.9983019340077932","0.9983019340077932","0.10296394831858541","0.10296394831858541","0.10296394831858541","0.7786418106181336","0.7786418106181336","0.7786418106181336"
"3010","0.9980458125031669","0.9980458125031669","0.9980458125031669","0.9833291744705098","0.9833291744705098","0.9833291744705098","0.9984798639334811","0.9984798639334811","0.9984798639334811","0.10024102283167888","0.10024102283167888","0.10024102283167888","0.7692108390481844","0.7692108390481844","0.7692108390481844"
"3020","0.9978982420889285","0.9978982420889285","0.9978982420889285","0.9836472291793428","0.9836472291793428","0.9836472291793428","0.9985368821723196","0.9985368821723196","0.9985368821723196","0.10595671020173292","0.10595671020173292","0.10595671020173292","0.7819718602161189","0.7819718602161189","0.7819718602161189"
"3030","0.9978925194226566","0.9978925194226566","0.9978925194226566","0.9853883832240444","0.9853883832240444","0.9853883832240444","0.9984116997329531","0.9984116997329531","0.9984116997329531","0.10480171879442045","0.10480171879442045","0.10480171879442045","0.7937717004786339","0.7937717004786339","0.7937717004786339"
"3040","0.9983460627978704","0.9983460627978704","0.9983460627978704","0.9873358305629115","0.9873358305629115","0.9873358305629115","0.9988644196528395","0.9988644196528395","0.9988644196528395","0.10898244978591215","0.10898244978591215","0.10898244978591215","0.8037432572029427","0.8037432572029427","0.8037432572029427"
"3050","0.9982546121051824","0.9982546121051824","0.9982546121051824","0.9860472468505392","0.9860472468505392","0.9860472468505392","0.9984183304306262","0.9984183304306262","0.9984183304306262","0.10918506851235556","0.10918506851235556","0.10918506851235556","0.7951789657706382","0.7951789657706382","0.7951789657706382"
"3060","0.997999174439152","0.997999174439152","0.997999174439152","0.9866695112958058","0.9866695112958058","0.9866695112958058","0.9984945109479572","0.9984945109479572","0.9984945109479572","0.10909925745903502","0.10909925745903502","0.10909925745903502","0.8056184517487512","0.8056184517487512","0.8056184517487512"
"3070","0.9979394164082745","0.9979394164082745","0.9979394164082745","0.9866956140745068","0.9866956140745068","0.9866956140745068","0.9984646264923082","0.9984646264923082","0.9984646264923082","0.11153365089351248","0.11153365089351248","0.11153365089351248","0.803212862685181","0.803212862685181","0.803212862685181"
"3080","0.9958494683468475","0.9958494683468475","0.9958494683468475","0.9875911940266575","0.9875911940266575","0.9875911940266575","0.9985730803326006","0.9985730803326006","0.9985730803326006","0.11260572832900638","0.11260572832900638","0.11260572832900638","0.8058728813638152","0.8058728813638152","0.8058728813638152"
"3090","0.9607325760934371","0.9607325760934371","0.9607325760934371","0.987696635225414","0.987696635225414","0.987696635225414","0.9986526633339958","0.9986526633339958","0.9986526633339958","0.18917850172493744","0.18917850172493744","0.18917850172493744","0.8210702255922625","0.8210702255922625","0.8210702255922625"
"3100","0.9928928602507964","0.9928928602507964","0.9928928602507964","0.9853649533474418","0.9853649533474418","0.9853649533474418","0.9986200749921823","0.9986200749921823","0.9986200749921823","0.11752026615435078","0.11752026615435078","0.11752026615435078","0.7976234306102367","0.7976234306102367","0.7976234306102367"
"3110","0.9975595436383413","0.9975595436383413","0.9975595436383413","0.9882237857993414","0.9882237857993414","0.9882237857993414","0.9985405113915571","0.9985405113915571","0.9985405113915571","0.1077444919488866","0.1077444919488866","0.1077444919488866","0.8181096217660733","0.8181096217660733","0.8181096217660733"
"3120","0.997280320287154","0.997280320287154","0.997280320287154","0.9884398820617499","0.9884398820617499","0.9884398820617499","0.998873867210997","0.998873867210997","0.998873867210997","0.1647664408484454","0.1647664408484454","0.1647664408484454","0.8254237789545307","0.8254237789545307","0.8254237789545307"
"3130","0.9962705605617724","0.9962705605617724","0.9962705605617724","0.9861145943234689","0.9861145943234689","0.9861145943234689","0.9985320061573586","0.9985320061573586","0.9985320061573586","0.2332899493228635","0.2332899493228635","0.2332899493228635","0.8319968607848902","0.8319968607848902","0.8319968607848902"
"3140","0.9942075138331976","0.9942075138331976","0.9942075138331976","0.9777177075508627","0.9777177075508627","0.9777177075508627","0.9976925274283477","0.9976925274283477","0.9976925274283477","0.193253208349644","0.193253208349644","0.193253208349644","0.8157682582337943","0.8157682582337943","0.8157682582337943"
"3150","0.9944473168852273","0.9944473168852273","0.9944473168852273","0.9726358426044409","0.9726358426044409","0.9726358426044409","0.9968748066093199","0.9968748066093199","0.9968748066093199","0.11186116196107632","0.11186116196107632","0.11186116196107632","0.7867292570404189","0.7867292570404189","0.7867292570404189"
"3160","0.9982537217671071","0.9982537217671071","0.9982537217671071","0.9863124517634807","0.9863124517634807","0.9863124517634807","0.9986061389397729","0.9986061389397729","0.9986061389397729","0.10974121979115331","0.10974121979115331","0.10974121979115331","0.8148498740038869","0.8148498740038869","0.8148498740038869"
"3170","0.9969968057899038","0.9969968057899038","0.9969968057899038","0.9876964545329131","0.9876964545329131","0.9876964545329131","0.9923774049430667","0.9923774049430667","0.9923774049430667","0.22831386032493925","0.22831386032493925","0.22831386032493925","0.842635806989059","0.842635806989059","0.842635806989059"
"3180","0.9972557143298836","0.9972557143298836","0.9972557143298836","0.9861037220573826","0.9861037220573826","0.9861037220573826","0.9981619469715305","0.9981619469715305","0.9981619469715305","0.23791272233351707","0.23791272233351707","0.23791272233351707","0.846038537276547","0.846038537276547","0.846038537276547"
"3190","0.9959751751842971","0.9959751751842971","0.9959751751842971","0.9808754373674609","0.9808754373674609","0.9808754373674609","0.9970326409495549","0.9970326409495549","0.9970326409495549","0.11226318557290153","0.11226318557290153","0.11226318557290153","0.8050627360075636","0.8050627360075636","0.8050627360075636"
"3200","0.9959645901197907","0.9959645901197907","0.9959645901197907","0.9815779238021863","0.9815779238021863","0.9815779238021863","0.9960291043185243","0.9960291043185243","0.9960291043185243","0.10841938343125779","0.10841938343125779","0.10841938343125779","0.811130475759491","0.811130475759491","0.811130475759491"
"3210","0.9983787843857601","0.9983787843857601","0.9983787843857601","0.9870553741810258","0.9870553741810258","0.9870553741810258","0.9983406709452877","0.9983406709452877","0.9983406709452877","0.1130360980761079","0.1130360980761079","0.1130360980761079","0.824569411082273","0.824569411082273","0.824569411082273"
"3220","0.9987043181994739","0.9987043181994739","0.9987043181994739","0.9888031266531272","0.9888031266531272","0.9888031266531272","0.9987968008404823","0.9987968008404823","0.9987968008404823","0.11180688884696342","0.11180688884696342","0.11180688884696342","0.8307956096640661","0.8307956096640661","0.8307956096640661"
"3230","0.9952200437917891","0.9952200437917891","0.9952200437917891","0.983248835329798","0.983248835329798","0.983248835329798","0.9967814645710025","0.9967814645710025","0.9967814645710025","0.10400502534940106","0.10400502534940106","0.10400502534940106","0.813474644440423","0.813474644440423","0.813474644440423"
"3240","0.9982866318300369","0.9982866318300369","0.9982866318300369","0.9877688159567852","0.9877688159567852","0.9877688159567852","0.9989688233819994","0.9989688233819994","0.9989688233819994","0.11218941721350276","0.11218941721350276","0.11218941721350276","0.8274770050398641","0.8274770050398641","0.8274770050398641"
"3250","0.9976321896593053","0.9976321896593053","0.9976321896593053","0.9736840176989112","0.9736840176989112","0.9736840176989112","0.9985847570377457","0.9985847570377457","0.9985847570377457","0.09798987347602305","0.09798987347602305","0.09798987347602305","0.7747670135337842","0.7747670135337842","0.7747670135337842"
"3260","0.9983559072113376","0.9983559072113376","0.9983559072113376","0.9869624847066583","0.9869624847066583","0.9869624847066583","0.9989667040764133","0.9989667040764133","0.9989667040764133","0.10758081348399656","0.10758081348399656","0.10758081348399656","0.8155674508973655","0.8155674508973655","0.8155674508973655"
"3270","0.9983967194994747","0.9983967194994747","0.9983967194994747","0.9879687945028227","0.9879687945028227","0.9879687945028227","0.9989993643464369","0.9989993643464369","0.9989993643464369","0.11465719033580239","0.11465719033580239","0.11465719033580239","0.8256055213208013","0.8256055213208013","0.8256055213208013"
"3280","0.9972920925030505","0.9972920925030505","0.9972920925030505","0.9868481371748016","0.9868481371748016","0.9868481371748016","0.9984735310280259","0.9984735310280259","0.9984735310280259","0.13074327893288673","0.13074327893288673","0.13074327893288673","0.8200966666763585","0.8200966666763585","0.8200966666763585"
"3290","0.9978134487952799","0.9978134487952799","0.9978134487952799","0.9874085134368464","0.9874085134368464","0.9874085134368464","0.9986404619230549","0.9986404619230549","0.9986404619230549","0.1095740647177759","0.1095740647177759","0.1095740647177759","0.8164802358916171","0.8164802358916171","0.8164802358916171"
"3300","0.9982508166168635","0.9982508166168635","0.9982508166168635","0.9860510197417304","0.9860510197417304","0.9860510197417304","0.9986303742665593","0.9986303742665593","0.9986303742665593","0.10463391617360455","0.10463391617360455","0.10463391617360455","0.8120990863167101","0.8120990863167101","0.8120990863167101"
"3310","0.997131380555412","0.997131380555412","0.997131380555412","0.9856836691747088","0.9856836691747088","0.9856836691747088","0.9975891782531326","0.9975891782531326","0.9975891782531326","0.10818977929720669","0.10818977929720669","0.10818977929720669","0.8353737327495182","0.8353737327495182","0.8353737327495182"
"3320","0.9957486709467209","0.9957486709467209","0.9957486709467209","0.9796030588230467","0.9796030588230467","0.9796030588230467","0.9961826265909142","0.9961826265909142","0.9961826265909142","0.10133325946854284","0.10133325946854284","0.10133325946854284","0.7940834302808709","0.7940834302808709","0.7940834302808709"
"3330","0.99718357076449","0.99718357076449","0.99718357076449","0.9825391132828261","0.9825391132828261","0.9825391132828261","0.9977829147021504","0.9977829147021504","0.9977829147021504","0.10795694858895921","0.10795694858895921","0.10795694858895921","0.8138242821029078","0.8138242821029078","0.8138242821029078"
"3340","0.9980831575994834","0.9980831575994834","0.9980831575994834","0.9858477950721215","0.9858477950721215","0.9858477950721215","0.9985211332573555","0.9985211332573555","0.9985211332573555","0.11173504522797564","0.11173504522797564","0.11173504522797564","0.8297206553979568","0.8297206553979568","0.8297206553979568"
"3350","0.9983640972444962","0.9983640972444962","0.9983640972444962","0.9870146866522135","0.9870146866522135","0.9870146866522135","0.9980733892794197","0.9980733892794197","0.9980733892794197","0.22712659312792116","0.22712659312792116","0.22712659312792116","0.8426765729070904","0.8426765729070904","0.8426765729070904"
"3360","0.9985482393541103","0.9985482393541103","0.9985482393541103","0.9903436082056962","0.9903436082056962","0.9903436082056962","0.9988422128964914","0.9988422128964914","0.9988422128964914","0.23835715655156253","0.23835715655156253","0.23835715655156253","0.8659331529727542","0.8659331529727542","0.8659331529727542"
"3370","0.9984324387733479","0.9984324387733479","0.9984324387733479","0.9877773741410105","0.9877773741410105","0.9877773741410105","0.998796657887567","0.998796657887567","0.998796657887567","0.1169323101141283","0.1169323101141283","0.1169323101141283","0.8361364014773106","0.8361364014773106","0.8361364014773106"
"3380","0.9986019065079266","0.9986019065079266","0.9986019065079266","0.9895009000284608","0.9895009000284608","0.9895009000284608","0.9989373380595609","0.9989373380595609","0.9989373380595609","0.11474161605931686","0.11474161605931686","0.11474161605931686","0.8451063955615845","0.8451063955615845","0.8451063955615845"
"3390","0.9983236230944347","0.9983236230944347","0.9983236230944347","0.9865691067684546","0.9865691067684546","0.9865691067684546","0.9988328781905352","0.9988328781905352","0.9988328781905352","0.10896828514499099","0.10896828514499099","0.10896828514499099","0.8350098680007004","0.8350098680007004","0.8350098680007004"
"3400","0.9876288055061299","0.9876288055061299","0.9876288055061299","0.9897385761492287","0.9897385761492287","0.9897385761492287","0.9989255616604423","0.9989255616604423","0.9989255616604423","0.15906966740316367","0.15906966740316367","0.15906966740316367","0.8530483155074986","0.8530483155074986","0.8530483155074986"
"3410","0.9978995668287001","0.9978995668287001","0.9978995668287001","0.9896621303213023","0.9896621303213023","0.9896621303213023","0.9989935629347823","0.9989935629347823","0.9989935629347823","0.15519298898035036","0.15519298898035036","0.15519298898035036","0.8492607163903638","0.8492607163903638","0.8492607163903638"
"3420","0.9751915398101594","0.9751915398101594","0.9751915398101594","0.9888503363531747","0.9888503363531747","0.9888503363531747","0.9971539346756567","0.9971539346756567","0.9971539346756567","0.13858349359345676","0.13858349359345676","0.13858349359345676","0.8465567243603112","0.8465567243603112","0.8465567243603112"
"3430","0.9969043181939193","0.9969043181939193","0.9969043181939193","0.9906905915552953","0.9906905915552953","0.9906905915552953","0.9986539587881369","0.9986539587881369","0.9986539587881369","0.23887652414674404","0.23887652414674404","0.23887652414674404","0.8732942867791917","0.8732942867791917","0.8732942867791917"
"3440","0.9978146740514191","0.9978146740514191","0.9978146740514191","0.9898763744617862","0.9898763744617862","0.9898763744617862","0.9989887713417179","0.9989887713417179","0.9989887713417179","0.20342292138908388","0.20342292138908388","0.20342292138908388","0.862640925176295","0.862640925176295","0.862640925176295"
"3450","0.9966870624867638","0.9966870624867638","0.9966870624867638","0.9804051308175309","0.9804051308175309","0.9804051308175309","0.9986274319010469","0.9986274319010469","0.9986274319010469","0.2204110835732561","0.2204110835732561","0.2204110835732561","0.8291353049928739","0.8291353049928739","0.8291353049928739"
"3460","0.9980044370011093","0.9980044370011093","0.9980044370011093","0.9847347586836896","0.9847347586836896","0.9847347586836896","0.9987428496857125","0.9987428496857125","0.9987428496857125","0.23136894534223634","0.23136894534223634","0.23136894534223634","0.8487015246753812","0.8487015246753812","0.8487015246753812"
"3470","0.9986741407719072","0.9986741407719072","0.9986741407719072","0.9885308015959103","0.9885308015959103","0.9885308015959103","0.9989396879492252","0.9989396879492252","0.9989396879492252","0.12361549519387759","0.12361549519387759","0.12361549519387759","0.8484344914818471","0.8484344914818471","0.8484344914818471"
"3480","0.998222608673414","0.998222608673414","0.998222608673414","0.987819328384769","0.987819328384769","0.987819328384769","0.9987117109629241","0.9987117109629241","0.9987117109629241","0.22715125088709728","0.22715125088709728","0.22715125088709728","0.8582977961626249","0.8582977961626249","0.8582977961626249"
"3490","0.9987487698580064","0.9987487698580064","0.9987487698580064","0.9888762720479296","0.9888762720479296","0.9888762720479296","0.9989185564892018","0.9989185564892018","0.9989185564892018","0.23872432923466244","0.23872432923466244","0.23872432923466244","0.8665758254117596","0.8665758254117596","0.8665758254117596"
"3500","0.998548555700115","0.998548555700115","0.998548555700115","0.9886996036729814","0.9886996036729814","0.9886996036729814","0.9988409126802085","0.9988409126802085","0.9988409126802085","0.11616254672071354","0.11616254672071354","0.11616254672071354","0.8519461010295478","0.8519461010295478","0.8519461010295478"
"3510","0.9988857700370728","0.9988857700370728","0.9988857700370728","0.9899793709344092","0.9899793709344092","0.9899793709344092","0.9991759534664829","0.9991759534664829","0.9991759534664829","0.1133687133899191","0.1133687133899191","0.1133687133899191","0.8611230470748208","0.8611230470748208","0.8611230470748208"
"3520","0.9984124482289113","0.9984124482289113","0.9984124482289113","0.9863007195255575","0.9863007195255575","0.9863007195255575","0.9986517203857979","0.9986517203857979","0.9986517203857979","0.111333714396398","0.111333714396398","0.111333714396398","0.8434305550544344","0.8434305550544344","0.8434305550544344"
"3530","0.9979002295644543","0.9979002295644543","0.9979002295644543","0.9821568481505567","0.9821568481505567","0.9821568481505567","0.9987366120047323","0.9987366120047323","0.9987366120047323","0.10208664687032351","0.10208664687032351","0.10208664687032351","0.8246299938103782","0.8246299938103782","0.8246299938103782"
"3540","0.998296739231991","0.998296739231991","0.998296739231991","0.9879622535737643","0.9879622535737643","0.9879622535737643","0.9990815659160983","0.9990815659160983","0.9990815659160983","0.11635522750630664","0.11635522750630664","0.11635522750630664","0.8526927029804727","0.8526927029804727","0.8526927029804727"
"3550","0.9983286624011362","0.9983286624011362","0.9983286624011362","0.9875933871686596","0.9875933871686596","0.9875933871686596","0.9986600971453176","0.9986600971453176","0.9986600971453176","0.11205515980631368","0.11205515980631368","0.11205515980631368","0.8488723664629586","0.8488723664629586","0.8488723664629586"
"3560","0.9987355568075811","0.9987355568075811","0.9987355568075811","0.9896784859932206","0.9896784859932206","0.9896784859932206","0.9989895537965623","0.9989895537965623","0.9989895537965623","0.11564990902289668","0.11564990902289668","0.11564990902289668","0.8641356251558618","0.8641356251558618","0.8641356251558618"
"3570","0.998445027885762","0.998445027885762","0.998445027885762","0.9864629731622935","0.9864629731622935","0.9864629731622935","0.9988749445225733","0.9988749445225733","0.9988749445225733","0.20715672172522767","0.20715672172522767","0.20715672172522767","0.8520798019389026","0.8520798019389026","0.8520798019389026"
"3580","0.9989617851301943","0.9989617851301943","0.9989617851301943","0.9899046982968995","0.9899046982968995","0.9899046982968995","0.9992079597900452","0.9992079597900452","0.9992079597900452","0.23794172296574104","0.23794172296574104","0.23794172296574104","0.8754281298432188","0.8754281298432188","0.8754281298432188"
"3590","0.9987749103161725","0.9987749103161725","0.9987749103161725","0.9895035997760054","0.9895035997760054","0.9895035997760054","0.9990845273657514","0.9990845273657514","0.9990845273657514","0.13657456515049873","0.13657456515049873","0.13657456515049873","0.869160995132132","0.869160995132132","0.869160995132132"
"3600","0.9982258138802957","0.9982258138802957","0.9982258138802957","0.9866566618817696","0.9866566618817696","0.9866566618817696","0.9987775483415342","0.9987775483415342","0.9987775483415342","0.1069961848761428","0.1069961848761428","0.1069961848761428","0.8464019236821703","0.8464019236821703","0.8464019236821703"
"3610","0.998208315321565","0.998208315321565","0.998208315321565","0.9878587454099167","0.9878587454099167","0.9878587454099167","0.9989001539597725","0.9989001539597725","0.9989001539597725","0.11206478821428138","0.11206478821428138","0.11206478821428138","0.8582122926934931","0.8582122926934931","0.8582122926934931"
"3620","0.9984935302773423","0.9984935302773423","0.9984935302773423","0.9897646028597934","0.9897646028597934","0.9897646028597934","0.999005350116759","0.999005350116759","0.999005350116759","0.17755650011196059","0.17755650011196059","0.17755650011196059","0.8725758532996385","0.8725758532996385","0.8725758532996385"
"3630","0.9986985724026479","0.9986985724026479","0.9986985724026479","0.9910414105241682","0.9910414105241682","0.9910414105241682","0.9992376125461057","0.9992376125461057","0.9992376125461057","0.24309851441825006","0.24309851441825006","0.24309851441825006","0.8828725900234622","0.8828725900234622","0.8828725900234622"
"3640","0.9979244602208769","0.9979244602208769","0.9979244602208769","0.9876392816720277","0.9876392816720277","0.9876392816720277","0.9987694793880088","0.9987694793880088","0.9987694793880088","0.16671344084197628","0.16671344084197628","0.16671344084197628","0.8503832912365755","0.8503832912365755","0.8503832912365755"
"3650","0.9982876582805101","0.9982876582805101","0.9982876582805101","0.9875937958578539","0.9875937958578539","0.9875937958578539","0.9989778898957655","0.9989778898957655","0.9989778898957655","0.10805906869790169","0.10805906869790169","0.10805906869790169","0.8488184747583244","0.8488184747583244","0.8488184747583244"
"3660","0.9976363220081973","0.9976363220081973","0.9976363220081973","0.9869533232242858","0.9869533232242858","0.9869533232242858","0.9982734547419941","0.9982734547419941","0.9982734547419941","0.11136310748119567","0.11136310748119567","0.11136310748119567","0.8573883000285255","0.8573883000285255","0.8573883000285255"
"3670","0.9982417130738338","0.9982417130738338","0.9982417130738338","0.9878936997572841","0.9878936997572841","0.9878936997572841","0.9987174400560216","0.9987174400560216","0.9987174400560216","0.11069976584717937","0.11069976584717937","0.11069976584717937","0.857697690726083","0.857697690726083","0.857697690726083"
"3680","0.9982774701418698","0.9982774701418698","0.9982774701418698","0.9867494792681566","0.9867494792681566","0.9867494792681566","0.9983171990018597","0.9983171990018597","0.9983171990018597","0.11058244400595554","0.11058244400595554","0.11058244400595554","0.8572173149722938","0.8572173149722938","0.8572173149722938"
"3690","0.9987044238174803","0.9987044238174803","0.9987044238174803","0.9878777820942697","0.9878777820942697","0.9878777820942697","0.9988053165769633","0.9988053165769633","0.9988053165769633","0.11413234112690612","0.11413234112690612","0.11413234112690612","0.8623077851493401","0.8623077851493401","0.8623077851493401"
"3700","0.9982760097860958","0.9982760097860958","0.9982760097860958","0.9872371414700086","0.9872371414700086","0.9872371414700086","0.9982131807667044","0.9982131807667044","0.9982131807667044","0.11431644882766762","0.11431644882766762","0.11431644882766762","0.8596342589507554","0.8596342589507554","0.8596342589507554"
"3710","0.9990595161308363","0.9990595161308363","0.9990595161308363","0.9900126019245897","0.9900126019245897","0.9900126019245897","0.999127559066861","0.999127559066861","0.999127559066861","0.11419748483481412","0.11419748483481412","0.11419748483481412","0.8718248183346817","0.8718248183346817","0.8718248183346817"
"3720","0.9989499021691699","0.9989499021691699","0.9989499021691699","0.9900555078522731","0.9900555078522731","0.9900555078522731","0.9991338335139802","0.9991338335139802","0.9991338335139802","0.11306240996982962","0.11306240996982962","0.11306240996982962","0.868419644993736","0.868419644993736","0.868419644993736"
"3730","0.9991665752007753","0.9991665752007753","0.9991665752007753","0.991807136571908","0.991807136571908","0.991807136571908","0.9994549252987214","0.9994549252987214","0.9994549252987214","0.11699293635276192","0.11699293635276192","0.11699293635276192","0.8805839926628852","0.8805839926628852","0.8805839926628852"
"3740","0.9982505399775646","0.9982505399775646","0.9982505399775646","0.9887996108893313","0.9887996108893313","0.9887996108893313","0.9988397811829234","0.9988397811829234","0.9988397811829234","0.11882774643595582","0.11882774643595582","0.11882774643595582","0.8676379694344342","0.8676379694344342","0.8676379694344342"
"3750","0.998352981076146","0.998352981076146","0.998352981076146","0.98857486019545","0.98857486019545","0.98857486019545","0.9989760001798792","0.9989760001798792","0.9989760001798792","0.11441909792455005","0.11441909792455005","0.11441909792455005","0.8702377684486262","0.8702377684486262","0.8702377684486262"
"3760","0.9979111051456808","0.9979111051456808","0.9979111051456808","0.9901828901515717","0.9901828901515717","0.9901828901515717","0.9990982257815957","0.9990982257815957","0.9990982257815957","0.1613141843019701","0.1613141843019701","0.1613141843019701","0.8745072305986806","0.8745072305986806","0.8745072305986806"
"3770","0.9982681575042571","0.9982681575042571","0.9982681575042571","0.9908458219970839","0.9908458219970839","0.9908458219970839","0.9990744896271976","0.9990744896271976","0.9990744896271976","0.23614042848338698","0.23614042848338698","0.23614042848338698","0.8886606726806946","0.8886606726806946","0.8886606726806946"
"3780","0.9979305687594853","0.9979305687594853","0.9979305687594853","0.9893653102982553","0.9893653102982553","0.9893653102982553","0.9989197244943105","0.9989197244943105","0.9989197244943105","0.17983904198697798","0.17983904198697798","0.17983904198697798","0.8814835513626962","0.8814835513626962","0.8814835513626962"
"3790","0.9976628380825602","0.9976628380825602","0.9976628380825602","0.9877443590487514","0.9877443590487514","0.9877443590487514","0.9987996563945319","0.9987996563945319","0.9987996563945319","0.11443654960946166","0.11443654960946166","0.11443654960946166","0.8702329956063253","0.8702329956063253","0.8702329956063253"
"3800","0.9978682442220166","0.9978682442220166","0.9978682442220166","0.9858618143755666","0.9858618143755666","0.9858618143755666","0.9985719759628414","0.9985719759628414","0.9985719759628414","0.11227558620947468","0.11227558620947468","0.11227558620947468","0.8652302314931636","0.8652302314931636","0.8652302314931636"
"3810","0.9980059791572042","0.9980059791572042","0.9980059791572042","0.9834890425697786","0.9834890425697786","0.9834890425697786","0.998798164222482","0.998798164222482","0.998798164222482","0.10724326376373129","0.10724326376373129","0.10724326376373129","0.8480186173174754","0.8480186173174754","0.8480186173174754"
"3820","0.9990523820595453","0.9990523820595453","0.9990523820595453","0.9905840309240248","0.9905840309240248","0.9905840309240248","0.9992635813659223","0.9992635813659223","0.9992635813659223","0.11833089558695344","0.11833089558695344","0.11833089558695344","0.8845202950491362","0.8845202950491362","0.8845202950491362"
"3830","0.9943730192241426","0.9943730192241426","0.9943730192241426","0.9904893638706483","0.9904893638706483","0.9904893638706483","0.9990865984284834","0.9990865984284834","0.9990865984284834","0.14812927398649797","0.14812927398649797","0.14812927398649797","0.8814247511441786","0.8814247511441786","0.8814247511441786"
"3840","0.9992340796871028","0.9992340796871028","0.9992340796871028","0.9935304845701586","0.9935304845701586","0.9935304845701586","0.9994956644934201","0.9994956644934201","0.9994956644934201","0.2164467784784763","0.2164467784784763","0.2164467784784763","0.9023357430525691","0.9023357430525691","0.9023357430525691"
"3850","0.9990704726418693","0.9990704726418693","0.9990704726418693","0.9935616852390461","0.9935616852390461","0.9935616852390461","0.9995501008309261","0.9995501008309261","0.9995501008309261","0.16600486564960387","0.16600486564960387","0.16600486564960387","0.9045896652016866","0.9045896652016866","0.9045896652016866"
"3860","0.9991996198875834","0.9991996198875834","0.9991996198875834","0.9926176063637941","0.9926176063637941","0.9926176063637941","0.9993967623216292","0.9993967623216292","0.9993967623216292","0.09421227970241486","0.09421227970241486","0.09421227970241486","0.8937865610637333","0.8937865610637333","0.8937865610637333"
"3870","0.9989509696728456","0.9989509696728456","0.9989509696728456","0.9901354871541651","0.9901354871541651","0.9901354871541651","0.9990890264978409","0.9990890264978409","0.9990890264978409","0.17942953307569445","0.17942953307569445","0.17942953307569445","0.8857312728940036","0.8857312728940036","0.8857312728940036"
"3880","0.9992223950233281","0.9992223950233281","0.9992223950233281","0.9915711460553348","0.9915711460553348","0.9915711460553348","0.9994453297834439","0.9994453297834439","0.9994453297834439","0.23888686220925148","0.23888686220925148","0.23888686220925148","0.8994329563709208","0.8994329563709208","0.8994329563709208"
"3890","0.9990439664388809","0.9990439664388809","0.9990439664388809","0.9897854830291424","0.9897854830291424","0.9897854830291424","0.9992963512227033","0.9992963512227033","0.9992963512227033","0.1653796725256953","0.1653796725256953","0.1653796725256953","0.8804786426948233","0.8804786426948233","0.8804786426948233"
"3900","0.9990630098656057","0.9990630098656057","0.9990630098656057","0.9890292010452337","0.9890292010452337","0.9890292010452337","0.9993479656826126","0.9993479656826126","0.9993479656826126","0.14448645124138826","0.14448645124138826","0.14448645124138826","0.8816701181280382","0.8816701181280382","0.8816701181280382"
"3910","0.9991250356466959","0.9991250356466959","0.9991250356466959","0.9904942144332392","0.9904942144332392","0.9904942144332392","0.9994210112427518","0.9994210112427518","0.9994210112427518","0.23751393461747855","0.23751393461747855","0.23751393461747855","0.8952203181845678","0.8952203181845678","0.8952203181845678"
"3920","0.9985348015713061","0.9985348015713061","0.9985348015713061","0.9899290922712337","0.9899290922712337","0.9899290922712337","0.9991772506701677","0.9991772506701677","0.9991772506701677","0.20155597026911365","0.20155597026911365","0.20155597026911365","0.8951222570273051","0.8951222570273051","0.8951222570273051"
"3930","0.9933294107790636","0.9933294107790636","0.9933294107790636","0.989001761297486","0.989001761297486","0.989001761297486","0.999000422749916","0.999000422749916","0.999000422749916","0.1380861080910867","0.1380861080910867","0.1380861080910867","0.8874252604149112","0.8874252604149112","0.8874252604149112"
"3940","0.9981001653421516","0.9981001653421516","0.9981001653421516","0.991636887300656","0.991636887300656","0.991636887300656","0.9994239692783615","0.9994239692783615","0.9994239692783615","0.24122566536881968","0.24122566536881968","0.24122566536881968","0.9057613739399435","0.9057613739399435","0.9057613739399435"
"3950","0.9985952367720702","0.9985952367720702","0.9985952367720702","0.9913141379899434","0.9913141379899434","0.9913141379899434","0.9992219772891466","0.9992219772891466","0.9992219772891466","0.19934876617535974","0.19934876617535974","0.19934876617535974","0.8944986796254788","0.8944986796254788","0.8944986796254788"
"3960","0.9990795059170599","0.9990795059170599","0.9990795059170599","0.9907143634609827","0.9907143634609827","0.9907143634609827","0.9994032270777269","0.9994032270777269","0.9994032270777269","0.11586214920824373","0.11586214920824373","0.11586214920824373","0.8853520397248089","0.8853520397248089","0.8853520397248089"
"3970","0.9986341467045533","0.9986341467045533","0.9986341467045533","0.9918662878005482","0.9918662878005482","0.9918662878005482","0.9994389580809575","0.9994389580809575","0.9994389580809575","0.11889622678375043","0.11889622678375043","0.11889622678375043","0.8911290247546954","0.8911290247546954","0.8911290247546954"
"3980","0.9990168938301036","0.9990168938301036","0.9990168938301036","0.9914686065143085","0.9914686065143085","0.9914686065143085","0.999348309224488","0.999348309224488","0.999348309224488","0.11522394211649112","0.11522394211649112","0.11522394211649112","0.8908659317971255","0.8908659317971255","0.8908659317971255"
"3990","0.9957836985676759","0.9957836985676759","0.9957836985676759","0.9926943901407956","0.9926943901407956","0.9926943901407956","0.9994268119112362","0.9994268119112362","0.9994268119112362","0.11928404100371603","0.11928404100371603","0.11928404100371603","0.8991013592218672","0.8991013592218672","0.8991013592218672"
"4000","0.9988641701977237","0.9988641701977237","0.9988641701977237","0.9905189374735461","0.9905189374735461","0.9905189374735461","0.9992985948641144","0.9992985948641144","0.9992985948641144","0.1156360321306809","0.1156360321306809","0.1156360321306809","0.890356609627111","0.890356609627111","0.890356609627111"
"4010","0.9963289229213436","0.9963289229213436","0.9963289229213436","0.9921422395265597","0.9921422395265597","0.9921422395265597","0.9994355257738333","0.9994355257738333","0.9994355257738333","0.1783449336443593","0.1783449336443593","0.1783449336443593","0.9014633445796013","0.9014633445796013","0.9014633445796013"
"4020","0.9982057929708291","0.9982057929708291","0.9982057929708291","0.9914474700822417","0.9914474700822417","0.9914474700822417","0.9987841886578644","0.9987841886578644","0.9987841886578644","0.2377013117456175","0.2377013117456175","0.2377013117456175","0.9076316037978813","0.9076316037978813","0.9076316037978813"
"4030","0.9987184022881402","0.9987184022881402","0.9987184022881402","0.9912859328207607","0.9912859328207607","0.9912859328207607","0.9994020539446999","0.9994020539446999","0.9994020539446999","0.16683791177305954","0.16683791177305954","0.16683791177305954","0.8951830462361787","0.8951830462361787","0.8951830462361787"
"4040","0.9987587980685778","0.9987587980685778","0.9987587980685778","0.9905948623572385","0.9905948623572385","0.9905948623572385","0.9994017966631266","0.9994017966631266","0.9994017966631266","0.11669724565159369","0.11669724565159369","0.11669724565159369","0.8928525433440779","0.8928525433440779","0.8928525433440779"
"4050","0.9990631329318543","0.9990631329318543","0.9990631329318543","0.9915523803587262","0.9915523803587262","0.9915523803587262","0.9994510907942344","0.9994510907942344","0.9994510907942344","0.1178033583939847","0.1178033583939847","0.1178033583939847","0.8971241809390813","0.8971241809390813","0.8971241809390813"
"4060","0.9987685576685188","0.9987685576685188","0.9987685576685188","0.9920523604814903","0.9920523604814903","0.9920523604814903","0.9993852089266547","0.9993852089266547","0.9993852089266547","0.12140775064594916","0.12140775064594916","0.12140775064594916","0.898690615925786","0.898690615925786","0.898690615925786"
"4070","0.9987070116641653","0.9987070116641653","0.9987070116641653","0.9905748202981302","0.9905748202981302","0.9905748202981302","0.9993003757659192","0.9993003757659192","0.9993003757659192","0.11468195308003927","0.11468195308003927","0.11468195308003927","0.888134410604197","0.888134410604197","0.888134410604197"
"4080","0.9980888169757794","0.9980888169757794","0.9980888169757794","0.9885994364806462","0.9885994364806462","0.9885994364806462","0.9986972713089193","0.9986972713089193","0.9986972713089193","0.1173159739029983","0.1173159739029983","0.1173159739029983","0.8905370405012661","0.8905370405012661","0.8905370405012661"
"4090","0.9990711374354009","0.9990711374354009","0.9990711374354009","0.990950255197258","0.990950255197258","0.990950255197258","0.9994219936739234","0.9994219936739234","0.9994219936739234","0.23292055292383754","0.23292055292383754","0.23292055292383754","0.902460899258403","0.902460899258403","0.902460899258403"
"4100","0.999275257436799","0.999275257436799","0.999275257436799","0.9926965811378881","0.9926965811378881","0.9926965811378881","0.9993671708522487","0.9993671708522487","0.9993671708522487","0.239130182147034","0.239130182147034","0.239130182147034","0.916277443285725","0.916277443285725","0.916277443285725"
"4110","0.9993410733142148","0.9993410733142148","0.9993410733142148","0.9924843213660939","0.9924843213660939","0.9924843213660939","0.9994631658118639","0.9994631658118639","0.9994631658118639","0.12076159622426622","0.12076159622426622","0.12076159622426622","0.8998394157454586","0.8998394157454586","0.8998394157454586"
"4120","0.9989937550863709","0.9989937550863709","0.9989937550863709","0.9906875412424309","0.9906875412424309","0.9906875412424309","0.9992941267023796","0.9992941267023796","0.9992941267023796","0.11620345295945828","0.11620345295945828","0.11620345295945828","0.8930752139913098","0.8930752139913098","0.8930752139913098"
"4130","0.9992578206676224","0.9992578206676224","0.9992578206676224","0.9910957317153573","0.9910957317153573","0.9910957317153573","0.9993444710465293","0.9993444710465293","0.9993444710465293","0.1156255121319949","0.1156255121319949","0.1156255121319949","0.8919347334276441","0.8919347334276441","0.8919347334276441"
"4140","0.9990643745543261","0.9990643745543261","0.9990643745543261","0.9919475011196905","0.9919475011196905","0.9919475011196905","0.9992387031804775","0.9992387031804775","0.9992387031804775","0.11705147238143103","0.11705147238143103","0.11705147238143103","0.9004129177511978","0.9004129177511978","0.9004129177511978"
"4150","0.9992592108213137","0.9992592108213137","0.9992592108213137","0.9926042522980345","0.9926042522980345","0.9926042522980345","0.9995375906135565","0.9995375906135565","0.9995375906135565","0.11810215977879082","0.11810215977879082","0.11810215977879082","0.9027071967715418","0.9027071967715418","0.9027071967715418"
"4160","0.9988952368636181","0.9988952368636181","0.9988952368636181","0.9923322418101119","0.9923322418101119","0.9923322418101119","0.9993358489171751","0.9993358489171751","0.9993358489171751","0.11872601227617231","0.11872601227617231","0.11872601227617231","0.9006378252054111","0.9006378252054111","0.9006378252054111"
"4170","0.9990314490298868","0.9990314490298868","0.9990314490298868","0.9907509536392616","0.9907509536392616","0.9907509536392616","0.9993685009803857","0.9993685009803857","0.9993685009803857","0.11044889449800561","0.11044889449800561","0.11044889449800561","0.8881631331440414","0.8881631331440414","0.8881631331440414"
"4180","0.9993363915099945","0.9993363915099945","0.9993363915099945","0.991205761414684","0.991205761414684","0.991205761414684","0.9995930882038362","0.9995930882038362","0.9995930882038362","0.11537565659686735","0.11537565659686735","0.11537565659686735","0.8913488460532883","0.8913488460532883","0.8913488460532883"
"4190","0.9988725872231596","0.9988725872231596","0.9988725872231596","0.9913656449330741","0.9913656449330741","0.9913656449330741","0.9992953670144747","0.9992953670144747","0.9992953670144747","0.11816931621280105","0.11816931621280105","0.11816931621280105","0.8934680049333767","0.8934680049333767","0.8934680049333767"
"4200","0.9988334873921471","0.9988334873921471","0.9988334873921471","0.9908657728428704","0.9908657728428704","0.9908657728428704","0.9994327620436774","0.9994327620436774","0.9994327620436774","0.11402519403401355","0.11402519403401355","0.11402519403401355","0.8933375923292844","0.8933375923292844","0.8933375923292844"
"4210","0.9980718750146746","0.9980718750146746","0.9980718750146746","0.9893816945523191","0.9893816945523191","0.9893816945523191","0.9989669081910093","0.9989669081910093","0.9989669081910093","0.11345038576587323","0.11345038576587323","0.11345038576587323","0.8904894507238686","0.8904894507238686","0.8904894507238686"
"4220","0.9988729874776386","0.9988729874776386","0.9988729874776386","0.9911326617079371","0.9911326617079371","0.9911326617079371","0.999310799359759","0.999310799359759","0.999310799359759","0.11276245174653987","0.11276245174653987","0.11276245174653987","0.8926023914885604","0.8926023914885604","0.8926023914885604"
"4230","0.9989998519705003","0.9989998519705003","0.9989998519705003","0.9908250177445618","0.9908250177445618","0.9908250177445618","0.9994107287226572","0.9994107287226572","0.9994107287226572","0.11247964594380193","0.11247964594380193","0.11247964594380193","0.8878363401034688","0.8878363401034688","0.8878363401034688"
"4240","0.9990536750217617","0.9990536750217617","0.9990536750217617","0.9921819143831915","0.9921819143831915","0.9921819143831915","0.9993409861123491","0.9993409861123491","0.9993409861123491","0.12021551176458317","0.12021551176458317","0.12021551176458317","0.8989935577836652","0.8989935577836652","0.8989935577836652"
"4250","0.9984109430297571","0.9984109430297571","0.9984109430297571","0.9886792924990928","0.9886792924990928","0.9886792924990928","0.9989643698970434","0.9989643698970434","0.9989643698970434","0.11275759614468407","0.11275759614468407","0.11275759614468407","0.8781103793043377","0.8781103793043377","0.8781103793043377"
"4260","0.9983025417129191","0.9983025417129191","0.9983025417129191","0.9883281892318502","0.9883281892318502","0.9883281892318502","0.9989518218877869","0.9989518218877869","0.9989518218877869","0.11501112915724956","0.11501112915724956","0.11501112915724956","0.8874298596526636","0.8874298596526636","0.8874298596526636"
"4270","0.9988705496532123","0.9988705496532123","0.9988705496532123","0.9908526829416076","0.9908526829416076","0.9908526829416076","0.9991981186557174","0.9991981186557174","0.9991981186557174","0.11733597408228609","0.11733597408228609","0.11733597408228609","0.8933289531235503","0.8933289531235503","0.8933289531235503"
"4280","0.9993336465444145","0.9993336465444145","0.9993336465444145","0.9914787244197952","0.9914787244197952","0.9914787244197952","0.9995376704957033","0.9995376704957033","0.9995376704957033","0.11586969420740438","0.11586969420740438","0.11586969420740438","0.8935275741177836","0.8935275741177836","0.8935275741177836"
"4290","0.999010653145593","0.999010653145593","0.999010653145593","0.9889061631990452","0.9889061631990452","0.9889061631990452","0.9993600653283002","0.9993600653283002","0.9993600653283002","0.10895280383646724","0.10895280383646724","0.10895280383646724","0.870613453939426","0.870613453939426","0.870613453939426"
"4300","0.9990561629179631","0.9990561629179631","0.9990561629179631","0.9869994384118123","0.9869994384118123","0.9869994384118123","0.999336957011859","0.999336957011859","0.999336957011859","0.10210247139794466","0.10210247139794466","0.10210247139794466","0.8515244864747429","0.8515244864747429","0.8515244864747429"
"4310","0.997759595634334","0.997759595634334","0.997759595634334","0.9859399013480482","0.9859399013480482","0.9859399013480482","0.998372389162922","0.998372389162922","0.998372389162922","0.09904909666622756","0.09904909666622756","0.09904909666622756","0.8655611012719369","0.8655611012719369","0.8655611012719369"
"4320","0.9994474399820127","0.9994474399820127","0.9994474399820127","0.993632302595017","0.993632302595017","0.993632302595017","0.9996224349973062","0.9996224349973062","0.9996224349973062","0.23468210299464198","0.23468210299464198","0.23468210299464198","0.9156460391734296","0.9156460391734296","0.9156460391734296"
"4330","0.9992658518759852","0.9992658518759852","0.9992658518759852","0.9928929618639217","0.9928929618639217","0.9928929618639217","0.9993660130143439","0.9993660130143439","0.9993660130143439","0.2619279808395044","0.2619279808395044","0.2619279808395044","0.9076965579789904","0.9076965579789904","0.9076965579789904"
"4340","0.9993758354534087","0.9993758354534087","0.9993758354534087","0.9933972230606701","0.9933972230606701","0.9933972230606701","0.9996334785045923","0.9996334785045923","0.9996334785045923","0.24480833081798975","0.24480833081798975","0.24480833081798975","0.9148053124056746","0.9148053124056746","0.9148053124056746"
"4350","0.9988797892952034","0.9988797892952034","0.9988797892952034","0.9926108167124919","0.9926108167124919","0.9926108167124919","0.9994425242501951","0.9994425242501951","0.9994425242501951","0.21890389749177985","0.21890389749177985","0.21890389749177985","0.9073464785413909","0.9073464785413909","0.9073464785413909"
"4360","0.9985557694809662","0.9985557694809662","0.9985557694809662","0.9923548445369618","0.9923548445369618","0.9923548445369618","0.9992512090633655","0.9992512090633655","0.9992512090633655","0.11935072337884423","0.11935072337884423","0.11935072337884423","0.90220322373218","0.90220322373218","0.90220322373218"
"4370","0.9987553748377341","0.9987553748377341","0.9987553748377341","0.9918263982556476","0.9918263982556476","0.9918263982556476","0.9992988423859633","0.9992988423859633","0.9992988423859633","0.11602234318051477","0.11602234318051477","0.11602234318051477","0.896391056345101","0.896391056345101","0.896391056345101"
"4380","0.9983206634089113","0.9983206634089113","0.9983206634089113","0.989164258040711","0.989164258040711","0.989164258040711","0.9990103740426599","0.9990103740426599","0.9990103740426599","0.10923067462025705","0.10923067462025705","0.10923067462025705","0.8839819672363797","0.8839819672363797","0.8839819672363797"
"4390","0.9994649218995273","0.9994649218995273","0.9994649218995273","0.9940568110983206","0.9940568110983206","0.9940568110983206","0.9995814014860247","0.9995814014860247","0.9995814014860247","0.08910415368025444","0.08910415368025444","0.08910415368025444","0.9164450066202265","0.9164450066202265","0.9164450066202265"
"4400","0.9995037854735954","0.9995037854735954","0.9995037854735954","0.9937908860094152","0.9937908860094152","0.9937908860094152","0.9996462174209894","0.9996462174209894","0.9996462174209894","0.10806357794565348","0.10806357794565348","0.10806357794565348","0.9132405657213167","0.9132405657213167","0.9132405657213167"
"4410","0.9985071169859946","0.9985071169859946","0.9985071169859946","0.985614312257318","0.985614312257318","0.985614312257318","0.999081613972414","0.999081613972414","0.999081613972414","0.09699592693773888","0.09699592693773888","0.09699592693773888","0.8454279446257729","0.8454279446257729","0.8454279446257729"
"4420","0.9992452020521309","0.9992452020521309","0.9992452020521309","0.9919730878132699","0.9919730878132699","0.9919730878132699","0.9995258566190416","0.9995258566190416","0.9995258566190416","0.12323992229795745","0.12323992229795745","0.12323992229795745","0.8957459281141162","0.8957459281141162","0.8957459281141162"
"4430","0.9992400333936066","0.9992400333936066","0.9992400333936066","0.9924246678421815","0.9924246678421815","0.9924246678421815","0.9994487434345249","0.9994487434345249","0.9994487434345249","0.11712189789492994","0.11712189789492994","0.11712189789492994","0.9008262297045864","0.9008262297045864","0.9008262297045864"
"4440","0.9994142092104624","0.9994142092104624","0.9994142092104624","0.9926752794418264","0.9926752794418264","0.9926752794418264","0.9995739703348817","0.9995739703348817","0.9995739703348817","0.11681434449356658","0.11681434449356658","0.11681434449356658","0.9038583712960645","0.9038583712960645","0.9038583712960645"
"4450","0.9995124679025652","0.9995124679025652","0.9995124679025652","0.9922381495280745","0.9922381495280745","0.9922381495280745","0.999637887184884","0.999637887184884","0.999637887184884","0.115320672586834","0.115320672586834","0.115320672586834","0.8968497128087035","0.8968497128087035","0.8968497128087035"
"4460","0.9994282452498201","0.9994282452498201","0.9994282452498201","0.9926566721047734","0.9926566721047734","0.9926566721047734","0.9995582323264672","0.9995582323264672","0.9995582323264672","0.12041701361284951","0.12041701361284951","0.12041701361284951","0.9029552279295131","0.9029552279295131","0.9029552279295131"
"4470","0.999524639814264","0.999524639814264","0.999524639814264","0.9931441667514969","0.9931441667514969","0.9931441667514969","0.9996647263130074","0.9996647263130074","0.9996647263130074","0.11893717307313356","0.11893717307313356","0.11893717307313356","0.9057423323654913","0.9057423323654913","0.9057423323654913"
"4480","0.9993733873557258","0.9993733873557258","0.9993733873557258","0.9928828026523484","0.9928828026523484","0.9928828026523484","0.9995292611478338","0.9995292611478338","0.9995292611478338","0.20686842277544717","0.20686842277544717","0.20686842277544717","0.9088502021683084","0.9088502021683084","0.9088502021683084"
"4490","0.9993352779462","0.9993352779462","0.9993352779462","0.9939994499584284","0.9939994499584284","0.9939994499584284","0.9995699481920304","0.9995699481920304","0.9995699481920304","0.24149054894785968","0.24149054894785968","0.24149054894785968","0.9222869836590931","0.9222869836590931","0.9222869836590931"
"4500","0.9994182835473885","0.9994182835473885","0.9994182835473885","0.9935223548033837","0.9935223548033837","0.9935223548033837","0.9994268242457139","0.9994268242457139","0.9994268242457139","0.13887649960428097","0.13887649960428097","0.13887649960428097","0.9153294147344128","0.9153294147344128","0.9153294147344128"
"4510","0.9994347131075431","0.9994347131075431","0.9994347131075431","0.9931313898944673","0.9931313898944673","0.9931313898944673","0.9995807143579127","0.9995807143579127","0.9995807143579127","0.12067658476870033","0.12067658476870033","0.12067658476870033","0.9051880982775596","0.9051880982775596","0.9051880982775596"
"4520","0.9994528087580736","0.9994528087580736","0.9994528087580736","0.992729231690755","0.992729231690755","0.992729231690755","0.9995969055911454","0.9995969055911454","0.9995969055911454","0.11851163982196036","0.11851163982196036","0.11851163982196036","0.9017118327045186","0.9017118327045186","0.9017118327045186"
"4530","0.9992832021879805","0.9992832021879805","0.9992832021879805","0.99110471858839","0.99110471858839","0.99110471858839","0.9994371390040004","0.9994371390040004","0.9994371390040004","0.11646311749439972","0.11646311749439972","0.11646311749439972","0.8972164823832064","0.8972164823832064","0.8972164823832064"
"4540","0.9993889906199783","0.9993889906199783","0.9993889906199783","0.9926034231473523","0.9926034231473523","0.9926034231473523","0.9995095108187899","0.9995095108187899","0.9995095108187899","0.11908236481183901","0.11908236481183901","0.11908236481183901","0.9077301094958705","0.9077301094958705","0.9077301094958705"
"4550","0.9993062388286782","0.9993062388286782","0.9993062388286782","0.9927024880544743","0.9927024880544743","0.9927024880544743","0.9995266428469132","0.9995266428469132","0.9995266428469132","0.115195973581277","0.115195973581277","0.115195973581277","0.9095478648709474","0.9095478648709474","0.9095478648709474"
"4560","0.9992151026386012","0.9992151026386012","0.9992151026386012","0.9914561836735661","0.9914561836735661","0.9914561836735661","0.9994558803315907","0.9994558803315907","0.9994558803315907","0.11107814373669916","0.11107814373669916","0.11107814373669916","0.8920984155121503","0.8920984155121503","0.8920984155121503"
"4570","0.9991679692668035","0.9991679692668035","0.9991679692668035","0.9926440251079239","0.9926440251079239","0.9926440251079239","0.9993933721745011","0.9993933721745011","0.9993933721745011","0.14554363751292393","0.14554363751292393","0.14554363751292393","0.8982266671240059","0.8982266671240059","0.8982266671240059"
"4580","0.9995205673358838","0.9995205673358838","0.9995205673358838","0.9933996656987623","0.9933996656987623","0.9933996656987623","0.9996138506144222","0.9996138506144222","0.9996138506144222","0.24202238147871352","0.24202238147871352","0.24202238147871352","0.9111498465707006","0.9111498465707006","0.9111498465707006"
"4590","0.99941874662153","0.99941874662153","0.99941874662153","0.9936375191229231","0.9936375191229231","0.9936375191229231","0.999578408680607","0.999578408680607","0.999578408680607","0.20770155508758456","0.20770155508758456","0.20770155508758456","0.9107697798333253","0.9107697798333253","0.9107697798333253"
"4600","0.998949688333528","0.998949688333528","0.998949688333528","0.989130046540005","0.989130046540005","0.989130046540005","0.9992798414492756","0.9992798414492756","0.9992798414492756","0.10557369896021075","0.10557369896021075","0.10557369896021075","0.8769320473451152","0.8769320473451152","0.8769320473451152"
"4610","0.9992708270656755","0.9992708270656755","0.9992708270656755","0.9876978837667748","0.9876978837667748","0.9876978837667748","0.9994798906342581","0.9994798906342581","0.9994798906342581","0.0921327849408962","0.0921327849408962","0.0921327849408962","0.8508275347937868","0.8508275347937868","0.8508275347937868"
"4620","0.9992435099954197","0.9992435099954197","0.9992435099954197","0.9890062696079156","0.9890062696079156","0.9890062696079156","0.9994877932260654","0.9994877932260654","0.9994877932260654","0.09852198795329069","0.09852198795329069","0.09852198795329069","0.8651714168919884","0.8651714168919884","0.8651714168919884"
"4630","0.9994806440393005","0.9994806440393005","0.9994806440393005","0.9932559543497483","0.9932559543497483","0.9932559543497483","0.9996228035175941","0.9996228035175941","0.9996228035175941","0.11661910642342864","0.11661910642342864","0.11661910642342864","0.9010153029939734","0.9010153029939734","0.9010153029939734"
"4640","0.9991234815426348","0.9991234815426348","0.9991234815426348","0.9923689114282345","0.9923689114282345","0.9923689114282345","0.999531076777922","0.999531076777922","0.999531076777922","0.12156622243189055","0.12156622243189055","0.12156622243189055","0.9026951291425875","0.9026951291425875","0.9026951291425875"
"4650","0.999463892040093","0.999463892040093","0.999463892040093","0.9930565205037963","0.9930565205037963","0.9930565205037963","0.9996567664705431","0.9996567664705431","0.9996567664705431","0.20261770006574323","0.20261770006574323","0.20261770006574323","0.9094257526769104","0.9094257526769104","0.9094257526769104"
"4660","0.9994134685078063","0.9994134685078063","0.9994134685078063","0.9942841021195875","0.9942841021195875","0.9942841021195875","0.9996686839514033","0.9996686839514033","0.9996686839514033","0.1217312702026225","0.1217312702026225","0.1217312702026225","0.9108546376358326","0.9108546376358326","0.9108546376358326"
"4670","0.9993221917818593","0.9993221917818593","0.9993221917818593","0.9933298370041634","0.9933298370041634","0.9933298370041634","0.9995740032148558","0.9995740032148558","0.9995740032148558","0.12157664250160459","0.12157664250160459","0.12157664250160459","0.9042709491019041","0.9042709491019041","0.9042709491019041"
"4680","0.9984948561803334","0.9984948561803334","0.9984948561803334","0.9925340384726712","0.9925340384726712","0.9925340384726712","0.9988076497160582","0.9988076497160582","0.9988076497160582","0.11522100030439013","0.11522100030439013","0.11522100030439013","0.9066642763638265","0.9066642763638265","0.9066642763638265"
"4690","0.9994754270657272","0.9994754270657272","0.9994754270657272","0.9946368706755344","0.9946368706755344","0.9946368706755344","0.999709295283316","0.999709295283316","0.999709295283316","0.12139996682984643","0.12139996682984643","0.12139996682984643","0.9129143706895106","0.9129143706895106","0.9129143706895106"
"4700","0.9991033718821158","0.9991033718821158","0.9991033718821158","0.993571363192295","0.993571363192295","0.993571363192295","0.9993658224041215","0.9993658224041215","0.9993658224041215","0.11953453792830337","0.11953453792830337","0.11953453792830337","0.9090501532673689","0.9090501532673689","0.9090501532673689"
"4710","0.9991038992261985","0.9991038992261985","0.9991038992261985","0.9925594177530582","0.9925594177530582","0.9925594177530582","0.9993937303354343","0.9993937303354343","0.9993937303354343","0.11719629738382287","0.11719629738382287","0.11719629738382287","0.8995930011013582","0.8995930011013582","0.8995930011013582"
"4720","0.9994475810604571","0.9994475810604571","0.9994475810604571","0.9930882091327022","0.9930882091327022","0.9930882091327022","0.9996226697751935","0.9996226697751935","0.9996226697751935","0.11997041281611939","0.11997041281611939","0.11997041281611939","0.9052507888355196","0.9052507888355196","0.9052507888355196"
"4730","0.9993273028459752","0.9993273028459752","0.9993273028459752","0.9937373512478199","0.9937373512478199","0.9937373512478199","0.9995699305323632","0.9995699305323632","0.9995699305323632","0.11791420114120646","0.11791420114120646","0.11791420114120646","0.9095588648069016","0.9095588648069016","0.9095588648069016"
"4740","0.9993851008350907","0.9993851008350907","0.9993851008350907","0.9931272692430414","0.9931272692430414","0.9931272692430414","0.9996399909579124","0.9996399909579124","0.9996399909579124","0.10930041963844674","0.10930041963844674","0.10930041963844674","0.9057520514468735","0.9057520514468735","0.9057520514468735"
"4750","0.9994762661600083","0.9994762661600083","0.9994762661600083","0.991781775018087","0.991781775018087","0.991781775018087","0.9996913028643845","0.9996913028643845","0.9996913028643845","0.11053555608013892","0.11053555608013892","0.11053555608013892","0.8909716122878663","0.8909716122878663","0.8909716122878663"
"4760","0.9996122056868458","0.9996122056868458","0.9996122056868458","0.994038358238449","0.994038358238449","0.994038358238449","0.9997188955098428","0.9997188955098428","0.9997188955098428","0.12038786853216142","0.12038786853216142","0.12038786853216142","0.9103907537960703","0.9103907537960703","0.9103907537960703"
"4770","0.9995555707173222","0.9995555707173222","0.9995555707173222","0.9935951012332201","0.9935951012332201","0.9935951012332201","0.9997109788246977","0.9997109788246977","0.9997109788246977","0.11722035542971289","0.11722035542971289","0.11722035542971289","0.905382995699744","0.905382995699744","0.905382995699744"
"4780","0.9996618911493292","0.9996618911493292","0.9996618911493292","0.994912619704428","0.994912619704428","0.994912619704428","0.9997647132929579","0.9997647132929579","0.9997647132929579","0.1196034585293284","0.1196034585293284","0.1196034585293284","0.9180590884585386","0.9180590884585386","0.9180590884585386"
"4790","0.9994935620131901","0.9994935620131901","0.9994935620131901","0.9937784517709769","0.9937784517709769","0.9937784517709769","0.9997076428753984","0.9997076428753984","0.9997076428753984","0.12068973647306024","0.12068973647306024","0.12068973647306024","0.9101397938599345","0.9101397938599345","0.9101397938599345"
"4800","0.9993239571310468","0.9993239571310468","0.9993239571310468","0.9872787416160137","0.9872787416160137","0.9872787416160137","0.9996484175272903","0.9996484175272903","0.9996484175272903","0.09844510140140773","0.09844510140140773","0.09844510140140773","0.8606728886719123","0.8606728886719123","0.8606728886719123"
"4810","0.9996620379206488","0.9996620379206488","0.9996620379206488","0.9942462654259207","0.9942462654259207","0.9942462654259207","0.9997542093968355","0.9997542093968355","0.9997542093968355","0.12047649860113492","0.12047649860113492","0.12047649860113492","0.9118049316394885","0.9118049316394885","0.9118049316394885"
"4820","0.9995881938932898","0.9995881938932898","0.9995881938932898","0.9935458752002875","0.9935458752002875","0.9935458752002875","0.9996640036538432","0.9996640036538432","0.9996640036538432","0.1140815226343611","0.1140815226343611","0.1140815226343611","0.9070600413303583","0.9070600413303583","0.9070600413303583"
"4830","0.9996115236717206","0.9996115236717206","0.9996115236717206","0.9927606404041656","0.9927606404041656","0.9927606404041656","0.9997175570656712","0.9997175570656712","0.9997175570656712","0.1148426107861297","0.1148426107861297","0.1148426107861297","0.9013889436258916","0.9013889436258916","0.9013889436258916"
"4840","0.9995771586194371","0.9995771586194371","0.9995771586194371","0.9931039962767255","0.9931039962767255","0.9931039962767255","0.9996906730840177","0.9996906730840177","0.9996906730840177","0.11564380674540786","0.11564380674540786","0.11564380674540786","0.9024381015084181","0.9024381015084181","0.9024381015084181"
"4850","0.9996124282592479","0.9996124282592479","0.9996124282592479","0.9934507901477758","0.9934507901477758","0.9934507901477758","0.99970649907011","0.99970649907011","0.99970649907011","0.1183269694429785","0.1183269694429785","0.1183269694429785","0.9058294740783177","0.9058294740783177","0.9058294740783177"
"4860","0.9995638738950168","0.9995638738950168","0.9995638738950168","0.9902448564499726","0.9902448564499726","0.9902448564499726","0.9997349996088555","0.9997349996088555","0.9997349996088555","0.10428596573574278","0.10428596573574278","0.10428596573574278","0.8758556285691934","0.8758556285691934","0.8758556285691934"
"4870","0.9994551836923329","0.9994551836923329","0.9994551836923329","0.9937270977541357","0.9937270977541357","0.9937270977541357","0.9996402333692473","0.9996402333692473","0.9996402333692473","0.11873519954836607","0.11873519954836607","0.11873519954836607","0.9047614127274726","0.9047614127274726","0.9047614127274726"
"4880","0.9995070720171532","0.9995070720171532","0.9995070720171532","0.9939274271314684","0.9939274271314684","0.9939274271314684","0.9996973084820161","0.9996973084820161","0.9996973084820161","0.1191123922657163","0.1191123922657163","0.1191123922657163","0.9106628944243848","0.9106628944243848","0.9106628944243848"
"4890","0.9995387925646164","0.9995387925646164","0.9995387925646164","0.9936671578636341","0.9936671578636341","0.9936671578636341","0.9997357764384558","0.9997357764384558","0.9997357764384558","0.11541076819922647","0.11541076819922647","0.11541076819922647","0.9071722964910354","0.9071722964910354","0.9071722964910354"
"4900","0.9996003390163704","0.9996003390163704","0.9996003390163704","0.9945558941185852","0.9945558941185852","0.9945558941185852","0.9997997058643526","0.9997997058643526","0.9997997058643526","0.12160728625555677","0.12160728625555677","0.12160728625555677","0.9154842203458041","0.9154842203458041","0.9154842203458041"
"4910","0.9993148341683108","0.9993148341683108","0.9993148341683108","0.9941446909021038","0.9941446909021038","0.9941446909021038","0.9996035223709925","0.9996035223709925","0.9996035223709925","0.12216947309716514","0.12216947309716514","0.12216947309716514","0.9112199419811696","0.9112199419811696","0.9112199419811696"
"4920","0.9996553637173646","0.9996553637173646","0.9996553637173646","0.994273807455725","0.994273807455725","0.994273807455725","0.9997973277145478","0.9997973277145478","0.9997973277145478","0.12105419475592466","0.12105419475592466","0.12105419475592466","0.9108139206906922","0.9108139206906922","0.9108139206906922"
"4930","0.9996922201651752","0.9996922201651752","0.9996922201651752","0.994849817430598","0.994849817430598","0.994849817430598","0.9997659007922999","0.9997659007922999","0.9997659007922999","0.11925162866829261","0.11925162866829261","0.11925162866829261","0.9145052905488275","0.9145052905488275","0.9145052905488275"
"4940","0.99960213848023","0.99960213848023","0.99960213848023","0.9954210311023919","0.9954210311023919","0.9954210311023919","0.9997272969634313","0.9997272969634313","0.9997272969634313","0.20425050419535307","0.20425050419535307","0.20425050419535307","0.9254309827281293","0.9254309827281293","0.9254309827281293"
"4950","0.9990332459013541","0.9990332459013541","0.9990332459013541","0.9932555580204704","0.9932555580204704","0.9932555580204704","0.9994584437107698","0.9994584437107698","0.9994584437107698","0.2517258028735107","0.2517258028735107","0.2517258028735107","0.921342755107811","0.921342755107811","0.921342755107811"
"4960","0.9993801827883305","0.9993801827883305","0.9993801827883305","0.9943908467242083","0.9943908467242083","0.9943908467242083","0.999635231796238","0.999635231796238","0.999635231796238","0.15287156309431232","0.15287156309431232","0.15287156309431232","0.9174690283883983","0.9174690283883983","0.9174690283883983"
"4970","0.9995709722057893","0.9995709722057893","0.9995709722057893","0.9952590885474272","0.9952590885474272","0.9952590885474272","0.9997376448740438","0.9997376448740438","0.9997376448740438","0.20821840292603128","0.20821840292603128","0.20821840292603128","0.9217482110981362","0.9217482110981362","0.9217482110981362"
"4980","0.9996015875497063","0.9996015875497063","0.9996015875497063","0.995315317719632","0.995315317719632","0.995315317719632","0.9997674338806898","0.9997674338806898","0.9997674338806898","0.14483436335977978","0.14483436335977978","0.14483436335977978","0.9188982847295561","0.9188982847295561","0.9188982847295561"
"4990","0.9996619151158508","0.9996619151158508","0.9996619151158508","0.9953586238108971","0.9953586238108971","0.9953586238108971","0.9997753301728337","0.9997753301728337","0.9997753301728337","0.24809705736533583","0.24809705736533583","0.24809705736533583","0.9224370627444499","0.9224370627444499","0.9224370627444499"
"5000","0.9994521917647935","0.9994521917647935","0.9994521917647935","0.9934060907766112","0.9934060907766112","0.9934060907766112","0.9995798364021231","0.9995798364021231","0.9995798364021231","0.21622469710991268","0.21622469710991268","0.21622469710991268","0.9110944463945708","0.9110944463945708","0.9110944463945708"
"5010","0.999616984844616","0.999616984844616","0.999616984844616","0.993198664704027","0.993198664704027","0.993198664704027","0.9997117998708263","0.9997117998708263","0.9997117998708263","0.12042540967601424","0.12042540967601424","0.12042540967601424","0.9081711777340523","0.9081711777340523","0.9081711777340523"
"5020","0.9995207441333115","0.9995207441333115","0.9995207441333115","0.9939020751592547","0.9939020751592547","0.9939020751592547","0.999655010368337","0.999655010368337","0.999655010368337","0.12022888663454223","0.12022888663454223","0.12022888663454223","0.9121796258447584","0.9121796258447584","0.9121796258447584"
"5030","0.9996833606977985","0.9996833606977985","0.9996833606977985","0.9945901243926811","0.9945901243926811","0.9945901243926811","0.9997662456916101","0.9997662456916101","0.9997662456916101","0.12149077508644719","0.12149077508644719","0.12149077508644719","0.9147858447331243","0.9147858447331243","0.9147858447331243"
"5040","0.9997220515796892","0.9997220515796892","0.9997220515796892","0.9942337480260951","0.9942337480260951","0.9942337480260951","0.99980402280873","0.99980402280873","0.99980402280873","0.11999363074128373","0.11999363074128373","0.11999363074128373","0.9091127509544467","0.9091127509544467","0.9091127509544467"
"5050","0.9996344801400876","0.9996344801400876","0.9996344801400876","0.9940846230422964","0.9940846230422964","0.9940846230422964","0.9997242072374821","0.9997242072374821","0.9997242072374821","0.11742726910384353","0.11742726910384353","0.11742726910384353","0.9106157545671093","0.9106157545671093","0.9106157545671093"
"5060","0.9992304030317228","0.9992304030317228","0.9992304030317228","0.9936484729427394","0.9936484729427394","0.9936484729427394","0.9993385982045246","0.9993385982045246","0.9993385982045246","0.1190749030477169","0.1190749030477169","0.1190749030477169","0.911904667822003","0.911904667822003","0.911904667822003"
"5070","0.9994055100556399","0.9994055100556399","0.9994055100556399","0.9909694615240006","0.9909694615240006","0.9909694615240006","0.999651573774332","0.999651573774332","0.999651573774332","0.11087335887802818","0.11087335887802818","0.11087335887802818","0.8806433483563436","0.8806433483563436","0.8806433483563436"
"5080","0.9993654688127922","0.9993654688127922","0.9993654688127922","0.9904320388256174","0.9904320388256174","0.9904320388256174","0.99970292403508","0.99970292403508","0.99970292403508","0.11273600233815129","0.11273600233815129","0.11273600233815129","0.8872265026371501","0.8872265026371501","0.8872265026371501"
"5090","0.99948230959197","0.99948230959197","0.99948230959197","0.9939272013076129","0.9939272013076129","0.9939272013076129","0.999690134674398","0.999690134674398","0.999690134674398","0.11717590052854973","0.11717590052854973","0.11717590052854973","0.9094575390889024","0.9094575390889024","0.9094575390889024"
"5100","0.9995961538283413","0.9995961538283413","0.9995961538283413","0.9945795692739754","0.9945795692739754","0.9945795692739754","0.9997591743013045","0.9997591743013045","0.9997591743013045","0.11700516571123702","0.11700516571123702","0.11700516571123702","0.9164686801547584","0.9164686801547584","0.9164686801547584"
"5110","0.9996491885861929","0.9996491885861929","0.9996491885861929","0.9950505892332451","0.9950505892332451","0.9950505892332451","0.999798608262444","0.999798608262444","0.999798608262444","0.12143179316604517","0.12143179316604517","0.12143179316604517","0.917851660600166","0.917851660600166","0.917851660600166"
"5120","0.9997011577300849","0.9997011577300849","0.9997011577300849","0.9939021045683147","0.9939021045683147","0.9939021045683147","0.999813696432996","0.999813696432996","0.999813696432996","0.11353452857631921","0.11353452857631921","0.11353452857631921","0.9018898936461972","0.9018898936461972","0.9018898936461972"
"5130","0.9995943117148155","0.9995943117148155","0.9995943117148155","0.9906506354581858","0.9906506354581858","0.9906506354581858","0.9996509433282296","0.9996509433282296","0.9996509433282296","0.10569827294172401","0.10569827294172401","0.10569827294172401","0.874752494107738","0.874752494107738","0.874752494107738"
"5140","0.9997061814056393","0.9997061814056393","0.9997061814056393","0.9953619298227727","0.9953619298227727","0.9953619298227727","0.9997979417868434","0.9997979417868434","0.9997979417868434","0.11989652394992294","0.11989652394992294","0.11989652394992294","0.9179467548802156","0.9179467548802156","0.9179467548802156"
"5150","0.9994782400095956","0.9994782400095956","0.9994782400095956","0.9919876856645943","0.9919876856645943","0.9919876856645943","0.9996751494312616","0.9996751494312616","0.9996751494312616","0.11367071147272255","0.11367071147272255","0.11367071147272255","0.8917407992323532","0.8917407992323532","0.8917407992323532"
"5160","0.9997343016561864","0.9997343016561864","0.9997343016561864","0.9945365182850934","0.9945365182850934","0.9945365182850934","0.9998381049517981","0.9998381049517981","0.9998381049517981","0.1112447538861954","0.1112447538861954","0.1112447538861954","0.9104206128584665","0.9104206128584665","0.9104206128584665"
"5170","0.9994641117396679","0.9994641117396679","0.9994641117396679","0.9949299583827506","0.9949299583827506","0.9949299583827506","0.9997501664782854","0.9997501664782854","0.9997501664782854","0.11935169594238783","0.11935169594238783","0.11935169594238783","0.917205728153266","0.917205728153266","0.917205728153266"
"5180","0.9996251249970931","0.9996251249970931","0.9996251249970931","0.9953945257087045","0.9953945257087045","0.9953945257087045","0.999798144229204","0.999798144229204","0.999798144229204","0.12123159926513337","0.12123159926513337","0.12123159926513337","0.918669798376782","0.918669798376782","0.918669798376782"
"5190","0.9994687194116645","0.9994687194116645","0.9994687194116645","0.9929297333298684","0.9929297333298684","0.9929297333298684","0.9997314723113304","0.9997314723113304","0.9997314723113304","0.116666137311008","0.116666137311008","0.116666137311008","0.8976486021641984","0.8976486021641984","0.8976486021641984"
"5200","0.9995195550604171","0.9995195550604171","0.9995195550604171","0.9931063286490744","0.9931063286490744","0.9931063286490744","0.9996812890004747","0.9996812890004747","0.9996812890004747","0.11324515345221095","0.11324515345221095","0.11324515345221095","0.903850124011877","0.903850124011877","0.903850124011877"
"5210","0.9990185983809285","0.9990185983809285","0.9990185983809285","0.9913729297202571","0.9913729297202571","0.9913729297202571","0.9993553822207083","0.9993553822207083","0.9993553822207083","0.11741114551860368","0.11741114551860368","0.11741114551860368","0.8949774818025752","0.8949774818025752","0.8949774818025752"
"5220","0.9971291703951696","0.9971291703951696","0.9971291703951696","0.989440691633757","0.989440691633757","0.989440691633757","0.998146334211237","0.998146334211237","0.998146334211237","0.11906462330594236","0.11906462330594236","0.11906462330594236","0.9068707016360247","0.9068707016360247","0.9068707016360247"
"5230","0.9961211180090641","0.9961211180090641","0.9961211180090641","0.9849094513009448","0.9849094513009448","0.9849094513009448","0.9977226301999133","0.9977226301999133","0.9977226301999133","0.19772565804200265","0.19772565804200265","0.19772565804200265","0.8898676508595287","0.8898676508595287","0.8898676508595287"
"5240","0.9994578593187959","0.9994578593187959","0.9994578593187959","0.9940719498132626","0.9940719498132626","0.9940719498132626","0.9997278539834432","0.9997278539834432","0.9997278539834432","0.23663365058602825","0.23663365058602825","0.23663365058602825","0.9209216821850851","0.9209216821850851","0.9209216821850851"
"5250","0.9996588250897146","0.9996588250897146","0.9996588250897146","0.9952494997703076","0.9952494997703076","0.9952494997703076","0.9997895287173169","0.9997895287173169","0.9997895287173169","0.15070128262545146","0.15070128262545146","0.15070128262545146","0.9218690234324695","0.9218690234324695","0.9218690234324695"
"5260","0.9996002816706732","0.9996002816706732","0.9996002816706732","0.9950025869620847","0.9950025869620847","0.9950025869620847","0.999756246532817","0.999756246532817","0.999756246532817","0.11930191248409999","0.11930191248409999","0.11930191248409999","0.914167960147709","0.914167960147709","0.914167960147709"
"5270","0.9994996583841809","0.9994996583841809","0.9994996583841809","0.994317142670327","0.994317142670327","0.994317142670327","0.9996588579892143","0.9996588579892143","0.9996588579892143","0.11831563027407918","0.11831563027407918","0.11831563027407918","0.9082128991479979","0.9082128991479979","0.9082128991479979"
"5280","0.9993538614101047","0.9993538614101047","0.9993538614101047","0.9926035676220147","0.9926035676220147","0.9926035676220147","0.9995432132023097","0.9995432132023097","0.9995432132023097","0.12858743563015104","0.12858743563015104","0.12858743563015104","0.9017586291711076","0.9017586291711076","0.9017586291711076"
"5290","0.9996884346294239","0.9996884346294239","0.9996884346294239","0.9952144839485149","0.9952144839485149","0.9952144839485149","0.999770593990843","0.999770593990843","0.999770593990843","0.24207455588597135","0.24207455588597135","0.24207455588597135","0.9272558879986513","0.9272558879986513","0.9272558879986513"
"5300","0.9990265899750651","0.9990265899750651","0.9990265899750651","0.9936053119449618","0.9936053119449618","0.9936053119449618","0.9989801342247075","0.9989801342247075","0.9989801342247075","0.23552417211531398","0.23552417211531398","0.23552417211531398","0.9185447033962395","0.9185447033962395","0.9185447033962395"
"5310","0.9997094801365165","0.9997094801365165","0.9997094801365165","0.9952393725884763","0.9952393725884763","0.9952393725884763","0.9998060106981851","0.9998060106981851","0.9998060106981851","0.12119504835345779","0.12119504835345779","0.12119504835345779","0.9175786793690985","0.9175786793690985","0.9175786793690985"
"5320","0.9994656398646288","0.9994656398646288","0.9994656398646288","0.9907981043355197","0.9907981043355197","0.9907981043355197","0.9995892532292775","0.9995892532292775","0.9995892532292775","0.11131140153222172","0.11131140153222172","0.11131140153222172","0.8861306778197717","0.8861306778197717","0.8861306778197717"
"5330","0.9996012991246042","0.9996012991246042","0.9996012991246042","0.9920676957223568","0.9920676957223568","0.9920676957223568","0.9997409899422611","0.9997409899422611","0.9997409899422611","0.11295651735270379","0.11295651735270379","0.11295651735270379","0.8909742270441423","0.8909742270441423","0.8909742270441423"
"5340","0.9997019839089996","0.9997019839089996","0.9997019839089996","0.9950467670392334","0.9950467670392334","0.9950467670392334","0.9998168929346831","0.9998168929346831","0.9998168929346831","0.12113279746490137","0.12113279746490137","0.12113279746490137","0.9140770096000419","0.9140770096000419","0.9140770096000419"
"5350","0.9995094490138885","0.9995094490138885","0.9995094490138885","0.9936871097567661","0.9936871097567661","0.9936871097567661","0.999751416359639","0.999751416359639","0.999751416359639","0.11498552921850218","0.11498552921850218","0.11498552921850218","0.9120250209358465","0.9120250209358465","0.9120250209358465"
"5360","0.9994933479340383","0.9994933479340383","0.9994933479340383","0.9939562967441189","0.9939562967441189","0.9939562967441189","0.999650191444139","0.999650191444139","0.999650191444139","0.12012216683586754","0.12012216683586754","0.12012216683586754","0.9079452169383386","0.9079452169383386","0.9079452169383386"
"5370","0.9997156468757505","0.9997156468757505","0.9997156468757505","0.9954209024392713","0.9954209024392713","0.9954209024392713","0.9998564430829032","0.9998564430829032","0.9998564430829032","0.11836635909290433","0.11836635909290433","0.11836635909290433","0.9236893759599218","0.9236893759599218","0.9236893759599218"
"5380","0.9996112299279886","0.9996112299279886","0.9996112299279886","0.9939567331697688","0.9939567331697688","0.9939567331697688","0.9996758688074314","0.9996758688074314","0.9996758688074314","0.12167472779068994","0.12167472779068994","0.12167472779068994","0.9134532244027695","0.9134532244027695","0.9134532244027695"
"5390","0.9995154088772612","0.9995154088772612","0.9995154088772612","0.9923427132994587","0.9923427132994587","0.9923427132994587","0.9997021491943089","0.9997021491943089","0.9997021491943089","0.10099383196732792","0.10099383196732792","0.10099383196732792","0.9060640183154903","0.9060640183154903","0.9060640183154903"
"5400","0.999745378099532","0.999745378099532","0.999745378099532","0.9946585361758962","0.9946585361758962","0.9946585361758962","0.999814396490135","0.999814396490135","0.999814396490135","0.12021511353525254","0.12021511353525254","0.12021511353525254","0.9117618529759052","0.9117618529759052","0.9117618529759052"
"5410","0.9997038051351516","0.9997038051351516","0.9997038051351516","0.9956152087297208","0.9956152087297208","0.9956152087297208","0.9997997685804607","0.9997997685804607","0.9997997685804607","0.12079675495918786","0.12079675495918786","0.12079675495918786","0.9221201277790183","0.9221201277790183","0.9221201277790183"
"5420","0.9995461274848351","0.9995461274848351","0.9995461274848351","0.9947350788240865","0.9947350788240865","0.9947350788240865","0.9996574900194838","0.9996574900194838","0.9996574900194838","0.12324463634985429","0.12324463634985429","0.12324463634985429","0.9140992455422232","0.9140992455422232","0.9140992455422232"
"5430","0.9991471483417712","0.9991471483417712","0.9991471483417712","0.9938255041113266","0.9938255041113266","0.9938255041113266","0.9995177494473821","0.9995177494473821","0.9995177494473821","0.12275528317677391","0.12275528317677391","0.12275528317677391","0.9149803534502494","0.9149803534502494","0.9149803534502494"
"5440","0.9997626763407856","0.9997626763407856","0.9997626763407856","0.9955122561383066","0.9955122561383066","0.9955122561383066","0.9998343387790581","0.9998343387790581","0.9998343387790581","0.12050643938195335","0.12050643938195335","0.12050643938195335","0.9197241089194608","0.9197241089194608","0.9197241089194608"
"5450","0.999573146443093","0.999573146443093","0.999573146443093","0.9932302356821053","0.9932302356821053","0.9932302356821053","0.999776591122777","0.999776591122777","0.999776591122777","0.11449847559091648","0.11449847559091648","0.11449847559091648","0.8974505719742595","0.8974505719742595","0.8974505719742595"
"5460","0.9995684197000713","0.9995684197000713","0.9995684197000713","0.9950976401385373","0.9950976401385373","0.9950976401385373","0.9997096641618661","0.9997096641618661","0.9997096641618661","0.14638909514285797","0.14638909514285797","0.14638909514285797","0.9144813827048118","0.9144813827048118","0.9144813827048118"
"5470","0.9996954861451092","0.9996954861451092","0.9996954861451092","0.9933359443846078","0.9933359443846078","0.9933359443846078","0.9998149417409185","0.9998149417409185","0.9998149417409185","0.1188103397630471","0.1188103397630471","0.1188103397630471","0.9047938901400177","0.9047938901400177","0.9047938901400177"
"5480","0.9997564690256701","0.9997564690256701","0.9997564690256701","0.9953026621682125","0.9953026621682125","0.9953026621682125","0.9998332749483433","0.9998332749483433","0.9998332749483433","0.12065086462862464","0.12065086462862464","0.12065086462862464","0.9196197919496153","0.9196197919496153","0.9196197919496153"
"5490","0.9997179496644264","0.9997179496644264","0.9997179496644264","0.9945445029052131","0.9945445029052131","0.9945445029052131","0.9998466706229432","0.9998466706229432","0.9998466706229432","0.11880471232285487","0.11880471232285487","0.11880471232285487","0.9069281216488776","0.9069281216488776","0.9069281216488776"
"5500","0.9997953871790712","0.9997953871790712","0.9997953871790712","0.9959455324357405","0.9959455324357405","0.9959455324357405","0.9998737299258232","0.9998737299258232","0.9998737299258232","0.1232561826252378","0.1232561826252378","0.1232561826252378","0.9231614339856365","0.9231614339856365","0.9231614339856365"
"5510","0.9990294289980531","0.9990294289980531","0.9990294289980531","0.9932702666943882","0.9932702666943882","0.9932702666943882","0.999457538699983","0.999457538699983","0.999457538699983","0.12051146351144461","0.12051146351144461","0.12051146351144461","0.9077192053981514","0.9077192053981514","0.9077192053981514"
"5520","0.999505388439656","0.999505388439656","0.999505388439656","0.9941014038489259","0.9941014038489259","0.9941014038489259","0.9996787380150909","0.9996787380150909","0.9996787380150909","0.1181763624664253","0.1181763624664253","0.1181763624664253","0.9093739725033657","0.9093739725033657","0.9093739725033657"
"5530","0.9996794937491964","0.9996794937491964","0.9996794937491964","0.9949147583811453","0.9949147583811453","0.9949147583811453","0.9998034104101176","0.9998034104101176","0.9998034104101176","0.12173554134810147","0.12173554134810147","0.12173554134810147","0.9182364329890376","0.9182364329890376","0.9182364329890376"
"5540","0.9996859718756044","0.9996859718756044","0.9996859718756044","0.9949516065163138","0.9949516065163138","0.9949516065163138","0.9998241074141948","0.9998241074141948","0.9998241074141948","0.09387138660453637","0.09387138660453637","0.09387138660453637","0.9217508219064546","0.9217508219064546","0.9217508219064546"
"5550","0.9997003904877464","0.9997003904877464","0.9997003904877464","0.9901039276716758","0.9901039276716758","0.9901039276716758","0.9998347668470627","0.9998347668470627","0.9998347668470627","0.07545580958770347","0.07545580958770347","0.07545580958770347","0.8648810868758093","0.8648810868758093","0.8648810868758093"
"5560","0.9997330559657701","0.9997330559657701","0.9997330559657701","0.994543854614652","0.994543854614652","0.994543854614652","0.9998293464924031","0.9998293464924031","0.9998293464924031","0.11608633351415613","0.11608633351415613","0.11608633351415613","0.9052396347061565","0.9052396347061565","0.9052396347061565"
"5570","0.9997745980331592","0.9997745980331592","0.9997745980331592","0.9954205369946776","0.9954205369946776","0.9954205369946776","0.9998673560442047","0.9998673560442047","0.9998673560442047","0.12305927051389794","0.12305927051389794","0.12305927051389794","0.9205230809758885","0.9205230809758885","0.9205230809758885"
"5580","0.999730506812751","0.999730506812751","0.999730506812751","0.9961341984095303","0.9961341984095303","0.9961341984095303","0.9998611144325099","0.9998611144325099","0.9998611144325099","0.12466497305987899","0.12466497305987899","0.12466497305987899","0.9253954559585588","0.9253954559585588","0.9253954559585588"
"5590","0.9997249141630306","0.9997249141630306","0.9997249141630306","0.9959265066969971","0.9959265066969971","0.9959265066969971","0.9998295764511704","0.9998295764511704","0.9998295764511704","0.1218815500762738","0.1218815500762738","0.1218815500762738","0.9235798577889582","0.9235798577889582","0.9235798577889582"
"5600","0.9997200250644228","0.9997200250644228","0.9997200250644228","0.9943262222239152","0.9943262222239152","0.9943262222239152","0.9997923995375652","0.9997923995375652","0.9997923995375652","0.11893220987835375","0.11893220987835375","0.11893220987835375","0.9065588413989605","0.9065588413989605","0.9065588413989605"
"5610","0.9996213139753751","0.9996213139753751","0.9996213139753751","0.9956316194456669","0.9956316194456669","0.9956316194456669","0.999812052636427","0.999812052636427","0.999812052636427","0.12410945980019893","0.12410945980019893","0.12410945980019893","0.920973716212507","0.920973716212507","0.920973716212507"
"5620","0.9997189340796866","0.9997189340796866","0.9997189340796866","0.9957997903346854","0.9957997903346854","0.9957997903346854","0.9998136089160027","0.9998136089160027","0.9998136089160027","0.16572731477509303","0.16572731477509303","0.16572731477509303","0.9233784715339395","0.9233784715339395","0.9233784715339395"
"5630","0.9997083986509713","0.9997083986509713","0.9997083986509713","0.9962645228646321","0.9962645228646321","0.9962645228646321","0.9997914092539795","0.9997914092539795","0.9997914092539795","0.24293052970342865","0.24293052970342865","0.24293052970342865","0.9341204441280109","0.9341204441280109","0.9341204441280109"
"5640","0.9998089594963808","0.9998089594963808","0.9998089594963808","0.995956814738219","0.995956814738219","0.995956814738219","0.9998696072753076","0.9998696072753076","0.9998696072753076","0.1933643243483649","0.1933643243483649","0.1933643243483649","0.9257984532794781","0.9257984532794781","0.9257984532794781"
"5650","0.9997531663834885","0.9997531663834885","0.9997531663834885","0.9951607619920771","0.9951607619920771","0.9951607619920771","0.9998255461657738","0.9998255461657738","0.9998255461657738","0.12076845058084776","0.12076845058084776","0.12076845058084776","0.9198505264701216","0.9198505264701216","0.9198505264701216"
"5660","0.9998197548666186","0.9998197548666186","0.9998197548666186","0.995805545541937","0.995805545541937","0.995805545541937","0.9998798365777457","0.9998798365777457","0.9998798365777457","0.12189640410958905","0.12189640410958905","0.12189640410958905","0.9179358928142274","0.9179358928142274","0.9179358928142274"
"5670","0.9996466034986253","0.9996466034986253","0.9996466034986253","0.9942620568056376","0.9942620568056376","0.9942620568056376","0.9997406525675396","0.9997406525675396","0.9997406525675396","0.1160974006357337","0.1160974006357337","0.1160974006357337","0.9080912598965271","0.9080912598965271","0.9080912598965271"
"5680","0.9998061269556352","0.9998061269556352","0.9998061269556352","0.9943247212720342","0.9943247212720342","0.9943247212720342","0.9998581416748551","0.9998581416748551","0.9998581416748551","0.11896239146655974","0.11896239146655974","0.11896239146655974","0.9088626461495395","0.9088626461495395","0.9088626461495395"
"5690","0.9997737431649326","0.9997737431649326","0.9997737431649326","0.9947473772069514","0.9947473772069514","0.9947473772069514","0.9998690092007504","0.9998690092007504","0.9998690092007504","0.23657696142483348","0.23657696142483348","0.23657696142483348","0.9184024751848215","0.9184024751848215","0.9184024751848215"
"5700","0.9996888763685198","0.9996888763685198","0.9996888763685198","0.9926065711573686","0.9926065711573686","0.9926065711573686","0.9997873045719334","0.9997873045719334","0.9997873045719334","0.23968738297508863","0.23968738297508863","0.23968738297508863","0.9001180007082306","0.9001180007082306","0.9001180007082306"
"5710","0.999827819130619","0.999827819130619","0.999827819130619","0.994983103569631","0.994983103569631","0.994983103569631","0.9998505243002077","0.9998505243002077","0.9998505243002077","0.1068902621311829","0.1068902621311829","0.1068902621311829","0.9151498351983107","0.9151498351983107","0.9151498351983107"
"5720","0.9993172703561106","0.9993172703561106","0.9993172703561106","0.9934121900557096","0.9934121900557096","0.9934121900557096","0.9994843314995234","0.9994843314995234","0.9994843314995234","0.12522729489381962","0.12522729489381962","0.12522729489381962","0.9060363150367583","0.9060363150367583","0.9060363150367583"
"5730","0.9997541064227402","0.9997541064227402","0.9997541064227402","0.9953020408239013","0.9953020408239013","0.9953020408239013","0.9997745202291543","0.9997745202291543","0.9997745202291543","0.10070780234239149","0.10070780234239149","0.10070780234239149","0.9206515344687122","0.9206515344687122","0.9206515344687122"
"5740","0.9997537177342032","0.9997537177342032","0.9997537177342032","0.9945451298151943","0.9945451298151943","0.9945451298151943","0.9998411385384746","0.9998411385384746","0.9998411385384746","0.11954559981951834","0.11954559981951834","0.11954559981951834","0.912133631629411","0.912133631629411","0.912133631629411"
"5750","0.9998072487567077","0.9998072487567077","0.9998072487567077","0.9955545574908654","0.9955545574908654","0.9955545574908654","0.999869004009413","0.999869004009413","0.999869004009413","0.12374442682236476","0.12374442682236476","0.12374442682236476","0.9201747860788689","0.9201747860788689","0.9201747860788689"
"5760","0.9997795914907245","0.9997795914907245","0.9997795914907245","0.9955155345612787","0.9955155345612787","0.9955155345612787","0.9998634220775857","0.9998634220775857","0.9998634220775857","0.12104477401063424","0.12104477401063424","0.12104477401063424","0.9150428807580545","0.9150428807580545","0.9150428807580545"
"5770","0.999743987726526","0.999743987726526","0.999743987726526","0.9953700510985383","0.9953700510985383","0.9953700510985383","0.999843180673813","0.999843180673813","0.999843180673813","0.11807456097673878","0.11807456097673878","0.11807456097673878","0.9139137474812077","0.9139137474812077","0.9139137474812077"
"5780","0.9998146171144735","0.9998146171144735","0.9998146171144735","0.9960622439340671","0.9960622439340671","0.9960622439340671","0.9998844850361543","0.9998844850361543","0.9998844850361543","0.1227104282065184","0.1227104282065184","0.1227104282065184","0.9225015696993071","0.9225015696993071","0.9225015696993071"
"5790","0.9998218658308206","0.9998218658308206","0.9998218658308206","0.9963680934936725","0.9963680934936725","0.9963680934936725","0.9998864740787095","0.9998864740787095","0.9998864740787095","0.1253113886804504","0.1253113886804504","0.1253113886804504","0.9261250834138629","0.9261250834138629","0.9261250834138629"
"5800","0.999801696103468","0.999801696103468","0.999801696103468","0.9955963500910988","0.9955963500910988","0.9955963500910988","0.9998389362718308","0.9998389362718308","0.9998389362718308","0.11766869098015192","0.11766869098015192","0.11766869098015192","0.9234072147240178","0.9234072147240178","0.9234072147240178"
"5810","0.9996328900682787","0.9996328900682787","0.9996328900682787","0.9952508646650169","0.9952508646650169","0.9952508646650169","0.9997325874355228","0.9997325874355228","0.9997325874355228","0.11787676287307314","0.11787676287307314","0.11787676287307314","0.9202532872178658","0.9202532872178658","0.9202532872178658"
"5820","0.9997311623665311","0.9997311623665311","0.9997311623665311","0.9943316107459057","0.9943316107459057","0.9943316107459057","0.9997340122354371","0.9997340122354371","0.9997340122354371","0.11685602462286734","0.11685602462286734","0.11685602462286734","0.9099659915643881","0.9099659915643881","0.9099659915643881"
"5830","0.9997368748788548","0.9997368748788548","0.9997368748788548","0.9953498955458816","0.9953498955458816","0.9953498955458816","0.99980991316871","0.99980991316871","0.99980991316871","0.123184694170889","0.123184694170889","0.123184694170889","0.9179798732692033","0.9179798732692033","0.9179798732692033"
"5840","0.9998300098557127","0.9998300098557127","0.9998300098557127","0.9964422827725671","0.9964422827725671","0.9964422827725671","0.9998745974345422","0.9998745974345422","0.9998745974345422","0.13451422297319265","0.13451422297319265","0.13451422297319265","0.9293435500816045","0.9293435500816045","0.9293435500816045"
"5850","0.9998320274182937","0.9998320274182937","0.9998320274182937","0.9959600440605003","0.9959600440605003","0.9959600440605003","0.9999224741930587","0.9999224741930587","0.9999224741930587","0.2437002206255256","0.2437002206255256","0.2437002206255256","0.9274261539770201","0.9274261539770201","0.9274261539770201"
"5860","0.9996849031210613","0.9996849031210613","0.9996849031210613","0.9952682061908525","0.9952682061908525","0.9952682061908525","0.9998397812479972","0.9998397812479972","0.9998397812479972","0.23325927666574095","0.23325927666574095","0.23325927666574095","0.9224327615304095","0.9224327615304095","0.9224327615304095"
"5870","0.9994192436370822","0.9994192436370822","0.9994192436370822","0.9953586100626527","0.9953586100626527","0.9953586100626527","0.9997119523015384","0.9997119523015384","0.9997119523015384","0.12450465583893193","0.12450465583893193","0.12450465583893193","0.9213191652396342","0.9213191652396342","0.9213191652396342"
"5880","0.9993974412132313","0.9993974412132313","0.9993974412132313","0.9929681588448371","0.9929681588448371","0.9929681588448371","0.9996927546780338","0.9996927546780338","0.9996927546780338","0.10977805751354017","0.10977805751354017","0.10977805751354017","0.897816569571179","0.897816569571179","0.897816569571179"
"5890","0.999645900354853","0.999645900354853","0.999645900354853","0.9951405474229833","0.9951405474229833","0.9951405474229833","0.9997589108799","0.9997589108799","0.9997589108799","0.11892850954185533","0.11892850954185533","0.11892850954185533","0.914306002365687","0.914306002365687","0.914306002365687"
"5900","0.9997231352316029","0.9997231352316029","0.9997231352316029","0.9954289252596075","0.9954289252596075","0.9954289252596075","0.9998129292105425","0.9998129292105425","0.9998129292105425","0.12031457823955163","0.12031457823955163","0.12031457823955163","0.9194463827056797","0.9194463827056797","0.9194463827056797"
"5910","0.9997339853522147","0.9997339853522147","0.9997339853522147","0.9942835150156779","0.9942835150156779","0.9942835150156779","0.9998500130177381","0.9998500130177381","0.9998500130177381","0.12103572142795153","0.12103572142795153","0.12103572142795153","0.9113680699410994","0.9113680699410994","0.9113680699410994"
"5920","0.998446455347921","0.998446455347921","0.998446455347921","0.9935951849600185","0.9935951849600185","0.9935951849600185","0.9987765124534909","0.9987765124534909","0.9987765124534909","0.12323933977197607","0.12323933977197607","0.12323933977197607","0.9181752394573786","0.9181752394573786","0.9181752394573786"
"5930","0.9996656456580688","0.9996656456580688","0.9996656456580688","0.9948307307531379","0.9948307307531379","0.9948307307531379","0.9998167662645914","0.9998167662645914","0.9998167662645914","0.11912742961793878","0.11912742961793878","0.11912742961793878","0.9139084794716824","0.9139084794716824","0.9139084794716824"
"5940","0.9998129231556009","0.9998129231556009","0.9998129231556009","0.9956032241142992","0.9956032241142992","0.9956032241142992","0.9998270244252793","0.9998270244252793","0.9998270244252793","0.12204178864264939","0.12204178864264939","0.12204178864264939","0.9183245059385147","0.9183245059385147","0.9183245059385147"
"5950","0.999787629614671","0.999787629614671","0.999787629614671","0.9949704245795967","0.9949704245795967","0.9949704245795967","0.9998464107034675","0.9998464107034675","0.9998464107034675","0.1164206867716952","0.1164206867716952","0.1164206867716952","0.9135377587908541","0.9135377587908541","0.9135377587908541"
"5960","0.9998760530862781","0.9998760530862781","0.9998760530862781","0.9964453135116935","0.9964453135116935","0.9964453135116935","0.9999056523492565","0.9999056523492565","0.9999056523492565","0.1244538011003526","0.1244538011003526","0.1244538011003526","0.9282578613792517","0.9282578613792517","0.9282578613792517"
"5970","0.9998417540355048","0.9998417540355048","0.9998417540355048","0.9957813487582812","0.9957813487582812","0.9957813487582812","0.9998780575214772","0.9998780575214772","0.9998780575214772","0.12135138330244434","0.12135138330244434","0.12135138330244434","0.9237496474372997","0.9237496474372997","0.9237496474372997"
"5980","0.9997097483499098","0.9997097483499098","0.9997097483499098","0.9937042125635045","0.9937042125635045","0.9937042125635045","0.9998014067657278","0.9998014067657278","0.9998014067657278","0.11391804400940644","0.11391804400940644","0.11391804400940644","0.903414944331834","0.903414944331834","0.903414944331834"
"5990","0.9998707860452701","0.9998707860452701","0.9998707860452701","0.9950794948771854","0.9950794948771854","0.9950794948771854","0.9998915357314312","0.9998915357314312","0.9998915357314312","0.1182024735512239","0.1182024735512239","0.1182024735512239","0.911579928262676","0.911579928262676","0.911579928262676"
"6000","0.9998718278546657","0.9998718278546657","0.9998718278546657","0.9958099695798628","0.9958099695798628","0.9958099695798628","0.9998819709740806","0.9998819709740806","0.9998819709740806","0.10063910873331802","0.10063910873331802","0.10063910873331802","0.923459098793061","0.923459098793061","0.923459098793061"