"Step","zip2zip_150M_compress_ms4 - acc","zip2zip_150M_compress_ms4 - acc__MIN","zip2zip_150M_compress_ms4 - acc__MAX","zip2zip_50M_compress_ms4 - acc","zip2zip_50M_compress_ms4 - acc__MIN","zip2zip_50M_compress_ms4 - acc__MAX","zip2zip_20M_compress_ms4 - acc","zip2zip_20M_compress_ms4 - acc__MIN","zip2zip_20M_compress_ms4 - acc__MAX","zip2zip_1b_compress_ms4 - acc","zip2zip_1b_compress_ms4 - acc__MIN","zip2zip_1b_compress_ms4 - acc__MAX"
"10","0.027157165110111237","0.027157165110111237","0.027157165110111237","0.0009095593122765422","0.0009095593122765422","0.0009095593122765422","0.000347479508491233","0.000347479508491233","0.000347479508491233","0.032329753041267395","0.032329753041267395","0.032329753041267395"
"20","0.0028447150252759457","0.0028447150252759457","0.0028447150252759457","0.004189363215118647","0.004189363215118647","0.004189363215118647","0.001786734675988555","0.001786734675988555","0.001786734675988555","0.006689020898193121","0.006689020898193121","0.006689020898193121"
"30","0.022035151720046997","0.022035151720046997","0.022035151720046997","0.03691677749156952","0.03691677749156952","0.03691677749156952","0.04180758073925972","0.04180758073925972","0.04180758073925972","0.10450852662324905","0.10450852662324905","0.10450852662324905"
"40","0.0280127115547657","0.0280127115547657","0.0280127115547657","0.014303662814199924","0.014303662814199924","0.014303662814199924","0.018777353689074516","0.018777353689074516","0.018777353689074516","0.05389771983027458","0.05389771983027458","0.05389771983027458"
"50","0.01939438097178936","0.01939438097178936","0.01939438097178936","0.002188225742429495","0.002188225742429495","0.002188225742429495","0.004072882235050201","0.004072882235050201","0.004072882235050201","0.02210630662739277","0.02210630662739277","0.02210630662739277"
"60","0.021131714805960655","0.021131714805960655","0.021131714805960655","0.0005582738085649908","0.0005582738085649908","0.0005582738085649908","0.0016381394816562533","0.0016381394816562533","0.0016381394816562533","0.022247957065701485","0.022247957065701485","0.022247957065701485"
"70","0.027269572019577026","0.027269572019577026","0.027269572019577026","0.00039106979966163635","0.00039106979966163635","0.00039106979966163635","0.0016888367244973779","0.0016888367244973779","0.0016888367244973779","0.02359074354171753","0.02359074354171753","0.02359074354171753"
"80","0.024861181154847145","0.024861181154847145","0.024861181154847145","0.0016516478499397635","0.0016516478499397635","0.0016516478499397635","0.0030484995804727077","0.0030484995804727077","0.0030484995804727077","0.023626331239938736","0.023626331239938736","0.023626331239938736"
"90","0.05147701874375343","0.05147701874375343","0.05147701874375343","0.028016673400998116","0.028016673400998116","0.028016673400998116","0.0047680167481303215","0.0047680167481303215","0.0047680167481303215","0.03390728682279587","0.03390728682279587","0.03390728682279587"
"100","0.04607691615819931","0.04607691615819931","0.04607691615819931","0.04621468856930733","0.04621468856930733","0.04621468856930733","0.005481332540512085","0.005481332540512085","0.005481332540512085","0.03663800656795502","0.03663800656795502","0.03663800656795502"
"110","0.11373499035835266","0.11373499035835266","0.11373499035835266","0.056388143450021744","0.056388143450021744","0.056388143450021744","0.054328516125679016","0.054328516125679016","0.054328516125679016","0.18952199816703796","0.18952199816703796","0.18952199816703796"
"120","0.05129740759730339","0.05129740759730339","0.05129740759730339","0.039846062660217285","0.039846062660217285","0.039846062660217285","0.04420899227261543","0.04420899227261543","0.04420899227261543","0.071337029337883","0.071337029337883","0.071337029337883"
"130","0.03260265290737152","0.03260265290737152","0.03260265290737152","0.02238823100924492","0.02238823100924492","0.02238823100924492","0.023009788244962692","0.023009788244962692","0.023009788244962692","0.02787245810031891","0.02787245810031891","0.02787245810031891"
"140","0.02323025092482567","0.02323025092482567","0.02323025092482567","0.021858753636479378","0.021858753636479378","0.021858753636479378","0.02047893777489662","0.02047893777489662","0.02047893777489662","0.01864444650709629","0.01864444650709629","0.01864444650709629"
"150","0.020113244652748108","0.020113244652748108","0.020113244652748108","0.024277517572045326","0.024277517572045326","0.024277517572045326","0.019946858286857605","0.019946858286857605","0.019946858286857605","0.025506479665637016","0.025506479665637016","0.025506479665637016"
"160","0.04542006552219391","0.04542006552219391","0.04542006552219391","0.04444807767868042","0.04444807767868042","0.04444807767868042","0.021243950352072716","0.021243950352072716","0.021243950352072716","0.042562391608953476","0.042562391608953476","0.042562391608953476"
"170","0.028549794107675552","0.028549794107675552","0.028549794107675552","0.027237543836236","0.027237543836236","0.027237543836236","0.022168342024087906","0.022168342024087906","0.022168342024087906","0.023500848561525345","0.023500848561525345","0.023500848561525345"
"180","0.021185487508773804","0.021185487508773804","0.021185487508773804","0.027408502995967865","0.027408502995967865","0.027408502995967865","0.02181871235370636","0.02181871235370636","0.02181871235370636","0.02585882693529129","0.02585882693529129","0.02585882693529129"
"190","0.027832208201289177","0.027832208201289177","0.027832208201289177","0.022565878927707672","0.022565878927707672","0.022565878927707672","0.01990993693470955","0.01990993693470955","0.01990993693470955","0.0275275781750679","0.0275275781750679","0.0275275781750679"
"200","0.0864926353096962","0.0864926353096962","0.0864926353096962","0.0603492334485054","0.0603492334485054","0.0603492334485054","0.055363066494464874","0.055363066494464874","0.055363066494464874","0.08433414995670319","0.08433414995670319","0.08433414995670319"
"210","0.13122597336769104","0.13122597336769104","0.13122597336769104","0.10206491500139236","0.10206491500139236","0.10206491500139236","0.11024589091539383","0.11024589091539383","0.11024589091539383","0.18004551529884338","0.18004551529884338","0.18004551529884338"
"220","0.034631647169589996","0.034631647169589996","0.034631647169589996","0.023561058565974236","0.023561058565974236","0.023561058565974236","0.0235276035964489","0.0235276035964489","0.0235276035964489","0.036592986434698105","0.036592986434698105","0.036592986434698105"
"230","0.03578125312924385","0.03578125312924385","0.03578125312924385","0.02656204253435135","0.02656204253435135","0.02656204253435135","0.02254655584692955","0.02254655584692955","0.02254655584692955","0.04183509200811386","0.04183509200811386","0.04183509200811386"
"240","0.03900587558746338","0.03900587558746338","0.03900587558746338","0.02717938832938671","0.02717938832938671","0.02717938832938671","0.02481180429458618","0.02481180429458618","0.02481180429458618","0.04963269829750061","0.04963269829750061","0.04963269829750061"
"250","0.03723626583814621","0.03723626583814621","0.03723626583814621","0.026870034635066986","0.026870034635066986","0.026870034635066986","0.0250538419932127","0.0250538419932127","0.0250538419932127","0.041751302778720856","0.041751302778720856","0.041751302778720856"
"260","0.037669092416763306","0.037669092416763306","0.037669092416763306","0.024809760972857475","0.024809760972857475","0.024809760972857475","0.027102582156658173","0.027102582156658173","0.027102582156658173","0.04832147806882858","0.04832147806882858","0.04832147806882858"
"270","0.04568648338317871","0.04568648338317871","0.04568648338317871","0.03088754042983055","0.03088754042983055","0.03088754042983055","0.029436364769935608","0.029436364769935608","0.029436364769935608","0.05427559092640877","0.05427559092640877","0.05427559092640877"
"280","0.045688480138778687","0.045688480138778687","0.045688480138778687","0.03161037713289261","0.03161037713289261","0.03161037713289261","0.027631103992462158","0.027631103992462158","0.027631103992462158","0.04900718107819557","0.04900718107819557","0.04900718107819557"
"290","0.04170234501361847","0.04170234501361847","0.04170234501361847","0.02806827425956726","0.02806827425956726","0.02806827425956726","0.029374100267887115","0.029374100267887115","0.029374100267887115","0.047808077186346054","0.047808077186346054","0.047808077186346054"
"300","0.05034244433045387","0.05034244433045387","0.05034244433045387","0.035362426191568375","0.035362426191568375","0.035362426191568375","0.03426406532526016","0.03426406532526016","0.03426406532526016","0.05499793589115143","0.05499793589115143","0.05499793589115143"
"310","0.06533883512020111","0.06533883512020111","0.06533883512020111","0.039104361087083817","0.039104361087083817","0.039104361087083817","0.04442598670721054","0.04442598670721054","0.04442598670721054","0.06988214701414108","0.06988214701414108","0.06988214701414108"
"320","0.051998794078826904","0.051998794078826904","0.051998794078826904","0.03012545220553875","0.03012545220553875","0.03012545220553875","0.033278316259384155","0.033278316259384155","0.033278316259384155","0.055816177278757095","0.055816177278757095","0.055816177278757095"
"330","0.05119476839900017","0.05119476839900017","0.05119476839900017","0.0364016555249691","0.0364016555249691","0.0364016555249691","0.03425939381122589","0.03425939381122589","0.03425939381122589","0.0498587004840374","0.0498587004840374","0.0498587004840374"
"340","0.06274639815092087","0.06274639815092087","0.06274639815092087","0.04583066329360008","0.04583066329360008","0.04583066329360008","0.04416115581989288","0.04416115581989288","0.04416115581989288","0.05580852925777435","0.05580852925777435","0.05580852925777435"
"350","0.05965747311711311","0.05965747311711311","0.05965747311711311","0.04335883632302284","0.04335883632302284","0.04335883632302284","0.0425981730222702","0.0425981730222702","0.0425981730222702","0.06460500508546829","0.06460500508546829","0.06460500508546829"
"360","0.06663879007101059","0.06663879007101059","0.06663879007101059","0.04552774876356125","0.04552774876356125","0.04552774876356125","0.04481135681271553","0.04481135681271553","0.04481135681271553","0.0683993473649025","0.0683993473649025","0.0683993473649025"
"370","0.07136086374521255","0.07136086374521255","0.07136086374521255","0.047117166221141815","0.047117166221141815","0.047117166221141815","0.04365254193544388","0.04365254193544388","0.04365254193544388","0.07510671019554138","0.07510671019554138","0.07510671019554138"
"380","0.0733119398355484","0.0733119398355484","0.0733119398355484","0.05024642124772072","0.05024642124772072","0.05024642124772072","0.04879453778266907","0.04879453778266907","0.04879453778266907","0.07224192470312119","0.07224192470312119","0.07224192470312119"
"390","0.07718972116708755","0.07718972116708755","0.07718972116708755","0.05255568027496338","0.05255568027496338","0.05255568027496338","0.04582194238901138","0.04582194238901138","0.04582194238901138","0.07616685330867767","0.07616685330867767","0.07616685330867767"
"400","0.08038487285375595","0.08038487285375595","0.08038487285375595","0.05468450486660004","0.05468450486660004","0.05468450486660004","0.04926279932260513","0.04926279932260513","0.04926279932260513","0.07797504961490631","0.07797504961490631","0.07797504961490631"
"410","0.08479303121566772","0.08479303121566772","0.08479303121566772","0.05695407837629318","0.05695407837629318","0.05695407837629318","0.04810309037566185","0.04810309037566185","0.04810309037566185","0.08560134470462799","0.08560134470462799","0.08560134470462799"
"420","0.09001658111810684","0.09001658111810684","0.09001658111810684","0.05997912585735321","0.05997912585735321","0.05997912585735321","0.054662901908159256","0.054662901908159256","0.054662901908159256","0.08481332659721375","0.08481332659721375","0.08481332659721375"
"430","0.17538921535015106","0.17538921535015106","0.17538921535015106","0.1405857354402542","0.1405857354402542","0.1405857354402542","0.12395291030406952","0.12395291030406952","0.12395291030406952","0.17007622122764587","0.17007622122764587","0.17007622122764587"
"440","0.23363296687602997","0.23363296687602997","0.23363296687602997","0.221658855676651","0.221658855676651","0.221658855676651","0.15151813626289368","0.15151813626289368","0.15151813626289368","0.22964885830879211","0.22964885830879211","0.22964885830879211"
"450","0.06793631613254547","0.06793631613254547","0.06793631613254547","0.04992887005209923","0.04992887005209923","0.04992887005209923","0.03922976180911064","0.03922976180911064","0.03922976180911064","0.06349903345108032","0.06349903345108032","0.06349903345108032"
"460","0.0886596143245697","0.0886596143245697","0.0886596143245697","0.0634792223572731","0.0634792223572731","0.0634792223572731","0.05139689892530441","0.05139689892530441","0.05139689892530441","0.08606135845184326","0.08606135845184326","0.08606135845184326"
"470","0.09016428887844086","0.09016428887844086","0.09016428887844086","0.06979256123304367","0.06979256123304367","0.06979256123304367","0.05529865249991417","0.05529865249991417","0.05529865249991417","0.09104768931865692","0.09104768931865692","0.09104768931865692"
"480","0.09522026777267456","0.09522026777267456","0.09522026777267456","0.06956901401281357","0.06956901401281357","0.06956901401281357","0.05674787610769272","0.05674787610769272","0.05674787610769272","0.09254301339387894","0.09254301339387894","0.09254301339387894"
"490","0.09627635031938553","0.09627635031938553","0.09627635031938553","0.07225213944911957","0.07225213944911957","0.07225213944911957","0.05572400614619255","0.05572400614619255","0.05572400614619255","0.08681081980466843","0.08681081980466843","0.08681081980466843"
"500","0.10075562447309494","0.10075562447309494","0.10075562447309494","0.0738857239484787","0.0738857239484787","0.0738857239484787","0.06025184690952301","0.06025184690952301","0.06025184690952301","0.08928833901882172","0.08928833901882172","0.08928833901882172"
"510","0.12102033197879791","0.12102033197879791","0.12102033197879791","0.10454616695642471","0.10454616695642471","0.10454616695642471","0.09182629734277725","0.09182629734277725","0.09182629734277725","0.12217459082603455","0.12217459082603455","0.12217459082603455"
"520","0.10439149290323257","0.10439149290323257","0.10439149290323257","0.08349891006946564","0.08349891006946564","0.08349891006946564","0.06589367985725403","0.06589367985725403","0.06589367985725403","0.09528198838233948","0.09528198838233948","0.09528198838233948"
"530","0.10318180173635483","0.10318180173635483","0.10318180173635483","0.08298467844724655","0.08298467844724655","0.08298467844724655","0.06847095489501953","0.06847095489501953","0.06847095489501953","0.0956229716539383","0.0956229716539383","0.0956229716539383"
"540","0.13817138969898224","0.13817138969898224","0.13817138969898224","0.11473812907934189","0.11473812907934189","0.11473812907934189","0.09590378403663635","0.09590378403663635","0.09590378403663635","0.10978282243013382","0.10978282243013382","0.10978282243013382"
"550","0.167548269033432","0.167548269033432","0.167548269033432","0.1413939893245697","0.1413939893245697","0.1413939893245697","0.12849165499210358","0.12849165499210358","0.12849165499210358","0.15318253636360168","0.15318253636360168","0.15318253636360168"
"560","0.11130572855472565","0.11130572855472565","0.11130572855472565","0.08940324187278748","0.08940324187278748","0.08940324187278748","0.0717836245894432","0.0717836245894432","0.0717836245894432","0.10544417798519135","0.10544417798519135","0.10544417798519135"
"570","0.11639314144849777","0.11639314144849777","0.11639314144849777","0.08527206629514694","0.08527206629514694","0.08527206629514694","0.07390700280666351","0.07390700280666351","0.07390700280666351","0.09390433132648468","0.09390433132648468","0.09390433132648468"
"580","0.11116570234298706","0.11116570234298706","0.11116570234298706","0.09241243451833725","0.09241243451833725","0.09241243451833725","0.07459625601768494","0.07459625601768494","0.07459625601768494","0.10462673008441925","0.10462673008441925","0.10462673008441925"
"590","0.1276167333126068","0.1276167333126068","0.1276167333126068","0.0914972648024559","0.0914972648024559","0.0914972648024559","0.06317323446273804","0.06317323446273804","0.06317323446273804","0.0924103707075119","0.0924103707075119","0.0924103707075119"
"600","0.11770514398813248","0.11770514398813248","0.11770514398813248","0.09050347656011581","0.09050347656011581","0.09050347656011581","0.07759051769971848","0.07759051769971848","0.07759051769971848","0.1016203835606575","0.1016203835606575","0.1016203835606575"
"610","0.12377551943063736","0.12377551943063736","0.12377551943063736","0.09342136979103088","0.09342136979103088","0.09342136979103088","0.07977958023548126","0.07977958023548126","0.07977958023548126","0.10561417788267136","0.10561417788267136","0.10561417788267136"
"620","0.20569276809692383","0.20569276809692383","0.20569276809692383","0.18411292135715485","0.18411292135715485","0.18411292135715485","0.17119380831718445","0.17119380831718445","0.17119380831718445","0.19827955961227417","0.19827955961227417","0.19827955961227417"
"630","0.11831824481487274","0.11831824481487274","0.11831824481487274","0.09765297174453735","0.09765297174453735","0.09765297174453735","0.07830235362052917","0.07830235362052917","0.07830235362052917","0.10816018283367157","0.10816018283367157","0.10816018283367157"
"640","0.12353912740945816","0.12353912740945816","0.12353912740945816","0.09641816467046738","0.09641816467046738","0.09641816467046738","0.08425960689783096","0.08425960689783096","0.08425960689783096","0.11467225849628448","0.11467225849628448","0.11467225849628448"
"650","0.12913429737091064","0.12913429737091064","0.12913429737091064","0.10071979463100433","0.10071979463100433","0.10071979463100433","0.08497175574302673","0.08497175574302673","0.08497175574302673","0.11954769492149353","0.11954769492149353","0.11954769492149353"
"660","0.11967001855373383","0.11967001855373383","0.11967001855373383","0.08876016736030579","0.08876016736030579","0.08876016736030579","0.07623860985040665","0.07623860985040665","0.07623860985040665","0.10808062553405762","0.10808062553405762","0.10808062553405762"
"670","0.13288015127182007","0.13288015127182007","0.13288015127182007","0.09984562546014786","0.09984562546014786","0.09984562546014786","0.08345949649810791","0.08345949649810791","0.08345949649810791","0.11597221344709396","0.11597221344709396","0.11597221344709396"
"680","0.12449228763580322","0.12449228763580322","0.12449228763580322","0.097084179520607","0.097084179520607","0.097084179520607","0.08290240168571472","0.08290240168571472","0.08290240168571472","0.11467908322811127","0.11467908322811127","0.11467908322811127"
"690","0.2668858468532562","0.2668858468532562","0.2668858468532562","0.238579660654068","0.238579660654068","0.238579660654068","0.22638754546642303","0.22638754546642303","0.22638754546642303","0.25072726607322693","0.25072726607322693","0.25072726607322693"
"700","0.21933943033218384","0.21933943033218384","0.21933943033218384","0.18598031997680664","0.18598031997680664","0.18598031997680664","0.17547179758548737","0.17547179758548737","0.17547179758548737","0.2058635801076889","0.2058635801076889","0.2058635801076889"
"710","0.1343488097190857","0.1343488097190857","0.1343488097190857","0.10422389954328537","0.10422389954328537","0.10422389954328537","0.08881166577339172","0.08881166577339172","0.08881166577339172","0.12340303510427475","0.12340303510427475","0.12340303510427475"
"720","0.14090017974376678","0.14090017974376678","0.14090017974376678","0.10501930117607117","0.10501930117607117","0.10501930117607117","0.08925484865903854","0.08925484865903854","0.08925484865903854","0.12314590811729431","0.12314590811729431","0.12314590811729431"
"730","0.1383427083492279","0.1383427083492279","0.1383427083492279","0.10374097526073456","0.10374097526073456","0.10374097526073456","0.08785393089056015","0.08785393089056015","0.08785393089056015","0.12393882125616074","0.12393882125616074","0.12393882125616074"
"740","0.14435993134975433","0.14435993134975433","0.14435993134975433","0.10737836360931396","0.10737836360931396","0.10737836360931396","0.0890943706035614","0.0890943706035614","0.0890943706035614","0.12887917459011078","0.12887917459011078","0.12887917459011078"
"750","0.14891740679740906","0.14891740679740906","0.14891740679740906","0.10761255025863647","0.10761255025863647","0.10761255025863647","0.08869916945695877","0.08869916945695877","0.08869916945695877","0.1277225762605667","0.1277225762605667","0.1277225762605667"
"760","0.1441875845193863","0.1441875845193863","0.1441875845193863","0.10764829814434052","0.10764829814434052","0.10764829814434052","0.08977752923965454","0.08977752923965454","0.08977752923965454","0.1292026937007904","0.1292026937007904","0.1292026937007904"
"770","0.14734403789043427","0.14734403789043427","0.14734403789043427","0.111952044069767","0.111952044069767","0.111952044069767","0.09171425551176071","0.09171425551176071","0.09171425551176071","0.128086119890213","0.128086119890213","0.128086119890213"
"780","0.14469961822032928","0.14469961822032928","0.14469961822032928","0.11163729429244995","0.11163729429244995","0.11163729429244995","0.0912078320980072","0.0912078320980072","0.0912078320980072","0.13174524903297424","0.13174524903297424","0.13174524903297424"
"790","0.1462702751159668","0.1462702751159668","0.1462702751159668","0.10977897047996521","0.10977897047996521","0.10977897047996521","0.09835465997457504","0.09835465997457504","0.09835465997457504","0.1342461109161377","0.1342461109161377","0.1342461109161377"
"800","0.15493157505989075","0.15493157505989075","0.15493157505989075","0.1159578487277031","0.1159578487277031","0.1159578487277031","0.09029318392276764","0.09029318392276764","0.09029318392276764","0.13895191252231598","0.13895191252231598","0.13895191252231598"
"810","0.15413671731948853","0.15413671731948853","0.15413671731948853","0.11920969188213348","0.11920969188213348","0.11920969188213348","0.09344890713691711","0.09344890713691711","0.09344890713691711","0.1486026495695114","0.1486026495695114","0.1486026495695114"
"820","0.14476755261421204","0.14476755261421204","0.14476755261421204","0.10368668287992477","0.10368668287992477","0.10368668287992477","0.08745329827070236","0.08745329827070236","0.08745329827070236","0.1314244121313095","0.1314244121313095","0.1314244121313095"
"830","0.15133556723594666","0.15133556723594666","0.15133556723594666","0.11287921667098999","0.11287921667098999","0.11287921667098999","0.09302128851413727","0.09302128851413727","0.09302128851413727","0.12885941565036774","0.12885941565036774","0.12885941565036774"
"840","0.15673772990703583","0.15673772990703583","0.15673772990703583","0.1120980829000473","0.1120980829000473","0.1120980829000473","0.09546409547328949","0.09546409547328949","0.09546409547328949","0.1366795003414154","0.1366795003414154","0.1366795003414154"
"850","0.15509110689163208","0.15509110689163208","0.15509110689163208","0.11784511059522629","0.11784511059522629","0.11784511059522629","0.09695254266262054","0.09695254266262054","0.09695254266262054","0.14112882316112518","0.14112882316112518","0.14112882316112518"
"860","0.16498273611068726","0.16498273611068726","0.16498273611068726","0.12900573015213013","0.12900573015213013","0.12900573015213013","0.10584785044193268","0.10584785044193268","0.10584785044193268","0.14971423149108887","0.14971423149108887","0.14971423149108887"
"870","0.16027404367923737","0.16027404367923737","0.16027404367923737","0.12057176232337952","0.12057176232337952","0.12057176232337952","0.09987372159957886","0.09987372159957886","0.09987372159957886","0.14195731282234192","0.14195731282234192","0.14195731282234192"
"880","0.1611836850643158","0.1611836850643158","0.1611836850643158","0.11748319864273071","0.11748319864273071","0.11748319864273071","0.09601037949323654","0.09601037949323654","0.09601037949323654","0.14706777036190033","0.14706777036190033","0.14706777036190033"
"890","0.16622349619865417","0.16622349619865417","0.16622349619865417","0.12273553013801575","0.12273553013801575","0.12273553013801575","0.10077394545078278","0.10077394545078278","0.10077394545078278","0.15562263131141663","0.15562263131141663","0.15562263131141663"
"900","0.17099829018115997","0.17099829018115997","0.17099829018115997","0.11732490360736847","0.11732490360736847","0.11732490360736847","0.09864208847284317","0.09864208847284317","0.09864208847284317","0.15295271575450897","0.15295271575450897","0.15295271575450897"
"910","0.15629515051841736","0.15629515051841736","0.15629515051841736","0.11679218709468842","0.11679218709468842","0.11679218709468842","0.09660119563341141","0.09660119563341141","0.09660119563341141","0.15155629813671112","0.15155629813671112","0.15155629813671112"
"920","0.1678515076637268","0.1678515076637268","0.1678515076637268","0.12028121948242188","0.12028121948242188","0.12028121948242188","0.10296861082315445","0.10296861082315445","0.10296861082315445","0.16112783551216125","0.16112783551216125","0.16112783551216125"
"930","0.17385554313659668","0.17385554313659668","0.17385554313659668","0.12459017336368561","0.12459017336368561","0.12459017336368561","0.10345595329999924","0.10345595329999924","0.10345595329999924","0.16832734644412994","0.16832734644412994","0.16832734644412994"
"940","0.17271696031093597","0.17271696031093597","0.17271696031093597","0.11951109766960144","0.11951109766960144","0.11951109766960144","0.09836670756340027","0.09836670756340027","0.09836670756340027","0.17139431834220886","0.17139431834220886","0.17139431834220886"
"950","0.17928442358970642","0.17928442358970642","0.17928442358970642","0.12601211667060852","0.12601211667060852","0.12601211667060852","0.10118041932582855","0.10118041932582855","0.10118041932582855","0.1825689673423767","0.1825689673423767","0.1825689673423767"
"960","0.1723041534423828","0.1723041534423828","0.1723041534423828","0.12086379528045654","0.12086379528045654","0.12086379528045654","0.10218791663646698","0.10218791663646698","0.10218791663646698","0.19946882128715515","0.19946882128715515","0.19946882128715515"
"970","0.1825685203075409","0.1825685203075409","0.1825685203075409","0.1242142990231514","0.1242142990231514","0.1242142990231514","0.09988844394683838","0.09988844394683838","0.09988844394683838","0.22580620646476746","0.22580620646476746","0.22580620646476746"
"980","0.1876414716243744","0.1876414716243744","0.1876414716243744","0.12504345178604126","0.12504345178604126","0.12504345178604126","0.10071814805269241","0.10071814805269241","0.10071814805269241","0.24482887983322144","0.24482887983322144","0.24482887983322144"
"990","0.20129035413265228","0.20129035413265228","0.20129035413265228","0.1390114426612854","0.1390114426612854","0.1390114426612854","0.11168530583381653","0.11168530583381653","0.11168530583381653","0.28322866559028625","0.28322866559028625","0.28322866559028625"
"1000","0.317515105009079","0.317515105009079","0.317515105009079","0.25267356634140015","0.25267356634140015","0.25267356634140015","0.22914865612983704","0.22914865612983704","0.22914865612983704","0.4145037531852722","0.4145037531852722","0.4145037531852722"
"1010","0.3501876890659332","0.3501876890659332","0.3501876890659332","0.275827020406723","0.275827020406723","0.275827020406723","0.2550555169582367","0.2550555169582367","0.2550555169582367","0.48514920473098755","0.48514920473098755","0.48514920473098755"
"1020","0.22696295380592346","0.22696295380592346","0.22696295380592346","0.12764638662338257","0.12764638662338257","0.12764638662338257","0.10606062412261963","0.10606062412261963","0.10606062412261963","0.44603943824768066","0.44603943824768066","0.44603943824768066"
"1030","0.2291240245103836","0.2291240245103836","0.2291240245103836","0.12441182881593704","0.12441182881593704","0.12441182881593704","0.10404021292924881","0.10404021292924881","0.10404021292924881","0.47939857840538025","0.47939857840538025","0.47939857840538025"
"1040","0.258300244808197","0.258300244808197","0.258300244808197","0.13806945085525513","0.13806945085525513","0.13806945085525513","0.11107166111469269","0.11107166111469269","0.11107166111469269","0.5575681924819946","0.5575681924819946","0.5575681924819946"
"1050","0.27886390686035156","0.27886390686035156","0.27886390686035156","0.1369432955980301","0.1369432955980301","0.1369432955980301","0.10712963342666626","0.10712963342666626","0.10712963342666626","0.608841598033905","0.608841598033905","0.608841598033905"
"1060","0.29788661003112793","0.29788661003112793","0.29788661003112793","0.14023655652999878","0.14023655652999878","0.14023655652999878","0.10896684229373932","0.10896684229373932","0.10896684229373932","0.6250258088111877","0.6250258088111877","0.6250258088111877"
"1070","0.4468819499015808","0.4468819499015808","0.4468819499015808","0.2700869143009186","0.2700869143009186","0.2700869143009186","0.2515668570995331","0.2515668570995331","0.2515668570995331","0.73818039894104","0.73818039894104","0.73818039894104"
"1080","0.4350458085536957","0.4350458085536957","0.4350458085536957","0.21254117786884308","0.21254117786884308","0.21254117786884308","0.18566888570785522","0.18566888570785522","0.18566888570785522","0.7315963506698608","0.7315963506698608","0.7315963506698608"
"1090","0.4117651879787445","0.4117651879787445","0.4117651879787445","0.13591593503952026","0.13591593503952026","0.13591593503952026","0.10564776510000229","0.10564776510000229","0.10564776510000229","0.714693009853363","0.714693009853363","0.714693009853363"
"1100","0.47104859352111816","0.47104859352111816","0.47104859352111816","0.13921426236629486","0.13921426236629486","0.13921426236629486","0.11265260726213455","0.11265260726213455","0.11265260726213455","0.7329973578453064","0.7329973578453064","0.7329973578453064"
"1110","0.6278910040855408","0.6278910040855408","0.6278910040855408","0.3441733419895172","0.3441733419895172","0.3441733419895172","0.32375964522361755","0.32375964522361755","0.32375964522361755","0.8236139416694641","0.8236139416694641","0.8236139416694641"
"1120","0.5521564483642578","0.5521564483642578","0.5521564483642578","0.14478620886802673","0.14478620886802673","0.14478620886802673","0.11359624564647675","0.11359624564647675","0.11359624564647675","0.762415885925293","0.762415885925293","0.762415885925293"
"1130","0.68595951795578","0.68595951795578","0.68595951795578","0.34487998485565186","0.34487998485565186","0.34487998485565186","0.31991705298423767","0.31991705298423767","0.31991705298423767","0.8227381706237793","0.8227381706237793","0.8227381706237793"
"1140","0.6356703042984009","0.6356703042984009","0.6356703042984009","0.15532968938350677","0.15532968938350677","0.15532968938350677","0.12681028246879578","0.12681028246879578","0.12681028246879578","0.8031425476074219","0.8031425476074219","0.8031425476074219"
"1150","0.657713770866394","0.657713770866394","0.657713770866394","0.14559385180473328","0.14559385180473328","0.14559385180473328","0.11255031824111938","0.11255031824111938","0.11255031824111938","0.8078060746192932","0.8078060746192932","0.8078060746192932"
"1160","0.6764518022537231","0.6764518022537231","0.6764518022537231","0.14415369927883148","0.14415369927883148","0.14415369927883148","0.1152818500995636","0.1152818500995636","0.1152818500995636","0.8049299120903015","0.8049299120903015","0.8049299120903015"
"1170","0.7121779322624207","0.7121779322624207","0.7121779322624207","0.14559976756572723","0.14559976756572723","0.14559976756572723","0.11622932553291321","0.11622932553291321","0.11622932553291321","0.831748366355896","0.831748366355896","0.831748366355896"
"1180","0.7473835349082947","0.7473835349082947","0.7473835349082947","0.14027531445026398","0.14027531445026398","0.14027531445026398","0.11303216964006424","0.11303216964006424","0.11303216964006424","0.8391798734664917","0.8391798734664917","0.8391798734664917"
"1190","0.7345283031463623","0.7345283031463623","0.7345283031463623","0.150697261095047","0.150697261095047","0.150697261095047","0.12124130874872208","0.12124130874872208","0.12124130874872208","0.8221811056137085","0.8221811056137085","0.8221811056137085"
"1200","0.7728441953659058","0.7728441953659058","0.7728441953659058","0.15233607590198517","0.15233607590198517","0.15233607590198517","0.118155837059021","0.118155837059021","0.118155837059021","0.8504751920700073","0.8504751920700073","0.8504751920700073"
"1210","0.7573947310447693","0.7573947310447693","0.7573947310447693","0.1518116593360901","0.1518116593360901","0.1518116593360901","0.12201176583766937","0.12201176583766937","0.12201176583766937","0.8309137225151062","0.8309137225151062","0.8309137225151062"
"1220","0.7893742918968201","0.7893742918968201","0.7893742918968201","0.1405598223209381","0.1405598223209381","0.1405598223209381","0.1098855659365654","0.1098855659365654","0.1098855659365654","0.8516685962677002","0.8516685962677002","0.8516685962677002"
"1230","0.8059358596801758","0.8059358596801758","0.8059358596801758","0.1692197620868683","0.1692197620868683","0.1692197620868683","0.1402873992919922","0.1402873992919922","0.1402873992919922","0.8577269315719604","0.8577269315719604","0.8577269315719604"
"1240","0.7948386073112488","0.7948386073112488","0.7948386073112488","0.1385096311569214","0.1385096311569214","0.1385096311569214","0.10426605492830276","0.10426605492830276","0.10426605492830276","0.858176589012146","0.858176589012146","0.858176589012146"
"1250","0.832385778427124","0.832385778427124","0.832385778427124","0.1407662332057953","0.1407662332057953","0.1407662332057953","0.11507466435432434","0.11507466435432434","0.11507466435432434","0.8805134296417236","0.8805134296417236","0.8805134296417236"
"1260","0.8257630467414856","0.8257630467414856","0.8257630467414856","0.14933308959007263","0.14933308959007263","0.14933308959007263","0.11659923940896988","0.11659923940896988","0.11659923940896988","0.8588739037513733","0.8588739037513733","0.8588739037513733"
"1270","0.8390803337097168","0.8390803337097168","0.8390803337097168","0.1512143760919571","0.1512143760919571","0.1512143760919571","0.11364655941724777","0.11364655941724777","0.11364655941724777","0.8676981329917908","0.8676981329917908","0.8676981329917908"
"1280","0.8451527953147888","0.8451527953147888","0.8451527953147888","0.14669552445411682","0.14669552445411682","0.14669552445411682","0.11696795374155045","0.11696795374155045","0.11696795374155045","0.8775777220726013","0.8775777220726013","0.8775777220726013"
"1290","0.8353865742683411","0.8353865742683411","0.8353865742683411","0.16234423220157623","0.16234423220157623","0.16234423220157623","0.12290052324533463","0.12290052324533463","0.12290052324533463","0.8627948760986328","0.8627948760986328","0.8627948760986328"
"1300","0.8395937085151672","0.8395937085151672","0.8395937085151672","0.1376248449087143","0.1376248449087143","0.1376248449087143","0.10745050013065338","0.10745050013065338","0.10745050013065338","0.8706015944480896","0.8706015944480896","0.8706015944480896"
"1310","0.8744904398918152","0.8744904398918152","0.8744904398918152","0.1356700360774994","0.1356700360774994","0.1356700360774994","0.10595916211605072","0.10595916211605072","0.10595916211605072","0.9036154747009277","0.9036154747009277","0.9036154747009277"
"1320","0.8479059934616089","0.8479059934616089","0.8479059934616089","0.15232227742671967","0.15232227742671967","0.15232227742671967","0.115843765437603","0.115843765437603","0.115843765437603","0.8795039057731628","0.8795039057731628","0.8795039057731628"
"1330","0.8609017133712769","0.8609017133712769","0.8609017133712769","0.150270015001297","0.150270015001297","0.150270015001297","0.12126581370830536","0.12126581370830536","0.12126581370830536","0.890809178352356","0.890809178352356","0.890809178352356"
"1340","0.8621178269386292","0.8621178269386292","0.8621178269386292","0.15203335881233215","0.15203335881233215","0.15203335881233215","0.12034311890602112","0.12034311890602112","0.12034311890602112","0.8837841749191284","0.8837841749191284","0.8837841749191284"
"1350","0.8460919857025146","0.8460919857025146","0.8460919857025146","0.1460326462984085","0.1460326462984085","0.1460326462984085","0.11285696923732758","0.11285696923732758","0.11285696923732758","0.871198296546936","0.871198296546936","0.871198296546936"
"1360","0.8543332815170288","0.8543332815170288","0.8543332815170288","0.1507851779460907","0.1507851779460907","0.1507851779460907","0.11723319441080093","0.11723319441080093","0.11723319441080093","0.8845430016517639","0.8845430016517639","0.8845430016517639"
"1370","0.8791419267654419","0.8791419267654419","0.8791419267654419","0.15373705327510834","0.15373705327510834","0.15373705327510834","0.12221395969390869","0.12221395969390869","0.12221395969390869","0.9089617729187012","0.9089617729187012","0.9089617729187012"
"1380","0.8637187480926514","0.8637187480926514","0.8637187480926514","0.15582901239395142","0.15582901239395142","0.15582901239395142","0.1226138025522232","0.1226138025522232","0.1226138025522232","0.8920473456382751","0.8920473456382751","0.8920473456382751"
"1390","0.8758276104927063","0.8758276104927063","0.8758276104927063","0.15146128833293915","0.15146128833293915","0.15146128833293915","0.11852947622537613","0.11852947622537613","0.11852947622537613","0.8999447226524353","0.8999447226524353","0.8999447226524353"
"1400","0.8848413825035095","0.8848413825035095","0.8848413825035095","0.16019971668720245","0.16019971668720245","0.16019971668720245","0.12148937582969666","0.12148937582969666","0.12148937582969666","0.9074490666389465","0.9074490666389465","0.9074490666389465"
"1410","0.8835033178329468","0.8835033178329468","0.8835033178329468","0.2813606262207031","0.2813606262207031","0.2813606262207031","0.2542451322078705","0.2542451322078705","0.2542451322078705","0.9226850867271423","0.9226850867271423","0.9226850867271423"
"1420","0.8762398362159729","0.8762398362159729","0.8762398362159729","0.22985556721687317","0.22985556721687317","0.22985556721687317","0.20073071122169495","0.20073071122169495","0.20073071122169495","0.9121413826942444","0.9121413826942444","0.9121413826942444"
"1430","0.8840314149856567","0.8840314149856567","0.8840314149856567","0.14723527431488037","0.14723527431488037","0.14723527431488037","0.1121860146522522","0.1121860146522522","0.1121860146522522","0.9083425998687744","0.9083425998687744","0.9083425998687744"
"1440","0.8897983431816101","0.8897983431816101","0.8897983431816101","0.15895040333271027","0.15895040333271027","0.15895040333271027","0.12084037065505981","0.12084037065505981","0.12084037065505981","0.9154500365257263","0.9154500365257263","0.9154500365257263"
"1450","0.8888415098190308","0.8888415098190308","0.8888415098190308","0.16981454193592072","0.16981454193592072","0.16981454193592072","0.13455206155776978","0.13455206155776978","0.13455206155776978","0.9280945658683777","0.9280945658683777","0.9280945658683777"
"1460","0.8806849718093872","0.8806849718093872","0.8806849718093872","0.1628177911043167","0.1628177911043167","0.1628177911043167","0.1252877414226532","0.1252877414226532","0.1252877414226532","0.9284044504165649","0.9284044504165649","0.9284044504165649"
"1470","0.8929361701011658","0.8929361701011658","0.8929361701011658","0.16810055077075958","0.16810055077075958","0.16810055077075958","0.12684710323810577","0.12684710323810577","0.12684710323810577","0.9360522627830505","0.9360522627830505","0.9360522627830505"
"1480","0.880883514881134","0.880883514881134","0.880883514881134","0.18302230536937714","0.18302230536937714","0.18302230536937714","0.15165306627750397","0.15165306627750397","0.15165306627750397","0.9186974167823792","0.9186974167823792","0.9186974167823792"
"1490","0.8835935592651367","0.8835935592651367","0.8835935592651367","0.16122713685035706","0.16122713685035706","0.16122713685035706","0.12940287590026855","0.12940287590026855","0.12940287590026855","0.9371882081031799","0.9371882081031799","0.9371882081031799"
"1500","0.8721423149108887","0.8721423149108887","0.8721423149108887","0.15172448754310608","0.15172448754310608","0.15172448754310608","0.11919216811656952","0.11919216811656952","0.11919216811656952","0.9242291450500488","0.9242291450500488","0.9242291450500488"
"1510","0.8867429494857788","0.8867429494857788","0.8867429494857788","0.16073834896087646","0.16073834896087646","0.16073834896087646","0.12291165441274643","0.12291165441274643","0.12291165441274643","0.9253913164138794","0.9253913164138794","0.9253913164138794"
"1520","0.8936997652053833","0.8936997652053833","0.8936997652053833","0.15896478295326233","0.15896478295326233","0.15896478295326233","0.13010519742965698","0.13010519742965698","0.13010519742965698","0.9373853802680969","0.9373853802680969","0.9373853802680969"
"1530","0.8949968814849854","0.8949968814849854","0.8949968814849854","0.16680411994457245","0.16680411994457245","0.16680411994457245","0.13074864447116852","0.13074864447116852","0.13074864447116852","0.9458309412002563","0.9458309412002563","0.9458309412002563"
"1540","0.8973201513290405","0.8973201513290405","0.8973201513290405","0.16646546125411987","0.16646546125411987","0.16646546125411987","0.13290295004844666","0.13290295004844666","0.13290295004844666","0.946193277835846","0.946193277835846","0.946193277835846"
"1550","0.9091563820838928","0.9091563820838928","0.9091563820838928","0.16688217222690582","0.16688217222690582","0.16688217222690582","0.1292562037706375","0.1292562037706375","0.1292562037706375","0.9515390992164612","0.9515390992164612","0.9515390992164612"
"1560","0.9018985629081726","0.9018985629081726","0.9018985629081726","0.17191433906555176","0.17191433906555176","0.17191433906555176","0.1351226419210434","0.1351226419210434","0.1351226419210434","0.9420226812362671","0.9420226812362671","0.9420226812362671"
"1570","0.8903693556785583","0.8903693556785583","0.8903693556785583","0.18895697593688965","0.18895697593688965","0.18895697593688965","0.150827556848526","0.150827556848526","0.150827556848526","0.9359016418457031","0.9359016418457031","0.9359016418457031"
"1580","0.9054958820343018","0.9054958820343018","0.9054958820343018","0.1654159277677536","0.1654159277677536","0.1654159277677536","0.12825055420398712","0.12825055420398712","0.12825055420398712","0.9628044366836548","0.9628044366836548","0.9628044366836548"
"1590","0.9197481870651245","0.9197481870651245","0.9197481870651245","0.16693949699401855","0.16693949699401855","0.16693949699401855","0.12575998902320862","0.12575998902320862","0.12575998902320862","0.9626652598381042","0.9626652598381042","0.9626652598381042"
"1600","0.9206566214561462","0.9206566214561462","0.9206566214561462","0.17443537712097168","0.17443537712097168","0.17443537712097168","0.13608622550964355","0.13608622550964355","0.13608622550964355","0.9548509120941162","0.9548509120941162","0.9548509120941162"
"1610","0.9247435331344604","0.9247435331344604","0.9247435331344604","0.16897369921207428","0.16897369921207428","0.16897369921207428","0.12903615832328796","0.12903615832328796","0.12903615832328796","0.9634628891944885","0.9634628891944885","0.9634628891944885"
"1620","0.9207841157913208","0.9207841157913208","0.9207841157913208","0.17152045667171478","0.17152045667171478","0.17152045667171478","0.1335599571466446","0.1335599571466446","0.1335599571466446","0.9512948989868164","0.9512948989868164","0.9512948989868164"
"1630","0.9299905300140381","0.9299905300140381","0.9299905300140381","0.17531634867191315","0.17531634867191315","0.17531634867191315","0.14151418209075928","0.14151418209075928","0.14151418209075928","0.9581744074821472","0.9581744074821472","0.9581744074821472"
"1640","0.9311226606369019","0.9311226606369019","0.9311226606369019","0.16759377717971802","0.16759377717971802","0.16759377717971802","0.12764517962932587","0.12764517962932587","0.12764517962932587","0.9591063261032104","0.9591063261032104","0.9591063261032104"
"1650","0.9429013729095459","0.9429013729095459","0.9429013729095459","0.17688557505607605","0.17688557505607605","0.17688557505607605","0.12718245387077332","0.12718245387077332","0.12718245387077332","0.9608413577079773","0.9608413577079773","0.9608413577079773"
"1660","0.9438756704330444","0.9438756704330444","0.9438756704330444","0.16487491130828857","0.16487491130828857","0.16487491130828857","0.12615551054477692","0.12615551054477692","0.12615551054477692","0.9685959815979004","0.9685959815979004","0.9685959815979004"
"1670","0.948320209980011","0.948320209980011","0.948320209980011","0.16755351424217224","0.16755351424217224","0.16755351424217224","0.1284787952899933","0.1284787952899933","0.1284787952899933","0.9723387956619263","0.9723387956619263","0.9723387956619263"
"1680","0.957776665687561","0.957776665687561","0.957776665687561","0.16577358543872833","0.16577358543872833","0.16577358543872833","0.1263638734817505","0.1263638734817505","0.1263638734817505","0.9741150140762329","0.9741150140762329","0.9741150140762329"
"1690","0.9552814364433289","0.9552814364433289","0.9552814364433289","0.1708836853504181","0.1708836853504181","0.1708836853504181","0.134313702583313","0.134313702583313","0.134313702583313","0.9724853038787842","0.9724853038787842","0.9724853038787842"
"1700","0.9558290839195251","0.9558290839195251","0.9558290839195251","0.17307382822036743","0.17307382822036743","0.17307382822036743","0.1346960961818695","0.1346960961818695","0.1346960961818695","0.9736781120300293","0.9736781120300293","0.9736781120300293"
"1710","0.958956778049469","0.958956778049469","0.958956778049469","0.1812920868396759","0.1812920868396759","0.1812920868396759","0.14081133902072906","0.14081133902072906","0.14081133902072906","0.9765689373016357","0.9765689373016357","0.9765689373016357"
"1720","0.9630873203277588","0.9630873203277588","0.9630873203277588","0.1698828935623169","0.1698828935623169","0.1698828935623169","0.1359780728816986","0.1359780728816986","0.1359780728816986","0.976135790348053","0.976135790348053","0.976135790348053"
"1730","0.9660141468048096","0.9660141468048096","0.9660141468048096","0.17004260420799255","0.17004260420799255","0.17004260420799255","0.1356690227985382","0.1356690227985382","0.1356690227985382","0.9780328273773193","0.9780328273773193","0.9780328273773193"
"1740","0.9505682587623596","0.9505682587623596","0.9505682587623596","0.18361710011959076","0.18361710011959076","0.18361710011959076","0.1460430771112442","0.1460430771112442","0.1460430771112442","0.9628527164459229","0.9628527164459229","0.9628527164459229"
"1750","0.9615797996520996","0.9615797996520996","0.9615797996520996","0.18015453219413757","0.18015453219413757","0.18015453219413757","0.13702479004859924","0.13702479004859924","0.13702479004859924","0.9730134606361389","0.9730134606361389","0.9730134606361389"
"1760","0.9617972373962402","0.9617972373962402","0.9617972373962402","0.16768485307693481","0.16768485307693481","0.16768485307693481","0.13297535479068756","0.13297535479068756","0.13297535479068756","0.973549485206604","0.973549485206604","0.973549485206604"
"1770","0.9678572416305542","0.9678572416305542","0.9678572416305542","0.17852456867694855","0.17852456867694855","0.17852456867694855","0.13743840157985687","0.13743840157985687","0.13743840157985687","0.9769822955131531","0.9769822955131531","0.9769822955131531"
"1780","0.9735795259475708","0.9735795259475708","0.9735795259475708","0.1763797402381897","0.1763797402381897","0.1763797402381897","0.13549959659576416","0.13549959659576416","0.13549959659576416","0.9805983304977417","0.9805983304977417","0.9805983304977417"
"1790","0.9730925559997559","0.9730925559997559","0.9730925559997559","0.20478662848472595","0.20478662848472595","0.20478662848472595","0.1663711965084076","0.1663711965084076","0.1663711965084076","0.9806206226348877","0.9806206226348877","0.9806206226348877"
"1800","0.9706339240074158","0.9706339240074158","0.9706339240074158","0.17550566792488098","0.17550566792488098","0.17550566792488098","0.13625404238700867","0.13625404238700867","0.13625404238700867","0.9768959283828735","0.9768959283828735","0.9768959283828735"
"1810","0.9773313403129578","0.9773313403129578","0.9773313403129578","0.17801836133003235","0.17801836133003235","0.17801836133003235","0.13786892592906952","0.13786892592906952","0.13786892592906952","0.9830859899520874","0.9830859899520874","0.9830859899520874"
"1820","0.961935818195343","0.961935818195343","0.961935818195343","0.20318558812141418","0.20318558812141418","0.20318558812141418","0.1575855314731598","0.1575855314731598","0.1575855314731598","0.9709564447402954","0.9709564447402954","0.9709564447402954"
"1830","0.9760969877243042","0.9760969877243042","0.9760969877243042","0.1775697022676468","0.1775697022676468","0.1775697022676468","0.1406293660402298","0.1406293660402298","0.1406293660402298","0.9803066253662109","0.9803066253662109","0.9803066253662109"
"1840","0.9773807525634766","0.9773807525634766","0.9773807525634766","0.17981013655662537","0.17981013655662537","0.17981013655662537","0.13631708920001984","0.13631708920001984","0.13631708920001984","0.9832394123077393","0.9832394123077393","0.9832394123077393"
"1850","0.9764992594718933","0.9764992594718933","0.9764992594718933","0.18589329719543457","0.18589329719543457","0.18589329719543457","0.14233943819999695","0.14233943819999695","0.14233943819999695","0.98100346326828","0.98100346326828","0.98100346326828"
"1860","0.9700130224227905","0.9700130224227905","0.9700130224227905","0.18679189682006836","0.18679189682006836","0.18679189682006836","0.1470324993133545","0.1470324993133545","0.1470324993133545","0.981287956237793","0.981287956237793","0.981287956237793"
"1870","0.9719747304916382","0.9719747304916382","0.9719747304916382","0.18262389302253723","0.18262389302253723","0.18262389302253723","0.14346879720687866","0.14346879720687866","0.14346879720687866","0.9782034158706665","0.9782034158706665","0.9782034158706665"
"1880","0.9683244228363037","0.9683244228363037","0.9683244228363037","0.2267645299434662","0.2267645299434662","0.2267645299434662","0.15127067267894745","0.15127067267894745","0.15127067267894745","0.9781103730201721","0.9781103730201721","0.9781103730201721"
"1890","0.9789188504219055","0.9789188504219055","0.9789188504219055","0.36596226692199707","0.36596226692199707","0.36596226692199707","0.33332931995391846","0.33332931995391846","0.33332931995391846","0.9805995225906372","0.9805995225906372","0.9805995225906372"
"1900","0.9770262241363525","0.9770262241363525","0.9770262241363525","0.20370173454284668","0.20370173454284668","0.20370173454284668","0.16004928946495056","0.16004928946495056","0.16004928946495056","0.9822626113891602","0.9822626113891602","0.9822626113891602"
"1910","0.9776021242141724","0.9776021242141724","0.9776021242141724","0.1862066686153412","0.1862066686153412","0.1862066686153412","0.13768820464611053","0.13768820464611053","0.13768820464611053","0.9819133281707764","0.9819133281707764","0.9819133281707764"
"1920","0.9782525300979614","0.9782525300979614","0.9782525300979614","0.20999488234519958","0.20999488234519958","0.20999488234519958","0.16594570875167847","0.16594570875167847","0.16594570875167847","0.9792673587799072","0.9792673587799072","0.9792673587799072"
"1930","0.9757111072540283","0.9757111072540283","0.9757111072540283","0.17911481857299805","0.17911481857299805","0.17911481857299805","0.14071935415267944","0.14071935415267944","0.14071935415267944","0.9802290201187134","0.9802290201187134","0.9802290201187134"
"1940","0.9804689884185791","0.9804689884185791","0.9804689884185791","0.18401338160037994","0.18401338160037994","0.18401338160037994","0.14053478837013245","0.14053478837013245","0.14053478837013245","0.9814394116401672","0.9814394116401672","0.9814394116401672"
"1950","0.980979323387146","0.980979323387146","0.980979323387146","0.1807357668876648","0.1807357668876648","0.1807357668876648","0.14367596805095673","0.14367596805095673","0.14367596805095673","0.9830339550971985","0.9830339550971985","0.9830339550971985"
"1960","0.9804218411445618","0.9804218411445618","0.9804218411445618","0.18893501162528992","0.18893501162528992","0.18893501162528992","0.14734402298927307","0.14734402298927307","0.14734402298927307","0.9853989481925964","0.9853989481925964","0.9853989481925964"
"1970","0.9857197999954224","0.9857197999954224","0.9857197999954224","0.13985341787338257","0.13985341787338257","0.13985341787338257","0.10845857858657837","0.10845857858657837","0.10845857858657837","0.9880591034889221","0.9880591034889221","0.9880591034889221"
"1980","0.9836434721946716","0.9836434721946716","0.9836434721946716","0.24804142117500305","0.24804142117500305","0.24804142117500305","0.20477190613746643","0.20477190613746643","0.20477190613746643","0.9864672422409058","0.9864672422409058","0.9864672422409058"
"1990","0.9871798753738403","0.9871798753738403","0.9871798753738403","0.32337692379951477","0.32337692379951477","0.32337692379951477","0.2873480021953583","0.2873480021953583","0.2873480021953583","0.9873687028884888","0.9873687028884888","0.9873687028884888"
"2000","0.9783912301063538","0.9783912301063538","0.9783912301063538","0.18573544919490814","0.18573544919490814","0.18573544919490814","0.14033563435077667","0.14033563435077667","0.14033563435077667","0.9824293851852417","0.9824293851852417","0.9824293851852417"
"2010","0.9819661378860474","0.9819661378860474","0.9819661378860474","0.19060774147510529","0.19060774147510529","0.19060774147510529","0.14596542716026306","0.14596542716026306","0.14596542716026306","0.9836341142654419","0.9836341142654419","0.9836341142654419"
"2020","0.9846844673156738","0.9846844673156738","0.9846844673156738","0.17403371632099152","0.17403371632099152","0.17403371632099152","0.13630464673042297","0.13630464673042297","0.13630464673042297","0.986473798751831","0.986473798751831","0.986473798751831"
"2030","0.9849838018417358","0.9849838018417358","0.9849838018417358","0.18065959215164185","0.18065959215164185","0.18065959215164185","0.1407855600118637","0.1407855600118637","0.1407855600118637","0.9867565631866455","0.9867565631866455","0.9867565631866455"
"2040","0.9862906336784363","0.9862906336784363","0.9862906336784363","0.2509334981441498","0.2509334981441498","0.2509334981441498","0.2091817855834961","0.2091817855834961","0.2091817855834961","0.9874508380889893","0.9874508380889893","0.9874508380889893"
"2050","0.9882087111473083","0.9882087111473083","0.9882087111473083","0.3205035328865051","0.3205035328865051","0.3205035328865051","0.28615742921829224","0.28615742921829224","0.28615742921829224","0.990318775177002","0.990318775177002","0.990318775177002"
"2060","0.9887102842330933","0.9887102842330933","0.9887102842330933","0.3645848333835602","0.3645848333835602","0.3645848333835602","0.32840055227279663","0.32840055227279663","0.32840055227279663","0.9901119470596313","0.9901119470596313","0.9901119470596313"
"2070","0.9791468381881714","0.9791468381881714","0.9791468381881714","0.3286876082420349","0.3286876082420349","0.3286876082420349","0.2886638045310974","0.2886638045310974","0.2886638045310974","0.9813687205314636","0.9813687205314636","0.9813687205314636"
"2080","0.9857115745544434","0.9857115745544434","0.9857115745544434","0.288726806640625","0.288726806640625","0.288726806640625","0.24973270297050476","0.24973270297050476","0.24973270297050476","0.9871688485145569","0.9871688485145569","0.9871688485145569"
"2090","0.9829519391059875","0.9829519391059875","0.9829519391059875","0.19657079875469208","0.19657079875469208","0.19657079875469208","0.14832903444766998","0.14832903444766998","0.14832903444766998","0.9843536019325256","0.9843536019325256","0.9843536019325256"
"2100","0.9853732585906982","0.9853732585906982","0.9853732585906982","0.1896548718214035","0.1896548718214035","0.1896548718214035","0.14526274800300598","0.14526274800300598","0.14526274800300598","0.9883078336715698","0.9883078336715698","0.9883078336715698"
"2110","0.9842127561569214","0.9842127561569214","0.9842127561569214","0.18699760735034943","0.18699760735034943","0.18699760735034943","0.1477901041507721","0.1477901041507721","0.1477901041507721","0.9868912100791931","0.9868912100791931","0.9868912100791931"
"2120","0.9842998385429382","0.9842998385429382","0.9842998385429382","0.18845081329345703","0.18845081329345703","0.18845081329345703","0.14416521787643433","0.14416521787643433","0.14416521787643433","0.9886732697486877","0.9886732697486877","0.9886732697486877"
"2130","0.9831722974777222","0.9831722974777222","0.9831722974777222","0.1862306296825409","0.1862306296825409","0.1862306296825409","0.14618830382823944","0.14618830382823944","0.14618830382823944","0.9873358607292175","0.9873358607292175","0.9873358607292175"
"2140","0.9862599968910217","0.9862599968910217","0.9862599968910217","0.1960030198097229","0.1960030198097229","0.1960030198097229","0.14531171321868896","0.14531171321868896","0.14531171321868896","0.9895259737968445","0.9895259737968445","0.9895259737968445"
"2150","0.9880325794219971","0.9880325794219971","0.9880325794219971","0.19121253490447998","0.19121253490447998","0.19121253490447998","0.14185035228729248","0.14185035228729248","0.14185035228729248","0.9907582402229309","0.9907582402229309","0.9907582402229309"
"2160","0.9848053455352783","0.9848053455352783","0.9848053455352783","0.19110701978206635","0.19110701978206635","0.19110701978206635","0.14323045313358307","0.14323045313358307","0.14323045313358307","0.9881108999252319","0.9881108999252319","0.9881108999252319"
"2170","0.986237645149231","0.986237645149231","0.986237645149231","0.1879146695137024","0.1879146695137024","0.1879146695137024","0.1400066614151001","0.1400066614151001","0.1400066614151001","0.98758864402771","0.98758864402771","0.98758864402771"
"2180","0.9878684282302856","0.9878684282302856","0.9878684282302856","0.21440115571022034","0.21440115571022034","0.21440115571022034","0.17221172153949738","0.17221172153949738","0.17221172153949738","0.9903955459594727","0.9903955459594727","0.9903955459594727"
"2190","0.9884319305419922","0.9884319305419922","0.9884319305419922","0.19985166192054749","0.19985166192054749","0.19985166192054749","0.1470825970172882","0.1470825970172882","0.1470825970172882","0.9912211894989014","0.9912211894989014","0.9912211894989014"
"2200","0.9868423938751221","0.9868423938751221","0.9868423938751221","0.19660283625125885","0.19660283625125885","0.19660283625125885","0.1462484449148178","0.1462484449148178","0.1462484449148178","0.9904734492301941","0.9904734492301941","0.9904734492301941"
"2210","0.9899582862854004","0.9899582862854004","0.9899582862854004","0.19383560121059418","0.19383560121059418","0.19383560121059418","0.14290867745876312","0.14290867745876312","0.14290867745876312","0.9917561411857605","0.9917561411857605","0.9917561411857605"
"2220","0.9877976775169373","0.9877976775169373","0.9877976775169373","0.2011847048997879","0.2011847048997879","0.2011847048997879","0.1481679528951645","0.1481679528951645","0.1481679528951645","0.9886387586593628","0.9886387586593628","0.9886387586593628"
"2230","0.9856621026992798","0.9856621026992798","0.9856621026992798","0.20621377229690552","0.20621377229690552","0.20621377229690552","0.1506776064634323","0.1506776064634323","0.1506776064634323","0.9899194240570068","0.9899194240570068","0.9899194240570068"
"2240","0.9840070605278015","0.9840070605278015","0.9840070605278015","0.1979658603668213","0.1979658603668213","0.1979658603668213","0.1519259810447693","0.1519259810447693","0.1519259810447693","0.9874939918518066","0.9874939918518066","0.9874939918518066"
"2250","0.9845597743988037","0.9845597743988037","0.9845597743988037","0.1932729184627533","0.1932729184627533","0.1932729184627533","0.14998216927051544","0.14998216927051544","0.14998216927051544","0.9883462190628052","0.9883462190628052","0.9883462190628052"
"2260","0.9903891682624817","0.9903891682624817","0.9903891682624817","0.1724223494529724","0.1724223494529724","0.1724223494529724","0.13137473165988922","0.13137473165988922","0.13137473165988922","0.9927301406860352","0.9927301406860352","0.9927301406860352"
"2270","0.9896481037139893","0.9896481037139893","0.9896481037139893","0.1636648178100586","0.1636648178100586","0.1636648178100586","0.12212108075618744","0.12212108075618744","0.12212108075618744","0.9905121922492981","0.9905121922492981","0.9905121922492981"
"2280","0.9912795424461365","0.9912795424461365","0.9912795424461365","0.1977386772632599","0.1977386772632599","0.1977386772632599","0.14725790917873383","0.14725790917873383","0.14725790917873383","0.991823673248291","0.991823673248291","0.991823673248291"
"2290","0.9912005662918091","0.9912005662918091","0.9912005662918091","0.20961180329322815","0.20961180329322815","0.20961180329322815","0.14974521100521088","0.14974521100521088","0.14974521100521088","0.9921965599060059","0.9921965599060059","0.9921965599060059"
"2300","0.9853230118751526","0.9853230118751526","0.9853230118751526","0.21812792122364044","0.21812792122364044","0.21812792122364044","0.16053563356399536","0.16053563356399536","0.16053563356399536","0.9850130677223206","0.9850130677223206","0.9850130677223206"
"2310","0.9857836961746216","0.9857836961746216","0.9857836961746216","0.2015324831008911","0.2015324831008911","0.2015324831008911","0.14370249211788177","0.14370249211788177","0.14370249211788177","0.9871382713317871","0.9871382713317871","0.9871382713317871"
"2320","0.9885478019714355","0.9885478019714355","0.9885478019714355","0.19913583993911743","0.19913583993911743","0.19913583993911743","0.1445751190185547","0.1445751190185547","0.1445751190185547","0.9907147884368896","0.9907147884368896","0.9907147884368896"
"2330","0.987848699092865","0.987848699092865","0.987848699092865","0.2109796106815338","0.2109796106815338","0.2109796106815338","0.15526197850704193","0.15526197850704193","0.15526197850704193","0.9900493621826172","0.9900493621826172","0.9900493621826172"
"2340","0.988359808921814","0.988359808921814","0.988359808921814","0.21441836655139923","0.21441836655139923","0.21441836655139923","0.14941687881946564","0.14941687881946564","0.14941687881946564","0.9915504455566406","0.9915504455566406","0.9915504455566406"
"2350","0.9916343092918396","0.9916343092918396","0.9916343092918396","0.20822224020957947","0.20822224020957947","0.20822224020957947","0.14342311024665833","0.14342311024665833","0.14342311024665833","0.9935376048088074","0.9935376048088074","0.9935376048088074"
"2360","0.988141655921936","0.988141655921936","0.988141655921936","0.21527206897735596","0.21527206897735596","0.21527206897735596","0.1539522409439087","0.1539522409439087","0.1539522409439087","0.9923279881477356","0.9923279881477356","0.9923279881477356"
"2370","0.9880045056343079","0.9880045056343079","0.9880045056343079","0.22135920822620392","0.22135920822620392","0.22135920822620392","0.1581653356552124","0.1581653356552124","0.1581653356552124","0.99220871925354","0.99220871925354","0.99220871925354"
"2380","0.9880053400993347","0.9880053400993347","0.9880053400993347","0.2251775711774826","0.2251775711774826","0.2251775711774826","0.15179845690727234","0.15179845690727234","0.15179845690727234","0.9911282062530518","0.9911282062530518","0.9911282062530518"
"2390","0.9912723302841187","0.9912723302841187","0.9912723302841187","0.23381450772285461","0.23381450772285461","0.23381450772285461","0.14621415734291077","0.14621415734291077","0.14621415734291077","0.992384672164917","0.992384672164917","0.992384672164917"
"2400","0.9910687804222107","0.9910687804222107","0.9910687804222107","0.24654904007911682","0.24654904007911682","0.24654904007911682","0.15397107601165771","0.15397107601165771","0.15397107601165771","0.9914113879203796","0.9914113879203796","0.9914113879203796"
"2410","0.9914072751998901","0.9914072751998901","0.9914072751998901","0.261464923620224","0.261464923620224","0.261464923620224","0.15389981865882874","0.15389981865882874","0.15389981865882874","0.990741491317749","0.990741491317749","0.990741491317749"
"2420","0.9925728440284729","0.9925728440284729","0.9925728440284729","0.27620044350624084","0.27620044350624084","0.27620044350624084","0.15467947721481323","0.15467947721481323","0.15467947721481323","0.9915329217910767","0.9915329217910767","0.9915329217910767"
"2430","0.990741491317749","0.990741491317749","0.990741491317749","0.302690327167511","0.302690327167511","0.302690327167511","0.15763460099697113","0.15763460099697113","0.15763460099697113","0.9915180206298828","0.9915180206298828","0.9915180206298828"
"2440","0.9908144474029541","0.9908144474029541","0.9908144474029541","0.32686227560043335","0.32686227560043335","0.32686227560043335","0.15568223595619202","0.15568223595619202","0.15568223595619202","0.9928985834121704","0.9928985834121704","0.9928985834121704"
"2450","0.9919312596321106","0.9919312596321106","0.9919312596321106","0.3371286988258362","0.3371286988258362","0.3371286988258362","0.14762991666793823","0.14762991666793823","0.14762991666793823","0.992956817150116","0.992956817150116","0.992956817150116"
"2460","0.9901216626167297","0.9901216626167297","0.9901216626167297","0.3842204213142395","0.3842204213142395","0.3842204213142395","0.15400201082229614","0.15400201082229614","0.15400201082229614","0.990445613861084","0.990445613861084","0.990445613861084"
"2470","0.9920374751091003","0.9920374751091003","0.9920374751091003","0.40031787753105164","0.40031787753105164","0.40031787753105164","0.15300986170768738","0.15300986170768738","0.15300986170768738","0.9900604486465454","0.9900604486465454","0.9900604486465454"
"2480","0.9919399619102478","0.9919399619102478","0.9919399619102478","0.4228954017162323","0.4228954017162323","0.4228954017162323","0.1549140214920044","0.1549140214920044","0.1549140214920044","0.9923433065414429","0.9923433065414429","0.9923433065414429"
"2490","0.9909913539886475","0.9909913539886475","0.9909913539886475","0.44602370262145996","0.44602370262145996","0.44602370262145996","0.1523069441318512","0.1523069441318512","0.1523069441318512","0.9911057949066162","0.9911057949066162","0.9911057949066162"
"2500","0.9924637675285339","0.9924637675285339","0.9924637675285339","0.4773973822593689","0.4773973822593689","0.4773973822593689","0.15767064690589905","0.15767064690589905","0.15767064690589905","0.9921729564666748","0.9921729564666748","0.9921729564666748"
"2510","0.9896425008773804","0.9896425008773804","0.9896425008773804","0.47858500480651855","0.47858500480651855","0.47858500480651855","0.15177863836288452","0.15177863836288452","0.15177863836288452","0.990280032157898","0.990280032157898","0.990280032157898"
"2520","0.9895871877670288","0.9895871877670288","0.9895871877670288","0.4874747395515442","0.4874747395515442","0.4874747395515442","0.15450651943683624","0.15450651943683624","0.15450651943683624","0.9899299144744873","0.9899299144744873","0.9899299144744873"
"2530","0.991202175617218","0.991202175617218","0.991202175617218","0.5099626183509827","0.5099626183509827","0.5099626183509827","0.1504335105419159","0.1504335105419159","0.1504335105419159","0.9929912090301514","0.9929912090301514","0.9929912090301514"
"2540","0.9910072684288025","0.9910072684288025","0.9910072684288025","0.5578306913375854","0.5578306913375854","0.5578306913375854","0.1996801197528839","0.1996801197528839","0.1996801197528839","0.9919544458389282","0.9919544458389282","0.9919544458389282"
"2550","0.9937280416488647","0.9937280416488647","0.9937280416488647","0.5368559956550598","0.5368559956550598","0.5368559956550598","0.1519673615694046","0.1519673615694046","0.1519673615694046","0.9940690994262695","0.9940690994262695","0.9940690994262695"
"2560","0.9927966594696045","0.9927966594696045","0.9927966594696045","0.46767961978912354","0.46767961978912354","0.46767961978912354","0.12164407223463058","0.12164407223463058","0.12164407223463058","0.9933617115020752","0.9933617115020752","0.9933617115020752"
"2570","0.9930510520935059","0.9930510520935059","0.9930510520935059","0.5569968223571777","0.5569968223571777","0.5569968223571777","0.13219690322875977","0.13219690322875977","0.13219690322875977","0.9937039613723755","0.9937039613723755","0.9937039613723755"
"2580","0.9922937154769897","0.9922937154769897","0.9922937154769897","0.5751571655273438","0.5751571655273438","0.5751571655273438","0.15825557708740234","0.15825557708740234","0.15825557708740234","0.992459774017334","0.992459774017334","0.992459774017334"
"2590","0.993273138999939","0.993273138999939","0.993273138999939","0.5811322927474976","0.5811322927474976","0.5811322927474976","0.1526472568511963","0.1526472568511963","0.1526472568511963","0.9933953285217285","0.9933953285217285","0.9933953285217285"
"2600","0.9933933019638062","0.9933933019638062","0.9933933019638062","0.6633029580116272","0.6633029580116272","0.6633029580116272","0.3068893849849701","0.3068893849849701","0.3068893849849701","0.9939380884170532","0.9939380884170532","0.9939380884170532"
"2610","0.993077278137207","0.993077278137207","0.993077278137207","0.63600754737854","0.63600754737854","0.63600754737854","0.22031772136688232","0.22031772136688232","0.22031772136688232","0.9930013418197632","0.9930013418197632","0.9930013418197632"
"2620","0.9940403699874878","0.9940403699874878","0.9940403699874878","0.6282962560653687","0.6282962560653687","0.6282962560653687","0.13643036782741547","0.13643036782741547","0.13643036782741547","0.994084358215332","0.994084358215332","0.994084358215332"
"2630","0.9954448938369751","0.9954448938369751","0.9954448938369751","0.6755841374397278","0.6755841374397278","0.6755841374397278","0.1715841442346573","0.1715841442346573","0.1715841442346573","0.9957859516143799","0.9957859516143799","0.9957859516143799"
"2640","0.9929091930389404","0.9929091930389404","0.9929091930389404","0.6852515935897827","0.6852515935897827","0.6852515935897827","0.25276362895965576","0.25276362895965576","0.25276362895965576","0.9936336278915405","0.9936336278915405","0.9936336278915405"
"2650","0.9940877556800842","0.9940877556800842","0.9940877556800842","0.6618460416793823","0.6618460416793823","0.6618460416793823","0.1585056185722351","0.1585056185722351","0.1585056185722351","0.9943367838859558","0.9943367838859558","0.9943367838859558"
"2660","0.9926540851593018","0.9926540851593018","0.9926540851593018","0.6652681231498718","0.6652681231498718","0.6652681231498718","0.1535344421863556","0.1535344421863556","0.1535344421863556","0.9919384717941284","0.9919384717941284","0.9919384717941284"
"2670","0.9949957132339478","0.9949957132339478","0.9949957132339478","0.6910213232040405","0.6910213232040405","0.6910213232040405","0.1545822024345398","0.1545822024345398","0.1545822024345398","0.9952754974365234","0.9952754974365234","0.9952754974365234"
"2680","0.9918920397758484","0.9918920397758484","0.9918920397758484","0.6724104285240173","0.6724104285240173","0.6724104285240173","0.16288073360919952","0.16288073360919952","0.16288073360919952","0.9924748539924622","0.9924748539924622","0.9924748539924622"
"2690","0.993497908115387","0.993497908115387","0.993497908115387","0.6863986253738403","0.6863986253738403","0.6863986253738403","0.15722450613975525","0.15722450613975525","0.15722450613975525","0.9942966103553772","0.9942966103553772","0.9942966103553772"
"2700","0.9772552847862244","0.9772552847862244","0.9772552847862244","0.618158221244812","0.618158221244812","0.618158221244812","0.2007630616426468","0.2007630616426468","0.2007630616426468","0.9772189259529114","0.9772189259529114","0.9772189259529114"
"2710","0.9932683706283569","0.9932683706283569","0.9932683706283569","0.7170286774635315","0.7170286774635315","0.7170286774635315","0.19929784536361694","0.19929784536361694","0.19929784536361694","0.992857813835144","0.992857813835144","0.992857813835144"
"2720","0.9922319650650024","0.9922319650650024","0.9922319650650024","0.7435880899429321","0.7435880899429321","0.7435880899429321","0.32517513632774353","0.32517513632774353","0.32517513632774353","0.9934314489364624","0.9934314489364624","0.9934314489364624"
"2730","0.9934726357460022","0.9934726357460022","0.9934726357460022","0.7077487707138062","0.7077487707138062","0.7077487707138062","0.16149842739105225","0.16149842739105225","0.16149842739105225","0.9928037524223328","0.9928037524223328","0.9928037524223328"
"2740","0.9959042072296143","0.9959042072296143","0.9959042072296143","0.7690986394882202","0.7690986394882202","0.7690986394882202","0.3080793619155884","0.3080793619155884","0.3080793619155884","0.9950514435768127","0.9950514435768127","0.9950514435768127"
"2750","0.9963239431381226","0.9963239431381226","0.9963239431381226","0.8428375720977783","0.8428375720977783","0.8428375720977783","0.5159746408462524","0.5159746408462524","0.5159746408462524","0.9962911605834961","0.9962911605834961","0.9962911605834961"
"2760","0.9941757321357727","0.9941757321357727","0.9941757321357727","0.7734942436218262","0.7734942436218262","0.7734942436218262","0.2787466049194336","0.2787466049194336","0.2787466049194336","0.994371771812439","0.994371771812439","0.994371771812439"
"2770","0.990882158279419","0.990882158279419","0.990882158279419","0.7354708909988403","0.7354708909988403","0.7354708909988403","0.1519724726676941","0.1519724726676941","0.1519724726676941","0.9921311736106873","0.9921311736106873","0.9921311736106873"
"2780","0.990713894367218","0.990713894367218","0.990713894367218","0.7439150214195251","0.7439150214195251","0.7439150214195251","0.16158775985240936","0.16158775985240936","0.16158775985240936","0.9946584701538086","0.9946584701538086","0.9946584701538086"
"2790","0.9917340278625488","0.9917340278625488","0.9917340278625488","0.7567694187164307","0.7567694187164307","0.7567694187164307","0.18848717212677002","0.18848717212677002","0.18848717212677002","0.9856566786766052","0.9856566786766052","0.9856566786766052"
"2800","0.9934573769569397","0.9934573769569397","0.9934573769569397","0.758663535118103","0.758663535118103","0.758663535118103","0.1679261326789856","0.1679261326789856","0.1679261326789856","0.9926246404647827","0.9926246404647827","0.9926246404647827"
"2810","0.9676830172538757","0.9676830172538757","0.9676830172538757","0.7587586641311646","0.7587586641311646","0.7587586641311646","0.18746130168437958","0.18746130168437958","0.18746130168437958","0.975578784942627","0.975578784942627","0.975578784942627"
"2820","0.9942156672477722","0.9942156672477722","0.9942156672477722","0.7697170972824097","0.7697170972824097","0.7697170972824097","0.16529037058353424","0.16529037058353424","0.16529037058353424","0.9955161809921265","0.9955161809921265","0.9955161809921265"
"2830","0.9907763600349426","0.9907763600349426","0.9907763600349426","0.750964879989624","0.750964879989624","0.750964879989624","0.1600387841463089","0.1600387841463089","0.1600387841463089","0.9904925227165222","0.9904925227165222","0.9904925227165222"
"2840","0.9942830801010132","0.9942830801010132","0.9942830801010132","0.7746148109436035","0.7746148109436035","0.7746148109436035","0.153397798538208","0.153397798538208","0.153397798538208","0.9928107857704163","0.9928107857704163","0.9928107857704163"
"2850","0.9954635500907898","0.9954635500907898","0.9954635500907898","0.7949087619781494","0.7949087619781494","0.7949087619781494","0.363039493560791","0.363039493560791","0.363039493560791","0.9899730086326599","0.9899730086326599","0.9899730086326599"
"2860","0.9767645597457886","0.9767645597457886","0.9767645597457886","0.7516759634017944","0.7516759634017944","0.7516759634017944","0.18932907283306122","0.18932907283306122","0.18932907283306122","0.9733198285102844","0.9733198285102844","0.9733198285102844"
"2870","0.9936923980712891","0.9936923980712891","0.9936923980712891","0.7903723120689392","0.7903723120689392","0.7903723120689392","0.15975156426429749","0.15975156426429749","0.15975156426429749","0.9947078824043274","0.9947078824043274","0.9947078824043274"
"2880","0.9946410059928894","0.9946410059928894","0.9946410059928894","0.7937588691711426","0.7937588691711426","0.7937588691711426","0.1626465916633606","0.1626465916633606","0.1626465916633606","0.9934049844741821","0.9934049844741821","0.9934049844741821"
"2890","0.9932087659835815","0.9932087659835815","0.9932087659835815","0.7727118134498596","0.7727118134498596","0.7727118134498596","0.1647883653640747","0.1647883653640747","0.1647883653640747","0.9934509992599487","0.9934509992599487","0.9934509992599487"
"2900","0.9946622848510742","0.9946622848510742","0.9946622848510742","0.7864630222320557","0.7864630222320557","0.7864630222320557","0.15865325927734375","0.15865325927734375","0.15865325927734375","0.9942351579666138","0.9942351579666138","0.9942351579666138"
"2910","0.9960691332817078","0.9960691332817078","0.9960691332817078","0.7944396734237671","0.7944396734237671","0.7944396734237671","0.16039055585861206","0.16039055585861206","0.16039055585861206","0.9955675601959229","0.9955675601959229","0.9955675601959229"
"2920","0.9957000017166138","0.9957000017166138","0.9957000017166138","0.7917430996894836","0.7917430996894836","0.7917430996894836","0.16187292337417603","0.16187292337417603","0.16187292337417603","0.9958879947662354","0.9958879947662354","0.9958879947662354"
"2930","0.9958648681640625","0.9958648681640625","0.9958648681640625","0.7962156534194946","0.7962156534194946","0.7962156534194946","0.16750848293304443","0.16750848293304443","0.16750848293304443","0.9958862662315369","0.9958862662315369","0.9958862662315369"
"2940","0.994968056678772","0.994968056678772","0.994968056678772","0.7900114059448242","0.7900114059448242","0.7900114059448242","0.16000580787658691","0.16000580787658691","0.16000580787658691","0.9944975972175598","0.9944975972175598","0.9944975972175598"
"2950","0.9914599657058716","0.9914599657058716","0.9914599657058716","0.7612351775169373","0.7612351775169373","0.7612351775169373","0.15515078604221344","0.15515078604221344","0.15515078604221344","0.993085503578186","0.993085503578186","0.993085503578186"
"2960","0.9949658513069153","0.9949658513069153","0.9949658513069153","0.8043884038925171","0.8043884038925171","0.8043884038925171","0.16247954964637756","0.16247954964637756","0.16247954964637756","0.9949398040771484","0.9949398040771484","0.9949398040771484"
"2970","0.9948596954345703","0.9948596954345703","0.9948596954345703","0.8135552406311035","0.8135552406311035","0.8135552406311035","0.1588033139705658","0.1588033139705658","0.1588033139705658","0.9937001466751099","0.9937001466751099","0.9937001466751099"
"2980","0.9952296018600464","0.9952296018600464","0.9952296018600464","0.8128857612609863","0.8128857612609863","0.8128857612609863","0.16707618534564972","0.16707618534564972","0.16707618534564972","0.995261013507843","0.995261013507843","0.995261013507843"
"2990","0.9955741167068481","0.9955741167068481","0.9955741167068481","0.8156638145446777","0.8156638145446777","0.8156638145446777","0.1666828840970993","0.1666828840970993","0.1666828840970993","0.995469331741333","0.995469331741333","0.995469331741333"
"3000","0.9938363432884216","0.9938363432884216","0.9938363432884216","0.8020786643028259","0.8020786643028259","0.8020786643028259","0.16957668960094452","0.16957668960094452","0.16957668960094452","0.9933832883834839","0.9933832883834839","0.9933832883834839"
"3010","0.9827563166618347","0.9827563166618347","0.9827563166618347","0.8358975052833557","0.8358975052833557","0.8358975052833557","0.24363207817077637","0.24363207817077637","0.24363207817077637","0.9931119084358215","0.9931119084358215","0.9931119084358215"
"3020","0.9940205812454224","0.9940205812454224","0.9940205812454224","0.8010517358779907","0.8010517358779907","0.8010517358779907","0.16159726679325104","0.16159726679325104","0.16159726679325104","0.9936479330062866","0.9936479330062866","0.9936479330062866"
"3030","0.9856321811676025","0.9856321811676025","0.9856321811676025","0.7776392698287964","0.7776392698287964","0.7776392698287964","0.1574334055185318","0.1574334055185318","0.1574334055185318","0.9849114418029785","0.9849114418029785","0.9849114418029785"
"3040","0.9954824447631836","0.9954824447631836","0.9954824447631836","0.8112911581993103","0.8112911581993103","0.8112911581993103","0.1628180593252182","0.1628180593252182","0.1628180593252182","0.9951485395431519","0.9951485395431519","0.9951485395431519"
"3050","0.9957507848739624","0.9957507848739624","0.9957507848739624","0.8096287846565247","0.8096287846565247","0.8096287846565247","0.16065636277198792","0.16065636277198792","0.16065636277198792","0.995413064956665","0.995413064956665","0.995413064956665"
"3060","0.9960863590240479","0.9960863590240479","0.9960863590240479","0.828486442565918","0.828486442565918","0.828486442565918","0.16077746450901031","0.16077746450901031","0.16077746450901031","0.996126115322113","0.996126115322113","0.996126115322113"
"3070","0.9965426921844482","0.9965426921844482","0.9965426921844482","0.8313381671905518","0.8313381671905518","0.8313381671905518","0.24610859155654907","0.24610859155654907","0.24610859155654907","0.9897391200065613","0.9897391200065613","0.9897391200065613"
"3080","0.9951217174530029","0.9951217174530029","0.9951217174530029","0.8253739476203918","0.8253739476203918","0.8253739476203918","0.16519400477409363","0.16519400477409363","0.16519400477409363","0.9932258129119873","0.9932258129119873","0.9932258129119873"
"3090","0.9955966472625732","0.9955966472625732","0.9955966472625732","0.8269407749176025","0.8269407749176025","0.8269407749176025","0.16616173088550568","0.16616173088550568","0.16616173088550568","0.9948582649230957","0.9948582649230957","0.9948582649230957"
"3100","0.9957395792007446","0.9957395792007446","0.9957395792007446","0.8184512257575989","0.8184512257575989","0.8184512257575989","0.15873195230960846","0.15873195230960846","0.15873195230960846","0.9941228032112122","0.9941228032112122","0.9941228032112122"
"3110","0.9956122636795044","0.9956122636795044","0.9956122636795044","0.8301866054534912","0.8301866054534912","0.8301866054534912","0.16580811142921448","0.16580811142921448","0.16580811142921448","0.9955003261566162","0.9955003261566162","0.9955003261566162"
"3120","0.9955902695655823","0.9955902695655823","0.9955902695655823","0.8210409283638","0.8210409283638","0.8210409283638","0.16823767125606537","0.16823767125606537","0.16823767125606537","0.9955354332923889","0.9955354332923889","0.9955354332923889"
"3130","0.995890736579895","0.995890736579895","0.995890736579895","0.8336658477783203","0.8336658477783203","0.8336658477783203","0.16575142741203308","0.16575142741203308","0.16575142741203308","0.9962491989135742","0.9962491989135742","0.9962491989135742"
"3140","0.9958698749542236","0.9958698749542236","0.9958698749542236","0.82208251953125","0.82208251953125","0.82208251953125","0.1704106628894806","0.1704106628894806","0.1704106628894806","0.9955942630767822","0.9955942630767822","0.9955942630767822"
"3150","0.9960152506828308","0.9960152506828308","0.9960152506828308","0.842155933380127","0.842155933380127","0.842155933380127","0.15950429439544678","0.15950429439544678","0.15950429439544678","0.9963880181312561","0.9963880181312561","0.9963880181312561"
"3160","0.9958482384681702","0.9958482384681702","0.9958482384681702","0.8297207355499268","0.8297207355499268","0.8297207355499268","0.16914153099060059","0.16914153099060059","0.16914153099060059","0.996139407157898","0.996139407157898","0.996139407157898"
"3170","0.9966797232627869","0.9966797232627869","0.9966797232627869","0.8306999206542969","0.8306999206542969","0.8306999206542969","0.15809392929077148","0.15809392929077148","0.15809392929077148","0.9966757893562317","0.9966757893562317","0.9966757893562317"
"3180","0.9932940602302551","0.9932940602302551","0.9932940602302551","0.8329467177391052","0.8329467177391052","0.8329467177391052","0.17062392830848694","0.17062392830848694","0.17062392830848694","0.9945191144943237","0.9945191144943237","0.9945191144943237"
"3190","0.9953644275665283","0.9953644275665283","0.9953644275665283","0.8486893177032471","0.8486893177032471","0.8486893177032471","0.1762963831424713","0.1762963831424713","0.1762963831424713","0.9956861734390259","0.9956861734390259","0.9956861734390259"
"3200","0.9949359893798828","0.9949359893798828","0.9949359893798828","0.8403728008270264","0.8403728008270264","0.8403728008270264","0.17104291915893555","0.17104291915893555","0.17104291915893555","0.9952044486999512","0.9952044486999512","0.9952044486999512"
"3210","0.9960013031959534","0.9960013031959534","0.9960013031959534","0.85037761926651","0.85037761926651","0.85037761926651","0.16792187094688416","0.16792187094688416","0.16792187094688416","0.9965306520462036","0.9965306520462036","0.9965306520462036"
"3220","0.9946233630180359","0.9946233630180359","0.9946233630180359","0.8251356482505798","0.8251356482505798","0.8251356482505798","0.16449755430221558","0.16449755430221558","0.16449755430221558","0.9945297837257385","0.9945297837257385","0.9945297837257385"
"3230","0.9963845014572144","0.9963845014572144","0.9963845014572144","0.8433002233505249","0.8433002233505249","0.8433002233505249","0.16456815600395203","0.16456815600395203","0.16456815600395203","0.9961747527122498","0.9961747527122498","0.9961747527122498"
"3240","0.9950010180473328","0.9950010180473328","0.9950010180473328","0.8343153595924377","0.8343153595924377","0.8343153595924377","0.16347025334835052","0.16347025334835052","0.16347025334835052","0.9944111108779907","0.9944111108779907","0.9944111108779907"
"3250","0.9959272742271423","0.9959272742271423","0.9959272742271423","0.8526060581207275","0.8526060581207275","0.8526060581207275","0.25242850184440613","0.25242850184440613","0.25242850184440613","0.9964171648025513","0.9964171648025513","0.9964171648025513"
"3260","0.9962648153305054","0.9962648153305054","0.9962648153305054","0.8446171283721924","0.8446171283721924","0.8446171283721924","0.16392207145690918","0.16392207145690918","0.16392207145690918","0.9963845014572144","0.9963845014572144","0.9963845014572144"
"3270","0.9956516623497009","0.9956516623497009","0.9956516623497009","0.8394114375114441","0.8394114375114441","0.8394114375114441","0.17212504148483276","0.17212504148483276","0.17212504148483276","0.9957322478294373","0.9957322478294373","0.9957322478294373"
"3280","0.9935178756713867","0.9935178756713867","0.9935178756713867","0.8398774862289429","0.8398774862289429","0.8398774862289429","0.17365987598896027","0.17365987598896027","0.17365987598896027","0.994314432144165","0.994314432144165","0.994314432144165"
"3290","0.9938229322433472","0.9938229322433472","0.9938229322433472","0.8411218523979187","0.8411218523979187","0.8411218523979187","0.16904225945472717","0.16904225945472717","0.16904225945472717","0.9941204190254211","0.9941204190254211","0.9941204190254211"
"3300","0.9950942397117615","0.9950942397117615","0.9950942397117615","0.8406572341918945","0.8406572341918945","0.8406572341918945","0.16963958740234375","0.16963958740234375","0.16963958740234375","0.9958696365356445","0.9958696365356445","0.9958696365356445"
"3310","0.9957268238067627","0.9957268238067627","0.9957268238067627","0.8316870927810669","0.8316870927810669","0.8316870927810669","0.1566384881734848","0.1566384881734848","0.1566384881734848","0.9955768585205078","0.9955768585205078","0.9955768585205078"
"3320","0.9949530363082886","0.9949530363082886","0.9949530363082886","0.8439229726791382","0.8439229726791382","0.8439229726791382","0.1578042209148407","0.1578042209148407","0.1578042209148407","0.9954206347465515","0.9954206347465515","0.9954206347465515"
"3330","0.9964792728424072","0.9964792728424072","0.9964792728424072","0.8607220649719238","0.8607220649719238","0.8607220649719238","0.15439578890800476","0.15439578890800476","0.15439578890800476","0.9961841106414795","0.9961841106414795","0.9961841106414795"
"3340","0.9960946440696716","0.9960946440696716","0.9960946440696716","0.8370005488395691","0.8370005488395691","0.8370005488395691","0.17089860141277313","0.17089860141277313","0.17089860141277313","0.9953479170799255","0.9953479170799255","0.9953479170799255"
"3350","0.9968070983886719","0.9968070983886719","0.9968070983886719","0.852373480796814","0.852373480796814","0.852373480796814","0.17289310693740845","0.17289310693740845","0.17289310693740845","0.9957879781723022","0.9957879781723022","0.9957879781723022"
"3360","0.9947690367698669","0.9947690367698669","0.9947690367698669","0.8384937047958374","0.8384937047958374","0.8384937047958374","0.17482203245162964","0.17482203245162964","0.17482203245162964","0.9932397603988647","0.9932397603988647","0.9932397603988647"
"3370","0.9967694282531738","0.9967694282531738","0.9967694282531738","0.8596662282943726","0.8596662282943726","0.8596662282943726","0.16402854025363922","0.16402854025363922","0.16402854025363922","0.9967224597930908","0.9967224597930908","0.9967224597930908"
"3380","0.9968180060386658","0.9968180060386658","0.9968180060386658","0.8580043315887451","0.8580043315887451","0.8580043315887451","0.17049336433410645","0.17049336433410645","0.17049336433410645","0.996547520160675","0.996547520160675","0.996547520160675"
"3390","0.997181236743927","0.997181236743927","0.997181236743927","0.8566380143165588","0.8566380143165588","0.8566380143165588","0.17840340733528137","0.17840340733528137","0.17840340733528137","0.9964051842689514","0.9964051842689514","0.9964051842689514"
"3400","0.9958639144897461","0.9958639144897461","0.9958639144897461","0.8482921719551086","0.8482921719551086","0.8482921719551086","0.17945897579193115","0.17945897579193115","0.17945897579193115","0.9953622817993164","0.9953622817993164","0.9953622817993164"
"3410","0.9968826174736023","0.9968826174736023","0.9968826174736023","0.8674322366714478","0.8674322366714478","0.8674322366714478","0.2560505270957947","0.2560505270957947","0.2560505270957947","0.9971591234207153","0.9971591234207153","0.9971591234207153"
"3420","0.9969877600669861","0.9969877600669861","0.9969877600669861","0.870194673538208","0.870194673538208","0.870194673538208","0.2892637252807617","0.2892637252807617","0.2892637252807617","0.9966590404510498","0.9966590404510498","0.9966590404510498"
"3430","0.9968369603157043","0.9968369603157043","0.9968369603157043","0.8636276721954346","0.8636276721954346","0.8636276721954346","0.1780078411102295","0.1780078411102295","0.1780078411102295","0.9966765642166138","0.9966765642166138","0.9966765642166138"
"3440","0.997612714767456","0.997612714767456","0.997612714767456","0.875474750995636","0.875474750995636","0.875474750995636","0.17250284552574158","0.17250284552574158","0.17250284552574158","0.9974372386932373","0.9974372386932373","0.9974372386932373"
"3450","0.9962092638015747","0.9962092638015747","0.9962092638015747","0.8612477779388428","0.8612477779388428","0.8612477779388428","0.1724603921175003","0.1724603921175003","0.1724603921175003","0.9967880249023438","0.9967880249023438","0.9967880249023438"
"3460","0.9966891407966614","0.9966891407966614","0.9966891407966614","0.8657323122024536","0.8657323122024536","0.8657323122024536","0.1716649830341339","0.1716649830341339","0.1716649830341339","0.9968748092651367","0.9968748092651367","0.9968748092651367"
"3470","0.9968064427375793","0.9968064427375793","0.9968064427375793","0.8606454730033875","0.8606454730033875","0.8606454730033875","0.16685748100280762","0.16685748100280762","0.16685748100280762","0.9967985153198242","0.9967985153198242","0.9967985153198242"
"3480","0.996621310710907","0.996621310710907","0.996621310710907","0.8522664904594421","0.8522664904594421","0.8522664904594421","0.17282579839229584","0.17282579839229584","0.17282579839229584","0.9965273141860962","0.9965273141860962","0.9965273141860962"
"3490","0.9924156069755554","0.9924156069755554","0.9924156069755554","0.8628152012825012","0.8628152012825012","0.8628152012825012","0.19292712211608887","0.19292712211608887","0.19292712211608887","0.9947869777679443","0.9947869777679443","0.9947869777679443"
"3500","0.9970301389694214","0.9970301389694214","0.9970301389694214","0.8904441595077515","0.8904441595077515","0.8904441595077515","0.3555256426334381","0.3555256426334381","0.3555256426334381","0.9970917701721191","0.9970917701721191","0.9970917701721191"
"3510","0.9975478649139404","0.9975478649139404","0.9975478649139404","0.8633804321289062","0.8633804321289062","0.8633804321289062","0.16641369462013245","0.16641369462013245","0.16641369462013245","0.9970452785491943","0.9970452785491943","0.9970452785491943"
"3520","0.9962969422340393","0.9962969422340393","0.9962969422340393","0.8587391972541809","0.8587391972541809","0.8587391972541809","0.1657389998435974","0.1657389998435974","0.1657389998435974","0.9951673150062561","0.9951673150062561","0.9951673150062561"
"3530","0.9962512254714966","0.9962512254714966","0.9962512254714966","0.847097635269165","0.847097635269165","0.847097635269165","0.16629987955093384","0.16629987955093384","0.16629987955093384","0.9963241815567017","0.9963241815567017","0.9963241815567017"
"3540","0.996942400932312","0.996942400932312","0.996942400932312","0.8683935403823853","0.8683935403823853","0.8683935403823853","0.17335613071918488","0.17335613071918488","0.17335613071918488","0.9969730377197266","0.9969730377197266","0.9969730377197266"
"3550","0.9960581064224243","0.9960581064224243","0.9960581064224243","0.8607758283615112","0.8607758283615112","0.8607758283615112","0.16812089085578918","0.16812089085578918","0.16812089085578918","0.9966919422149658","0.9966919422149658","0.9966919422149658"
"3560","0.9972090721130371","0.9972090721130371","0.9972090721130371","0.8648778200149536","0.8648778200149536","0.8648778200149536","0.16786323487758636","0.16786323487758636","0.16786323487758636","0.9971369504928589","0.9971369504928589","0.9971369504928589"
"3570","0.9932653903961182","0.9932653903961182","0.9932653903961182","0.8776037693023682","0.8776037693023682","0.8776037693023682","0.25841400027275085","0.25841400027275085","0.25841400027275085","0.9865397214889526","0.9865397214889526","0.9865397214889526"
"3580","0.99537193775177","0.99537193775177","0.99537193775177","0.870163083076477","0.870163083076477","0.870163083076477","0.3071035146713257","0.3071035146713257","0.3071035146713257","0.9966417551040649","0.9966417551040649","0.9966417551040649"
"3590","0.9969952702522278","0.9969952702522278","0.9969952702522278","0.8678624629974365","0.8678624629974365","0.8678624629974365","0.17596760392189026","0.17596760392189026","0.17596760392189026","0.996935248374939","0.996935248374939","0.996935248374939"
"3600","0.9969816207885742","0.9969816207885742","0.9969816207885742","0.861678957939148","0.861678957939148","0.861678957939148","0.167030468583107","0.167030468583107","0.167030468583107","0.996512234210968","0.996512234210968","0.996512234210968"
"3610","0.9972906112670898","0.9972906112670898","0.9972906112670898","0.8728533983230591","0.8728533983230591","0.8728533983230591","0.17071285843849182","0.17071285843849182","0.17071285843849182","0.9965484142303467","0.9965484142303467","0.9965484142303467"
"3620","0.9917929172515869","0.9917929172515869","0.9917929172515869","0.840218722820282","0.840218722820282","0.840218722820282","0.16123667359352112","0.16123667359352112","0.16123667359352112","0.9904547333717346","0.9904547333717346","0.9904547333717346"
"3630","0.9962135553359985","0.9962135553359985","0.9962135553359985","0.8619778156280518","0.8619778156280518","0.8619778156280518","0.17230364680290222","0.17230364680290222","0.17230364680290222","0.9961240887641907","0.9961240887641907","0.9961240887641907"
"3640","0.9962613582611084","0.9962613582611084","0.9962613582611084","0.8696324825286865","0.8696324825286865","0.8696324825286865","0.16795386373996735","0.16795386373996735","0.16795386373996735","0.9953138828277588","0.9953138828277588","0.9953138828277588"
"3650","0.9975953102111816","0.9975953102111816","0.9975953102111816","0.8572174310684204","0.8572174310684204","0.8572174310684204","0.16881915926933289","0.16881915926933289","0.16881915926933289","0.9973187446594238","0.9973187446594238","0.9973187446594238"
"3660","0.9976755380630493","0.9976755380630493","0.9976755380630493","0.8746486306190491","0.8746486306190491","0.8746486306190491","0.1725950539112091","0.1725950539112091","0.1725950539112091","0.9976788759231567","0.9976788759231567","0.9976788759231567"
"3670","0.9970688819885254","0.9970688819885254","0.9970688819885254","0.8625880479812622","0.8625880479812622","0.8625880479812622","0.172465518116951","0.172465518116951","0.172465518116951","0.995614767074585","0.995614767074585","0.995614767074585"
"3680","0.997576892375946","0.997576892375946","0.997576892375946","0.8717901706695557","0.8717901706695557","0.8717901706695557","0.16533654928207397","0.16533654928207397","0.16533654928207397","0.997047483921051","0.997047483921051","0.997047483921051"
"3690","0.9973495006561279","0.9973495006561279","0.9973495006561279","0.8752055764198303","0.8752055764198303","0.8752055764198303","0.1757967621088028","0.1757967621088028","0.1757967621088028","0.9968177080154419","0.9968177080154419","0.9968177080154419"
"3700","0.9976832270622253","0.9976832270622253","0.9976832270622253","0.8797125816345215","0.8797125816345215","0.8797125816345215","0.16853149235248566","0.16853149235248566","0.16853149235248566","0.9972130656242371","0.9972130656242371","0.9972130656242371"
"3710","0.9972678422927856","0.9972678422927856","0.9972678422927856","0.8626779317855835","0.8626779317855835","0.8626779317855835","0.16056694090366364","0.16056694090366364","0.16056694090366364","0.9974238872528076","0.9974238872528076","0.9974238872528076"
"3720","0.9974867105484009","0.9974867105484009","0.9974867105484009","0.8645447492599487","0.8645447492599487","0.8645447492599487","0.16603155434131622","0.16603155434131622","0.16603155434131622","0.9974081516265869","0.9974081516265869","0.9974081516265869"
"3730","0.9970737099647522","0.9970737099647522","0.9970737099647522","0.8674037456512451","0.8674037456512451","0.8674037456512451","0.17684617638587952","0.17684617638587952","0.17684617638587952","0.9973877668380737","0.9973877668380737","0.9973877668380737"
"3740","0.996412456035614","0.996412456035614","0.996412456035614","0.8713811635971069","0.8713811635971069","0.8713811635971069","0.18071837723255157","0.18071837723255157","0.18071837723255157","0.9976626634597778","0.9976626634597778","0.9976626634597778"
"3750","0.9967487454414368","0.9967487454414368","0.9967487454414368","0.8763014674186707","0.8763014674186707","0.8763014674186707","0.18029484152793884","0.18029484152793884","0.18029484152793884","0.9978992938995361","0.9978992938995361","0.9978992938995361"
"3760","0.9972488880157471","0.9972488880157471","0.9972488880157471","0.867542564868927","0.867542564868927","0.867542564868927","0.17835618555545807","0.17835618555545807","0.17835618555545807","0.9977439045906067","0.9977439045906067","0.9977439045906067"
"3770","0.9960321187973022","0.9960321187973022","0.9960321187973022","0.904781699180603","0.904781699180603","0.904781699180603","0.16129454970359802","0.16129454970359802","0.16129454970359802","0.997409462928772","0.997409462928772","0.997409462928772"
"3780","0.9975342154502869","0.9975342154502869","0.9975342154502869","0.881230890750885","0.881230890750885","0.881230890750885","0.22630254924297333","0.22630254924297333","0.22630254924297333","0.997683048248291","0.997683048248291","0.997683048248291"
"3790","0.9968521595001221","0.9968521595001221","0.9968521595001221","0.8575018644332886","0.8575018644332886","0.8575018644332886","0.1879749298095703","0.1879749298095703","0.1879749298095703","0.9964342713356018","0.9964342713356018","0.9964342713356018"
"3800","0.9975855350494385","0.9975855350494385","0.9975855350494385","0.8760805130004883","0.8760805130004883","0.8760805130004883","0.1763167530298233","0.1763167530298233","0.1763167530298233","0.9969015121459961","0.9969015121459961","0.9969015121459961"
"3810","0.9967104196548462","0.9967104196548462","0.9967104196548462","0.8710970878601074","0.8710970878601074","0.8710970878601074","0.1774733066558838","0.1774733066558838","0.1774733066558838","0.9968409538269043","0.9968409538269043","0.9968409538269043"
"3820","0.997917652130127","0.997917652130127","0.997917652130127","0.8827406764030457","0.8827406764030457","0.8827406764030457","0.17488956451416016","0.17488956451416016","0.17488956451416016","0.9976736307144165","0.9976736307144165","0.9976736307144165"
"3830","0.9964057207107544","0.9964057207107544","0.9964057207107544","0.8786789774894714","0.8786789774894714","0.8786789774894714","0.2980753481388092","0.2980753481388092","0.2980753481388092","0.9972965121269226","0.9972965121269226","0.9972965121269226"
"3840","0.996013343334198","0.996013343334198","0.996013343334198","0.8787484765052795","0.8787484765052795","0.8787484765052795","0.25178587436676025","0.25178587436676025","0.25178587436676025","0.9969049096107483","0.9969049096107483","0.9969049096107483"
"3850","0.9953175187110901","0.9953175187110901","0.9953175187110901","0.8826204538345337","0.8826204538345337","0.8826204538345337","0.1817435622215271","0.1817435622215271","0.1817435622215271","0.9969623684883118","0.9969623684883118","0.9969623684883118"
"3860","0.9970353841781616","0.9970353841781616","0.9970353841781616","0.8698517084121704","0.8698517084121704","0.8698517084121704","0.1733439564704895","0.1733439564704895","0.1733439564704895","0.9973899722099304","0.9973899722099304","0.9973899722099304"
"3870","0.9972632527351379","0.9972632527351379","0.9972632527351379","0.864443302154541","0.864443302154541","0.864443302154541","0.17976313829421997","0.17976313829421997","0.17976313829421997","0.9972414970397949","0.9972414970397949","0.9972414970397949"
"3880","0.9976122975349426","0.9976122975349426","0.9976122975349426","0.880854606628418","0.880854606628418","0.880854606628418","0.16807624697685242","0.16807624697685242","0.16807624697685242","0.9968953728675842","0.9968953728675842","0.9968953728675842"
"3890","0.9980141520500183","0.9980141520500183","0.9980141520500183","0.8750753402709961","0.8750753402709961","0.8750753402709961","0.16648967564105988","0.16648967564105988","0.16648967564105988","0.9974344968795776","0.9974344968795776","0.9974344968795776"
"3900","0.9978537559509277","0.9978537559509277","0.9978537559509277","0.8763701915740967","0.8763701915740967","0.8763701915740967","0.17202535271644592","0.17202535271644592","0.17202535271644592","0.9976597428321838","0.9976597428321838","0.9976597428321838"
"3910","0.9972513914108276","0.9972513914108276","0.9972513914108276","0.8773779273033142","0.8773779273033142","0.8773779273033142","0.17343014478683472","0.17343014478683472","0.17343014478683472","0.9972108602523804","0.9972108602523804","0.9972108602523804"
"3920","0.9978287220001221","0.9978287220001221","0.9978287220001221","0.8903063535690308","0.8903063535690308","0.8903063535690308","0.17904230952262878","0.17904230952262878","0.17904230952262878","0.9973106980323792","0.9973106980323792","0.9973106980323792"
"3930","0.997897744178772","0.997897744178772","0.997897744178772","0.8869712948799133","0.8869712948799133","0.8869712948799133","0.17498481273651123","0.17498481273651123","0.17498481273651123","0.9976229667663574","0.9976229667663574","0.9976229667663574"
"3940","0.9971705675125122","0.9971705675125122","0.9971705675125122","0.8807310461997986","0.8807310461997986","0.8807310461997986","0.17465618252754211","0.17465618252754211","0.17465618252754211","0.9980024099349976","0.9980024099349976","0.9980024099349976"
"3950","0.9976555109024048","0.9976555109024048","0.9976555109024048","0.87706059217453","0.87706059217453","0.87706059217453","0.1682383418083191","0.1682383418083191","0.1682383418083191","0.9978866577148438","0.9978866577148438","0.9978866577148438"
"3960","0.9973950982093811","0.9973950982093811","0.9973950982093811","0.8737127184867859","0.8737127184867859","0.8737127184867859","0.172627255320549","0.172627255320549","0.172627255320549","0.9970533847808838","0.9970533847808838","0.9970533847808838"
"3970","0.9975461363792419","0.9975461363792419","0.9975461363792419","0.8921659588813782","0.8921659588813782","0.8921659588813782","0.16645070910453796","0.16645070910453796","0.16645070910453796","0.9978995323181152","0.9978995323181152","0.9978995323181152"
"3980","0.9981974363327026","0.9981974363327026","0.9981974363327026","0.8767951726913452","0.8767951726913452","0.8767951726913452","0.17853212356567383","0.17853212356567383","0.17853212356567383","0.9980729818344116","0.9980729818344116","0.9980729818344116"
"3990","0.9968628287315369","0.9968628287315369","0.9968628287315369","0.9003359079360962","0.9003359079360962","0.9003359079360962","0.37975406646728516","0.37975406646728516","0.37975406646728516","0.9954425692558289","0.9954425692558289","0.9954425692558289"
"4000","0.9983688592910767","0.9983688592910767","0.9983688592910767","0.8838722109794617","0.8838722109794617","0.8838722109794617","0.1731785237789154","0.1731785237789154","0.1731785237789154","0.9981780648231506","0.9981780648231506","0.9981780648231506"
"4010","0.9976188540458679","0.9976188540458679","0.9976188540458679","0.8681209087371826","0.8681209087371826","0.8681209087371826","0.17398235201835632","0.17398235201835632","0.17398235201835632","0.9965497255325317","0.9965497255325317","0.9965497255325317"
"4020","0.9978727102279663","0.9978727102279663","0.9978727102279663","0.8835127353668213","0.8835127353668213","0.8835127353668213","0.1768306940793991","0.1768306940793991","0.1768306940793991","0.9976496696472168","0.9976496696472168","0.9976496696472168"
"4030","0.9959583282470703","0.9959583282470703","0.9959583282470703","0.8719403743743896","0.8719403743743896","0.8719403743743896","0.18213537335395813","0.18213537335395813","0.18213537335395813","0.9926012754440308","0.9926012754440308","0.9926012754440308"
"4040","0.9983231425285339","0.9983231425285339","0.9983231425285339","0.8743623495101929","0.8743623495101929","0.8743623495101929","0.16897766292095184","0.16897766292095184","0.16897766292095184","0.9980723857879639","0.9980723857879639","0.9980723857879639"
"4050","0.9981993436813354","0.9981993436813354","0.9981993436813354","0.9001415967941284","0.9001415967941284","0.9001415967941284","0.3468616008758545","0.3468616008758545","0.3468616008758545","0.9979245662689209","0.9979245662689209","0.9979245662689209"
"4060","0.9973309636116028","0.9973309636116028","0.9973309636116028","0.8998246788978577","0.8998246788978577","0.8998246788978577","0.2128523588180542","0.2128523588180542","0.2128523588180542","0.9972239136695862","0.9972239136695862","0.9972239136695862"
"4070","0.9974535703659058","0.9974535703659058","0.9974535703659058","0.8827739357948303","0.8827739357948303","0.8827739357948303","0.17232577502727509","0.17232577502727509","0.17232577502727509","0.9973280429840088","0.9973280429840088","0.9973280429840088"
"4080","0.9978139400482178","0.9978139400482178","0.9978139400482178","0.8933991193771362","0.8933991193771362","0.8933991193771362","0.18146741390228271","0.18146741390228271","0.18146741390228271","0.9976776242256165","0.9976776242256165","0.9976776242256165"
"4090","0.998460054397583","0.998460054397583","0.998460054397583","0.9163441061973572","0.9163441061973572","0.9163441061973572","0.3816666603088379","0.3816666603088379","0.3816666603088379","0.998482346534729","0.998482346534729","0.998482346534729"
"4100","0.9958646893501282","0.9958646893501282","0.9958646893501282","0.8727467656135559","0.8727467656135559","0.8727467656135559","0.17632551491260529","0.17632551491260529","0.17632551491260529","0.9978957176208496","0.9978957176208496","0.9978957176208496"
"4110","","","","0.874815821647644","0.874815821647644","0.874815821647644","0.18577171862125397","0.18577171862125397","0.18577171862125397","0.9970787763595581","0.9970787763595581","0.9970787763595581"
"4120","","","","0.8869530558586121","0.8869530558586121","0.8869530558586121","0.17315682768821716","0.17315682768821716","0.17315682768821716","0.9979929327964783","0.9979929327964783","0.9979929327964783"
"4130","","","","0.8897861242294312","0.8897861242294312","0.8897861242294312","0.3114652931690216","0.3114652931690216","0.3114652931690216","0.9982980489730835","0.9982980489730835","0.9982980489730835"
"4140","","","","0.8891370296478271","0.8891370296478271","0.8891370296478271","0.24502098560333252","0.24502098560333252","0.24502098560333252","0.9981484413146973","0.9981484413146973","0.9981484413146973"
"4150","","","","0.8890519738197327","0.8890519738197327","0.8890519738197327","0.17958414554595947","0.17958414554595947","0.17958414554595947","0.9982199668884277","0.9982199668884277","0.9982199668884277"
"4160","","","","0.8945151567459106","0.8945151567459106","0.8945151567459106","0.17619042098522186","0.17619042098522186","0.17619042098522186","0.9980717301368713","0.9980717301368713","0.9980717301368713"
"4170","","","","0.8891227841377258","0.8891227841377258","0.8891227841377258","0.17590847611427307","0.17590847611427307","0.17590847611427307","0.9975370764732361","0.9975370764732361","0.9975370764732361"
"4180","","","","0.892061710357666","0.892061710357666","0.892061710357666","0.18265435099601746","0.18265435099601746","0.18265435099601746","0.9978674650192261","0.9978674650192261","0.9978674650192261"
"4190","","","","0.8482416272163391","0.8482416272163391","0.8482416272163391","0.1953214704990387","0.1953214704990387","0.1953214704990387","0.9944666624069214","0.9944666624069214","0.9944666624069214"
"4200","","","","0.9032053351402283","0.9032053351402283","0.9032053351402283","0.3503420650959015","0.3503420650959015","0.3503420650959015","0.9976280927658081","0.9976280927658081","0.9976280927658081"
"4210","","","","0.9059601426124573","0.9059601426124573","0.9059601426124573","0.3701849579811096","0.3701849579811096","0.3701849579811096","0.9984733462333679","0.9984733462333679","0.9984733462333679"
"4220","","","","0.8881683349609375","0.8881683349609375","0.8881683349609375","0.29296788573265076","0.29296788573265076","0.29296788573265076","0.9985837340354919","0.9985837340354919","0.9985837340354919"
"4230","","","","0.8933598399162292","0.8933598399162292","0.8933598399162292","0.33687418699264526","0.33687418699264526","0.33687418699264526","0.9922269582748413","0.9922269582748413","0.9922269582748413"
"4240","","","","0.8922210335731506","0.8922210335731506","0.8922210335731506","0.17602811753749847","0.17602811753749847","0.17602811753749847","0.9979478120803833","0.9979478120803833","0.9979478120803833"
"4250","","","","0.883586049079895","0.883586049079895","0.883586049079895","0.18035216629505157","0.18035216629505157","0.18035216629505157","0.9982870221138","0.9982870221138","0.9982870221138"
"4260","","","","0.8930697441101074","0.8930697441101074","0.8930697441101074","0.18088087439537048","0.18088087439537048","0.18088087439537048","0.9978974461555481","0.9978974461555481","0.9978974461555481"
"4270","","","","0.8794243931770325","0.8794243931770325","0.8794243931770325","0.19066959619522095","0.19066959619522095","0.19066959619522095","0.9984943270683289","0.9984943270683289","0.9984943270683289"
"4280","","","","0.9148745536804199","0.9148745536804199","0.9148745536804199","0.3474266827106476","0.3474266827106476","0.3474266827106476","0.9979855418205261","0.9979855418205261","0.9979855418205261"
"4290","","","","0.893485426902771","0.893485426902771","0.893485426902771","0.1894528567790985","0.1894528567790985","0.1894528567790985","0.9988206624984741","0.9988206624984741","0.9988206624984741"
"4300","","","","0.8959812521934509","0.8959812521934509","0.8959812521934509","0.17896631360054016","0.17896631360054016","0.17896631360054016","0.9985987544059753","0.9985987544059753","0.9985987544059753"
"4310","","","","0.8905633687973022","0.8905633687973022","0.8905633687973022","0.17359274625778198","0.17359274625778198","0.17359274625778198","0.9986024498939514","0.9986024498939514","0.9986024498939514"
"4320","","","","0.8976430296897888","0.8976430296897888","0.8976430296897888","0.1732741892337799","0.1732741892337799","0.1732741892337799","0.998567521572113","0.998567521572113","0.998567521572113"
"4330","","","","0.8934632539749146","0.8934632539749146","0.8934632539749146","0.171940416097641","0.171940416097641","0.171940416097641","0.9986358880996704","0.9986358880996704","0.9986358880996704"
"4340","","","","0.895186185836792","0.895186185836792","0.895186185836792","0.17521405220031738","0.17521405220031738","0.17521405220031738","0.9986265897750854","0.9986265897750854","0.9986265897750854"
"4350","","","","0.8854964375495911","0.8854964375495911","0.8854964375495911","0.18494144082069397","0.18494144082069397","0.18494144082069397","0.9984849691390991","0.9984849691390991","0.9984849691390991"
"4360","","","","0.8912375569343567","0.8912375569343567","0.8912375569343567","0.17807258665561676","0.17807258665561676","0.17807258665561676","0.9984459280967712","0.9984459280967712","0.9984459280967712"
"4370","","","","0.8959314823150635","0.8959314823150635","0.8959314823150635","0.18308255076408386","0.18308255076408386","0.18308255076408386","0.9983840584754944","0.9983840584754944","0.9983840584754944"
"4380","","","","0.8828521966934204","0.8828521966934204","0.8828521966934204","0.18340927362442017","0.18340927362442017","0.18340927362442017","0.997248649597168","0.997248649597168","0.997248649597168"
"4390","","","","0.8998996615409851","0.8998996615409851","0.8998996615409851","0.18218088150024414","0.18218088150024414","0.18218088150024414","0.997772753238678","0.997772753238678","0.997772753238678"
"4400","","","","0.8943160176277161","0.8943160176277161","0.8943160176277161","0.17692925035953522","0.17692925035953522","0.17692925035953522","0.998343825340271","0.998343825340271","0.998343825340271"
"4410","","","","0.9106250405311584","0.9106250405311584","0.9106250405311584","0.31220880150794983","0.31220880150794983","0.31220880150794983","0.9985999464988708","0.9985999464988708","0.9985999464988708"
"4420","","","","0.904090404510498","0.904090404510498","0.904090404510498","0.26153093576431274","0.26153093576431274","0.26153093576431274","0.9988133907318115","0.9988133907318115","0.9988133907318115"
"4430","","","","0.8927462100982666","0.8927462100982666","0.8927462100982666","0.17901082336902618","0.17901082336902618","0.17901082336902618","0.9986494779586792","0.9986494779586792","0.9986494779586792"
"4440","","","","0.8963082432746887","0.8963082432746887","0.8963082432746887","0.185928076505661","0.185928076505661","0.185928076505661","0.9974706172943115","0.9974706172943115","0.9974706172943115"
"4450","","","","0.9007714986801147","0.9007714986801147","0.9007714986801147","0.18206113576889038","0.18206113576889038","0.18206113576889038","0.9986041188240051","0.9986041188240051","0.9986041188240051"
"4460","","","","0.8925579190254211","0.8925579190254211","0.8925579190254211","0.17782127857208252","0.17782127857208252","0.17782127857208252","0.9973880052566528","0.9973880052566528","0.9973880052566528"
"4470","","","","0.8936296701431274","0.8936296701431274","0.8936296701431274","0.17987827956676483","0.17987827956676483","0.17987827956676483","0.997992753982544","0.997992753982544","0.997992753982544"
"4480","","","","0.8932517766952515","0.8932517766952515","0.8932517766952515","0.19057348370552063","0.19057348370552063","0.19057348370552063","0.9973792433738708","0.9973792433738708","0.9973792433738708"
"4490","","","","0.9257879257202148","0.9257879257202148","0.9257879257202148","0.38555392622947693","0.38555392622947693","0.38555392622947693","0.9987114071846008","0.9987114071846008","0.9987114071846008"
"4500","","","","0.8860914707183838","0.8860914707183838","0.8860914707183838","0.18449610471725464","0.18449610471725464","0.18449610471725464","0.996077299118042","0.996077299118042","0.996077299118042"
"4510","","","","0.884962797164917","0.884962797164917","0.884962797164917","0.18481233716011047","0.18481233716011047","0.18481233716011047","0.9968418478965759","0.9968418478965759","0.9968418478965759"
"4520","","","","0.8881418704986572","0.8881418704986572","0.8881418704986572","0.17097479104995728","0.17097479104995728","0.17097479104995728","0.9980225563049316","0.9980225563049316","0.9980225563049316"
"4530","","","","0.8909792900085449","0.8909792900085449","0.8909792900085449","0.17944246530532837","0.17944246530532837","0.17944246530532837","0.9983258247375488","0.9983258247375488","0.9983258247375488"
"4540","","","","0.8962380290031433","0.8962380290031433","0.8962380290031433","0.18218094110488892","0.18218094110488892","0.18218094110488892","0.9987980723381042","0.9987980723381042","0.9987980723381042"
"4550","","","","0.8863813877105713","0.8863813877105713","0.8863813877105713","0.18087905645370483","0.18087905645370483","0.18087905645370483","0.9987134337425232","0.9987134337425232","0.9987134337425232"
"4560","","","","0.8961203098297119","0.8961203098297119","0.8961203098297119","0.17648190259933472","0.17648190259933472","0.17648190259933472","0.9988985061645508","0.9988985061645508","0.9988985061645508"
"4570","","","","0.8816815614700317","0.8816815614700317","0.8816815614700317","0.18215975165367126","0.18215975165367126","0.18215975165367126","0.9923916459083557","0.9923916459083557","0.9923916459083557"
"4580","","","","0.8901998996734619","0.8901998996734619","0.8901998996734619","0.16899710893630981","0.16899710893630981","0.16899710893630981","0.9978690147399902","0.9978690147399902","0.9978690147399902"
"4590","","","","0.899928867816925","0.899928867816925","0.899928867816925","0.19870486855506897","0.19870486855506897","0.19870486855506897","0.9967699646949768","0.9967699646949768","0.9967699646949768"
"4600","","","","0.8964792490005493","0.8964792490005493","0.8964792490005493","0.1729620397090912","0.1729620397090912","0.1729620397090912","0.9985494613647461","0.9985494613647461","0.9985494613647461"
"4610","","","","0.9035284519195557","0.9035284519195557","0.9035284519195557","0.1892562061548233","0.1892562061548233","0.1892562061548233","0.9986216425895691","0.9986216425895691","0.9986216425895691"
"4620","","","","0.8965098857879639","0.8965098857879639","0.8965098857879639","0.17851506173610687","0.17851506173610687","0.17851506173610687","0.9981666207313538","0.9981666207313538","0.9981666207313538"
"4630","","","","0.8974529504776001","0.8974529504776001","0.8974529504776001","0.17759846150875092","0.17759846150875092","0.17759846150875092","0.9986532926559448","0.9986532926559448","0.9986532926559448"
"4640","","","","0.8958808779716492","0.8958808779716492","0.8958808779716492","0.17630597949028015","0.17630597949028015","0.17630597949028015","0.9974347352981567","0.9974347352981567","0.9974347352981567"
"4650","","","","0.8978413939476013","0.8978413939476013","0.8978413939476013","0.18019750714302063","0.18019750714302063","0.18019750714302063","0.9988656044006348","0.9988656044006348","0.9988656044006348"
"4660","","","","0.9064011573791504","0.9064011573791504","0.9064011573791504","0.17413431406021118","0.17413431406021118","0.17413431406021118","0.9990208148956299","0.9990208148956299","0.9990208148956299"
"4670","","","","0.9370532631874084","0.9370532631874084","0.9370532631874084","0.2600497603416443","0.2600497603416443","0.2600497603416443","0.9993581771850586","0.9993581771850586","0.9993581771850586"
"4680","","","","0.9333688020706177","0.9333688020706177","0.9333688020706177","0.21794775128364563","0.21794775128364563","0.21794775128364563","0.9993099570274353","0.9993099570274353","0.9993099570274353"
"4690","","","","0.9074826836585999","0.9074826836585999","0.9074826836585999","0.1542711853981018","0.1542711853981018","0.1542711853981018","0.998870313167572","0.998870313167572","0.998870313167572"
"4700","","","","0.8972563743591309","0.8972563743591309","0.8972563743591309","0.1720622330904007","0.1720622330904007","0.1720622330904007","0.9981129169464111","0.9981129169464111","0.9981129169464111"
"4710","","","","0.9115794897079468","0.9115794897079468","0.9115794897079468","0.15530182421207428","0.15530182421207428","0.15530182421207428","0.9989916086196899","0.9989916086196899","0.9989916086196899"
"4720","","","","0.8997617959976196","0.8997617959976196","0.8997617959976196","0.18440601229667664","0.18440601229667664","0.18440601229667664","0.998882532119751","0.998882532119751","0.998882532119751"
"4730","","","","0.8942235112190247","0.8942235112190247","0.8942235112190247","0.18197469413280487","0.18197469413280487","0.18197469413280487","0.9985896348953247","0.9985896348953247","0.9985896348953247"
"4740","","","","0.9120334386825562","0.9120334386825562","0.9120334386825562","0.2983930706977844","0.2983930706977844","0.2983930706977844","0.9984176754951477","0.9984176754951477","0.9984176754951477"
"4750","","","","0.9106845259666443","0.9106845259666443","0.9106845259666443","0.27515262365341187","0.27515262365341187","0.27515262365341187","0.998863697052002","0.998863697052002","0.998863697052002"
"4760","","","","0.8954848647117615","0.8954848647117615","0.8954848647117615","0.1858091652393341","0.1858091652393341","0.1858091652393341","0.9984594583511353","0.9984594583511353","0.9984594583511353"
"4770","","","","0.9025139808654785","0.9025139808654785","0.9025139808654785","0.18462616205215454","0.18462616205215454","0.18462616205215454","0.9988110065460205","0.9988110065460205","0.9988110065460205"
"4780","","","","0.8911501169204712","0.8911501169204712","0.8911501169204712","0.1813046783208847","0.1813046783208847","0.1813046783208847","0.9987020492553711","0.9987020492553711","0.9987020492553711"
"4790","","","","0.9047173857688904","0.9047173857688904","0.9047173857688904","0.17775191366672516","0.17775191366672516","0.17775191366672516","0.9985064268112183","0.9985064268112183","0.9985064268112183"
"4800","","","","0.9133959412574768","0.9133959412574768","0.9133959412574768","0.21917381882667542","0.21917381882667542","0.21917381882667542","0.9988771080970764","0.9988771080970764","0.9988771080970764"
"4810","","","","0.9108912944793701","0.9108912944793701","0.9108912944793701","0.3550010919570923","0.3550010919570923","0.3550010919570923","0.9979457855224609","0.9979457855224609","0.9979457855224609"
"4820","","","","0.898134171962738","0.898134171962738","0.898134171962738","0.18936334550380707","0.18936334550380707","0.18936334550380707","0.9991360902786255","0.9991360902786255","0.9991360902786255"
"4830","","","","0.9109954833984375","0.9109954833984375","0.9109954833984375","0.2992071807384491","0.2992071807384491","0.2992071807384491","0.9984763860702515","0.9984763860702515","0.9984763860702515"
"4840","","","","0.9043933153152466","0.9043933153152466","0.9043933153152466","0.26719385385513306","0.26719385385513306","0.26719385385513306","0.9987035989761353","0.9987035989761353","0.9987035989761353"
"4850","","","","0.9047519564628601","0.9047519564628601","0.9047519564628601","0.18178535997867584","0.18178535997867584","0.18178535997867584","0.9988899230957031","0.9988899230957031","0.9988899230957031"
"4860","","","","0.8989977240562439","0.8989977240562439","0.8989977240562439","0.18839675188064575","0.18839675188064575","0.18839675188064575","0.9989535808563232","0.9989535808563232","0.9989535808563232"
"4870","","","","0.8987429141998291","0.8987429141998291","0.8987429141998291","0.18702755868434906","0.18702755868434906","0.18702755868434906","0.9988934993743896","0.9988934993743896","0.9988934993743896"
"4880","","","","0.9005907773971558","0.9005907773971558","0.9005907773971558","0.1881585717201233","0.1881585717201233","0.1881585717201233","0.9991809725761414","0.9991809725761414","0.9991809725761414"
"4890","","","","0.9020712375640869","0.9020712375640869","0.9020712375640869","0.19249378144741058","0.19249378144741058","0.19249378144741058","0.998796284198761","0.998796284198761","0.998796284198761"
"4900","","","","0.8935691714286804","0.8935691714286804","0.8935691714286804","0.19116032123565674","0.19116032123565674","0.19116032123565674","0.9988952279090881","0.9988952279090881","0.9988952279090881"
"4910","","","","0.8993645906448364","0.8993645906448364","0.8993645906448364","0.15156406164169312","0.15156406164169312","0.15156406164169312","0.9986180067062378","0.9986180067062378","0.9986180067062378"
"4920","","","","0.8971239328384399","0.8971239328384399","0.8971239328384399","0.1837269514799118","0.1837269514799118","0.1837269514799118","0.9988351464271545","0.9988351464271545","0.9988351464271545"
"4930","","","","0.8837612867355347","0.8837612867355347","0.8837612867355347","0.17929303646087646","0.17929303646087646","0.17929303646087646","0.9973581433296204","0.9973581433296204","0.9973581433296204"
"4940","","","","0.910561740398407","0.910561740398407","0.910561740398407","0.19505059719085693","0.19505059719085693","0.19505059719085693","0.9989871382713318","0.9989871382713318","0.9989871382713318"
"4950","","","","0.9081063270568848","0.9081063270568848","0.9081063270568848","0.18735307455062866","0.18735307455062866","0.18735307455062866","0.9991714358329773","0.9991714358329773","0.9991714358329773"
"4960","","","","0.9076133370399475","0.9076133370399475","0.9076133370399475","0.18426592648029327","0.18426592648029327","0.18426592648029327","0.9991212487220764","0.9991212487220764","0.9991212487220764"
"4970","","","","0.9094728231430054","0.9094728231430054","0.9094728231430054","0.18818330764770508","0.18818330764770508","0.18818330764770508","0.9992124438285828","0.9992124438285828","0.9992124438285828"
"4980","","","","0.888973593711853","0.888973593711853","0.888973593711853","0.18537141382694244","0.18537141382694244","0.18537141382694244","0.9975172281265259","0.9975172281265259","0.9975172281265259"
"4990","","","","0.9204369187355042","0.9204369187355042","0.9204369187355042","0.3483712375164032","0.3483712375164032","0.3483712375164032","0.9991486668586731","0.9991486668586731","0.9991486668586731"
"5000","","","","0.9058114290237427","0.9058114290237427","0.9058114290237427","0.22604301571846008","0.22604301571846008","0.22604301571846008","0.9985181093215942","0.9985181093215942","0.9985181093215942"
"5010","","","","0.9065982103347778","0.9065982103347778","0.9065982103347778","0.1875775307416916","0.1875775307416916","0.1875775307416916","0.9991292953491211","0.9991292953491211","0.9991292953491211"
"5020","","","","0.8907716870307922","0.8907716870307922","0.8907716870307922","0.18107709288597107","0.18107709288597107","0.18107709288597107","0.9980985522270203","0.9980985522270203","0.9980985522270203"
"5030","","","","0.8935850262641907","0.8935850262641907","0.8935850262641907","0.18351103365421295","0.18351103365421295","0.18351103365421295","0.9985840320587158","0.9985840320587158","0.9985840320587158"
"5040","","","","0.9050630927085876","0.9050630927085876","0.9050630927085876","0.1944987028837204","0.1944987028837204","0.1944987028837204","0.9989827871322632","0.9989827871322632","0.9989827871322632"
"5050","","","","0.9394605159759521","0.9394605159759521","0.9394605159759521","0.41086918115615845","0.41086918115615845","0.41086918115615845","0.9995030164718628","0.9995030164718628","0.9995030164718628"
"5060","","","","0.9169386625289917","0.9169386625289917","0.9169386625289917","0.364422082901001","0.364422082901001","0.364422082901001","0.9986164569854736","0.9986164569854736","0.9986164569854736"
"5070","","","","0.9098768830299377","0.9098768830299377","0.9098768830299377","0.17978352308273315","0.17978352308273315","0.17978352308273315","0.999091386795044","0.999091386795044","0.999091386795044"
"5080","","","","0.8991559743881226","0.8991559743881226","0.8991559743881226","0.189804345369339","0.189804345369339","0.189804345369339","0.9988787770271301","0.9988787770271301","0.9988787770271301"
"5090","","","","0.9139330387115479","0.9139330387115479","0.9139330387115479","0.2173500657081604","0.2173500657081604","0.2173500657081604","0.999014675617218","0.999014675617218","0.999014675617218"
"5100","","","","0.8767579197883606","0.8767579197883606","0.8767579197883606","0.17125824093818665","0.17125824093818665","0.17125824093818665","0.9970214366912842","0.9970214366912842","0.9970214366912842"
"5110","","","","0.9019465446472168","0.9019465446472168","0.9019465446472168","0.1944999247789383","0.1944999247789383","0.1944999247789383","0.9989285469055176","0.9989285469055176","0.9989285469055176"
"5120","","","","0.903003454208374","0.903003454208374","0.903003454208374","0.19362379610538483","0.19362379610538483","0.19362379610538483","0.9985709190368652","0.9985709190368652","0.9985709190368652"
"5130","","","","0.9076752066612244","0.9076752066612244","0.9076752066612244","0.18484163284301758","0.18484163284301758","0.18484163284301758","0.9989864230155945","0.9989864230155945","0.9989864230155945"
"5140","","","","0.9083283543586731","0.9083283543586731","0.9083283543586731","0.1896047592163086","0.1896047592163086","0.1896047592163086","0.9990512132644653","0.9990512132644653","0.9990512132644653"
"5150","","","","0.8927230834960938","0.8927230834960938","0.8927230834960938","0.1790137141942978","0.1790137141942978","0.1790137141942978","0.9987296462059021","0.9987296462059021","0.9987296462059021"
"5160","","","","0.9088659286499023","0.9088659286499023","0.9088659286499023","0.19609679281711578","0.19609679281711578","0.19609679281711578","0.9990985989570618","0.9990985989570618","0.9990985989570618"
"5170","","","","0.9051398038864136","0.9051398038864136","0.9051398038864136","0.19684967398643494","0.19684967398643494","0.19684967398643494","0.9976558685302734","0.9976558685302734","0.9976558685302734"
"5180","","","","0.903640866279602","0.903640866279602","0.903640866279602","0.19415736198425293","0.19415736198425293","0.19415736198425293","0.9991453289985657","0.9991453289985657","0.9991453289985657"
"5190","","","","0.9046213626861572","0.9046213626861572","0.9046213626861572","0.17954537272453308","0.17954537272453308","0.17954537272453308","0.9990227818489075","0.9990227818489075","0.9990227818489075"
"5200","","","","0.9017006158828735","0.9017006158828735","0.9017006158828735","0.1798419952392578","0.1798419952392578","0.1798419952392578","0.9989862442016602","0.9989862442016602","0.9989862442016602"
"5210","","","","0.9212988615036011","0.9212988615036011","0.9212988615036011","0.36077091097831726","0.36077091097831726","0.36077091097831726","0.9975020289421082","0.9975020289421082","0.9975020289421082"
"5220","","","","0.9159467220306396","0.9159467220306396","0.9159467220306396","0.21507728099822998","0.21507728099822998","0.21507728099822998","0.9991391897201538","0.9991391897201538","0.9991391897201538"
"5230","","","","0.9031083583831787","0.9031083583831787","0.9031083583831787","0.18305233120918274","0.18305233120918274","0.18305233120918274","0.9991557598114014","0.9991557598114014","0.9991557598114014"
"5240","","","","0.8999992609024048","0.8999992609024048","0.8999992609024048","0.18217313289642334","0.18217313289642334","0.18217313289642334","0.9990763664245605","0.9990763664245605","0.9990763664245605"
"5250","","","","0.8988611102104187","0.8988611102104187","0.8988611102104187","0.18639542162418365","0.18639542162418365","0.18639542162418365","0.9988170862197876","0.9988170862197876","0.9988170862197876"
"5260","","","","0.9054352045059204","0.9054352045059204","0.9054352045059204","0.19095268845558167","0.19095268845558167","0.19095268845558167","0.9988132119178772","0.9988132119178772","0.9988132119178772"
"5270","","","","0.9081233143806458","0.9081233143806458","0.9081233143806458","0.18061840534210205","0.18061840534210205","0.18061840534210205","0.9988967180252075","0.9988967180252075","0.9988967180252075"
"5280","","","","0.9126102924346924","0.9126102924346924","0.9126102924346924","0.1796753704547882","0.1796753704547882","0.1796753704547882","0.9988244771957397","0.9988244771957397","0.9988244771957397"
"5290","","","","0.9006248712539673","0.9006248712539673","0.9006248712539673","0.19195935130119324","0.19195935130119324","0.19195935130119324","0.9985556602478027","0.9985556602478027","0.9985556602478027"
"5300","","","","0.9057357907295227","0.9057357907295227","0.9057357907295227","0.18615466356277466","0.18615466356277466","0.18615466356277466","0.9992763996124268","0.9992763996124268","0.9992763996124268"
"5310","","","","0.9107725024223328","0.9107725024223328","0.9107725024223328","0.1898050457239151","0.1898050457239151","0.1898050457239151","0.9992015361785889","0.9992015361785889","0.9992015361785889"
"5320","","","","0.8998191356658936","0.8998191356658936","0.8998191356658936","0.18838417530059814","0.18838417530059814","0.18838417530059814","0.9993335604667664","0.9993335604667664","0.9993335604667664"
"5330","","","","0.9036436676979065","0.9036436676979065","0.9036436676979065","0.19047972559928894","0.19047972559928894","0.19047972559928894","0.9990617632865906","0.9990617632865906","0.9990617632865906"
"5340","","","","0.9047332406044006","0.9047332406044006","0.9047332406044006","0.18844148516654968","0.18844148516654968","0.18844148516654968","0.9987326860427856","0.9987326860427856","0.9987326860427856"
"5350","","","","0.873625636100769","0.873625636100769","0.873625636100769","0.22960707545280457","0.22960707545280457","0.22960707545280457","0.9980833530426025","0.9980833530426025","0.9980833530426025"
"5360","","","","0.9101048707962036","0.9101048707962036","0.9101048707962036","0.3881065249443054","0.3881065249443054","0.3881065249443054","0.9988627433776855","0.9988627433776855","0.9988627433776855"
"5370","","","","0.9130598902702332","0.9130598902702332","0.9130598902702332","0.21285885572433472","0.21285885572433472","0.21285885572433472","0.999271035194397","0.999271035194397","0.999271035194397"
"5380","","","","0.9139022827148438","0.9139022827148438","0.9139022827148438","0.1867331564426422","0.1867331564426422","0.1867331564426422","0.9992524981498718","0.9992524981498718","0.9992524981498718"
"5390","","","","0.9147326350212097","0.9147326350212097","0.9147326350212097","0.1827722042798996","0.1827722042798996","0.1827722042798996","0.999387264251709","0.999387264251709","0.999387264251709"
"5400","","","","0.9015240669250488","0.9015240669250488","0.9015240669250488","0.18522432446479797","0.18522432446479797","0.18522432446479797","0.9988778233528137","0.9988778233528137","0.9988778233528137"
"5410","","","","0.9093047380447388","0.9093047380447388","0.9093047380447388","0.1817530393600464","0.1817530393600464","0.1817530393600464","0.9992746114730835","0.9992746114730835","0.9992746114730835"
"5420","","","","0.9100810289382935","0.9100810289382935","0.9100810289382935","0.18443380296230316","0.18443380296230316","0.18443380296230316","0.9989945292472839","0.9989945292472839","0.9989945292472839"
"5430","","","","0.9064860939979553","0.9064860939979553","0.9064860939979553","0.18735645711421967","0.18735645711421967","0.18735645711421967","0.9991120100021362","0.9991120100021362","0.9991120100021362"
"5440","","","","0.8986915349960327","0.8986915349960327","0.8986915349960327","0.1808963119983673","0.1808963119983673","0.1808963119983673","0.9990907311439514","0.9990907311439514","0.9990907311439514"
"5450","","","","0.902751624584198","0.902751624584198","0.902751624584198","0.19590523838996887","0.19590523838996887","0.19590523838996887","0.9962266683578491","0.9962266683578491","0.9962266683578491"
"5460","","","","0.9114603996276855","0.9114603996276855","0.9114603996276855","0.18588584661483765","0.18588584661483765","0.18588584661483765","0.9989559650421143","0.9989559650421143","0.9989559650421143"
"5470","","","","0.9069865942001343","0.9069865942001343","0.9069865942001343","0.18428544700145721","0.18428544700145721","0.18428544700145721","0.9992270469665527","0.9992270469665527","0.9992270469665527"
"5480","","","","0.8800497651100159","0.8800497651100159","0.8800497651100159","0.1728571653366089","0.1728571653366089","0.1728571653366089","0.9952188730239868","0.9952188730239868","0.9952188730239868"
"5490","","","","0.9098936319351196","0.9098936319351196","0.9098936319351196","0.19891257584095","0.19891257584095","0.19891257584095","0.9994064569473267","0.9994064569473267","0.9994064569473267"
"5500","","","","0.8933684825897217","0.8933684825897217","0.8933684825897217","0.19048753380775452","0.19048753380775452","0.19048753380775452","0.9991884827613831","0.9991884827613831","0.9991884827613831"
"5510","","","","0.9076759815216064","0.9076759815216064","0.9076759815216064","0.19656959176063538","0.19656959176063538","0.19656959176063538","0.9990758895874023","0.9990758895874023","0.9990758895874023"
"5520","","","","0.9211519956588745","0.9211519956588745","0.9211519956588745","0.1849641501903534","0.1849641501903534","0.1849641501903534","0.9992655515670776","0.9992655515670776","0.9992655515670776"
"5530","","","","0.9112077951431274","0.9112077951431274","0.9112077951431274","0.19371241331100464","0.19371241331100464","0.19371241331100464","0.9988710284233093","0.9988710284233093","0.9988710284233093"
"5540","","","","0.9140486121177673","0.9140486121177673","0.9140486121177673","0.1967623233795166","0.1967623233795166","0.1967623233795166","0.9992177486419678","0.9992177486419678","0.9992177486419678"
"5550","","","","0.9306599497795105","0.9306599497795105","0.9306599497795105","0.34246641397476196","0.34246641397476196","0.34246641397476196","0.9994716644287109","0.9994716644287109","0.9994716644287109"
"5560","","","","0.8999501466751099","0.8999501466751099","0.8999501466751099","0.22617122530937195","0.22617122530937195","0.22617122530937195","0.9989417791366577","0.9989417791366577","0.9989417791366577"
"5570","","","","0.9066163301467896","0.9066163301467896","0.9066163301467896","0.18662996590137482","0.18662996590137482","0.18662996590137482","0.9993893504142761","0.9993893504142761","0.9993893504142761"
"5580","","","","0.905216634273529","0.905216634273529","0.905216634273529","0.1897764950990677","0.1897764950990677","0.1897764950990677","0.9990924596786499","0.9990924596786499","0.9990924596786499"
"5590","","","","0.892611026763916","0.892611026763916","0.892611026763916","0.1811717450618744","0.1811717450618744","0.1811717450618744","0.9984480142593384","0.9984480142593384","0.9984480142593384"
"5600","","","","0.9062564373016357","0.9062564373016357","0.9062564373016357","0.18229851126670837","0.18229851126670837","0.18229851126670837","0.9992009401321411","0.9992009401321411","0.9992009401321411"
"5610","","","","0.9082859754562378","0.9082859754562378","0.9082859754562378","0.18679852783679962","0.18679852783679962","0.18679852783679962","0.999509334564209","0.999509334564209","0.999509334564209"
"5620","","","","0.9065104126930237","0.9065104126930237","0.9065104126930237","0.18349112570285797","0.18349112570285797","0.18349112570285797","0.9992054104804993","0.9992054104804993","0.9992054104804993"
"5630","","","","0.8971232175827026","0.8971232175827026","0.8971232175827026","0.18830934166908264","0.18830934166908264","0.18830934166908264","0.996050238609314","0.996050238609314","0.996050238609314"
"5640","","","","0.9048900604248047","0.9048900604248047","0.9048900604248047","0.19025811553001404","0.19025811553001404","0.19025811553001404","0.9988818168640137","0.9988818168640137","0.9988818168640137"
"5650","","","","0.9124012589454651","0.9124012589454651","0.9124012589454651","0.20114219188690186","0.20114219188690186","0.20114219188690186","0.9990646839141846","0.9990646839141846","0.9990646839141846"
"5660","","","","0.8956863880157471","0.8956863880157471","0.8956863880157471","0.19227571785449982","0.19227571785449982","0.19227571785449982","0.9990140795707703","0.9990140795707703","0.9990140795707703"
"5670","","","","0.906011700630188","0.906011700630188","0.906011700630188","0.19696331024169922","0.19696331024169922","0.19696331024169922","0.9977863430976868","0.9977863430976868","0.9977863430976868"
"5680","","","","0.8933697938919067","0.8933697938919067","0.8933697938919067","0.17510005831718445","0.17510005831718445","0.17510005831718445","0.9940674901008606","0.9940674901008606","0.9940674901008606"
"5690","","","","0.9103713035583496","0.9103713035583496","0.9103713035583496","0.19533352553844452","0.19533352553844452","0.19533352553844452","0.9986836910247803","0.9986836910247803","0.9986836910247803"
"5700","","","","0.9107345938682556","0.9107345938682556","0.9107345938682556","0.19873319566249847","0.19873319566249847","0.19873319566249847","0.998786211013794","0.998786211013794","0.998786211013794"
"5710","","","","0.9006537199020386","0.9006537199020386","0.9006537199020386","0.18750891089439392","0.18750891089439392","0.18750891089439392","0.9991666674613953","0.9991666674613953","0.9991666674613953"
"5720","","","","0.901726484298706","0.901726484298706","0.901726484298706","0.17573484778404236","0.17573484778404236","0.17573484778404236","0.9983394145965576","0.9983394145965576","0.9983394145965576"
"5730","","","","0.9066250920295715","0.9066250920295715","0.9066250920295715","0.1758105456829071","0.1758105456829071","0.1758105456829071","0.9987699389457703","0.9987699389457703","0.9987699389457703"
"5740","","","","0.9142136573791504","0.9142136573791504","0.9142136573791504","0.1888602077960968","0.1888602077960968","0.1888602077960968","0.9991849660873413","0.9991849660873413","0.9991849660873413"
"5750","","","","0.914874255657196","0.914874255657196","0.914874255657196","0.19035524129867554","0.19035524129867554","0.19035524129867554","0.9993855953216553","0.9993855953216553","0.9993855953216553"
"5760","","","","0.9163716435432434","0.9163716435432434","0.9163716435432434","0.18141472339630127","0.18141472339630127","0.18141472339630127","0.9993455410003662","0.9993455410003662","0.9993455410003662"
"5770","","","","0.9292753338813782","0.9292753338813782","0.9292753338813782","0.2950328588485718","0.2950328588485718","0.2950328588485718","0.9992935657501221","0.9992935657501221","0.9992935657501221"
"5780","","","","0.9208967685699463","0.9208967685699463","0.9208967685699463","0.28543761372566223","0.28543761372566223","0.28543761372566223","0.9992352724075317","0.9992352724075317","0.9992352724075317"
"5790","","","","0.9030413031578064","0.9030413031578064","0.9030413031578064","0.1907527595758438","0.1907527595758438","0.1907527595758438","0.9988563060760498","0.9988563060760498","0.9988563060760498"
"5800","","","","0.9117063283920288","0.9117063283920288","0.9117063283920288","0.20264887809753418","0.20264887809753418","0.20264887809753418","0.9984147548675537","0.9984147548675537","0.9984147548675537"
"5810","","","","0.9091439247131348","0.9091439247131348","0.9091439247131348","0.18093904852867126","0.18093904852867126","0.18093904852867126","0.9992939233779907","0.9992939233779907","0.9992939233779907"
"5820","","","","0.9065773487091064","0.9065773487091064","0.9065773487091064","0.18301816284656525","0.18301816284656525","0.18301816284656525","0.9991734623908997","0.9991734623908997","0.9991734623908997"
"5830","","","","0.9363186955451965","0.9363186955451965","0.9363186955451965","0.3711472451686859","0.3711472451686859","0.3711472451686859","0.9994627237319946","0.9994627237319946","0.9994627237319946"
"5840","","","","0.9146732091903687","0.9146732091903687","0.9146732091903687","0.19971880316734314","0.19971880316734314","0.19971880316734314","0.9993479251861572","0.9993479251861572","0.9993479251861572"
"5850","","","","0.9246612787246704","0.9246612787246704","0.9246612787246704","0.18797969818115234","0.18797969818115234","0.18797969818115234","0.9992705583572388","0.9992705583572388","0.9992705583572388"
"5860","","","","0.8962234258651733","0.8962234258651733","0.8962234258651733","0.17903459072113037","0.17903459072113037","0.17903459072113037","0.9990076422691345","0.9990076422691345","0.9990076422691345"
"5870","","","","0.9118466377258301","0.9118466377258301","0.9118466377258301","0.18405409157276154","0.18405409157276154","0.18405409157276154","0.9990154504776001","0.9990154504776001","0.9990154504776001"
"5880","","","","0.9100203514099121","0.9100203514099121","0.9100203514099121","0.19191038608551025","0.19191038608551025","0.19191038608551025","0.9995201826095581","0.9995201826095581","0.9995201826095581"
"5890","","","","0.9195986986160278","0.9195986986160278","0.9195986986160278","0.1919669806957245","0.1919669806957245","0.1919669806957245","0.9994038343429565","0.9994038343429565","0.9994038343429565"
"5900","","","","0.8962655663490295","0.8962655663490295","0.8962655663490295","0.18962663412094116","0.18962663412094116","0.18962663412094116","0.9989476203918457","0.9989476203918457","0.9989476203918457"
"5910","","","","0.9125961065292358","0.9125961065292358","0.9125961065292358","0.19101792573928833","0.19101792573928833","0.19101792573928833","0.9992417097091675","0.9992417097091675","0.9992417097091675"
"5920","","","","0.9118616580963135","0.9118616580963135","0.9118616580963135","0.19230173528194427","0.19230173528194427","0.19230173528194427","0.9994217157363892","0.9994217157363892","0.9994217157363892"
"5930","","","","0.9072264432907104","0.9072264432907104","0.9072264432907104","0.1833028793334961","0.1833028793334961","0.1833028793334961","0.9991133213043213","0.9991133213043213","0.9991133213043213"
"5940","","","","0.9160414338111877","0.9160414338111877","0.9160414338111877","0.18260639905929565","0.18260639905929565","0.18260639905929565","0.999322772026062","0.999322772026062","0.999322772026062"
"5950","","","","0.9103618860244751","0.9103618860244751","0.9103618860244751","0.18120567500591278","0.18120567500591278","0.18120567500591278","0.999441385269165","0.999441385269165","0.999441385269165"
"5960","","","","0.9133756160736084","0.9133756160736084","0.9133756160736084","0.1938910186290741","0.1938910186290741","0.1938910186290741","0.9994116425514221","0.9994116425514221","0.9994116425514221"
"5970","","","","0.9043596982955933","0.9043596982955933","0.9043596982955933","0.1877092719078064","0.1877092719078064","0.1877092719078064","0.9988902807235718","0.9988902807235718","0.9988902807235718"
"5980","","","","0.9039838314056396","0.9039838314056396","0.9039838314056396","0.19035878777503967","0.19035878777503967","0.19035878777503967","0.9993512034416199","0.9993512034416199","0.9993512034416199"
"5990","","","","0.9145712852478027","0.9145712852478027","0.9145712852478027","0.18830978870391846","0.18830978870391846","0.18830978870391846","0.9993970394134521","0.9993970394134521","0.9993970394134521"
"6000","","","","0.890457808971405","0.890457808971405","0.890457808971405","0.20380492508411407","0.20380492508411407","0.20380492508411407","0.9990677833557129","0.9990677833557129","0.9990677833557129"