"Step","zip2zip_1b_curriculum_rand_control_s123 - loss","zip2zip_1b_curriculum_rand_control_s123 - loss__MIN","zip2zip_1b_curriculum_rand_control_s123 - loss__MAX","zip2zip_1b_ms8_no_curriculum_from_scratch - loss","zip2zip_1b_ms8_no_curriculum_from_scratch - loss__MIN","zip2zip_1b_ms8_no_curriculum_from_scratch - loss__MAX","zip2zip_1b_curriculum_2_phase_finetuning - loss","zip2zip_1b_curriculum_2_phase_finetuning - loss__MIN","zip2zip_1b_curriculum_2_phase_finetuning - loss__MAX","zip2zip_1b_curriculum_4_phases - loss","zip2zip_1b_curriculum_4_phases - loss__MIN","zip2zip_1b_curriculum_4_phases - loss__MAX"
"10","93.42225646972656","93.42225646972656","93.42225646972656","100.09687805175781","100.09687805175781","100.09687805175781","11.528388977050781","11.528388977050781","11.528388977050781","103.1517333984375","103.1517333984375","103.1517333984375"
"20","36.974449157714844","36.974449157714844","36.974449157714844","35.38402557373047","35.38402557373047","35.38402557373047","10.444280624389648","10.444280624389648","10.444280624389648","41.496917724609375","41.496917724609375","41.496917724609375"
"30","15.84481430053711","15.84481430053711","15.84481430053711","13.599478721618652","13.599478721618652","13.599478721618652","9.106059074401855","9.106059074401855","9.106059074401855","14.741510391235352","14.741510391235352","14.741510391235352"
"40","10.108299255371094","10.108299255371094","10.108299255371094","11.350296974182129","11.350296974182129","11.350296974182129","8.434574127197266","8.434574127197266","8.434574127197266","10.771795272827148","10.771795272827148","10.771795272827148"
"50","11.409706115722656","11.409706115722656","11.409706115722656","10.784845352172852","10.784845352172852","10.784845352172852","8.715781211853027","8.715781211853027","8.715781211853027","14.646671295166016","14.646671295166016","14.646671295166016"
"60","9.915807723999023","9.915807723999023","9.915807723999023","13.078240394592285","13.078240394592285","13.078240394592285","7.68493127822876","7.68493127822876","7.68493127822876","12.350082397460938","12.350082397460938","12.350082397460938"
"70","11.21695613861084","11.21695613861084","11.21695613861084","12.92010498046875","12.92010498046875","12.92010498046875","7.6984124183654785","7.6984124183654785","7.6984124183654785","12.215971946716309","12.215971946716309","12.215971946716309"
"80","10.400310516357422","10.400310516357422","10.400310516357422","11.269743919372559","11.269743919372559","11.269743919372559","7.621303081512451","7.621303081512451","7.621303081512451","15.584199905395508","15.584199905395508","15.584199905395508"
"90","10.408316612243652","10.408316612243652","10.408316612243652","11.41622257232666","11.41622257232666","11.41622257232666","7.452094554901123","7.452094554901123","7.452094554901123","12.861766815185547","12.861766815185547","12.861766815185547"
"100","9.150727272033691","9.150727272033691","9.150727272033691","10.47298812866211","10.47298812866211","10.47298812866211","7.293994903564453","7.293994903564453","7.293994903564453","9.72071647644043","9.72071647644043","9.72071647644043"
"110","9.468710899353027","9.468710899353027","9.468710899353027","9.33578109741211","9.33578109741211","9.33578109741211","7.085390090942383","7.085390090942383","7.085390090942383","8.648024559020996","8.648024559020996","8.648024559020996"
"120","8.903057098388672","8.903057098388672","8.903057098388672","10.096835136413574","10.096835136413574","10.096835136413574","6.977049350738525","6.977049350738525","6.977049350738525","7.729526519775391","7.729526519775391","7.729526519775391"
"130","7.477235317230225","7.477235317230225","7.477235317230225","10.434883117675781","10.434883117675781","10.434883117675781","6.073349952697754","6.073349952697754","6.073349952697754","7.052605628967285","7.052605628967285","7.052605628967285"
"140","15.459667205810547","15.459667205810547","15.459667205810547","8.646309852600098","8.646309852600098","8.646309852600098","6.788933753967285","6.788933753967285","6.788933753967285","9.017663955688477","9.017663955688477","9.017663955688477"
"150","15.852567672729492","15.852567672729492","15.852567672729492","7.599494457244873","7.599494457244873","7.599494457244873","6.699958801269531","6.699958801269531","6.699958801269531","7.274435997009277","7.274435997009277","7.274435997009277"
"160","6.987953186035156","6.987953186035156","6.987953186035156","7.3230695724487305","7.3230695724487305","7.3230695724487305","6.242406368255615","6.242406368255615","6.242406368255615","6.758749961853027","6.758749961853027","6.758749961853027"
"170","8.3483304977417","8.3483304977417","8.3483304977417","7.239727020263672","7.239727020263672","7.239727020263672","6.4013671875","6.4013671875","6.4013671875","6.468636512756348","6.468636512756348","6.468636512756348"
"180","7.0056233406066895","7.0056233406066895","7.0056233406066895","6.600076675415039","6.600076675415039","6.600076675415039","6.336124420166016","6.336124420166016","6.336124420166016","6.269974708557129","6.269974708557129","6.269974708557129"
"190","6.619171142578125","6.619171142578125","6.619171142578125","6.861234188079834","6.861234188079834","6.861234188079834","6.007718563079834","6.007718563079834","6.007718563079834","6.341414451599121","6.341414451599121","6.341414451599121"
"200","6.071406364440918","6.071406364440918","6.071406364440918","7.37880277633667","7.37880277633667","7.37880277633667","5.912504196166992","5.912504196166992","5.912504196166992","6.020628452301025","6.020628452301025","6.020628452301025"
"210","6.142467498779297","6.142467498779297","6.142467498779297","6.770799160003662","6.770799160003662","6.770799160003662","5.818909645080566","5.818909645080566","5.818909645080566","6.064705848693848","6.064705848693848","6.064705848693848"
"220","6.3621416091918945","6.3621416091918945","6.3621416091918945","6.488426208496094","6.488426208496094","6.488426208496094","6.026517868041992","6.026517868041992","6.026517868041992","6.577955722808838","6.577955722808838","6.577955722808838"
"230","6.281651020050049","6.281651020050049","6.281651020050049","6.541327476501465","6.541327476501465","6.541327476501465","5.968175888061523","5.968175888061523","5.968175888061523","6.634980201721191","6.634980201721191","6.634980201721191"
"240","6.162138938903809","6.162138938903809","6.162138938903809","6.242223262786865","6.242223262786865","6.242223262786865","5.900913238525391","5.900913238525391","5.900913238525391","6.204256057739258","6.204256057739258","6.204256057739258"
"250","5.980837821960449","5.980837821960449","5.980837821960449","6.251534461975098","6.251534461975098","6.251534461975098","5.769039154052734","5.769039154052734","5.769039154052734","6.0424604415893555","6.0424604415893555","6.0424604415893555"
"260","6.130969524383545","6.130969524383545","6.130969524383545","6.132195949554443","6.132195949554443","6.132195949554443","5.745957851409912","5.745957851409912","5.745957851409912","6.2169389724731445","6.2169389724731445","6.2169389724731445"
"270","6.147064208984375","6.147064208984375","6.147064208984375","6.073821067810059","6.073821067810059","6.073821067810059","5.762258529663086","5.762258529663086","5.762258529663086","6.20925760269165","6.20925760269165","6.20925760269165"
"280","6.057128429412842","6.057128429412842","6.057128429412842","6.101641654968262","6.101641654968262","6.101641654968262","5.722727298736572","5.722727298736572","5.722727298736572","6.090331077575684","6.090331077575684","6.090331077575684"
"290","5.774032115936279","5.774032115936279","5.774032115936279","5.961320877075195","5.961320877075195","5.961320877075195","5.429667949676514","5.429667949676514","5.429667949676514","5.800637722015381","5.800637722015381","5.800637722015381"
"300","5.436285495758057","5.436285495758057","5.436285495758057","5.892541885375977","5.892541885375977","5.892541885375977","5.148013114929199","5.148013114929199","5.148013114929199","5.500551223754883","5.500551223754883","5.500551223754883"
"310","5.749326705932617","5.749326705932617","5.749326705932617","5.756513595581055","5.756513595581055","5.756513595581055","5.4547505378723145","5.4547505378723145","5.4547505378723145","5.845434188842773","5.845434188842773","5.845434188842773"
"320","5.467310905456543","5.467310905456543","5.467310905456543","5.725444793701172","5.725444793701172","5.725444793701172","5.090875148773193","5.090875148773193","5.090875148773193","5.523723125457764","5.523723125457764","5.523723125457764"
"330","5.131337642669678","5.131337642669678","5.131337642669678","5.657398700714111","5.657398700714111","5.657398700714111","4.397488594055176","4.397488594055176","4.397488594055176","5.179643630981445","5.179643630981445","5.179643630981445"
"340","5.7811198234558105","5.7811198234558105","5.7811198234558105","5.5520148277282715","5.5520148277282715","5.5520148277282715","5.2365875244140625","5.2365875244140625","5.2365875244140625","5.8489837646484375","5.8489837646484375","5.8489837646484375"
"350","5.740464210510254","5.740464210510254","5.740464210510254","5.608503341674805","5.608503341674805","5.608503341674805","5.3215107917785645","5.3215107917785645","5.3215107917785645","5.790416717529297","5.790416717529297","5.790416717529297"
"360","5.5546722412109375","5.5546722412109375","5.5546722412109375","5.363954544067383","5.363954544067383","5.363954544067383","5.240021705627441","5.240021705627441","5.240021705627441","5.608956336975098","5.608956336975098","5.608956336975098"
"370","5.695493698120117","5.695493698120117","5.695493698120117","5.348568916320801","5.348568916320801","5.348568916320801","5.301711559295654","5.301711559295654","5.301711559295654","5.720979690551758","5.720979690551758","5.720979690551758"
"380","5.554694175720215","5.554694175720215","5.554694175720215","5.290801525115967","5.290801525115967","5.290801525115967","5.302483558654785","5.302483558654785","5.302483558654785","5.580948829650879","5.580948829650879","5.580948829650879"
"390","5.495598793029785","5.495598793029785","5.495598793029785","5.20779275894165","5.20779275894165","5.20779275894165","5.299607753753662","5.299607753753662","5.299607753753662","5.534545421600342","5.534545421600342","5.534545421600342"
"400","5.429793357849121","5.429793357849121","5.429793357849121","5.151186466217041","5.151186466217041","5.151186466217041","5.1536478996276855","5.1536478996276855","5.1536478996276855","5.460072040557861","5.460072040557861","5.460072040557861"
"410","5.30416202545166","5.30416202545166","5.30416202545166","5.0797038078308105","5.0797038078308105","5.0797038078308105","5.04396915435791","5.04396915435791","5.04396915435791","5.349156379699707","5.349156379699707","5.349156379699707"
"420","4.95212459564209","4.95212459564209","4.95212459564209","5.008934020996094","5.008934020996094","5.008934020996094","4.836122989654541","4.836122989654541","4.836122989654541","4.981633186340332","4.981633186340332","4.981633186340332"
"430","5.191283702850342","5.191283702850342","5.191283702850342","4.990565776824951","4.990565776824951","4.990565776824951","4.884058952331543","4.884058952331543","4.884058952331543","5.233260631561279","5.233260631561279","5.233260631561279"
"440","5.220163345336914","5.220163345336914","5.220163345336914","4.952112197875977","4.952112197875977","4.952112197875977","5.033867359161377","5.033867359161377","5.033867359161377","5.259891510009766","5.259891510009766","5.259891510009766"
"450","5.192209243774414","5.192209243774414","5.192209243774414","4.897076606750488","4.897076606750488","4.897076606750488","4.939241409301758","4.939241409301758","4.939241409301758","5.223519802093506","5.223519802093506","5.223519802093506"
"460","5.09664249420166","5.09664249420166","5.09664249420166","4.863430023193359","4.863430023193359","4.863430023193359","4.876368045806885","4.876368045806885","4.876368045806885","5.130759239196777","5.130759239196777","5.130759239196777"
"470","5.116405010223389","5.116405010223389","5.116405010223389","4.823355674743652","4.823355674743652","4.823355674743652","4.837826728820801","4.837826728820801","4.837826728820801","5.154926300048828","5.154926300048828","5.154926300048828"
"480","5.006202697753906","5.006202697753906","5.006202697753906","4.774229049682617","4.774229049682617","4.774229049682617","4.817483901977539","4.817483901977539","4.817483901977539","5.033631324768066","5.033631324768066","5.033631324768066"
"490","5.138369560241699","5.138369560241699","5.138369560241699","4.692366123199463","4.692366123199463","4.692366123199463","4.841897487640381","4.841897487640381","4.841897487640381","5.1700897216796875","5.1700897216796875","5.1700897216796875"
"500","4.977387428283691","4.977387428283691","4.977387428283691","4.667812824249268","4.667812824249268","4.667812824249268","4.701759338378906","4.701759338378906","4.701759338378906","5.015956878662109","5.015956878662109","5.015956878662109"
"510","4.913294792175293","4.913294792175293","4.913294792175293","4.611237525939941","4.611237525939941","4.611237525939941","4.690443992614746","4.690443992614746","4.690443992614746","4.931300640106201","4.931300640106201","4.931300640106201"
"520","4.916389465332031","4.916389465332031","4.916389465332031","4.711859226226807","4.711859226226807","4.711859226226807","4.6586198806762695","4.6586198806762695","4.6586198806762695","4.966874599456787","4.966874599456787","4.966874599456787"
"530","4.876347541809082","4.876347541809082","4.876347541809082","4.628179550170898","4.628179550170898","4.628179550170898","4.582289218902588","4.582289218902588","4.582289218902588","4.910837173461914","4.910837173461914","4.910837173461914"
"540","4.849508285522461","4.849508285522461","4.849508285522461","4.622889518737793","4.622889518737793","4.622889518737793","4.496064186096191","4.496064186096191","4.496064186096191","4.888568878173828","4.888568878173828","4.888568878173828"
"550","4.164883613586426","4.164883613586426","4.164883613586426","4.53109073638916","4.53109073638916","4.53109073638916","3.9149203300476074","3.9149203300476074","3.9149203300476074","4.217931270599365","4.217931270599365","4.217931270599365"
"560","4.694728851318359","4.694728851318359","4.694728851318359","4.526755332946777","4.526755332946777","4.526755332946777","4.403830051422119","4.403830051422119","4.403830051422119","4.743474960327148","4.743474960327148","4.743474960327148"
"570","4.763083457946777","4.763083457946777","4.763083457946777","4.4029974937438965","4.4029974937438965","4.4029974937438965","4.484752655029297","4.484752655029297","4.484752655029297","4.823116302490234","4.823116302490234","4.823116302490234"
"580","4.413229942321777","4.413229942321777","4.413229942321777","4.335620403289795","4.335620403289795","4.335620403289795","4.223443031311035","4.223443031311035","4.223443031311035","4.454438209533691","4.454438209533691","4.454438209533691"
"590","4.840756893157959","4.840756893157959","4.840756893157959","4.297104835510254","4.297104835510254","4.297104835510254","4.4880571365356445","4.4880571365356445","4.4880571365356445","4.877054691314697","4.877054691314697","4.877054691314697"
"600","3.775310516357422","3.775310516357422","3.775310516357422","4.48292350769043","4.48292350769043","4.48292350769043","3.473557710647583","3.473557710647583","3.473557710647583","3.8003628253936768","3.8003628253936768","3.8003628253936768"
"610","4.135906219482422","4.135906219482422","4.135906219482422","4.202367305755615","4.202367305755615","4.202367305755615","3.819139003753662","3.819139003753662","3.819139003753662","4.165800094604492","4.165800094604492","4.165800094604492"
"620","4.616065979003906","4.616065979003906","4.616065979003906","4.192941665649414","4.192941665649414","4.192941665649414","4.208042621612549","4.208042621612549","4.208042621612549","4.661447525024414","4.661447525024414","4.661447525024414"
"630","4.694706439971924","4.694706439971924","4.694706439971924","4.232454299926758","4.232454299926758","4.232454299926758","4.282894134521484","4.282894134521484","4.282894134521484","4.749739646911621","4.749739646911621","4.749739646911621"
"640","4.50272274017334","4.50272274017334","4.50272274017334","4.093622207641602","4.093622207641602","4.093622207641602","4.023150444030762","4.023150444030762","4.023150444030762","4.542450904846191","4.542450904846191","4.542450904846191"
"650","4.457343578338623","4.457343578338623","4.457343578338623","4.121029853820801","4.121029853820801","4.121029853820801","3.954857587814331","3.954857587814331","3.954857587814331","4.5134806632995605","4.5134806632995605","4.5134806632995605"
"660","4.6120924949646","4.6120924949646","4.6120924949646","4.095566272735596","4.095566272735596","4.095566272735596","4.154017448425293","4.154017448425293","4.154017448425293","4.656233787536621","4.656233787536621","4.656233787536621"
"670","4.434412956237793","4.434412956237793","4.434412956237793","4.0542311668396","4.0542311668396","4.0542311668396","3.9662086963653564","3.9662086963653564","3.9662086963653564","4.492099761962891","4.492099761962891","4.492099761962891"
"680","4.377011299133301","4.377011299133301","4.377011299133301","4.2713398933410645","4.2713398933410645","4.2713398933410645","3.8885810375213623","3.8885810375213623","3.8885810375213623","4.4395599365234375","4.4395599365234375","4.4395599365234375"
"690","4.407346725463867","4.407346725463867","4.407346725463867","3.90624737739563","3.90624737739563","3.90624737739563","3.91208553314209","3.91208553314209","3.91208553314209","4.488351821899414","4.488351821899414","4.488351821899414"
"700","4.3174567222595215","4.3174567222595215","4.3174567222595215","4.159968852996826","4.159968852996826","4.159968852996826","3.813927173614502","3.813927173614502","3.813927173614502","4.387432098388672","4.387432098388672","4.387432098388672"
"710","4.2664031982421875","4.2664031982421875","4.2664031982421875","3.8669466972351074","3.8669466972351074","3.8669466972351074","3.722158432006836","3.722158432006836","3.722158432006836","4.33798360824585","4.33798360824585","4.33798360824585"
"720","4.319717884063721","4.319717884063721","4.319717884063721","3.8615474700927734","3.8615474700927734","3.8615474700927734","3.8589766025543213","3.8589766025543213","3.8589766025543213","4.376577854156494","4.376577854156494","4.376577854156494"
"730","4.177905559539795","4.177905559539795","4.177905559539795","3.828508138656616","3.828508138656616","3.828508138656616","3.700031280517578","3.700031280517578","3.700031280517578","4.2493157386779785","4.2493157386779785","4.2493157386779785"
"740","4.003350734710693","4.003350734710693","4.003350734710693","3.8599698543548584","3.8599698543548584","3.8599698543548584","3.465022087097168","3.465022087097168","3.465022087097168","4.072330951690674","4.072330951690674","4.072330951690674"
"750","4.353952407836914","4.353952407836914","4.353952407836914","3.772162437438965","3.772162437438965","3.772162437438965","3.9016385078430176","3.9016385078430176","3.9016385078430176","4.406328201293945","4.406328201293945","4.406328201293945"
"760","3.9046711921691895","3.9046711921691895","3.9046711921691895","3.752495765686035","3.752495765686035","3.752495765686035","3.4509689807891846","3.4509689807891846","3.4509689807891846","3.959394931793213","3.959394931793213","3.959394931793213"
"770","3.9164321422576904","3.9164321422576904","3.9164321422576904","3.73636531829834","3.73636531829834","3.73636531829834","3.469956636428833","3.469956636428833","3.469956636428833","3.986722469329834","3.986722469329834","3.986722469329834"
"780","4.003391742706299","4.003391742706299","4.003391742706299","3.6656856536865234","3.6656856536865234","3.6656856536865234","3.515406608581543","3.515406608581543","3.515406608581543","4.075924873352051","4.075924873352051","4.075924873352051"
"790","3.499616861343384","3.499616861343384","3.499616861343384","3.7093911170959473","3.7093911170959473","3.7093911170959473","3.126946449279785","3.126946449279785","3.126946449279785","3.5535669326782227","3.5535669326782227","3.5535669326782227"
"800","3.029636859893799","3.029636859893799","3.029636859893799","3.6453747749328613","3.6453747749328613","3.6453747749328613","2.6858997344970703","2.6858997344970703","2.6858997344970703","3.0535659790039062","3.0535659790039062","3.0535659790039062"
"810","3.859632968902588","3.859632968902588","3.859632968902588","3.60947847366333","3.60947847366333","3.60947847366333","3.4246397018432617","3.4246397018432617","3.4246397018432617","3.8991801738739014","3.8991801738739014","3.8991801738739014"
"820","3.870523691177368","3.870523691177368","3.870523691177368","3.583615303039551","3.583615303039551","3.583615303039551","3.4089407920837402","3.4089407920837402","3.4089407920837402","3.91493558883667","3.91493558883667","3.91493558883667"
"830","3.511565685272217","3.511565685272217","3.511565685272217","3.506767749786377","3.506767749786377","3.506767749786377","3.0926289558410645","3.0926289558410645","3.0926289558410645","3.502647638320923","3.502647638320923","3.502647638320923"
"840","4.069522380828857","4.069522380828857","4.069522380828857","3.5945587158203125","3.5945587158203125","3.5945587158203125","3.5760085582733154","3.5760085582733154","3.5760085582733154","4.056390762329102","4.056390762329102","4.056390762329102"
"850","3.904771089553833","3.904771089553833","3.904771089553833","3.5030922889709473","3.5030922889709473","3.5030922889709473","3.425497055053711","3.425497055053711","3.425497055053711","3.9197404384613037","3.9197404384613037","3.9197404384613037"
"860","3.9108238220214844","3.9108238220214844","3.9108238220214844","3.4933886528015137","3.4933886528015137","3.4933886528015137","3.524771213531494","3.524771213531494","3.524771213531494","3.928521156311035","3.928521156311035","3.928521156311035"
"870","3.854679584503174","3.854679584503174","3.854679584503174","3.446561813354492","3.446561813354492","3.446561813354492","3.465891122817993","3.465891122817993","3.465891122817993","3.881265878677368","3.881265878677368","3.881265878677368"
"880","3.6068172454833984","3.6068172454833984","3.6068172454833984","3.6251540184020996","3.6251540184020996","3.6251540184020996","3.2492313385009766","3.2492313385009766","3.2492313385009766","3.6319198608398438","3.6319198608398438","3.6319198608398438"
"890","3.77871036529541","3.77871036529541","3.77871036529541","3.4391143321990967","3.4391143321990967","3.4391143321990967","3.4123964309692383","3.4123964309692383","3.4123964309692383","3.794248104095459","3.794248104095459","3.794248104095459"
"900","3.557516098022461","3.557516098022461","3.557516098022461","3.4583959579467773","3.4583959579467773","3.4583959579467773","3.2146244049072266","3.2146244049072266","3.2146244049072266","3.578655242919922","3.578655242919922","3.578655242919922"
"910","3.6527626514434814","3.6527626514434814","3.6527626514434814","3.398836851119995","3.398836851119995","3.398836851119995","3.29133939743042","3.29133939743042","3.29133939743042","3.6745002269744873","3.6745002269744873","3.6745002269744873"
"920","3.7102880477905273","3.7102880477905273","3.7102880477905273","3.4050209522247314","3.4050209522247314","3.4050209522247314","3.390937328338623","3.390937328338623","3.390937328338623","3.7321577072143555","3.7321577072143555","3.7321577072143555"
"930","3.5636327266693115","3.5636327266693115","3.5636327266693115","3.375200033187866","3.375200033187866","3.375200033187866","3.2580127716064453","3.2580127716064453","3.2580127716064453","3.580404281616211","3.580404281616211","3.580404281616211"
"940","3.648564338684082","3.648564338684082","3.648564338684082","3.427563428878784","3.427563428878784","3.427563428878784","3.344036340713501","3.344036340713501","3.344036340713501","3.6640145778656006","3.6640145778656006","3.6640145778656006"
"950","3.3743109703063965","3.3743109703063965","3.3743109703063965","3.376862049102783","3.376862049102783","3.376862049102783","3.1529500484466553","3.1529500484466553","3.1529500484466553","3.3959453105926514","3.3959453105926514","3.3959453105926514"
"960","3.5971643924713135","3.5971643924713135","3.5971643924713135","3.3700335025787354","3.3700335025787354","3.3700335025787354","3.295484781265259","3.295484781265259","3.295484781265259","3.6288437843322754","3.6288437843322754","3.6288437843322754"
"970","3.6331939697265625","3.6331939697265625","3.6331939697265625","3.3101871013641357","3.3101871013641357","3.3101871013641357","3.390509605407715","3.390509605407715","3.390509605407715","3.6271023750305176","3.6271023750305176","3.6271023750305176"
"980","3.5118045806884766","3.5118045806884766","3.5118045806884766","3.390658378601074","3.390658378601074","3.390658378601074","3.228376865386963","3.228376865386963","3.228376865386963","3.5164175033569336","3.5164175033569336","3.5164175033569336"
"990","3.448673963546753","3.448673963546753","3.448673963546753","3.313260793685913","3.313260793685913","3.313260793685913","3.1831159591674805","3.1831159591674805","3.1831159591674805","3.4702258110046387","3.4702258110046387","3.4702258110046387"
"1000","3.2600605487823486","3.2600605487823486","3.2600605487823486","3.349078893661499","3.349078893661499","3.349078893661499","3.027125835418701","3.027125835418701","3.027125835418701","3.270141839981079","3.270141839981079","3.270141839981079"
"1010","3.439892530441284","3.439892530441284","3.439892530441284","3.4034087657928467","3.4034087657928467","3.4034087657928467","3.197193145751953","3.197193145751953","3.197193145751953","3.4522950649261475","3.4522950649261475","3.4522950649261475"
"1020","3.1575675010681152","3.1575675010681152","3.1575675010681152","3.2988600730895996","3.2988600730895996","3.2988600730895996","2.9450228214263916","2.9450228214263916","2.9450228214263916","3.174441337585449","3.174441337585449","3.174441337585449"
"1030","3.5240590572357178","3.5240590572357178","3.5240590572357178","3.252290964126587","3.252290964126587","3.252290964126587","3.3064064979553223","3.3064064979553223","3.3064064979553223","3.543452262878418","3.543452262878418","3.543452262878418"
"1040","3.078589916229248","3.078589916229248","3.078589916229248","3.245016574859619","3.245016574859619","3.245016574859619","2.8804845809936523","2.8804845809936523","2.8804845809936523","3.0991013050079346","3.0991013050079346","3.0991013050079346"
"1050","3.423166513442993","3.423166513442993","3.423166513442993","3.265479564666748","3.265479564666748","3.265479564666748","3.238450527191162","3.238450527191162","3.238450527191162","3.4435033798217773","3.4435033798217773","3.4435033798217773"
"1060","3.366663932800293","3.366663932800293","3.366663932800293","3.273937702178955","3.273937702178955","3.273937702178955","3.195404529571533","3.195404529571533","3.195404529571533","3.3847179412841797","3.3847179412841797","3.3847179412841797"
"1070","3.4823508262634277","3.4823508262634277","3.4823508262634277","3.2164034843444824","3.2164034843444824","3.2164034843444824","3.300778388977051","3.300778388977051","3.300778388977051","3.493764877319336","3.493764877319336","3.493764877319336"
"1080","3.4171669483184814","3.4171669483184814","3.4171669483184814","3.2401106357574463","3.2401106357574463","3.2401106357574463","3.2408576011657715","3.2408576011657715","3.2408576011657715","3.4265904426574707","3.4265904426574707","3.4265904426574707"
"1090","3.34761381149292","3.34761381149292","3.34761381149292","3.2013678550720215","3.2013678550720215","3.2013678550720215","3.1524574756622314","3.1524574756622314","3.1524574756622314","3.362877607345581","3.362877607345581","3.362877607345581"
"1100","3.3762919902801514","3.3762919902801514","3.3762919902801514","3.1738319396972656","3.1738319396972656","3.1738319396972656","3.273103952407837","3.273103952407837","3.273103952407837","3.382577419281006","3.382577419281006","3.382577419281006"
"1110","3.31788969039917","3.31788969039917","3.31788969039917","3.182781934738159","3.182781934738159","3.182781934738159","3.139791965484619","3.139791965484619","3.139791965484619","3.3614141941070557","3.3614141941070557","3.3614141941070557"
"1120","3.096097946166992","3.096097946166992","3.096097946166992","3.1724390983581543","3.1724390983581543","3.1724390983581543","2.924942970275879","2.924942970275879","2.924942970275879","3.173661947250366","3.173661947250366","3.173661947250366"
"1130","3.3617753982543945","3.3617753982543945","3.3617753982543945","3.192232370376587","3.192232370376587","3.192232370376587","3.189152717590332","3.189152717590332","3.189152717590332","3.3795032501220703","3.3795032501220703","3.3795032501220703"
"1140","3.3080546855926514","3.3080546855926514","3.3080546855926514","3.253248453140259","3.253248453140259","3.253248453140259","3.1387853622436523","3.1387853622436523","3.1387853622436523","3.3250303268432617","3.3250303268432617","3.3250303268432617"
"1150","3.3189401626586914","3.3189401626586914","3.3189401626586914","3.2096357345581055","3.2096357345581055","3.2096357345581055","3.169625759124756","3.169625759124756","3.169625759124756","3.342296600341797","3.342296600341797","3.342296600341797"
"1160","2.965869903564453","2.965869903564453","2.965869903564453","3.0767452716827393","3.0767452716827393","3.0767452716827393","2.8407955169677734","2.8407955169677734","2.8407955169677734","3.0401272773742676","3.0401272773742676","3.0401272773742676"
"1170","3.2950754165649414","3.2950754165649414","3.2950754165649414","3.1418051719665527","3.1418051719665527","3.1418051719665527","3.1678266525268555","3.1678266525268555","3.1678266525268555","3.3443710803985596","3.3443710803985596","3.3443710803985596"
"1180","2.851353168487549","2.851353168487549","2.851353168487549","3.0780203342437744","3.0780203342437744","3.0780203342437744","2.724968671798706","2.724968671798706","2.724968671798706","2.9170236587524414","2.9170236587524414","2.9170236587524414"
"1190","2.9249870777130127","2.9249870777130127","2.9249870777130127","3.143967628479004","3.143967628479004","3.143967628479004","2.7786879539489746","2.7786879539489746","2.7786879539489746","3.058420419692993","3.058420419692993","3.058420419692993"
"1200","2.9538843631744385","2.9538843631744385","2.9538843631744385","3.1286256313323975","3.1286256313323975","3.1286256313323975","2.839970588684082","2.839970588684082","2.839970588684082","2.990083694458008","2.990083694458008","2.990083694458008"
"1210","3.22860050201416","3.22860050201416","3.22860050201416","3.0713236331939697","3.0713236331939697","3.0713236331939697","3.070883274078369","3.070883274078369","3.070883274078369","3.260719060897827","3.260719060897827","3.260719060897827"
"1220","3.1909375190734863","3.1909375190734863","3.1909375190734863","3.092163324356079","3.092163324356079","3.092163324356079","2.9753313064575195","2.9753313064575195","2.9753313064575195","3.162593364715576","3.162593364715576","3.162593364715576"
"1230","2.3983511924743652","2.3983511924743652","2.3983511924743652","3.1468749046325684","3.1468749046325684","3.1468749046325684","2.237738609313965","2.237738609313965","2.237738609313965","2.38834810256958","2.38834810256958","2.38834810256958"
"1240","3.2760910987854004","3.2760910987854004","3.2760910987854004","3.6088473796844482","3.6088473796844482","3.6088473796844482","3.146571636199951","3.146571636199951","3.146571636199951","3.3042852878570557","3.3042852878570557","3.3042852878570557"
"1250","2.9528565406799316","2.9528565406799316","2.9528565406799316","3.331105947494507","3.331105947494507","3.331105947494507","2.8387339115142822","2.8387339115142822","2.8387339115142822","2.9766173362731934","2.9766173362731934","2.9766173362731934"
"1260","3.3230133056640625","3.3230133056640625","3.3230133056640625","3.014291286468506","3.014291286468506","3.014291286468506","3.1866931915283203","3.1866931915283203","3.1866931915283203","3.3505501747131348","3.3505501747131348","3.3505501747131348"
"1270","3.0691354274749756","3.0691354274749756","3.0691354274749756","3.059478521347046","3.059478521347046","3.059478521347046","2.9459993839263916","2.9459993839263916","2.9459993839263916","3.1015849113464355","3.1015849113464355","3.1015849113464355"
"1280","3.193363904953003","3.193363904953003","3.193363904953003","3.012328624725342","3.012328624725342","3.012328624725342","3.0735526084899902","3.0735526084899902","3.0735526084899902","3.211571216583252","3.211571216583252","3.211571216583252"
"1290","2.8266725540161133","2.8266725540161133","2.8266725540161133","3.041998863220215","3.041998863220215","3.041998863220215","2.7112863063812256","2.7112863063812256","2.7112863063812256","2.8584609031677246","2.8584609031677246","2.8584609031677246"
"1300","3.1543431282043457","3.1543431282043457","3.1543431282043457","3.174417734146118","3.174417734146118","3.174417734146118","3.093195915222168","3.093195915222168","3.093195915222168","3.1933369636535645","3.1933369636535645","3.1933369636535645"
"1310","2.758913516998291","2.758913516998291","2.758913516998291","3.0689918994903564","3.0689918994903564","3.0689918994903564","2.6762075424194336","2.6762075424194336","2.6762075424194336","2.784316062927246","2.784316062927246","2.784316062927246"
"1320","3.2266855239868164","3.2266855239868164","3.2266855239868164","3.019824266433716","3.019824266433716","3.019824266433716","3.09708833694458","3.09708833694458","3.09708833694458","3.2549943923950195","3.2549943923950195","3.2549943923950195"
"1330","3.0468263626098633","3.0468263626098633","3.0468263626098633","3.0091776847839355","3.0091776847839355","3.0091776847839355","2.951096534729004","2.951096534729004","2.951096534729004","3.072808265686035","3.072808265686035","3.072808265686035"
"1340","3.101161003112793","3.101161003112793","3.101161003112793","3.061444044113159","3.061444044113159","3.061444044113159","3.0010387897491455","3.0010387897491455","3.0010387897491455","3.124229669570923","3.124229669570923","3.124229669570923"
"1350","3.1869630813598633","3.1869630813598633","3.1869630813598633","3.0538697242736816","3.0538697242736816","3.0538697242736816","3.0873305797576904","3.0873305797576904","3.0873305797576904","3.219221353530884","3.219221353530884","3.219221353530884"
"1360","3.306769847869873","3.306769847869873","3.306769847869873","3.0159411430358887","3.0159411430358887","3.0159411430358887","3.2309303283691406","3.2309303283691406","3.2309303283691406","3.3451507091522217","3.3451507091522217","3.3451507091522217"
"1370","3.4432263374328613","3.4432263374328613","3.4432263374328613","2.9707345962524414","2.9707345962524414","2.9707345962524414","3.371753692626953","3.371753692626953","3.371753692626953","3.478342056274414","3.478342056274414","3.478342056274414"
"1380","2.7982659339904785","2.7982659339904785","2.7982659339904785","3.015822172164917","3.015822172164917","3.015822172164917","2.7141330242156982","2.7141330242156982","2.7141330242156982","2.827249050140381","2.827249050140381","2.827249050140381"
"1390","3.027181625366211","3.027181625366211","3.027181625366211","2.9565749168395996","2.9565749168395996","2.9565749168395996","2.9413743019104004","2.9413743019104004","2.9413743019104004","3.056781768798828","3.056781768798828","3.056781768798828"
"1400","2.7261557579040527","2.7261557579040527","2.7261557579040527","2.9299709796905518","2.9299709796905518","2.9299709796905518","2.6472365856170654","2.6472365856170654","2.6472365856170654","2.7405474185943604","2.7405474185943604","2.7405474185943604"
"1410","2.8343231678009033","2.8343231678009033","2.8343231678009033","2.948371648788452","2.948371648788452","2.948371648788452","2.7389273643493652","2.7389273643493652","2.7389273643493652","2.8485512733459473","2.8485512733459473","2.8485512733459473"
"1420","3.0053322315216064","3.0053322315216064","3.0053322315216064","2.961040496826172","2.961040496826172","2.961040496826172","2.886082649230957","2.886082649230957","2.886082649230957","3.023251533508301","3.023251533508301","3.023251533508301"
"1430","3.1699090003967285","3.1699090003967285","3.1699090003967285","2.9543581008911133","2.9543581008911133","2.9543581008911133","3.0818428993225098","3.0818428993225098","3.0818428993225098","3.1963815689086914","3.1963815689086914","3.1963815689086914"
"1440","2.9660470485687256","2.9660470485687256","2.9660470485687256","2.9419472217559814","2.9419472217559814","2.9419472217559814","2.9038052558898926","2.9038052558898926","2.9038052558898926","2.995084285736084","2.995084285736084","2.995084285736084"
"1450","2.7655911445617676","2.7655911445617676","2.7655911445617676","3.011305332183838","3.011305332183838","3.011305332183838","2.6990280151367188","2.6990280151367188","2.6990280151367188","2.789447784423828","2.789447784423828","2.789447784423828"
"1460","2.974092483520508","2.974092483520508","2.974092483520508","2.8875629901885986","2.8875629901885986","2.8875629901885986","2.8789076805114746","2.8789076805114746","2.8789076805114746","2.9932148456573486","2.9932148456573486","2.9932148456573486"
"1470","2.600553274154663","2.600553274154663","2.600553274154663","2.924065113067627","2.924065113067627","2.924065113067627","2.5173776149749756","2.5173776149749756","2.5173776149749756","2.613191604614258","2.613191604614258","2.613191604614258"
"1480","2.9313106536865234","2.9313106536865234","2.9313106536865234","2.9117605686187744","2.9117605686187744","2.9117605686187744","2.8586864471435547","2.8586864471435547","2.8586864471435547","2.9452216625213623","2.9452216625213623","2.9452216625213623"
"1490","3.0051393508911133","3.0051393508911133","3.0051393508911133","2.941584825515747","2.941584825515747","2.941584825515747","2.919066905975342","2.919066905975342","2.919066905975342","3.0282983779907227","3.0282983779907227","3.0282983779907227"
"1500","2.964290142059326","2.964290142059326","2.964290142059326","2.9768893718719482","2.9768893718719482","2.9768893718719482","2.888766288757324","2.888766288757324","2.888766288757324","2.983513116836548","2.983513116836548","2.983513116836548"
"1510","3.068897008895874","3.068897008895874","3.068897008895874","2.998793125152588","2.998793125152588","2.998793125152588","3.007012367248535","3.007012367248535","3.007012367248535","3.0919086933135986","3.0919086933135986","3.0919086933135986"
"1520","2.7157745361328125","2.7157745361328125","2.7157745361328125","3.0071792602539062","3.0071792602539062","3.0071792602539062","2.633277654647827","2.633277654647827","2.633277654647827","2.734790325164795","2.734790325164795","2.734790325164795"
"1530","2.9902544021606445","2.9902544021606445","2.9902544021606445","2.923348903656006","2.923348903656006","2.923348903656006","2.9273605346679688","2.9273605346679688","2.9273605346679688","3.0109903812408447","3.0109903812408447","3.0109903812408447"
"1540","2.9588446617126465","2.9588446617126465","2.9588446617126465","2.968419075012207","2.968419075012207","2.968419075012207","2.876049280166626","2.876049280166626","2.876049280166626","2.9774374961853027","2.9774374961853027","2.9774374961853027"
"1550","3.0083465576171875","3.0083465576171875","3.0083465576171875","2.8802475929260254","2.8802475929260254","2.8802475929260254","2.925079107284546","2.925079107284546","2.925079107284546","3.0315237045288086","3.0315237045288086","3.0315237045288086"
"1560","2.413034200668335","2.413034200668335","2.413034200668335","2.9457783699035645","2.9457783699035645","2.9457783699035645","2.421506881713867","2.421506881713867","2.421506881713867","2.435739517211914","2.435739517211914","2.435739517211914"
"1570","2.994800090789795","2.994800090789795","2.994800090789795","2.939258098602295","2.939258098602295","2.939258098602295","2.8960278034210205","2.8960278034210205","2.8960278034210205","3.0179779529571533","3.0179779529571533","3.0179779529571533"
"1580","3.0108067989349365","3.0108067989349365","3.0108067989349365","2.8863022327423096","2.8863022327423096","2.8863022327423096","2.934239149093628","2.934239149093628","2.934239149093628","3.033647298812866","3.033647298812866","3.033647298812866"
"1590","2.9807839393615723","2.9807839393615723","2.9807839393615723","2.8889827728271484","2.8889827728271484","2.8889827728271484","2.9383010864257812","2.9383010864257812","2.9383010864257812","3.0014731884002686","3.0014731884002686","3.0014731884002686"
"1600","2.838111162185669","2.838111162185669","2.838111162185669","2.918468952178955","2.918468952178955","2.918468952178955","2.7745554447174072","2.7745554447174072","2.7745554447174072","2.8405447006225586","2.8405447006225586","2.8405447006225586"
"1610","2.953036308288574","2.953036308288574","2.953036308288574","2.9533443450927734","2.9533443450927734","2.9533443450927734","2.8640761375427246","2.8640761375427246","2.8640761375427246","2.970027446746826","2.970027446746826","2.970027446746826"
"1620","2.6263372898101807","2.6263372898101807","2.6263372898101807","2.8797121047973633","2.8797121047973633","2.8797121047973633","2.557286024093628","2.557286024093628","2.557286024093628","2.6461703777313232","2.6461703777313232","2.6461703777313232"
"1630","2.9413487911224365","2.9413487911224365","2.9413487911224365","2.893054723739624","2.893054723739624","2.893054723739624","2.8784050941467285","2.8784050941467285","2.8784050941467285","2.9622983932495117","2.9622983932495117","2.9622983932495117"
"1640","2.9124341011047363","2.9124341011047363","2.9124341011047363","2.8767244815826416","2.8767244815826416","2.8767244815826416","2.8771517276763916","2.8771517276763916","2.8771517276763916","2.937844753265381","2.937844753265381","2.937844753265381"
"1650","2.9207358360290527","2.9207358360290527","2.9207358360290527","3.12910532951355","3.12910532951355","3.12910532951355","2.9007699489593506","2.9007699489593506","2.9007699489593506","2.9517195224761963","2.9517195224761963","2.9517195224761963"
"1660","2.950049638748169","2.950049638748169","2.950049638748169","2.9665896892547607","2.9665896892547607","2.9665896892547607","2.944817066192627","2.944817066192627","2.944817066192627","2.977902412414551","2.977902412414551","2.977902412414551"
"1670","3.050260066986084","3.050260066986084","3.050260066986084","2.8555970191955566","2.8555970191955566","2.8555970191955566","3.0039491653442383","3.0039491653442383","3.0039491653442383","3.068495273590088","3.068495273590088","3.068495273590088"
"1680","2.7651820182800293","2.7651820182800293","2.7651820182800293","2.7948312759399414","2.7948312759399414","2.7948312759399414","2.7188124656677246","2.7188124656677246","2.7188124656677246","2.783515453338623","2.783515453338623","2.783515453338623"
"1690","2.8244035243988037","2.8244035243988037","2.8244035243988037","2.9334211349487305","2.9334211349487305","2.9334211349487305","2.782609701156616","2.782609701156616","2.782609701156616","2.8434431552886963","2.8434431552886963","2.8434431552886963"
"1700","2.6811158657073975","2.6811158657073975","2.6811158657073975","2.966630697250366","2.966630697250366","2.966630697250366","2.6436920166015625","2.6436920166015625","2.6436920166015625","2.7008519172668457","2.7008519172668457","2.7008519172668457"
"1710","2.960118293762207","2.960118293762207","2.960118293762207","2.8856546878814697","2.8856546878814697","2.8856546878814697","2.8959691524505615","2.8959691524505615","2.8959691524505615","2.9797720909118652","2.9797720909118652","2.9797720909118652"
"1720","2.8983819484710693","2.8983819484710693","2.8983819484710693","2.940702199935913","2.940702199935913","2.940702199935913","2.853395938873291","2.853395938873291","2.853395938873291","2.9216883182525635","2.9216883182525635","2.9216883182525635"
"1730","2.977755069732666","2.977755069732666","2.977755069732666","2.862302541732788","2.862302541732788","2.862302541732788","2.935445785522461","2.935445785522461","2.935445785522461","2.9939208030700684","2.9939208030700684","2.9939208030700684"
"1740","2.8819961547851562","2.8819961547851562","2.8819961547851562","2.8699772357940674","2.8699772357940674","2.8699772357940674","2.814145088195801","2.814145088195801","2.814145088195801","2.8939497470855713","2.8939497470855713","2.8939497470855713"
"1750","2.6785783767700195","2.6785783767700195","2.6785783767700195","2.921443462371826","2.921443462371826","2.921443462371826","2.691711187362671","2.691711187362671","2.691711187362671","2.6970653533935547","2.6970653533935547","2.6970653533935547"
"1760","2.907305955886841","2.907305955886841","2.907305955886841","3.0957796573638916","3.0957796573638916","3.0957796573638916","2.8360378742218018","2.8360378742218018","2.8360378742218018","2.922208547592163","2.922208547592163","2.922208547592163"
"1770","2.9327988624572754","2.9327988624572754","2.9327988624572754","2.8200011253356934","2.8200011253356934","2.8200011253356934","2.876037359237671","2.876037359237671","2.876037359237671","2.957927703857422","2.957927703857422","2.957927703857422"
"1780","2.693805456161499","2.693805456161499","2.693805456161499","3.138218402862549","3.138218402862549","3.138218402862549","2.6324756145477295","2.6324756145477295","2.6324756145477295","2.7329883575439453","2.7329883575439453","2.7329883575439453"
"1790","2.3835480213165283","2.3835480213165283","2.3835480213165283","2.845940113067627","2.845940113067627","2.845940113067627","2.362863540649414","2.362863540649414","2.362863540649414","2.4080307483673096","2.4080307483673096","2.4080307483673096"
"1800","2.83919620513916","2.83919620513916","2.83919620513916","2.911642074584961","2.911642074584961","2.911642074584961","2.7795791625976562","2.7795791625976562","2.7795791625976562","2.8607897758483887","2.8607897758483887","2.8607897758483887"
"1810","2.8717808723449707","2.8717808723449707","2.8717808723449707","2.8214409351348877","2.8214409351348877","2.8214409351348877","2.8105881214141846","2.8105881214141846","2.8105881214141846","2.890862226486206","2.890862226486206","2.890862226486206"
"1820","3.0448756217956543","3.0448756217956543","3.0448756217956543","2.8193914890289307","2.8193914890289307","2.8193914890289307","3.028157949447632","3.028157949447632","3.028157949447632","3.036172866821289","3.036172866821289","3.036172866821289"
"1830","2.6137938499450684","2.6137938499450684","2.6137938499450684","2.83681583404541","2.83681583404541","2.83681583404541","2.6056535243988037","2.6056535243988037","2.6056535243988037","2.6376445293426514","2.6376445293426514","2.6376445293426514"
"1840","2.331524133682251","2.331524133682251","2.331524133682251","2.8581018447875977","2.8581018447875977","2.8581018447875977","2.3016176223754883","2.3016176223754883","2.3016176223754883","2.3579158782958984","2.3579158782958984","2.3579158782958984"
"1850","2.777639389038086","2.777639389038086","2.777639389038086","2.764724016189575","2.764724016189575","2.764724016189575","2.741816520690918","2.741816520690918","2.741816520690918","2.8082332611083984","2.8082332611083984","2.8082332611083984"
"1860","2.6679487228393555","2.6679487228393555","2.6679487228393555","3.136240005493164","3.136240005493164","3.136240005493164","2.65529203414917","2.65529203414917","2.65529203414917","2.691957473754883","2.691957473754883","2.691957473754883"
"1870","2.8373541831970215","2.8373541831970215","2.8373541831970215","2.903964042663574","2.903964042663574","2.903964042663574","2.815223217010498","2.815223217010498","2.815223217010498","2.8594260215759277","2.8594260215759277","2.8594260215759277"
"1880","2.9935708045959473","2.9935708045959473","2.9935708045959473","2.8235080242156982","2.8235080242156982","2.8235080242156982","2.9443860054016113","2.9443860054016113","2.9443860054016113","3.0088348388671875","3.0088348388671875","3.0088348388671875"
"1890","2.8263673782348633","2.8263673782348633","2.8263673782348633","2.8390676975250244","2.8390676975250244","2.8390676975250244","2.7866368293762207","2.7866368293762207","2.7866368293762207","2.8607544898986816","2.8607544898986816","2.8607544898986816"
"1900","2.9548120498657227","2.9548120498657227","2.9548120498657227","2.7391152381896973","2.7391152381896973","2.7391152381896973","2.930793046951294","2.930793046951294","2.930793046951294","2.971463680267334","2.971463680267334","2.971463680267334"
"1910","2.8542771339416504","2.8542771339416504","2.8542771339416504","2.803276538848877","2.803276538848877","2.803276538848877","2.8320059776306152","2.8320059776306152","2.8320059776306152","2.8738603591918945","2.8738603591918945","2.8738603591918945"
"1920","2.872117042541504","2.872117042541504","2.872117042541504","2.7823543548583984","2.7823543548583984","2.7823543548583984","2.871769905090332","2.871769905090332","2.871769905090332","2.8916029930114746","2.8916029930114746","2.8916029930114746"
"1930","2.5119404792785645","2.5119404792785645","2.5119404792785645","2.7680153846740723","2.7680153846740723","2.7680153846740723","2.4812211990356445","2.4812211990356445","2.4812211990356445","2.5242109298706055","2.5242109298706055","2.5242109298706055"
"1940","2.8720529079437256","2.8720529079437256","2.8720529079437256","2.775003433227539","2.775003433227539","2.775003433227539","2.8648204803466797","2.8648204803466797","2.8648204803466797","2.8854780197143555","2.8854780197143555","2.8854780197143555"
"1950","2.83198881149292","2.83198881149292","2.83198881149292","2.788686752319336","2.788686752319336","2.788686752319336","2.7814056873321533","2.7814056873321533","2.7814056873321533","2.8477044105529785","2.8477044105529785","2.8477044105529785"
"1960","3.0782392024993896","3.0782392024993896","3.0782392024993896","2.7647054195404053","2.7647054195404053","2.7647054195404053","3.054201364517212","3.054201364517212","3.054201364517212","3.1162970066070557","3.1162970066070557","3.1162970066070557"
"1970","2.8866851329803467","2.8866851329803467","2.8866851329803467","2.765568971633911","2.765568971633911","2.765568971633911","2.838716745376587","2.838716745376587","2.838716745376587","2.8869380950927734","2.8869380950927734","2.8869380950927734"
"1980","2.7733616828918457","2.7733616828918457","2.7733616828918457","2.6856746673583984","2.6856746673583984","2.6856746673583984","2.734689712524414","2.734689712524414","2.734689712524414","2.7790870666503906","2.7790870666503906","2.7790870666503906"
"1990","2.6687803268432617","2.6687803268432617","2.6687803268432617","2.77892804145813","2.77892804145813","2.77892804145813","2.6422882080078125","2.6422882080078125","2.6422882080078125","2.6877126693725586","2.6877126693725586","2.6877126693725586"
"2000","2.8381943702697754","2.8381943702697754","2.8381943702697754","2.7408721446990967","2.7408721446990967","2.7408721446990967","2.829838991165161","2.829838991165161","2.829838991165161","2.858567953109741","2.858567953109741","2.858567953109741"
"2010","2.709352493286133","2.709352493286133","2.709352493286133","2.8408470153808594","2.8408470153808594","2.8408470153808594","2.8371987342834473","2.8371987342834473","2.8371987342834473","2.746393918991089","2.746393918991089","2.746393918991089"
"2020","2.736030340194702","2.736030340194702","2.736030340194702","2.724885940551758","2.724885940551758","2.724885940551758","2.7164533138275146","2.7164533138275146","2.7164533138275146","2.7622029781341553","2.7622029781341553","2.7622029781341553"
"2030","2.5387110710144043","2.5387110710144043","2.5387110710144043","2.7267770767211914","2.7267770767211914","2.7267770767211914","2.5211377143859863","2.5211377143859863","2.5211377143859863","2.557398557662964","2.557398557662964","2.557398557662964"
"2040","2.822378635406494","2.822378635406494","2.822378635406494","2.7390599250793457","2.7390599250793457","2.7390599250793457","2.784541368484497","2.784541368484497","2.784541368484497","2.841844081878662","2.841844081878662","2.841844081878662"
"2050","2.725614547729492","2.725614547729492","2.725614547729492","3.1869211196899414","3.1869211196899414","3.1869211196899414","2.69830584526062","2.69830584526062","2.69830584526062","2.7471113204956055","2.7471113204956055","2.7471113204956055"
"2060","3.0451550483703613","3.0451550483703613","3.0451550483703613","2.759627103805542","2.759627103805542","2.759627103805542","3.014503240585327","3.014503240585327","3.014503240585327","3.064152240753174","3.064152240753174","3.064152240753174"
"2070","2.7413330078125","2.7413330078125","2.7413330078125","2.8221049308776855","2.8221049308776855","2.8221049308776855","2.7471537590026855","2.7471537590026855","2.7471537590026855","2.7628273963928223","2.7628273963928223","2.7628273963928223"
"2080","2.7651302814483643","2.7651302814483643","2.7651302814483643","2.6972312927246094","2.6972312927246094","2.6972312927246094","2.7546162605285645","2.7546162605285645","2.7546162605285645","2.783405303955078","2.783405303955078","2.783405303955078"
"2090","2.5543251037597656","2.5543251037597656","2.5543251037597656","2.7016282081604004","2.7016282081604004","2.7016282081604004","2.5323269367218018","2.5323269367218018","2.5323269367218018","2.567774772644043","2.567774772644043","2.567774772644043"
"2100","2.597416400909424","2.597416400909424","2.597416400909424","2.724306106567383","2.724306106567383","2.724306106567383","2.5939431190490723","2.5939431190490723","2.5939431190490723","2.6135401725769043","2.6135401725769043","2.6135401725769043"
"2110","2.7809712886810303","2.7809712886810303","2.7809712886810303","3.3041303157806396","3.3041303157806396","3.3041303157806396","2.767641305923462","2.767641305923462","2.767641305923462","2.8018887042999268","2.8018887042999268","2.8018887042999268"
"2120","2.7476468086242676","2.7476468086242676","2.7476468086242676","2.7319090366363525","2.7319090366363525","2.7319090366363525","2.710521697998047","2.710521697998047","2.710521697998047","2.7706475257873535","2.7706475257873535","2.7706475257873535"
"2130","2.6459081172943115","2.6459081172943115","2.6459081172943115","2.719754457473755","2.719754457473755","2.719754457473755","2.6431424617767334","2.6431424617767334","2.6431424617767334","2.670600414276123","2.670600414276123","2.670600414276123"
"2140","2.7928309440612793","2.7928309440612793","2.7928309440612793","2.870018482208252","2.870018482208252","2.870018482208252","2.760754346847534","2.760754346847534","2.760754346847534","2.810852527618408","2.810852527618408","2.810852527618408"
"2150","2.713594913482666","2.713594913482666","2.713594913482666","2.7733371257781982","2.7733371257781982","2.7733371257781982","2.695488929748535","2.695488929748535","2.695488929748535","2.7301225662231445","2.7301225662231445","2.7301225662231445"
"2160","2.8041481971740723","2.8041481971740723","2.8041481971740723","2.6822288036346436","2.6822288036346436","2.6822288036346436","2.7756290435791016","2.7756290435791016","2.7756290435791016","2.8132760524749756","2.8132760524749756","2.8132760524749756"
"2170","2.609166383743286","2.609166383743286","2.609166383743286","2.7173354625701904","2.7173354625701904","2.7173354625701904","2.637608528137207","2.637608528137207","2.637608528137207","2.615699291229248","2.615699291229248","2.615699291229248"
"2180","2.7488086223602295","2.7488086223602295","2.7488086223602295","2.695606231689453","2.695606231689453","2.695606231689453","2.7139101028442383","2.7139101028442383","2.7139101028442383","2.757175922393799","2.757175922393799","2.757175922393799"
"2190","2.732595920562744","2.732595920562744","2.732595920562744","2.6896395683288574","2.6896395683288574","2.6896395683288574","2.697154998779297","2.697154998779297","2.697154998779297","2.7437024116516113","2.7437024116516113","2.7437024116516113"
"2200","2.7250540256500244","2.7250540256500244","2.7250540256500244","2.71012020111084","2.71012020111084","2.71012020111084","2.7066729068756104","2.7066729068756104","2.7066729068756104","2.7401652336120605","2.7401652336120605","2.7401652336120605"
"2210","2.8537168502807617","2.8537168502807617","2.8537168502807617","2.641510009765625","2.641510009765625","2.641510009765625","2.830213785171509","2.830213785171509","2.830213785171509","2.869236707687378","2.869236707687378","2.869236707687378"
"2220","2.547736167907715","2.547736167907715","2.547736167907715","2.6365585327148438","2.6365585327148438","2.6365585327148438","2.558755397796631","2.558755397796631","2.558755397796631","2.564398765563965","2.564398765563965","2.564398765563965"
"2230","2.6717686653137207","2.6717686653137207","2.6717686653137207","2.7012124061584473","2.7012124061584473","2.7012124061584473","2.658433198928833","2.658433198928833","2.658433198928833","2.6945230960845947","2.6945230960845947","2.6945230960845947"
"2240","2.5686354637145996","2.5686354637145996","2.5686354637145996","2.679703712463379","2.679703712463379","2.679703712463379","2.5683743953704834","2.5683743953704834","2.5683743953704834","2.5830016136169434","2.5830016136169434","2.5830016136169434"
"2250","2.884383201599121","2.884383201599121","2.884383201599121","2.6862359046936035","2.6862359046936035","2.6862359046936035","2.8539974689483643","2.8539974689483643","2.8539974689483643","2.8985819816589355","2.8985819816589355","2.8985819816589355"
"2260","3.0908565521240234","3.0908565521240234","3.0908565521240234","2.7403738498687744","2.7403738498687744","2.7403738498687744","3.047719955444336","3.047719955444336","3.047719955444336","3.1000301837921143","3.1000301837921143","3.1000301837921143"
"2270","2.6956233978271484","2.6956233978271484","2.6956233978271484","2.700040817260742","2.700040817260742","2.700040817260742","2.6850714683532715","2.6850714683532715","2.6850714683532715","2.71250057220459","2.71250057220459","2.71250057220459"
"2280","2.567042112350464","2.567042112350464","2.567042112350464","2.6817495822906494","2.6817495822906494","2.6817495822906494","2.5433106422424316","2.5433106422424316","2.5433106422424316","2.573890209197998","2.573890209197998","2.573890209197998"
"2290","2.7000770568847656","2.7000770568847656","2.7000770568847656","2.641162872314453","2.641162872314453","2.641162872314453","2.733771562576294","2.733771562576294","2.733771562576294","2.6975817680358887","2.6975817680358887","2.6975817680358887"
"2300","2.682225465774536","2.682225465774536","2.682225465774536","2.78987979888916","2.78987979888916","2.78987979888916","2.6400904655456543","2.6400904655456543","2.6400904655456543","2.6884632110595703","2.6884632110595703","2.6884632110595703"
"2310","2.576756715774536","2.576756715774536","2.576756715774536","2.6401214599609375","2.6401214599609375","2.6401214599609375","2.536609649658203","2.536609649658203","2.536609649658203","2.5814175605773926","2.5814175605773926","2.5814175605773926"
"2320","3.251739025115967","3.251739025115967","3.251739025115967","2.667473077774048","2.667473077774048","2.667473077774048","3.2407755851745605","3.2407755851745605","3.2407755851745605","3.2844483852386475","3.2844483852386475","3.2844483852386475"
"2330","2.5414981842041016","2.5414981842041016","2.5414981842041016","2.68680477142334","2.68680477142334","2.68680477142334","2.5056087970733643","2.5056087970733643","2.5056087970733643","2.562119722366333","2.562119722366333","2.562119722366333"
"2340","2.656196355819702","2.656196355819702","2.656196355819702","2.681540012359619","2.681540012359619","2.681540012359619","2.631006956100464","2.631006956100464","2.631006956100464","2.6746327877044678","2.6746327877044678","2.6746327877044678"
"2350","2.715991258621216","2.715991258621216","2.715991258621216","2.770918130874634","2.770918130874634","2.770918130874634","2.730463981628418","2.730463981628418","2.730463981628418","2.734605312347412","2.734605312347412","2.734605312347412"
"2360","2.870907783508301","2.870907783508301","2.870907783508301","2.6354804039001465","2.6354804039001465","2.6354804039001465","2.876777172088623","2.876777172088623","2.876777172088623","2.887394905090332","2.887394905090332","2.887394905090332"
"2370","2.71875","2.71875","2.71875","2.6881158351898193","2.6881158351898193","2.6881158351898193","2.6803243160247803","2.6803243160247803","2.6803243160247803","2.730725049972534","2.730725049972534","2.730725049972534"
"2380","2.599149227142334","2.599149227142334","2.599149227142334","2.675200939178467","2.675200939178467","2.675200939178467","2.5872645378112793","2.5872645378112793","2.5872645378112793","2.611525058746338","2.611525058746338","2.611525058746338"
"2390","2.6563384532928467","2.6563384532928467","2.6563384532928467","2.6318142414093018","2.6318142414093018","2.6318142414093018","2.6096577644348145","2.6096577644348145","2.6096577644348145","2.668031930923462","2.668031930923462","2.668031930923462"
"2400","2.4278130531311035","2.4278130531311035","2.4278130531311035","2.626188278198242","2.626188278198242","2.626188278198242","2.414170980453491","2.414170980453491","2.414170980453491","2.4377055168151855","2.4377055168151855","2.4377055168151855"
"2410","2.688340187072754","2.688340187072754","2.688340187072754","2.718994379043579","2.718994379043579","2.718994379043579","2.6651663780212402","2.6651663780212402","2.6651663780212402","2.695317029953003","2.695317029953003","2.695317029953003"
"2420","2.7208690643310547","2.7208690643310547","2.7208690643310547","2.6307168006896973","2.6307168006896973","2.6307168006896973","2.702655792236328","2.702655792236328","2.702655792236328","2.7349720001220703","2.7349720001220703","2.7349720001220703"
"2430","2.627936840057373","2.627936840057373","2.627936840057373","2.648912191390991","2.648912191390991","2.648912191390991","2.6103103160858154","2.6103103160858154","2.6103103160858154","2.642500400543213","2.642500400543213","2.642500400543213"
"2440","2.6513051986694336","2.6513051986694336","2.6513051986694336","2.5973219871520996","2.5973219871520996","2.5973219871520996","2.6306400299072266","2.6306400299072266","2.6306400299072266","2.6663289070129395","2.6663289070129395","2.6663289070129395"
"2450","2.5723931789398193","2.5723931789398193","2.5723931789398193","2.670743227005005","2.670743227005005","2.670743227005005","2.5438849925994873","2.5438849925994873","2.5438849925994873","2.5826711654663086","2.5826711654663086","2.5826711654663086"
"2460","2.257831573486328","2.257831573486328","2.257831573486328","2.687587261199951","2.687587261199951","2.687587261199951","2.260723352432251","2.260723352432251","2.260723352432251","2.2709879875183105","2.2709879875183105","2.2709879875183105"
"2470","2.4756722450256348","2.4756722450256348","2.4756722450256348","2.61830997467041","2.61830997467041","2.61830997467041","2.461357593536377","2.461357593536377","2.461357593536377","2.488577127456665","2.488577127456665","2.488577127456665"
"2480","2.5421133041381836","2.5421133041381836","2.5421133041381836","2.6714510917663574","2.6714510917663574","2.6714510917663574","2.5325865745544434","2.5325865745544434","2.5325865745544434","2.5605475902557373","2.5605475902557373","2.5605475902557373"
"2490","2.77593994140625","2.77593994140625","2.77593994140625","2.5989511013031006","2.5989511013031006","2.5989511013031006","2.7735254764556885","2.7735254764556885","2.7735254764556885","2.7905495166778564","2.7905495166778564","2.7905495166778564"
"2500","2.710203170776367","2.710203170776367","2.710203170776367","2.705698251724243","2.705698251724243","2.705698251724243","2.6895899772644043","2.6895899772644043","2.6895899772644043","2.7236673831939697","2.7236673831939697","2.7236673831939697"
"2510","2.5986547470092773","2.5986547470092773","2.5986547470092773","2.680957555770874","2.680957555770874","2.680957555770874","2.6038975715637207","2.6038975715637207","2.6038975715637207","2.6081666946411133","2.6081666946411133","2.6081666946411133"
"2520","2.2399404048919678","2.2399404048919678","2.2399404048919678","2.758711814880371","2.758711814880371","2.758711814880371","2.2475268840789795","2.2475268840789795","2.2475268840789795","2.2529776096343994","2.2529776096343994","2.2529776096343994"
"2530","2.687161445617676","2.687161445617676","2.687161445617676","2.6866185665130615","2.6866185665130615","2.6866185665130615","2.65311598777771","2.65311598777771","2.65311598777771","2.7017531394958496","2.7017531394958496","2.7017531394958496"
"2540","2.655010461807251","2.655010461807251","2.655010461807251","2.6644134521484375","2.6644134521484375","2.6644134521484375","2.6408708095550537","2.6408708095550537","2.6408708095550537","2.6720166206359863","2.6720166206359863","2.6720166206359863"
"2550","2.6649160385131836","2.6649160385131836","2.6649160385131836","2.615921974182129","2.615921974182129","2.615921974182129","2.676316261291504","2.676316261291504","2.676316261291504","2.6812775135040283","2.6812775135040283","2.6812775135040283"
"2560","2.5305333137512207","2.5305333137512207","2.5305333137512207","2.762441396713257","2.762441396713257","2.762441396713257","2.512387275695801","2.512387275695801","2.512387275695801","2.5440833568573","2.5440833568573","2.5440833568573"
"2570","2.6923577785491943","2.6923577785491943","2.6923577785491943","2.664824962615967","2.664824962615967","2.664824962615967","2.6729679107666016","2.6729679107666016","2.6729679107666016","2.7051186561584473","2.7051186561584473","2.7051186561584473"
"2580","2.5827012062072754","2.5827012062072754","2.5827012062072754","2.598233699798584","2.598233699798584","2.598233699798584","2.5867419242858887","2.5867419242858887","2.5867419242858887","2.597832679748535","2.597832679748535","2.597832679748535"
"2590","2.748048782348633","2.748048782348633","2.748048782348633","2.647679328918457","2.647679328918457","2.647679328918457","2.7525734901428223","2.7525734901428223","2.7525734901428223","2.7625131607055664","2.7625131607055664","2.7625131607055664"
"2600","2.656667709350586","2.656667709350586","2.656667709350586","2.603829860687256","2.603829860687256","2.603829860687256","2.654741048812866","2.654741048812866","2.654741048812866","2.670159101486206","2.670159101486206","2.670159101486206"
"2610","2.645826816558838","2.645826816558838","2.645826816558838","2.6246838569641113","2.6246838569641113","2.6246838569641113","2.63912296295166","2.63912296295166","2.63912296295166","2.660322666168213","2.660322666168213","2.660322666168213"
"2620","2.3923096656799316","2.3923096656799316","2.3923096656799316","2.6329638957977295","2.6329638957977295","2.6329638957977295","2.3836920261383057","2.3836920261383057","2.3836920261383057","2.4042959213256836","2.4042959213256836","2.4042959213256836"
"2630","2.697030544281006","2.697030544281006","2.697030544281006","2.6506106853485107","2.6506106853485107","2.6506106853485107","2.6854965686798096","2.6854965686798096","2.6854965686798096","2.7093892097473145","2.7093892097473145","2.7093892097473145"
"2640","2.5764052867889404","2.5764052867889404","2.5764052867889404","2.571356773376465","2.571356773376465","2.571356773376465","2.572999954223633","2.572999954223633","2.572999954223633","2.5887293815612793","2.5887293815612793","2.5887293815612793"
"2650","2.5999059677124023","2.5999059677124023","2.5999059677124023","2.640608787536621","2.640608787536621","2.640608787536621","2.5978469848632812","2.5978469848632812","2.5978469848632812","2.6151633262634277","2.6151633262634277","2.6151633262634277"
"2660","2.458138942718506","2.458138942718506","2.458138942718506","2.5777714252471924","2.5777714252471924","2.5777714252471924","2.453137159347534","2.453137159347534","2.453137159347534","2.468137264251709","2.468137264251709","2.468137264251709"
"2670","2.302677869796753","2.302677869796753","2.302677869796753","2.652111768722534","2.652111768722534","2.652111768722534","2.280785322189331","2.280785322189331","2.280785322189331","2.31514048576355","2.31514048576355","2.31514048576355"
"2680","2.3482069969177246","2.3482069969177246","2.3482069969177246","2.581192970275879","2.581192970275879","2.581192970275879","2.3548355102539062","2.3548355102539062","2.3548355102539062","2.361574172973633","2.361574172973633","2.361574172973633"
"2690","2.639875650405884","2.639875650405884","2.639875650405884","2.6024563312530518","2.6024563312530518","2.6024563312530518","2.6206250190734863","2.6206250190734863","2.6206250190734863","2.653818130493164","2.653818130493164","2.653818130493164"
"2700","2.6230952739715576","2.6230952739715576","2.6230952739715576","2.598736047744751","2.598736047744751","2.598736047744751","2.602540969848633","2.602540969848633","2.602540969848633","2.6320199966430664","2.6320199966430664","2.6320199966430664"
"2710","2.646183967590332","2.646183967590332","2.646183967590332","2.6244289875030518","2.6244289875030518","2.6244289875030518","2.6399731636047363","2.6399731636047363","2.6399731636047363","2.664018392562866","2.664018392562866","2.664018392562866"
"2720","2.6408066749572754","2.6408066749572754","2.6408066749572754","2.6332762241363525","2.6332762241363525","2.6332762241363525","2.617410898208618","2.617410898208618","2.617410898208618","2.649963140487671","2.649963140487671","2.649963140487671"
"2730","2.225067615509033","2.225067615509033","2.225067615509033","2.6717731952667236","2.6717731952667236","2.6717731952667236","2.2598226070404053","2.2598226070404053","2.2598226070404053","2.2125625610351562","2.2125625610351562","2.2125625610351562"
"2740","2.596855878829956","2.596855878829956","2.596855878829956","2.602396011352539","2.602396011352539","2.602396011352539","2.5976932048797607","2.5976932048797607","2.5976932048797607","2.604726791381836","2.604726791381836","2.604726791381836"
"2750","2.7835440635681152","2.7835440635681152","2.7835440635681152","2.567469596862793","2.567469596862793","2.567469596862793","2.7579023838043213","2.7579023838043213","2.7579023838043213","2.795408248901367","2.795408248901367","2.795408248901367"
"2760","2.7259390354156494","2.7259390354156494","2.7259390354156494","2.6834959983825684","2.6834959983825684","2.6834959983825684","2.7241079807281494","2.7241079807281494","2.7241079807281494","2.734949827194214","2.734949827194214","2.734949827194214"
"2770","2.6517598628997803","2.6517598628997803","2.6517598628997803","2.5475213527679443","2.5475213527679443","2.5475213527679443","2.627941846847534","2.627941846847534","2.627941846847534","2.659393072128296","2.659393072128296","2.659393072128296"
"2780","2.6160542964935303","2.6160542964935303","2.6160542964935303","2.534778594970703","2.534778594970703","2.534778594970703","2.604152202606201","2.604152202606201","2.604152202606201","2.625307083129883","2.625307083129883","2.625307083129883"
"2790","2.6911580562591553","2.6911580562591553","2.6911580562591553","2.579380989074707","2.579380989074707","2.579380989074707","2.711380958557129","2.711380958557129","2.711380958557129","2.702587366104126","2.702587366104126","2.702587366104126"
"2800","2.5966744422912598","2.5966744422912598","2.5966744422912598","2.587611436843872","2.587611436843872","2.587611436843872","2.593433141708374","2.593433141708374","2.593433141708374","2.6100845336914062","2.6100845336914062","2.6100845336914062"
"2810","2.5439183712005615","2.5439183712005615","2.5439183712005615","2.5832061767578125","2.5832061767578125","2.5832061767578125","2.5481057167053223","2.5481057167053223","2.5481057167053223","2.556710720062256","2.556710720062256","2.556710720062256"
"2820","2.4779796600341797","2.4779796600341797","2.4779796600341797","2.589204788208008","2.589204788208008","2.589204788208008","2.466269016265869","2.466269016265869","2.466269016265869","2.487830400466919","2.487830400466919","2.487830400466919"
"2830","2.6480774879455566","2.6480774879455566","2.6480774879455566","2.559089183807373","2.559089183807373","2.559089183807373","2.639591932296753","2.639591932296753","2.639591932296753","2.6578383445739746","2.6578383445739746","2.6578383445739746"
"2840","2.5675952434539795","2.5675952434539795","2.5675952434539795","2.5764753818511963","2.5764753818511963","2.5764753818511963","2.5675106048583984","2.5675106048583984","2.5675106048583984","2.576916217803955","2.576916217803955","2.576916217803955"
"2850","2.5357065200805664","2.5357065200805664","2.5357065200805664","2.569885730743408","2.569885730743408","2.569885730743408","2.5215859413146973","2.5215859413146973","2.5215859413146973","2.5446345806121826","2.5446345806121826","2.5446345806121826"
"2860","2.608389139175415","2.608389139175415","2.608389139175415","2.5706088542938232","2.5706088542938232","2.5706088542938232","2.5826892852783203","2.5826892852783203","2.5826892852783203","2.618885040283203","2.618885040283203","2.618885040283203"
"2870","2.6333670616149902","2.6333670616149902","2.6333670616149902","2.5596985816955566","2.5596985816955566","2.5596985816955566","2.6160728931427","2.6160728931427","2.6160728931427","2.637925386428833","2.637925386428833","2.637925386428833"
"2880","2.629194736480713","2.629194736480713","2.629194736480713","2.568394422531128","2.568394422531128","2.568394422531128","2.601837635040283","2.601837635040283","2.601837635040283","2.6345763206481934","2.6345763206481934","2.6345763206481934"
"2890","2.5959205627441406","2.5959205627441406","2.5959205627441406","2.603842258453369","2.603842258453369","2.603842258453369","2.602891206741333","2.602891206741333","2.602891206741333","2.60718035697937","2.60718035697937","2.60718035697937"
"2900","2.588958263397217","2.588958263397217","2.588958263397217","2.8037586212158203","2.8037586212158203","2.8037586212158203","2.562087059020996","2.562087059020996","2.562087059020996","2.597487688064575","2.597487688064575","2.597487688064575"
"2910","2.4030416011810303","2.4030416011810303","2.4030416011810303","2.6509759426116943","2.6509759426116943","2.6509759426116943","2.404162645339966","2.404162645339966","2.404162645339966","2.4075818061828613","2.4075818061828613","2.4075818061828613"
"2920","2.2592012882232666","2.2592012882232666","2.2592012882232666","2.728980541229248","2.728980541229248","2.728980541229248","2.259256601333618","2.259256601333618","2.259256601333618","2.2646915912628174","2.2646915912628174","2.2646915912628174"
"2930","2.560685873031616","2.560685873031616","2.560685873031616","2.6568288803100586","2.6568288803100586","2.6568288803100586","2.529470682144165","2.529470682144165","2.529470682144165","2.5707244873046875","2.5707244873046875","2.5707244873046875"
"2940","2.5524048805236816","2.5524048805236816","2.5524048805236816","2.622171401977539","2.622171401977539","2.622171401977539","2.545936107635498","2.545936107635498","2.545936107635498","2.5667595863342285","2.5667595863342285","2.5667595863342285"
"2950","2.3794400691986084","2.3794400691986084","2.3794400691986084","2.6077497005462646","2.6077497005462646","2.6077497005462646","2.3676047325134277","2.3676047325134277","2.3676047325134277","2.396878242492676","2.396878242492676","2.396878242492676"
"2960","2.5784718990325928","2.5784718990325928","2.5784718990325928","2.553394317626953","2.553394317626953","2.553394317626953","2.5926079750061035","2.5926079750061035","2.5926079750061035","2.5963668823242188","2.5963668823242188","2.5963668823242188"
"2970","2.4883623123168945","2.4883623123168945","2.4883623123168945","2.674114465713501","2.674114465713501","2.674114465713501","2.4856772422790527","2.4856772422790527","2.4856772422790527","2.503404140472412","2.503404140472412","2.503404140472412"
"2980","2.3172154426574707","2.3172154426574707","2.3172154426574707","2.5618081092834473","2.5618081092834473","2.5618081092834473","2.311873435974121","2.311873435974121","2.311873435974121","2.3309528827667236","2.3309528827667236","2.3309528827667236"
"2990","2.6099135875701904","2.6099135875701904","2.6099135875701904","2.7041773796081543","2.7041773796081543","2.7041773796081543","2.5775647163391113","2.5775647163391113","2.5775647163391113","2.6202425956726074","2.6202425956726074","2.6202425956726074"
"3000","2.4730515480041504","2.4730515480041504","2.4730515480041504","2.5363476276397705","2.5363476276397705","2.5363476276397705","2.482922077178955","2.482922077178955","2.482922077178955","2.482527256011963","2.482527256011963","2.482527256011963"
"3010","2.014831304550171","2.014831304550171","2.014831304550171","2.5652410984039307","2.5652410984039307","2.5652410984039307","2.0301432609558105","2.0301432609558105","2.0301432609558105","2.023174524307251","2.023174524307251","2.023174524307251"
"3020","2.6121573448181152","2.6121573448181152","2.6121573448181152","2.648883819580078","2.648883819580078","2.648883819580078","2.6185338497161865","2.6185338497161865","2.6185338497161865","2.621051788330078","2.621051788330078","2.621051788330078"
"3030","2.71976900100708","2.71976900100708","2.71976900100708","2.555539608001709","2.555539608001709","2.555539608001709","2.789024829864502","2.789024829864502","2.789024829864502","2.7114670276641846","2.7114670276641846","2.7114670276641846"
"3040","2.2022783756256104","2.2022783756256104","2.2022783756256104","2.549590587615967","2.549590587615967","2.549590587615967","2.201735019683838","2.201735019683838","2.201735019683838","2.2109570503234863","2.2109570503234863","2.2109570503234863"
"3050","2.2847278118133545","2.2847278118133545","2.2847278118133545","2.645270824432373","2.645270824432373","2.645270824432373","2.295546770095825","2.295546770095825","2.295546770095825","2.2939722537994385","2.2939722537994385","2.2939722537994385"
"3060","2.5718133449554443","2.5718133449554443","2.5718133449554443","2.5929081439971924","2.5929081439971924","2.5929081439971924","2.5667686462402344","2.5667686462402344","2.5667686462402344","2.583444595336914","2.583444595336914","2.583444595336914"
"3070","2.479396343231201","2.479396343231201","2.479396343231201","2.567790985107422","2.567790985107422","2.567790985107422","2.470390558242798","2.470390558242798","2.470390558242798","2.4894638061523438","2.4894638061523438","2.4894638061523438"
"3080","2.602705478668213","2.602705478668213","2.602705478668213","2.535916328430176","2.535916328430176","2.535916328430176","2.596024751663208","2.596024751663208","2.596024751663208","2.612698793411255","2.612698793411255","2.612698793411255"
"3090","2.4987399578094482","2.4987399578094482","2.4987399578094482","2.512451171875","2.512451171875","2.512451171875","2.4919626712799072","2.4919626712799072","2.4919626712799072","2.50991153717041","2.50991153717041","2.50991153717041"
"3100","2.3143839836120605","2.3143839836120605","2.3143839836120605","2.531860113143921","2.531860113143921","2.531860113143921","2.3077611923217773","2.3077611923217773","2.3077611923217773","2.323742628097534","2.323742628097534","2.323742628097534"
"3110","2.424957275390625","2.424957275390625","2.424957275390625","2.552147388458252","2.552147388458252","2.552147388458252","2.439798355102539","2.439798355102539","2.439798355102539","2.4351389408111572","2.4351389408111572","2.4351389408111572"
"3120","2.5615479946136475","2.5615479946136475","2.5615479946136475","2.55088472366333","2.55088472366333","2.55088472366333","2.5509796142578125","2.5509796142578125","2.5509796142578125","2.573300361633301","2.573300361633301","2.573300361633301"
"3130","2.554048538208008","2.554048538208008","2.554048538208008","2.540574789047241","2.540574789047241","2.540574789047241","2.548915147781372","2.548915147781372","2.548915147781372","2.563002109527588","2.563002109527588","2.563002109527588"
"3140","2.5515503883361816","2.5515503883361816","2.5515503883361816","2.53275203704834","2.53275203704834","2.53275203704834","2.594412326812744","2.594412326812744","2.594412326812744","2.5626511573791504","2.5626511573791504","2.5626511573791504"
"3150","2.572169780731201","2.572169780731201","2.572169780731201","2.5345563888549805","2.5345563888549805","2.5345563888549805","2.5779194831848145","2.5779194831848145","2.5779194831848145","2.5827791690826416","2.5827791690826416","2.5827791690826416"
"3160","2.578526020050049","2.578526020050049","2.578526020050049","2.5239968299865723","2.5239968299865723","2.5239968299865723","2.5780577659606934","2.5780577659606934","2.5780577659606934","2.5934762954711914","2.5934762954711914","2.5934762954711914"
"3170","2.6097517013549805","2.6097517013549805","2.6097517013549805","2.560316562652588","2.560316562652588","2.560316562652588","2.6245205402374268","2.6245205402374268","2.6245205402374268","2.624912738800049","2.624912738800049","2.624912738800049"
"3180","2.589465856552124","2.589465856552124","2.589465856552124","2.5278077125549316","2.5278077125549316","2.5278077125549316","2.583247661590576","2.583247661590576","2.583247661590576","2.6112546920776367","2.6112546920776367","2.6112546920776367"
"3190","2.527785539627075","2.527785539627075","2.527785539627075","2.6123385429382324","2.6123385429382324","2.6123385429382324","2.3983254432678223","2.3983254432678223","2.3983254432678223","2.4060323238372803","2.4060323238372803","2.4060323238372803"
"3200","2.544637680053711","2.544637680053711","2.544637680053711","2.534355878829956","2.534355878829956","2.534355878829956","2.5242092609405518","2.5242092609405518","2.5242092609405518","2.540477991104126","2.540477991104126","2.540477991104126"
"3210","2.633620262145996","2.633620262145996","2.633620262145996","2.5404815673828125","2.5404815673828125","2.5404815673828125","2.628777265548706","2.628777265548706","2.628777265548706","2.6332201957702637","2.6332201957702637","2.6332201957702637"
"3220","2.5811123847961426","2.5811123847961426","2.5811123847961426","2.5323312282562256","2.5323312282562256","2.5323312282562256","2.5854320526123047","2.5854320526123047","2.5854320526123047","2.5674359798431396","2.5674359798431396","2.5674359798431396"
"3230","2.604483127593994","2.604483127593994","2.604483127593994","2.494882583618164","2.494882583618164","2.494882583618164","2.589373826980591","2.589373826980591","2.589373826980591","2.6122422218322754","2.6122422218322754","2.6122422218322754"
"3240","2.586477756500244","2.586477756500244","2.586477756500244","2.516629934310913","2.516629934310913","2.516629934310913","2.578080654144287","2.578080654144287","2.578080654144287","2.5947489738464355","2.5947489738464355","2.5947489738464355"
"3250","2.4992332458496094","2.4992332458496094","2.4992332458496094","2.528853178024292","2.528853178024292","2.528853178024292","2.4905176162719727","2.4905176162719727","2.4905176162719727","2.510815382003784","2.510815382003784","2.510815382003784"
"3260","2.121786594390869","2.121786594390869","2.121786594390869","2.521944999694824","2.521944999694824","2.521944999694824","2.091428518295288","2.091428518295288","2.091428518295288","2.1017258167266846","2.1017258167266846","2.1017258167266846"
"3270","2.259913921356201","2.259913921356201","2.259913921356201","2.5505871772766113","2.5505871772766113","2.5505871772766113","2.25303053855896","2.25303053855896","2.25303053855896","2.25293231010437","2.25293231010437","2.25293231010437"
"3280","2.466735363006592","2.466735363006592","2.466735363006592","2.492119073867798","2.492119073867798","2.492119073867798","2.4732701778411865","2.4732701778411865","2.4732701778411865","2.4606900215148926","2.4606900215148926","2.4606900215148926"
"3290","2.5152721405029297","2.5152721405029297","2.5152721405029297","2.495913028717041","2.495913028717041","2.495913028717041","2.4532053470611572","2.4532053470611572","2.4532053470611572","2.481290817260742","2.481290817260742","2.481290817260742"
"3300","2.474247932434082","2.474247932434082","2.474247932434082","2.514036178588867","2.514036178588867","2.514036178588867","2.472177743911743","2.472177743911743","2.472177743911743","2.4777235984802246","2.4777235984802246","2.4777235984802246"
"3310","2.609337091445923","2.609337091445923","2.609337091445923","2.515141487121582","2.515141487121582","2.515141487121582","2.6006650924682617","2.6006650924682617","2.6006650924682617","2.6135072708129883","2.6135072708129883","2.6135072708129883"
"3320","2.544187068939209","2.544187068939209","2.544187068939209","2.5537517070770264","2.5537517070770264","2.5537517070770264","2.5445961952209473","2.5445961952209473","2.5445961952209473","2.5456106662750244","2.5456106662750244","2.5456106662750244"
"3330","2.564861297607422","2.564861297607422","2.564861297607422","2.490018367767334","2.490018367767334","2.490018367767334","2.561432361602783","2.561432361602783","2.561432361602783","2.5678551197052","2.5678551197052","2.5678551197052"
"3340","2.5811057090759277","2.5811057090759277","2.5811057090759277","2.5031747817993164","2.5031747817993164","2.5031747817993164","2.5793826580047607","2.5793826580047607","2.5793826580047607","2.5865731239318848","2.5865731239318848","2.5865731239318848"
"3350","2.2745323181152344","2.2745323181152344","2.2745323181152344","2.578681707382202","2.578681707382202","2.578681707382202","2.2678239345550537","2.2678239345550537","2.2678239345550537","2.272956371307373","2.272956371307373","2.272956371307373"
"3360","2.4619386196136475","2.4619386196136475","2.4619386196136475","2.506652355194092","2.506652355194092","2.506652355194092","2.3268048763275146","2.3268048763275146","2.3268048763275146","2.3456075191497803","2.3456075191497803","2.3456075191497803"
"3370","2.539628505706787","2.539628505706787","2.539628505706787","2.909513235092163","2.909513235092163","2.909513235092163","2.5160419940948486","2.5160419940948486","2.5160419940948486","2.5445268154144287","2.5445268154144287","2.5445268154144287"
"3380","2.324725866317749","2.324725866317749","2.324725866317749","2.5542378425598145","2.5542378425598145","2.5542378425598145","2.2160611152648926","2.2160611152648926","2.2160611152648926","2.2204933166503906","2.2204933166503906","2.2204933166503906"
"3390","2.5603530406951904","2.5603530406951904","2.5603530406951904","2.485997438430786","2.485997438430786","2.485997438430786","2.55086350440979","2.55086350440979","2.55086350440979","2.563950538635254","2.563950538635254","2.563950538635254"
"3400","2.2898993492126465","2.2898993492126465","2.2898993492126465","2.5130558013916016","2.5130558013916016","2.5130558013916016","2.285452365875244","2.285452365875244","2.285452365875244","2.295022487640381","2.295022487640381","2.295022487640381"
"3410","2.578282356262207","2.578282356262207","2.578282356262207","2.561749219894409","2.561749219894409","2.561749219894409","2.5811045169830322","2.5811045169830322","2.5811045169830322","2.583714008331299","2.583714008331299","2.583714008331299"
"3420","2.4783523082733154","2.4783523082733154","2.4783523082733154","2.58327317237854","2.58327317237854","2.58327317237854","2.4645135402679443","2.4645135402679443","2.4645135402679443","2.482112169265747","2.482112169265747","2.482112169265747"
"3430","2.2689976692199707","2.2689976692199707","2.2689976692199707","2.548525810241699","2.548525810241699","2.548525810241699","2.24434232711792","2.24434232711792","2.24434232711792","2.263761281967163","2.263761281967163","2.263761281967163"
"3440","2.21303129196167","2.21303129196167","2.21303129196167","2.5382490158081055","2.5382490158081055","2.5382490158081055","2.2376174926757812","2.2376174926757812","2.2376174926757812","2.214001417160034","2.214001417160034","2.214001417160034"
"3450","2.5461244583129883","2.5461244583129883","2.5461244583129883","2.5078623294830322","2.5078623294830322","2.5078623294830322","2.5339181423187256","2.5339181423187256","2.5339181423187256","2.5547046661376953","2.5547046661376953","2.5547046661376953"
"3460","2.4173407554626465","2.4173407554626465","2.4173407554626465","2.5797786712646484","2.5797786712646484","2.5797786712646484","2.416656970977783","2.416656970977783","2.416656970977783","2.4113025665283203","2.4113025665283203","2.4113025665283203"
"3470","2.2995808124542236","2.2995808124542236","2.2995808124542236","2.5002522468566895","2.5002522468566895","2.5002522468566895","2.2900807857513428","2.2900807857513428","2.2900807857513428","2.3012137413024902","2.3012137413024902","2.3012137413024902"
"3480","2.3617916107177734","2.3617916107177734","2.3617916107177734","2.4673163890838623","2.4673163890838623","2.4673163890838623","2.3622772693634033","2.3622772693634033","2.3622772693634033","2.3661727905273438","2.3661727905273438","2.3661727905273438"
"3490","2.477656126022339","2.477656126022339","2.477656126022339","2.5100655555725098","2.5100655555725098","2.5100655555725098","2.4762990474700928","2.4762990474700928","2.4762990474700928","2.485152006149292","2.485152006149292","2.485152006149292"
"3500","2.582031011581421","2.582031011581421","2.582031011581421","2.4969332218170166","2.4969332218170166","2.4969332218170166","2.580643892288208","2.580643892288208","2.580643892288208","2.590503454208374","2.590503454208374","2.590503454208374"
"3510","2.2154979705810547","2.2154979705810547","2.2154979705810547","2.806051254272461","2.806051254272461","2.806051254272461","2.2545886039733887","2.2545886039733887","2.2545886039733887","2.222311019897461","2.222311019897461","2.222311019897461"
"3520","2.520998477935791","2.520998477935791","2.520998477935791","2.5557432174682617","2.5557432174682617","2.5557432174682617","2.515706777572632","2.515706777572632","2.515706777572632","2.5288214683532715","2.5288214683532715","2.5288214683532715"
"3530","2.513091802597046","2.513091802597046","2.513091802597046","2.586937189102173","2.586937189102173","2.586937189102173","2.5073282718658447","2.5073282718658447","2.5073282718658447","2.521589756011963","2.521589756011963","2.521589756011963"
"3540","2.554856300354004","2.554856300354004","2.554856300354004","2.4952621459960938","2.4952621459960938","2.4952621459960938","2.5531373023986816","2.5531373023986816","2.5531373023986816","2.5619163513183594","2.5619163513183594","2.5619163513183594"
"3550","1.9625170230865479","1.9625170230865479","1.9625170230865479","2.5051021575927734","2.5051021575927734","2.5051021575927734","1.9781029224395752","1.9781029224395752","1.9781029224395752","1.967259407043457","1.967259407043457","1.967259407043457"
"3560","2.3653836250305176","2.3653836250305176","2.3653836250305176","2.5033812522888184","2.5033812522888184","2.5033812522888184","2.394404649734497","2.394404649734497","2.394404649734497","2.3711702823638916","2.3711702823638916","2.3711702823638916"
"3570","2.5272016525268555","2.5272016525268555","2.5272016525268555","2.474864959716797","2.474864959716797","2.474864959716797","2.529986619949341","2.529986619949341","2.529986619949341","2.5324759483337402","2.5324759483337402","2.5324759483337402"
"3580","2.277940511703491","2.277940511703491","2.277940511703491","2.4825305938720703","2.4825305938720703","2.4825305938720703","2.2701401710510254","2.2701401710510254","2.2701401710510254","2.2807586193084717","2.2807586193084717","2.2807586193084717"
"3590","2.463728666305542","2.463728666305542","2.463728666305542","2.4458415508270264","2.4458415508270264","2.4458415508270264","2.4698386192321777","2.4698386192321777","2.4698386192321777","2.465027332305908","2.465027332305908","2.465027332305908"
"3600","2.49068021774292","2.49068021774292","2.49068021774292","2.550896167755127","2.550896167755127","2.550896167755127","2.479360580444336","2.479360580444336","2.479360580444336","2.48993182182312","2.48993182182312","2.48993182182312"
"3610","2.445010185241699","2.445010185241699","2.445010185241699","2.5125951766967773","2.5125951766967773","2.5125951766967773","2.4406821727752686","2.4406821727752686","2.4406821727752686","2.446876049041748","2.446876049041748","2.446876049041748"
"3620","2.489776134490967","2.489776134490967","2.489776134490967","2.47287917137146","2.47287917137146","2.47287917137146","2.487764358520508","2.487764358520508","2.487764358520508","2.4944047927856445","2.4944047927856445","2.4944047927856445"
"3630","2.137920379638672","2.137920379638672","2.137920379638672","2.460172414779663","2.460172414779663","2.460172414779663","2.1274118423461914","2.1274118423461914","2.1274118423461914","2.134464979171753","2.134464979171753","2.134464979171753"
"3640","2.371433973312378","2.371433973312378","2.371433973312378","2.4711968898773193","2.4711968898773193","2.4711968898773193","2.367297887802124","2.367297887802124","2.367297887802124","2.375074625015259","2.375074625015259","2.375074625015259"
"3650","2.406137466430664","2.406137466430664","2.406137466430664","2.4163684844970703","2.4163684844970703","2.4163684844970703","2.400456666946411","2.400456666946411","2.400456666946411","2.411303997039795","2.411303997039795","2.411303997039795"
"3660","2.4954919815063477","2.4954919815063477","2.4954919815063477","2.448948860168457","2.448948860168457","2.448948860168457","2.474689483642578","2.474689483642578","2.474689483642578","2.5006723403930664","2.5006723403930664","2.5006723403930664"
"3670","2.4740967750549316","2.4740967750549316","2.4740967750549316","2.5215137004852295","2.5215137004852295","2.5215137004852295","2.456818103790283","2.456818103790283","2.456818103790283","2.4818384647369385","2.4818384647369385","2.4818384647369385"
"3680","2.548609733581543","2.548609733581543","2.548609733581543","2.447986364364624","2.447986364364624","2.447986364364624","2.5298359394073486","2.5298359394073486","2.5298359394073486","2.552971839904785","2.552971839904785","2.552971839904785"
"3690","2.4587020874023438","2.4587020874023438","2.4587020874023438","2.4517297744750977","2.4517297744750977","2.4517297744750977","2.4461312294006348","2.4461312294006348","2.4461312294006348","2.465040683746338","2.465040683746338","2.465040683746338"
"3700","2.5913658142089844","2.5913658142089844","2.5913658142089844","2.475555181503296","2.475555181503296","2.475555181503296","2.6020123958587646","2.6020123958587646","2.6020123958587646","2.5814218521118164","2.5814218521118164","2.5814218521118164"
"3710","2.3720486164093018","2.3720486164093018","2.3720486164093018","2.4966983795166016","2.4966983795166016","2.4966983795166016","2.386579990386963","2.386579990386963","2.386579990386963","2.3717691898345947","2.3717691898345947","2.3717691898345947"
"3720","2.4405996799468994","2.4405996799468994","2.4405996799468994","2.4525253772735596","2.4525253772735596","2.4525253772735596","2.430521011352539","2.430521011352539","2.430521011352539","2.4430134296417236","2.4430134296417236","2.4430134296417236"
"3730","2.486351490020752","2.486351490020752","2.486351490020752","2.5698354244232178","2.5698354244232178","2.5698354244232178","2.475498914718628","2.475498914718628","2.475498914718628","2.4892897605895996","2.4892897605895996","2.4892897605895996"
"3740","2.044551134109497","2.044551134109497","2.044551134109497","2.5058915615081787","2.5058915615081787","2.5058915615081787","2.048466920852661","2.048466920852661","2.048466920852661","2.047802448272705","2.047802448272705","2.047802448272705"
"3750","2.34566593170166","2.34566593170166","2.34566593170166","2.4752602577209473","2.4752602577209473","2.4752602577209473","2.3707239627838135","2.3707239627838135","2.3707239627838135","2.3506877422332764","2.3506877422332764","2.3506877422332764"
"3760","2.5372085571289062","2.5372085571289062","2.5372085571289062","2.4190495014190674","2.4190495014190674","2.4190495014190674","2.550570487976074","2.550570487976074","2.550570487976074","2.544456720352173","2.544456720352173","2.544456720352173"
"3770","2.5236449241638184","2.5236449241638184","2.5236449241638184","2.5088486671447754","2.5088486671447754","2.5088486671447754","2.5024170875549316","2.5024170875549316","2.5024170875549316","2.526677131652832","2.526677131652832","2.526677131652832"
"3780","2.4735543727874756","2.4735543727874756","2.4735543727874756","2.4853570461273193","2.4853570461273193","2.4853570461273193","2.4823532104492188","2.4823532104492188","2.4823532104492188","2.479722023010254","2.479722023010254","2.479722023010254"
"3790","2.2384305000305176","2.2384305000305176","2.2384305000305176","2.480853319168091","2.480853319168091","2.480853319168091","2.2378244400024414","2.2378244400024414","2.2378244400024414","2.2435643672943115","2.2435643672943115","2.2435643672943115"
"3800","2.4862899780273438","2.4862899780273438","2.4862899780273438","2.475259304046631","2.475259304046631","2.475259304046631","2.4794819355010986","2.4794819355010986","2.4794819355010986","2.4920859336853027","2.4920859336853027","2.4920859336853027"
"3810","2.5043251514434814","2.5043251514434814","2.5043251514434814","2.490780830383301","2.490780830383301","2.490780830383301","2.532973527908325","2.532973527908325","2.532973527908325","2.5107805728912354","2.5107805728912354","2.5107805728912354"
"3820","2.3776512145996094","2.3776512145996094","2.3776512145996094","2.430405855178833","2.430405855178833","2.430405855178833","2.381580352783203","2.381580352783203","2.381580352783203","2.3850550651550293","2.3850550651550293","2.3850550651550293"
"3830","2.2196943759918213","2.2196943759918213","2.2196943759918213","2.4842307567596436","2.4842307567596436","2.4842307567596436","2.2281758785247803","2.2281758785247803","2.2281758785247803","2.231311082839966","2.231311082839966","2.231311082839966"
"3840","2.63637113571167","2.63637113571167","2.63637113571167","2.474285125732422","2.474285125732422","2.474285125732422","2.6308770179748535","2.6308770179748535","2.6308770179748535","2.645437717437744","2.645437717437744","2.645437717437744"
"3850","2.6367931365966797","2.6367931365966797","2.6367931365966797","2.5543947219848633","2.5543947219848633","2.5543947219848633","2.6337668895721436","2.6337668895721436","2.6337668895721436","2.639101505279541","2.639101505279541","2.639101505279541"
"3860","2.2522315979003906","2.2522315979003906","2.2522315979003906","2.5033140182495117","2.5033140182495117","2.5033140182495117","2.2429418563842773","2.2429418563842773","2.2429418563842773","2.255869150161743","2.255869150161743","2.255869150161743"
"3870","2.525754928588867","2.525754928588867","2.525754928588867","2.4854915142059326","2.4854915142059326","2.4854915142059326","2.5333518981933594","2.5333518981933594","2.5333518981933594","2.5331642627716064","2.5331642627716064","2.5331642627716064"
"3880","1.7453436851501465","1.7453436851501465","1.7453436851501465","2.433182716369629","2.433182716369629","2.433182716369629","1.7555389404296875","1.7555389404296875","1.7555389404296875","1.751164197921753","1.751164197921753","1.751164197921753"
"3890","2.4527130126953125","2.4527130126953125","2.4527130126953125","2.4695427417755127","2.4695427417755127","2.4695427417755127","2.4326395988464355","2.4326395988464355","2.4326395988464355","2.464526653289795","2.464526653289795","2.464526653289795"
"3900","2.4920856952667236","2.4920856952667236","2.4920856952667236","2.452040433883667","2.452040433883667","2.452040433883667","2.491793155670166","2.491793155670166","2.491793155670166","2.4994468688964844","2.4994468688964844","2.4994468688964844"
"3910","2.221019983291626","2.221019983291626","2.221019983291626","2.453029155731201","2.453029155731201","2.453029155731201","2.2143218517303467","2.2143218517303467","2.2143218517303467","2.228048324584961","2.228048324584961","2.228048324584961"
"3920","2.4959237575531006","2.4959237575531006","2.4959237575531006","2.48765230178833","2.48765230178833","2.48765230178833","2.498917818069458","2.498917818069458","2.498917818069458","2.50136661529541","2.50136661529541","2.50136661529541"
"3930","1.968091607093811","1.968091607093811","1.968091607093811","2.8799376487731934","2.8799376487731934","2.8799376487731934","1.9662401676177979","1.9662401676177979","1.9662401676177979","1.9728864431381226","1.9728864431381226","1.9728864431381226"
"3940","2.4581315517425537","2.4581315517425537","2.4581315517425537","2.455298900604248","2.455298900604248","2.455298900604248","2.4671785831451416","2.4671785831451416","2.4671785831451416","2.4632275104522705","2.4632275104522705","2.4632275104522705"
"3950","2.2985942363739014","2.2985942363739014","2.2985942363739014","2.452444553375244","2.452444553375244","2.452444553375244","2.2848589420318604","2.2848589420318604","2.2848589420318604","2.2985501289367676","2.2985501289367676","2.2985501289367676"
"3960","2.425464153289795","2.425464153289795","2.425464153289795","2.4622421264648438","2.4622421264648438","2.4622421264648438","2.4221675395965576","2.4221675395965576","2.4221675395965576","2.4314932823181152","2.4314932823181152","2.4314932823181152"
"3970","1.908988356590271","1.908988356590271","1.908988356590271","2.4393367767333984","2.4393367767333984","2.4393367767333984","1.9307581186294556","1.9307581186294556","1.9307581186294556","1.9128633737564087","1.9128633737564087","1.9128633737564087"
"3980","2.3955535888671875","2.3955535888671875","2.3955535888671875","2.4198668003082275","2.4198668003082275","2.4198668003082275","2.403170108795166","2.403170108795166","2.403170108795166","2.4003541469573975","2.4003541469573975","2.4003541469573975"
"3990","2.489363670349121","2.489363670349121","2.489363670349121","2.4171862602233887","2.4171862602233887","2.4171862602233887","2.4937124252319336","2.4937124252319336","2.4937124252319336","2.4947285652160645","2.4947285652160645","2.4947285652160645"
"4000","2.4468882083892822","2.4468882083892822","2.4468882083892822","2.44209361076355","2.44209361076355","2.44209361076355","2.444406509399414","2.444406509399414","2.444406509399414","2.450498104095459","2.450498104095459","2.450498104095459"
"4010","132.80838012695312","132.80838012695312","132.80838012695312","2.8260419368743896","2.8260419368743896","2.8260419368743896","2.4284279346466064","2.4284279346466064","2.4284279346466064","112.47802734375","112.47802734375","112.47802734375"
"4020","32.18387985229492","32.18387985229492","32.18387985229492","2.435533046722412","2.435533046722412","2.435533046722412","2.1343319416046143","2.1343319416046143","2.1343319416046143","28.692873001098633","28.692873001098633","28.692873001098633"
"4030","17.116302490234375","17.116302490234375","17.116302490234375","2.5023245811462402","2.5023245811462402","2.5023245811462402","2.432535171508789","2.432535171508789","2.432535171508789","17.078767776489258","17.078767776489258","17.078767776489258"
"4040","17.433082580566406","17.433082580566406","17.433082580566406","2.726306915283203","2.726306915283203","2.726306915283203","2.349048137664795","2.349048137664795","2.349048137664795","12.657175064086914","12.657175064086914","12.657175064086914"
"4050","8.615217208862305","8.615217208862305","8.615217208862305","2.4876675605773926","2.4876675605773926","2.4876675605773926","2.4192802906036377","2.4192802906036377","2.4192802906036377","13.57898998260498","13.57898998260498","13.57898998260498"
"4060","14.067225456237793","14.067225456237793","14.067225456237793","2.6194446086883545","2.6194446086883545","2.6194446086883545","2.286848545074463","2.286848545074463","2.286848545074463","11.027722358703613","11.027722358703613","11.027722358703613"
"4070","13.672327995300293","13.672327995300293","13.672327995300293","2.518597364425659","2.518597364425659","2.518597364425659","2.4570155143737793","2.4570155143737793","2.4570155143737793","12.110026359558105","12.110026359558105","12.110026359558105"
"4080","10.274187088012695","10.274187088012695","10.274187088012695","2.405958652496338","2.405958652496338","2.405958652496338","2.5220887660980225","2.5220887660980225","2.5220887660980225","10.240579605102539","10.240579605102539","10.240579605102539"
"4090","8.889330863952637","8.889330863952637","8.889330863952637","2.4352002143859863","2.4352002143859863","2.4352002143859863","2.4003994464874268","2.4003994464874268","2.4003994464874268","11.528396606445312","11.528396606445312","11.528396606445312"
"4100","12.194047927856445","12.194047927856445","12.194047927856445","2.471897602081299","2.471897602081299","2.471897602081299","2.3808047771453857","2.3808047771453857","2.3808047771453857","9.708541870117188","9.708541870117188","9.708541870117188"
"4110","9.370513916015625","9.370513916015625","9.370513916015625","2.511333703994751","2.511333703994751","2.511333703994751","2.410989284515381","2.410989284515381","2.410989284515381","11.158796310424805","11.158796310424805","11.158796310424805"
"4120","8.231063842773438","8.231063842773438","8.231063842773438","2.4868667125701904","2.4868667125701904","2.4868667125701904","2.5408740043640137","2.5408740043640137","2.5408740043640137","9.244694709777832","9.244694709777832","9.244694709777832"
"4130","7.32400369644165","7.32400369644165","7.32400369644165","2.4655652046203613","2.4655652046203613","2.4655652046203613","2.165208339691162","2.165208339691162","2.165208339691162","8.880977630615234","8.880977630615234","8.880977630615234"
"4140","7.312914848327637","7.312914848327637","7.312914848327637","2.494079113006592","2.494079113006592","2.494079113006592","2.46854305267334","2.46854305267334","2.46854305267334","8.859221458435059","8.859221458435059","8.859221458435059"
"4150","7.596129417419434","7.596129417419434","7.596129417419434","2.509821891784668","2.509821891784668","2.509821891784668","2.407428741455078","2.407428741455078","2.407428741455078","8.169235229492188","8.169235229492188","8.169235229492188"
"4160","7.834024429321289","7.834024429321289","7.834024429321289","2.525083541870117","2.525083541870117","2.525083541870117","2.4555397033691406","2.4555397033691406","2.4555397033691406","9.05902099609375","9.05902099609375","9.05902099609375"
"4170","6.264390468597412","6.264390468597412","6.264390468597412","2.4317469596862793","2.4317469596862793","2.4317469596862793","2.495978355407715","2.495978355407715","2.495978355407715","6.959462642669678","6.959462642669678","6.959462642669678"
"4180","6.34920072555542","6.34920072555542","6.34920072555542","2.459071636199951","2.459071636199951","2.459071636199951","2.5084378719329834","2.5084378719329834","2.5084378719329834","6.823456764221191","6.823456764221191","6.823456764221191"
"4190","7.152894973754883","7.152894973754883","7.152894973754883","2.442704439163208","2.442704439163208","2.442704439163208","2.18019962310791","2.18019962310791","2.18019962310791","6.382551193237305","6.382551193237305","6.382551193237305"
"4200","6.396759986877441","6.396759986877441","6.396759986877441","2.4261627197265625","2.4261627197265625","2.4261627197265625","2.1691722869873047","2.1691722869873047","2.1691722869873047","6.220064163208008","6.220064163208008","6.220064163208008"
"4210","7.232617378234863","7.232617378234863","7.232617378234863","2.4142918586730957","2.4142918586730957","2.4142918586730957","2.391991138458252","2.391991138458252","2.391991138458252","6.165302753448486","6.165302753448486","6.165302753448486"
"4220","6.904788970947266","6.904788970947266","6.904788970947266","2.4154245853424072","2.4154245853424072","2.4154245853424072","2.337456703186035","2.337456703186035","2.337456703186035","6.013411045074463","6.013411045074463","6.013411045074463"
"4230","6.386122703552246","6.386122703552246","6.386122703552246","2.4068548679351807","2.4068548679351807","2.4068548679351807","2.4620869159698486","2.4620869159698486","2.4620869159698486","6.020087242126465","6.020087242126465","6.020087242126465"
"4240","6.471527576446533","6.471527576446533","6.471527576446533","2.4670944213867188","2.4670944213867188","2.4670944213867188","2.4384937286376953","2.4384937286376953","2.4384937286376953","5.8928728103637695","5.8928728103637695","5.8928728103637695"
"4250","6.187412738800049","6.187412738800049","6.187412738800049","2.51712965965271","2.51712965965271","2.51712965965271","2.3992490768432617","2.3992490768432617","2.3992490768432617","5.98203182220459","5.98203182220459","5.98203182220459"
"4260","6.400609970092773","6.400609970092773","6.400609970092773","2.414325714111328","2.414325714111328","2.414325714111328","2.4526565074920654","2.4526565074920654","2.4526565074920654","5.962209701538086","5.962209701538086","5.962209701538086"
"4270","5.989709854125977","5.989709854125977","5.989709854125977","2.6321067810058594","2.6321067810058594","2.6321067810058594","2.2968873977661133","2.2968873977661133","2.2968873977661133","5.803895950317383","5.803895950317383","5.803895950317383"
"4280","5.865450859069824","5.865450859069824","5.865450859069824","2.455242156982422","2.455242156982422","2.455242156982422","2.2801432609558105","2.2801432609558105","2.2801432609558105","5.749512195587158","5.749512195587158","5.749512195587158"
"4290","5.779664993286133","5.779664993286133","5.779664993286133","2.3899803161621094","2.3899803161621094","2.3899803161621094","2.2973244190216064","2.2973244190216064","2.2973244190216064","5.673511505126953","5.673511505126953","5.673511505126953"
"4300","5.688363552093506","5.688363552093506","5.688363552093506","2.503640651702881","2.503640651702881","2.503640651702881","2.4168641567230225","2.4168641567230225","2.4168641567230225","5.555441379547119","5.555441379547119","5.555441379547119"
"4310","5.5431718826293945","5.5431718826293945","5.5431718826293945","2.4375202655792236","2.4375202655792236","2.4375202655792236","2.8467509746551514","2.8467509746551514","2.8467509746551514","5.425317764282227","5.425317764282227","5.425317764282227"
"4320","5.523805618286133","5.523805618286133","5.523805618286133","2.479238510131836","2.479238510131836","2.479238510131836","2.3583791255950928","2.3583791255950928","2.3583791255950928","5.413354873657227","5.413354873657227","5.413354873657227"
"4330","5.476236820220947","5.476236820220947","5.476236820220947","2.393094062805176","2.393094062805176","2.393094062805176","2.365743398666382","2.365743398666382","2.365743398666382","5.374526023864746","5.374526023864746","5.374526023864746"
"4340","5.4221014976501465","5.4221014976501465","5.4221014976501465","2.4144949913024902","2.4144949913024902","2.4144949913024902","2.175159454345703","2.175159454345703","2.175159454345703","5.33411979675293","5.33411979675293","5.33411979675293"
"4350","5.326479911804199","5.326479911804199","5.326479911804199","2.434173107147217","2.434173107147217","2.434173107147217","2.4206135272979736","2.4206135272979736","2.4206135272979736","5.24614143371582","5.24614143371582","5.24614143371582"
"4360","5.355409622192383","5.355409622192383","5.355409622192383","2.5814311504364014","2.5814311504364014","2.5814311504364014","2.3485984802246094","2.3485984802246094","2.3485984802246094","5.291408538818359","5.291408538818359","5.291408538818359"
"4370","5.198086738586426","5.198086738586426","5.198086738586426","2.595646381378174","2.595646381378174","2.595646381378174","2.447551965713501","2.447551965713501","2.447551965713501","5.122877597808838","5.122877597808838","5.122877597808838"
"4380","5.200192451477051","5.200192451477051","5.200192451477051","2.580292224884033","2.580292224884033","2.580292224884033","2.412193536758423","2.412193536758423","2.412193536758423","5.1248931884765625","5.1248931884765625","5.1248931884765625"
"4390","5.182451248168945","5.182451248168945","5.182451248168945","2.8596842288970947","2.8596842288970947","2.8596842288970947","2.4131059646606445","2.4131059646606445","2.4131059646606445","5.116875171661377","5.116875171661377","5.116875171661377"
"4400","5.0384440422058105","5.0384440422058105","5.0384440422058105","2.4192731380462646","2.4192731380462646","2.4192731380462646","2.1800408363342285","2.1800408363342285","2.1800408363342285","4.974164962768555","4.974164962768555","4.974164962768555"
"4410","5.067448616027832","5.067448616027832","5.067448616027832","2.4643256664276123","2.4643256664276123","2.4643256664276123","2.3932957649230957","2.3932957649230957","2.3932957649230957","4.999675273895264","4.999675273895264","4.999675273895264"
"4420","4.975884914398193","4.975884914398193","4.975884914398193","2.3828213214874268","2.3828213214874268","2.3828213214874268","2.905273914337158","2.905273914337158","2.905273914337158","4.899057388305664","4.899057388305664","4.899057388305664"
"4430","4.947371006011963","4.947371006011963","4.947371006011963","2.5135579109191895","2.5135579109191895","2.5135579109191895","2.4169328212738037","2.4169328212738037","2.4169328212738037","4.868119716644287","4.868119716644287","4.868119716644287"
"4440","4.935723304748535","4.935723304748535","4.935723304748535","2.4104952812194824","2.4104952812194824","2.4104952812194824","2.3537344932556152","2.3537344932556152","2.3537344932556152","4.8654632568359375","4.8654632568359375","4.8654632568359375"
"4450","4.895481109619141","4.895481109619141","4.895481109619141","2.4197661876678467","2.4197661876678467","2.4197661876678467","2.265143394470215","2.265143394470215","2.265143394470215","4.830127239227295","4.830127239227295","4.830127239227295"
"4460","4.860873699188232","4.860873699188232","4.860873699188232","2.394667387008667","2.394667387008667","2.394667387008667","2.660367965698242","2.660367965698242","2.660367965698242","4.799138069152832","4.799138069152832","4.799138069152832"
"4470","4.810624122619629","4.810624122619629","4.810624122619629","2.527148485183716","2.527148485183716","2.527148485183716","2.5071074962615967","2.5071074962615967","2.5071074962615967","4.734691619873047","4.734691619873047","4.734691619873047"
"4480","4.806782245635986","4.806782245635986","4.806782245635986","2.4906461238861084","2.4906461238861084","2.4906461238861084","2.458897352218628","2.458897352218628","2.458897352218628","4.738256454467773","4.738256454467773","4.738256454467773"
"4490","4.785580635070801","4.785580635070801","4.785580635070801","2.575551986694336","2.575551986694336","2.575551986694336","2.460630178451538","2.460630178451538","2.460630178451538","4.706467628479004","4.706467628479004","4.706467628479004"
"4500","4.694757461547852","4.694757461547852","4.694757461547852","2.46555233001709","2.46555233001709","2.46555233001709","2.432417392730713","2.432417392730713","2.432417392730713","4.625644683837891","4.625644683837891","4.625644683837891"
"4510","4.661448001861572","4.661448001861572","4.661448001861572","2.4037461280822754","2.4037461280822754","2.4037461280822754","2.3989245891571045","2.3989245891571045","2.3989245891571045","4.592716217041016","4.592716217041016","4.592716217041016"
"4520","4.626323223114014","4.626323223114014","4.626323223114014","2.4285123348236084","2.4285123348236084","2.4285123348236084","2.179492473602295","2.179492473602295","2.179492473602295","4.5723185539245605","4.5723185539245605","4.5723185539245605"
"4530","4.669082164764404","4.669082164764404","4.669082164764404","2.405735969543457","2.405735969543457","2.405735969543457","2.422954559326172","2.422954559326172","2.422954559326172","4.601905822753906","4.601905822753906","4.601905822753906"
"4540","4.692228317260742","4.692228317260742","4.692228317260742","2.4821789264678955","2.4821789264678955","2.4821789264678955","2.325906753540039","2.325906753540039","2.325906753540039","4.612110614776611","4.612110614776611","4.612110614776611"
"4550","4.749914169311523","4.749914169311523","4.749914169311523","2.4309349060058594","2.4309349060058594","2.4309349060058594","2.379997730255127","2.379997730255127","2.379997730255127","4.672008514404297","4.672008514404297","4.672008514404297"
"4560","4.622807502746582","4.622807502746582","4.622807502746582","2.399862766265869","2.399862766265869","2.399862766265869","2.598294496536255","2.598294496536255","2.598294496536255","4.535594463348389","4.535594463348389","4.535594463348389"
"4570","4.593496322631836","4.593496322631836","4.593496322631836","2.502046585083008","2.502046585083008","2.502046585083008","2.4196181297302246","2.4196181297302246","2.4196181297302246","4.51245641708374","4.51245641708374","4.51245641708374"
"4580","4.559671878814697","4.559671878814697","4.559671878814697","2.42641544342041","2.42641544342041","2.42641544342041","2.484126091003418","2.484126091003418","2.484126091003418","4.475067615509033","4.475067615509033","4.475067615509033"
"4590","4.470142841339111","4.470142841339111","4.470142841339111","2.4367458820343018","2.4367458820343018","2.4367458820343018","2.178518772125244","2.178518772125244","2.178518772125244","4.384819984436035","4.384819984436035","4.384819984436035"
"4600","4.470248699188232","4.470248699188232","4.470248699188232","2.4466426372528076","2.4466426372528076","2.4466426372528076","2.4241695404052734","2.4241695404052734","2.4241695404052734","4.385080337524414","4.385080337524414","4.385080337524414"
"4610","4.443146228790283","4.443146228790283","4.443146228790283","2.4106931686401367","2.4106931686401367","2.4106931686401367","2.4460315704345703","2.4460315704345703","2.4460315704345703","4.3669538497924805","4.3669538497924805","4.3669538497924805"
"4620","4.479830265045166","4.479830265045166","4.479830265045166","2.3763620853424072","2.3763620853424072","2.3763620853424072","2.266921043395996","2.266921043395996","2.266921043395996","4.40132474899292","4.40132474899292","4.40132474899292"
"4630","4.398099899291992","4.398099899291992","4.398099899291992","2.4071030616760254","2.4071030616760254","2.4071030616760254","2.4122180938720703","2.4122180938720703","2.4122180938720703","4.311193943023682","4.311193943023682","4.311193943023682"
"4640","4.393233776092529","4.393233776092529","4.393233776092529","2.370504856109619","2.370504856109619","2.370504856109619","2.3441951274871826","2.3441951274871826","2.3441951274871826","4.30365514755249","4.30365514755249","4.30365514755249"
"4650","4.346198558807373","4.346198558807373","4.346198558807373","2.3901143074035645","2.3901143074035645","2.3901143074035645","2.1697118282318115","2.1697118282318115","2.1697118282318115","4.2484846115112305","4.2484846115112305","4.2484846115112305"
"4660","4.314931392669678","4.314931392669678","4.314931392669678","2.415635824203491","2.415635824203491","2.415635824203491","2.243669033050537","2.243669033050537","2.243669033050537","4.223785877227783","4.223785877227783","4.223785877227783"
"4670","4.233811855316162","4.233811855316162","4.233811855316162","2.3835415840148926","2.3835415840148926","2.3835415840148926","2.5985453128814697","2.5985453128814697","2.5985453128814697","4.138697624206543","4.138697624206543","4.138697624206543"
"4680","4.319459915161133","4.319459915161133","4.319459915161133","2.5136208534240723","2.5136208534240723","2.5136208534240723","2.3511736392974854","2.3511736392974854","2.3511736392974854","4.213737487792969","4.213737487792969","4.213737487792969"
"4690","4.386284828186035","4.386284828186035","4.386284828186035","2.369753837585449","2.369753837585449","2.369753837585449","2.3730947971343994","2.3730947971343994","2.3730947971343994","4.294186592102051","4.294186592102051","4.294186592102051"
"4700","4.283010005950928","4.283010005950928","4.283010005950928","2.4236888885498047","2.4236888885498047","2.4236888885498047","2.3263254165649414","2.3263254165649414","2.3263254165649414","4.166940689086914","4.166940689086914","4.166940689086914"
"4710","4.101653099060059","4.101653099060059","4.101653099060059","2.3342034816741943","2.3342034816741943","2.3342034816741943","2.4746272563934326","2.4746272563934326","2.4746272563934326","3.9969656467437744","3.9969656467437744","3.9969656467437744"
"4720","4.376044273376465","4.376044273376465","4.376044273376465","2.505579710006714","2.505579710006714","2.505579710006714","2.4545130729675293","2.4545130729675293","2.4545130729675293","4.294306755065918","4.294306755065918","4.294306755065918"
"4730","4.069081783294678","4.069081783294678","4.069081783294678","2.4111568927764893","2.4111568927764893","2.4111568927764893","2.39399790763855","2.39399790763855","2.39399790763855","3.9614834785461426","3.9614834785461426","3.9614834785461426"
"4740","4.094168186187744","4.094168186187744","4.094168186187744","2.452119827270508","2.452119827270508","2.452119827270508","2.383192300796509","2.383192300796509","2.383192300796509","3.98315167427063","3.98315167427063","3.98315167427063"
"4750","4.066586494445801","4.066586494445801","4.066586494445801","2.5513529777526855","2.5513529777526855","2.5513529777526855","2.3442888259887695","2.3442888259887695","2.3442888259887695","3.9565327167510986","3.9565327167510986","3.9565327167510986"
"4760","4.081520080566406","4.081520080566406","4.081520080566406","2.3611369132995605","2.3611369132995605","2.3611369132995605","2.160159111022949","2.160159111022949","2.160159111022949","3.9527041912078857","3.9527041912078857","3.9527041912078857"
"4770","4.042417526245117","4.042417526245117","4.042417526245117","2.414700984954834","2.414700984954834","2.414700984954834","2.5737931728363037","2.5737931728363037","2.5737931728363037","3.9222965240478516","3.9222965240478516","3.9222965240478516"
"4780","4.0605549812316895","4.0605549812316895","4.0605549812316895","2.4130232334136963","2.4130232334136963","2.4130232334136963","2.3341264724731445","2.3341264724731445","2.3341264724731445","3.9396920204162598","3.9396920204162598","3.9396920204162598"
"4790","3.98417329788208","3.98417329788208","3.98417329788208","2.4872379302978516","2.4872379302978516","2.4872379302978516","2.2438526153564453","2.2438526153564453","2.2438526153564453","3.863964796066284","3.863964796066284","3.863964796066284"
"4800","3.983807325363159","3.983807325363159","3.983807325363159","2.4192516803741455","2.4192516803741455","2.4192516803741455","2.5722031593322754","2.5722031593322754","2.5722031593322754","3.8494274616241455","3.8494274616241455","3.8494274616241455"
"4810","3.963235855102539","3.963235855102539","3.963235855102539","2.5100855827331543","2.5100855827331543","2.5100855827331543","2.269796371459961","2.269796371459961","2.269796371459961","3.8278892040252686","3.8278892040252686","3.8278892040252686"
"4820","3.9389326572418213","3.9389326572418213","3.9389326572418213","2.3618838787078857","2.3618838787078857","2.3618838787078857","2.2257041931152344","2.2257041931152344","2.2257041931152344","3.7973804473876953","3.7973804473876953","3.7973804473876953"
"4830","3.879182815551758","3.879182815551758","3.879182815551758","2.358656644821167","2.358656644821167","2.358656644821167","2.478245735168457","2.478245735168457","2.478245735168457","3.7439775466918945","3.7439775466918945","3.7439775466918945"
"4840","3.8219189643859863","3.8219189643859863","3.8219189643859863","2.8760194778442383","2.8760194778442383","2.8760194778442383","2.3454577922821045","2.3454577922821045","2.3454577922821045","3.6819963455200195","3.6819963455200195","3.6819963455200195"
"4850","3.846151828765869","3.846151828765869","3.846151828765869","2.3787574768066406","2.3787574768066406","2.3787574768066406","2.483754873275757","2.483754873275757","2.483754873275757","3.7020668983459473","3.7020668983459473","3.7020668983459473"
"4860","3.861670970916748","3.861670970916748","3.861670970916748","2.3748087882995605","2.3748087882995605","2.3748087882995605","2.425550699234009","2.425550699234009","2.425550699234009","3.7123353481292725","3.7123353481292725","3.7123353481292725"
"4870","3.8184125423431396","3.8184125423431396","3.8184125423431396","2.40438175201416","2.40438175201416","2.40438175201416","2.217315912246704","2.217315912246704","2.217315912246704","3.668879270553589","3.668879270553589","3.668879270553589"
"4880","3.7703638076782227","3.7703638076782227","3.7703638076782227","2.3959619998931885","2.3959619998931885","2.3959619998931885","2.372389554977417","2.372389554977417","2.372389554977417","3.6271026134490967","3.6271026134490967","3.6271026134490967"
"4890","3.6983823776245117","3.6983823776245117","3.6983823776245117","2.460211753845215","2.460211753845215","2.460211753845215","2.408806324005127","2.408806324005127","2.408806324005127","3.560805320739746","3.560805320739746","3.560805320739746"
"4900","3.7450919151306152","3.7450919151306152","3.7450919151306152","2.380122661590576","2.380122661590576","2.380122661590576","2.5022342205047607","2.5022342205047607","2.5022342205047607","3.612318992614746","3.612318992614746","3.612318992614746"
"4910","3.748922824859619","3.748922824859619","3.748922824859619","2.372659206390381","2.372659206390381","2.372659206390381","2.3309640884399414","2.3309640884399414","2.3309640884399414","3.588752269744873","3.588752269744873","3.588752269744873"
"4920","3.749161720275879","3.749161720275879","3.749161720275879","2.3688719272613525","2.3688719272613525","2.3688719272613525","2.2791905403137207","2.2791905403137207","2.2791905403137207","3.6059696674346924","3.6059696674346924","3.6059696674346924"
"4930","3.6204111576080322","3.6204111576080322","3.6204111576080322","2.3886168003082275","2.3886168003082275","2.3886168003082275","2.380836248397827","2.380836248397827","2.380836248397827","3.4738001823425293","3.4738001823425293","3.4738001823425293"
"4940","3.6820034980773926","3.6820034980773926","3.6820034980773926","2.390430212020874","2.390430212020874","2.390430212020874","2.459177255630493","2.459177255630493","2.459177255630493","3.5506815910339355","3.5506815910339355","3.5506815910339355"
"4950","3.611234664916992","3.611234664916992","3.611234664916992","2.4150776863098145","2.4150776863098145","2.4150776863098145","2.3953893184661865","2.3953893184661865","2.3953893184661865","3.469226837158203","3.469226837158203","3.469226837158203"
"4960","3.669973373413086","3.669973373413086","3.669973373413086","2.397064447402954","2.397064447402954","2.397064447402954","2.4175148010253906","2.4175148010253906","2.4175148010253906","3.544179677963257","3.544179677963257","3.544179677963257"
"4970","3.5809483528137207","3.5809483528137207","3.5809483528137207","2.38374662399292","2.38374662399292","2.38374662399292","2.393728256225586","2.393728256225586","2.393728256225586","3.4684739112854004","3.4684739112854004","3.4684739112854004"
"4980","3.5649454593658447","3.5649454593658447","3.5649454593658447","2.4727225303649902","2.4727225303649902","2.4727225303649902","2.154629945755005","2.154629945755005","2.154629945755005","3.4597578048706055","3.4597578048706055","3.4597578048706055"
"4990","3.5826802253723145","3.5826802253723145","3.5826802253723145","2.394824743270874","2.394824743270874","2.394824743270874","2.201894760131836","2.201894760131836","2.201894760131836","3.4704933166503906","3.4704933166503906","3.4704933166503906"
"5000","3.580228805541992","3.580228805541992","3.580228805541992","2.346527338027954","2.346527338027954","2.346527338027954","2.4138598442077637","2.4138598442077637","2.4138598442077637","3.473252058029175","3.473252058029175","3.473252058029175"
"5010","3.5515799522399902","3.5515799522399902","3.5515799522399902","2.54677152633667","2.54677152633667","2.54677152633667","2.316108226776123","2.316108226776123","2.316108226776123","3.455307960510254","3.455307960510254","3.455307960510254"
"5020","3.539827346801758","3.539827346801758","3.539827346801758","2.398007869720459","2.398007869720459","2.398007869720459","2.334407091140747","2.334407091140747","2.334407091140747","3.4467711448669434","3.4467711448669434","3.4467711448669434"
"5030","3.6431033611297607","3.6431033611297607","3.6431033611297607","2.4161763191223145","2.4161763191223145","2.4161763191223145","2.3388562202453613","2.3388562202453613","2.3388562202453613","3.5468709468841553","3.5468709468841553","3.5468709468841553"
"5040","3.5146193504333496","3.5146193504333496","3.5146193504333496","2.331834554672241","2.331834554672241","2.331834554672241","2.364352226257324","2.364352226257324","2.364352226257324","3.430412769317627","3.430412769317627","3.430412769317627"
"5050","3.4580163955688477","3.4580163955688477","3.4580163955688477","2.4075541496276855","2.4075541496276855","2.4075541496276855","2.3340373039245605","2.3340373039245605","2.3340373039245605","3.3712220191955566","3.3712220191955566","3.3712220191955566"
"5060","3.48250675201416","3.48250675201416","3.48250675201416","2.350250720977783","2.350250720977783","2.350250720977783","2.4393365383148193","2.4393365383148193","2.4393365383148193","3.4367852210998535","3.4367852210998535","3.4367852210998535"
"5070","3.418757915496826","3.418757915496826","3.418757915496826","2.421293258666992","2.421293258666992","2.421293258666992","2.292289972305298","2.292289972305298","2.292289972305298","3.3272697925567627","3.3272697925567627","3.3272697925567627"
"5080","3.4647815227508545","3.4647815227508545","3.4647815227508545","2.450582504272461","2.450582504272461","2.450582504272461","2.3627588748931885","2.3627588748931885","2.3627588748931885","3.3842415809631348","3.3842415809631348","3.3842415809631348"
"5090","3.4560136795043945","3.4560136795043945","3.4560136795043945","2.3430726528167725","2.3430726528167725","2.3430726528167725","2.3548812866210938","2.3548812866210938","2.3548812866210938","3.369920015335083","3.369920015335083","3.369920015335083"
"5100","3.3828792572021484","3.3828792572021484","3.3828792572021484","2.3596458435058594","2.3596458435058594","2.3596458435058594","2.302083969116211","2.302083969116211","2.302083969116211","3.304892063140869","3.304892063140869","3.304892063140869"
"5110","3.3477940559387207","3.3477940559387207","3.3477940559387207","2.3581037521362305","2.3581037521362305","2.3581037521362305","2.382042407989502","2.382042407989502","2.382042407989502","3.268955945968628","3.268955945968628","3.268955945968628"
"5120","3.3417952060699463","3.3417952060699463","3.3417952060699463","2.431692361831665","2.431692361831665","2.431692361831665","2.3044376373291016","2.3044376373291016","2.3044376373291016","3.2686476707458496","3.2686476707458496","3.2686476707458496"
"5130","3.4002339839935303","3.4002339839935303","3.4002339839935303","2.3869831562042236","2.3869831562042236","2.3869831562042236","2.3143134117126465","2.3143134117126465","2.3143134117126465","3.3262887001037598","3.3262887001037598","3.3262887001037598"
"5140","3.3070240020751953","3.3070240020751953","3.3070240020751953","2.3752081394195557","2.3752081394195557","2.3752081394195557","2.4069392681121826","2.4069392681121826","2.4069392681121826","3.2315914630889893","3.2315914630889893","3.2315914630889893"
"5150","3.346719741821289","3.346719741821289","3.346719741821289","2.364151954650879","2.364151954650879","2.364151954650879","2.4231364727020264","2.4231364727020264","2.4231364727020264","3.2778244018554688","3.2778244018554688","3.2778244018554688"
"5160","3.3113837242126465","3.3113837242126465","3.3113837242126465","2.3713760375976562","2.3713760375976562","2.3713760375976562","2.418978691101074","2.418978691101074","2.418978691101074","3.241166830062866","3.241166830062866","3.241166830062866"
"5170","3.4066619873046875","3.4066619873046875","3.4066619873046875","2.332618236541748","2.332618236541748","2.332618236541748","2.3815557956695557","2.3815557956695557","2.3815557956695557","3.339674234390259","3.339674234390259","3.339674234390259"
"5180","3.3545782566070557","3.3545782566070557","3.3545782566070557","2.3357155323028564","2.3357155323028564","2.3357155323028564","2.297607660293579","2.297607660293579","2.297607660293579","3.2909398078918457","3.2909398078918457","3.2909398078918457"
"5190","3.235988140106201","3.235988140106201","3.235988140106201","2.3689043521881104","2.3689043521881104","2.3689043521881104","2.4285054206848145","2.4285054206848145","2.4285054206848145","3.1717352867126465","3.1717352867126465","3.1717352867126465"
"5200","3.287090539932251","3.287090539932251","3.287090539932251","2.356633186340332","2.356633186340332","2.356633186340332","2.3150112628936768","2.3150112628936768","2.3150112628936768","3.22414231300354","3.22414231300354","3.22414231300354"
"5210","3.2408947944641113","3.2408947944641113","3.2408947944641113","2.365002393722534","2.365002393722534","2.365002393722534","2.535200357437134","2.535200357437134","2.535200357437134","3.171834945678711","3.171834945678711","3.171834945678711"
"5220","3.2607815265655518","3.2607815265655518","3.2607815265655518","2.40639591217041","2.40639591217041","2.40639591217041","2.0704407691955566","2.0704407691955566","2.0704407691955566","3.199335813522339","3.199335813522339","3.199335813522339"
"5230","3.2766690254211426","3.2766690254211426","3.2766690254211426","2.469183921813965","2.469183921813965","2.469183921813965","2.041491746902466","2.041491746902466","2.041491746902466","3.218191623687744","3.218191623687744","3.218191623687744"
"5240","3.2669501304626465","3.2669501304626465","3.2669501304626465","2.387129068374634","2.387129068374634","2.387129068374634","2.327911138534546","2.327911138534546","2.327911138534546","3.208799123764038","3.208799123764038","3.208799123764038"
"5250","3.2320046424865723","3.2320046424865723","3.2320046424865723","2.341552257537842","2.341552257537842","2.341552257537842","2.4896950721740723","2.4896950721740723","2.4896950721740723","3.17438006401062","3.17438006401062","3.17438006401062"
"5260","3.2598040103912354","3.2598040103912354","3.2598040103912354","2.4018282890319824","2.4018282890319824","2.4018282890319824","2.271144390106201","2.271144390106201","2.271144390106201","3.195753574371338","3.195753574371338","3.195753574371338"
"5270","3.680332660675049","3.680332660675049","3.680332660675049","2.61328125","2.61328125","2.61328125","2.4686222076416016","2.4686222076416016","2.4686222076416016","3.6258583068847656","3.6258583068847656","3.6258583068847656"
"5280","3.6039772033691406","3.6039772033691406","3.6039772033691406","2.427539825439453","2.427539825439453","2.427539825439453","2.393359422683716","2.393359422683716","2.393359422683716","3.5519208908081055","3.5519208908081055","3.5519208908081055"
"5290","3.209622621536255","3.209622621536255","3.209622621536255","2.355802536010742","2.355802536010742","2.355802536010742","2.31649112701416","2.31649112701416","2.31649112701416","3.1547281742095947","3.1547281742095947","3.1547281742095947"
"5300","3.166024684906006","3.166024684906006","3.166024684906006","2.3320043087005615","2.3320043087005615","2.3320043087005615","2.3783843517303467","2.3783843517303467","2.3783843517303467","3.108149528503418","3.108149528503418","3.108149528503418"
"5310","3.183122396469116","3.183122396469116","3.183122396469116","2.3077917098999023","2.3077917098999023","2.3077917098999023","2.32609224319458","2.32609224319458","2.32609224319458","3.12662935256958","3.12662935256958","3.12662935256958"
"5320","3.1754932403564453","3.1754932403564453","3.1754932403564453","2.4121336936950684","2.4121336936950684","2.4121336936950684","2.5996956825256348","2.5996956825256348","2.5996956825256348","3.1218321323394775","3.1218321323394775","3.1218321323394775"
"5330","3.125385046005249","3.125385046005249","3.125385046005249","2.322277545928955","2.322277545928955","2.322277545928955","2.064694881439209","2.064694881439209","2.064694881439209","3.072742462158203","3.072742462158203","3.072742462158203"
"5340","3.2860419750213623","3.2860419750213623","3.2860419750213623","2.353867530822754","2.353867530822754","2.353867530822754","2.3404691219329834","2.3404691219329834","2.3404691219329834","3.2282071113586426","3.2282071113586426","3.2282071113586426"
"5350","3.1315646171569824","3.1315646171569824","3.1315646171569824","2.332554817199707","2.332554817199707","2.332554817199707","2.420821189880371","2.420821189880371","2.420821189880371","3.0807900428771973","3.0807900428771973","3.0807900428771973"
"5360","3.150404453277588","3.150404453277588","3.150404453277588","2.3367769718170166","2.3367769718170166","2.3367769718170166","2.3083951473236084","2.3083951473236084","2.3083951473236084","3.0981953144073486","3.0981953144073486","3.0981953144073486"
"5370","3.155101776123047","3.155101776123047","3.155101776123047","2.3427114486694336","2.3427114486694336","2.3427114486694336","2.3914670944213867","2.3914670944213867","2.3914670944213867","3.097428321838379","3.097428321838379","3.097428321838379"
"5380","3.207930088043213","3.207930088043213","3.207930088043213","2.4392590522766113","2.4392590522766113","2.4392590522766113","2.384124755859375","2.384124755859375","2.384124755859375","3.1553566455841064","3.1553566455841064","3.1553566455841064"
"5390","3.1347172260284424","3.1347172260284424","3.1347172260284424","2.352933883666992","2.352933883666992","2.352933883666992","2.2788197994232178","2.2788197994232178","2.2788197994232178","3.075937271118164","3.075937271118164","3.075937271118164"
"5400","3.107149124145508","3.107149124145508","3.107149124145508","2.377326726913452","2.377326726913452","2.377326726913452","2.2781851291656494","2.2781851291656494","2.2781851291656494","3.062333106994629","3.062333106994629","3.062333106994629"
"5410","3.115166425704956","3.115166425704956","3.115166425704956","2.4098474979400635","2.4098474979400635","2.4098474979400635","2.2962799072265625","2.2962799072265625","2.2962799072265625","3.0688586235046387","3.0688586235046387","3.0688586235046387"
"5420","3.1582226753234863","3.1582226753234863","3.1582226753234863","2.362192153930664","2.362192153930664","2.362192153930664","2.42443585395813","2.42443585395813","2.42443585395813","3.108741521835327","3.108741521835327","3.108741521835327"
"5430","3.050856351852417","3.050856351852417","3.050856351852417","2.3251328468322754","2.3251328468322754","2.3251328468322754","2.353059768676758","2.353059768676758","2.353059768676758","3.0004324913024902","3.0004324913024902","3.0004324913024902"
"5440","3.0632057189941406","3.0632057189941406","3.0632057189941406","2.3726792335510254","2.3726792335510254","2.3726792335510254","2.1670327186584473","2.1670327186584473","2.1670327186584473","3.0124025344848633","3.0124025344848633","3.0124025344848633"
"5450","3.031315565109253","3.031315565109253","3.031315565109253","2.379843235015869","2.379843235015869","2.379843235015869","2.219717025756836","2.219717025756836","2.219717025756836","2.983844518661499","2.983844518661499","2.983844518661499"
"5460","3.0588974952697754","3.0588974952697754","3.0588974952697754","2.3498942852020264","2.3498942852020264","2.3498942852020264","2.3029141426086426","2.3029141426086426","2.3029141426086426","3.0135860443115234","3.0135860443115234","3.0135860443115234"
"5470","3.095684051513672","3.095684051513672","3.095684051513672","2.3668181896209717","2.3668181896209717","2.3668181896209717","2.173034429550171","2.173034429550171","2.173034429550171","3.053927183151245","3.053927183151245","3.053927183151245"
"5480","3.0816566944122314","3.0816566944122314","3.0816566944122314","2.309619426727295","2.309619426727295","2.309619426727295","2.280829668045044","2.280829668045044","2.280829668045044","3.0383553504943848","3.0383553504943848","3.0383553504943848"
"5490","3.0845022201538086","3.0845022201538086","3.0845022201538086","2.4541311264038086","2.4541311264038086","2.4541311264038086","2.2855591773986816","2.2855591773986816","2.2855591773986816","3.031151533126831","3.031151533126831","3.031151533126831"
"5500","2.9938786029815674","2.9938786029815674","2.9938786029815674","2.3364384174346924","2.3364384174346924","2.3364384174346924","2.309877872467041","2.309877872467041","2.309877872467041","2.9483413696289062","2.9483413696289062","2.9483413696289062"
"5510","3.0641493797302246","3.0641493797302246","3.0641493797302246","2.3462324142456055","2.3462324142456055","2.3462324142456055","2.340493679046631","2.340493679046631","2.340493679046631","3.0216054916381836","3.0216054916381836","3.0216054916381836"
"5520","3.0424201488494873","3.0424201488494873","3.0424201488494873","2.351573944091797","2.351573944091797","2.351573944091797","2.5947837829589844","2.5947837829589844","2.5947837829589844","3.003418207168579","3.003418207168579","3.003418207168579"
"5530","3.027106285095215","3.027106285095215","3.027106285095215","2.424421787261963","2.424421787261963","2.424421787261963","2.169661521911621","2.169661521911621","2.169661521911621","2.987185478210449","2.987185478210449","2.987185478210449"
"5540","3.071704864501953","3.071704864501953","3.071704864501953","2.3515801429748535","2.3515801429748535","2.3515801429748535","1.8474491834640503","1.8474491834640503","1.8474491834640503","3.024385452270508","3.024385452270508","3.024385452270508"
"5550","3.1376116275787354","3.1376116275787354","3.1376116275787354","2.3436031341552734","2.3436031341552734","2.3436031341552734","2.116335868835449","2.116335868835449","2.116335868835449","3.0937249660491943","3.0937249660491943","3.0937249660491943"
"5560","3.1225240230560303","3.1225240230560303","3.1225240230560303","2.3108937740325928","2.3108937740325928","2.3108937740325928","2.293405771255493","2.293405771255493","2.293405771255493","3.082336902618408","3.082336902618408","3.082336902618408"
"5570","3.037973642349243","3.037973642349243","3.037973642349243","2.3380661010742188","2.3380661010742188","2.3380661010742188","2.295031785964966","2.295031785964966","2.295031785964966","2.996260166168213","2.996260166168213","2.996260166168213"
"5580","3.0499024391174316","3.0499024391174316","3.0499024391174316","2.341961145401001","2.341961145401001","2.341961145401001","2.370009660720825","2.370009660720825","2.370009660720825","3.006213903427124","3.006213903427124","3.006213903427124"
"5590","2.9905152320861816","2.9905152320861816","2.9905152320861816","2.32391095161438","2.32391095161438","2.32391095161438","2.1257288455963135","2.1257288455963135","2.1257288455963135","2.9490036964416504","2.9490036964416504","2.9490036964416504"
"5600","3.0598416328430176","3.0598416328430176","3.0598416328430176","2.3529558181762695","2.3529558181762695","2.3529558181762695","2.3246264457702637","2.3246264457702637","2.3246264457702637","3.017810344696045","3.017810344696045","3.017810344696045"
"5610","3.056710958480835","3.056710958480835","3.056710958480835","2.4409093856811523","2.4409093856811523","2.4409093856811523","2.196061611175537","2.196061611175537","2.196061611175537","3.0231292247772217","3.0231292247772217","3.0231292247772217"
"5620","2.979978084564209","2.979978084564209","2.979978084564209","2.335083484649658","2.335083484649658","2.335083484649658","2.3673782348632812","2.3673782348632812","2.3673782348632812","2.943899631500244","2.943899631500244","2.943899631500244"
"5630","2.9951608180999756","2.9951608180999756","2.9951608180999756","2.344132900238037","2.344132900238037","2.344132900238037","2.35271954536438","2.35271954536438","2.35271954536438","2.9568588733673096","2.9568588733673096","2.9568588733673096"
"5640","3.0241317749023438","3.0241317749023438","3.0241317749023438","2.6022026538848877","2.6022026538848877","2.6022026538848877","2.325547933578491","2.325547933578491","2.325547933578491","2.9861598014831543","2.9861598014831543","2.9861598014831543"
"5650","3.0454108715057373","3.0454108715057373","3.0454108715057373","2.3993349075317383","2.3993349075317383","2.3993349075317383","2.205024003982544","2.205024003982544","2.205024003982544","3.0073585510253906","3.0073585510253906","3.0073585510253906"
"5660","2.9722793102264404","2.9722793102264404","2.9722793102264404","2.3186395168304443","2.3186395168304443","2.3186395168304443","2.4302210807800293","2.4302210807800293","2.4302210807800293","2.9307310581207275","2.9307310581207275","2.9307310581207275"
"5670","2.9955365657806396","2.9955365657806396","2.9955365657806396","2.3584749698638916","2.3584749698638916","2.3584749698638916","2.3216936588287354","2.3216936588287354","2.3216936588287354","2.956136703491211","2.956136703491211","2.956136703491211"
"5680","2.9663455486297607","2.9663455486297607","2.9663455486297607","2.3434042930603027","2.3434042930603027","2.3434042930603027","2.2723631858825684","2.2723631858825684","2.2723631858825684","2.931912660598755","2.931912660598755","2.931912660598755"
"5690","3.1264231204986572","3.1264231204986572","3.1264231204986572","2.312617778778076","2.312617778778076","2.312617778778076","2.0593607425689697","2.0593607425689697","2.0593607425689697","3.0913543701171875","3.0913543701171875","3.0913543701171875"
"5700","3.138123035430908","3.138123035430908","3.138123035430908","2.3260319232940674","2.3260319232940674","2.3260319232940674","1.8672230243682861","1.8672230243682861","1.8672230243682861","3.1010537147521973","3.1010537147521973","3.1010537147521973"
"5710","2.9356110095977783","2.9356110095977783","2.9356110095977783","2.3596444129943848","2.3596444129943848","2.3596444129943848","2.3322277069091797","2.3322277069091797","2.3322277069091797","2.8995249271392822","2.8995249271392822","2.8995249271392822"
"5720","2.8990044593811035","2.8990044593811035","2.8990044593811035","2.427999496459961","2.427999496459961","2.427999496459961","2.3567991256713867","2.3567991256713867","2.3567991256713867","2.863886594772339","2.863886594772339","2.863886594772339"
"5730","2.91349458694458","2.91349458694458","2.91349458694458","2.324465751647949","2.324465751647949","2.324465751647949","2.1930179595947266","2.1930179595947266","2.1930179595947266","2.8745248317718506","2.8745248317718506","2.8745248317718506"
"5740","3.104701280593872","3.104701280593872","3.104701280593872","2.496030807495117","2.496030807495117","2.496030807495117","2.3133177757263184","2.3133177757263184","2.3133177757263184","3.0681803226470947","3.0681803226470947","3.0681803226470947"
"5750","3.0264363288879395","3.0264363288879395","3.0264363288879395","2.3417975902557373","2.3417975902557373","2.3417975902557373","2.3340373039245605","2.3340373039245605","2.3340373039245605","2.9892220497131348","2.9892220497131348","2.9892220497131348"
"5760","2.9687647819519043","2.9687647819519043","2.9687647819519043","2.3308868408203125","2.3308868408203125","2.3308868408203125","2.608062744140625","2.608062744140625","2.608062744140625","2.933112859725952","2.933112859725952","2.933112859725952"
"5770","3.0649240016937256","3.0649240016937256","3.0649240016937256","2.3266196250915527","2.3266196250915527","2.3266196250915527","2.3588247299194336","2.3588247299194336","2.3588247299194336","3.0361499786376953","3.0361499786376953","3.0361499786376953"
"5780","2.9062938690185547","2.9062938690185547","2.9062938690185547","2.3221073150634766","2.3221073150634766","2.3221073150634766","2.325636625289917","2.325636625289917","2.325636625289917","2.8770899772644043","2.8770899772644043","2.8770899772644043"
"5790","3.04823637008667","3.04823637008667","3.04823637008667","2.570679187774658","2.570679187774658","2.570679187774658","2.268726110458374","2.268726110458374","2.268726110458374","3.0198493003845215","3.0198493003845215","3.0198493003845215"
"5800","2.9670281410217285","2.9670281410217285","2.9670281410217285","2.5797500610351562","2.5797500610351562","2.5797500610351562","2.365116834640503","2.365116834640503","2.365116834640503","2.9574081897735596","2.9574081897735596","2.9574081897735596"
"5810","3.1431946754455566","3.1431946754455566","3.1431946754455566","2.3451364040374756","2.3451364040374756","2.3451364040374756","2.384152412414551","2.384152412414551","2.384152412414551","3.1171908378601074","3.1171908378601074","3.1171908378601074"
"5820","3.0028414726257324","3.0028414726257324","3.0028414726257324","2.3277978897094727","2.3277978897094727","2.3277978897094727","2.0798254013061523","2.0798254013061523","2.0798254013061523","2.971649646759033","2.971649646759033","2.971649646759033"
"5830","3.0793228149414062","3.0793228149414062","3.0793228149414062","2.3977720737457275","2.3977720737457275","2.3977720737457275","2.3038506507873535","2.3038506507873535","2.3038506507873535","3.045335292816162","3.045335292816162","3.045335292816162"
"5840","3.017124652862549","3.017124652862549","3.017124652862549","2.3320376873016357","2.3320376873016357","2.3320376873016357","2.31192684173584","2.31192684173584","2.31192684173584","2.9741106033325195","2.9741106033325195","2.9741106033325195"
"5850","2.9561712741851807","2.9561712741851807","2.9561712741851807","2.346902370452881","2.346902370452881","2.346902370452881","2.2053027153015137","2.2053027153015137","2.2053027153015137","2.9179606437683105","2.9179606437683105","2.9179606437683105"
"5860","2.8998711109161377","2.8998711109161377","2.8998711109161377","2.291228771209717","2.291228771209717","2.291228771209717","2.0976409912109375","2.0976409912109375","2.0976409912109375","2.864900588989258","2.864900588989258","2.864900588989258"
"5870","2.9259986877441406","2.9259986877441406","2.9259986877441406","2.340449333190918","2.340449333190918","2.340449333190918","2.198460102081299","2.198460102081299","2.198460102081299","2.89273738861084","2.89273738861084","2.89273738861084"
"5880","2.906909465789795","2.906909465789795","2.906909465789795","2.362377166748047","2.362377166748047","2.362377166748047","2.288501739501953","2.288501739501953","2.288501739501953","2.8749635219573975","2.8749635219573975","2.8749635219573975"
"5890","2.903005838394165","2.903005838394165","2.903005838394165","2.4218177795410156","2.4218177795410156","2.4218177795410156","2.119960069656372","2.119960069656372","2.119960069656372","2.8735883235931396","2.8735883235931396","2.8735883235931396"
"5900","2.919847249984741","2.919847249984741","2.919847249984741","2.33219051361084","2.33219051361084","2.33219051361084","2.166046142578125","2.166046142578125","2.166046142578125","2.8923697471618652","2.8923697471618652","2.8923697471618652"
"5910","3.1721787452697754","3.1721787452697754","3.1721787452697754","2.3002731800079346","2.3002731800079346","2.3002731800079346","2.014859676361084","2.014859676361084","2.014859676361084","3.1415655612945557","3.1415655612945557","3.1415655612945557"
"5920","2.9963204860687256","2.9963204860687256","2.9963204860687256","2.3667960166931152","2.3667960166931152","2.3667960166931152","2.3943209648132324","2.3943209648132324","2.3943209648132324","2.9681477546691895","2.9681477546691895","2.9681477546691895"
"5930","2.932868480682373","2.932868480682373","2.932868480682373","2.3271865844726562","2.3271865844726562","2.3271865844726562","2.134992837905884","2.134992837905884","2.134992837905884","2.906052589416504","2.906052589416504","2.906052589416504"
"5940","2.8827812671661377","2.8827812671661377","2.8827812671661377","2.301156759262085","2.301156759262085","2.301156759262085","2.2396466732025146","2.2396466732025146","2.2396466732025146","2.8538498878479004","2.8538498878479004","2.8538498878479004"
"5950","2.848722219467163","2.848722219467163","2.848722219467163","2.3937461376190186","2.3937461376190186","2.3937461376190186","2.1306474208831787","2.1306474208831787","2.1306474208831787","2.8222126960754395","2.8222126960754395","2.8222126960754395"
"5960","2.896679639816284","2.896679639816284","2.896679639816284","2.4771389961242676","2.4771389961242676","2.4771389961242676","2.2542643547058105","2.2542643547058105","2.2542643547058105","2.8714897632598877","2.8714897632598877","2.8714897632598877"
"5970","2.8491897583007812","2.8491897583007812","2.8491897583007812","2.804802417755127","2.804802417755127","2.804802417755127","2.3456192016601562","2.3456192016601562","2.3456192016601562","2.8252828121185303","2.8252828121185303","2.8252828121185303"
"5980","2.8199033737182617","2.8199033737182617","2.8199033737182617","2.3731536865234375","2.3731536865234375","2.3731536865234375","2.3761343955993652","2.3761343955993652","2.3761343955993652","2.792881488800049","2.792881488800049","2.792881488800049"
"5990","2.8591816425323486","2.8591816425323486","2.8591816425323486","2.340294122695923","2.340294122695923","2.340294122695923","2.219968318939209","2.219968318939209","2.219968318939209","2.835038661956787","2.835038661956787","2.835038661956787"
"6000","2.893004894256592","2.893004894256592","2.893004894256592","2.3656396865844727","2.3656396865844727","2.3656396865844727","2.0000264644622803","2.0000264644622803","2.0000264644622803","2.8714230060577393","2.8714230060577393","2.8714230060577393"
"6010","2.839745044708252","2.839745044708252","2.839745044708252","2.3320672512054443","2.3320672512054443","2.3320672512054443","2.0929901599884033","2.0929901599884033","2.0929901599884033","2.815319299697876","2.815319299697876","2.815319299697876"
"6020","2.880979299545288","2.880979299545288","2.880979299545288","2.3032150268554688","2.3032150268554688","2.3032150268554688","2.13594913482666","2.13594913482666","2.13594913482666","2.8564181327819824","2.8564181327819824","2.8564181327819824"
"6030","2.743985414505005","2.743985414505005","2.743985414505005","2.3206801414489746","2.3206801414489746","2.3206801414489746","2.2682244777679443","2.2682244777679443","2.2682244777679443","2.7196531295776367","2.7196531295776367","2.7196531295776367"
"6040","2.83849835395813","2.83849835395813","2.83849835395813","2.314030647277832","2.314030647277832","2.314030647277832","2.3131825923919678","2.3131825923919678","2.3131825923919678","2.8130810260772705","2.8130810260772705","2.8130810260772705"
"6050","2.830456256866455","2.830456256866455","2.830456256866455","2.2743778228759766","2.2743778228759766","2.2743778228759766","2.4352128505706787","2.4352128505706787","2.4352128505706787","2.800379514694214","2.800379514694214","2.800379514694214"
"6060","2.9011178016662598","2.9011178016662598","2.9011178016662598","2.469668388366699","2.469668388366699","2.469668388366699","2.329007625579834","2.329007625579834","2.329007625579834","2.875014066696167","2.875014066696167","2.875014066696167"
"6070","2.8109958171844482","2.8109958171844482","2.8109958171844482","2.3324263095855713","2.3324263095855713","2.3324263095855713","2.330716848373413","2.330716848373413","2.330716848373413","2.784909725189209","2.784909725189209","2.784909725189209"
"6080","2.801034450531006","2.801034450531006","2.801034450531006","2.340575933456421","2.340575933456421","2.340575933456421","2.3588619232177734","2.3588619232177734","2.3588619232177734","2.7761683464050293","2.7761683464050293","2.7761683464050293"
"6090","2.845133066177368","2.845133066177368","2.845133066177368","2.3102807998657227","2.3102807998657227","2.3102807998657227","2.3147594928741455","2.3147594928741455","2.3147594928741455","2.8266618251800537","2.8266618251800537","2.8266618251800537"
"6100","3.206801652908325","3.206801652908325","3.206801652908325","2.3236236572265625","2.3236236572265625","2.3236236572265625","2.314974784851074","2.314974784851074","2.314974784851074","3.184384346008301","3.184384346008301","3.184384346008301"
"6110","2.8600120544433594","2.8600120544433594","2.8600120544433594","2.358457326889038","2.358457326889038","2.358457326889038","2.0718441009521484","2.0718441009521484","2.0718441009521484","2.8342370986938477","2.8342370986938477","2.8342370986938477"
"6120","2.816729784011841","2.816729784011841","2.816729784011841","2.294365882873535","2.294365882873535","2.294365882873535","2.3235130310058594","2.3235130310058594","2.3235130310058594","2.788395643234253","2.788395643234253","2.788395643234253"
"6130","2.8893728256225586","2.8893728256225586","2.8893728256225586","2.28629469871521","2.28629469871521","2.28629469871521","2.2640159130096436","2.2640159130096436","2.2640159130096436","2.867751121520996","2.867751121520996","2.867751121520996"
"6140","2.7692618370056152","2.7692618370056152","2.7692618370056152","2.336728096008301","2.336728096008301","2.336728096008301","2.2686758041381836","2.2686758041381836","2.2686758041381836","2.7453346252441406","2.7453346252441406","2.7453346252441406"
"6150","2.7278072834014893","2.7278072834014893","2.7278072834014893","2.4077608585357666","2.4077608585357666","2.4077608585357666","2.162142276763916","2.162142276763916","2.162142276763916","2.704908847808838","2.704908847808838","2.704908847808838"
"6160","3.3514702320098877","3.3514702320098877","3.3514702320098877","2.614996910095215","2.614996910095215","2.614996910095215","2.2337708473205566","2.2337708473205566","2.2337708473205566","3.354666233062744","3.354666233062744","3.354666233062744"
"6170","2.8505666255950928","2.8505666255950928","2.8505666255950928","2.2710013389587402","2.2710013389587402","2.2710013389587402","2.1874804496765137","2.1874804496765137","2.1874804496765137","2.8342840671539307","2.8342840671539307","2.8342840671539307"
"6180","2.7694687843322754","2.7694687843322754","2.7694687843322754","2.34173583984375","2.34173583984375","2.34173583984375","2.4228665828704834","2.4228665828704834","2.4228665828704834","2.7508034706115723","2.7508034706115723","2.7508034706115723"
"6190","2.847071647644043","2.847071647644043","2.847071647644043","2.333956003189087","2.333956003189087","2.333956003189087","2.3524069786071777","2.3524069786071777","2.3524069786071777","2.822543144226074","2.822543144226074","2.822543144226074"
"6200","2.9306602478027344","2.9306602478027344","2.9306602478027344","2.290030002593994","2.290030002593994","2.290030002593994","2.135575294494629","2.135575294494629","2.135575294494629","2.9017415046691895","2.9017415046691895","2.9017415046691895"
"6210","2.8343124389648438","2.8343124389648438","2.8343124389648438","2.2820074558258057","2.2820074558258057","2.2820074558258057","2.2975213527679443","2.2975213527679443","2.2975213527679443","2.809882879257202","2.809882879257202","2.809882879257202"
"6220","2.775923013687134","2.775923013687134","2.775923013687134","2.319075107574463","2.319075107574463","2.319075107574463","2.483612298965454","2.483612298965454","2.483612298965454","2.748831033706665","2.748831033706665","2.748831033706665"
"6230","2.778672218322754","2.778672218322754","2.778672218322754","2.3204526901245117","2.3204526901245117","2.3204526901245117","2.262722969055176","2.262722969055176","2.262722969055176","2.754669189453125","2.754669189453125","2.754669189453125"
"6240","2.7696847915649414","2.7696847915649414","2.7696847915649414","2.2883522510528564","2.2883522510528564","2.2883522510528564","2.3586158752441406","2.3586158752441406","2.3586158752441406","2.750664234161377","2.750664234161377","2.750664234161377"
"6250","2.7354607582092285","2.7354607582092285","2.7354607582092285","2.264742374420166","2.264742374420166","2.264742374420166","2.1500911712646484","2.1500911712646484","2.1500911712646484","2.7186436653137207","2.7186436653137207","2.7186436653137207"
"6260","2.7663559913635254","2.7663559913635254","2.7663559913635254","2.472992420196533","2.472992420196533","2.472992420196533","2.186089515686035","2.186089515686035","2.186089515686035","2.7483880519866943","2.7483880519866943","2.7483880519866943"
"6270","2.7158966064453125","2.7158966064453125","2.7158966064453125","2.4466392993927","2.4466392993927","2.4466392993927","2.3240203857421875","2.3240203857421875","2.3240203857421875","2.69437313079834","2.69437313079834","2.69437313079834"
"6280","2.761298179626465","2.761298179626465","2.761298179626465","2.347105026245117","2.347105026245117","2.347105026245117","2.0980303287506104","2.0980303287506104","2.0980303287506104","2.7387166023254395","2.7387166023254395","2.7387166023254395"
"6290","2.7857346534729004","2.7857346534729004","2.7857346534729004","2.299485683441162","2.299485683441162","2.299485683441162","2.244020462036133","2.244020462036133","2.244020462036133","2.762876033782959","2.762876033782959","2.762876033782959"
"6300","2.6982040405273438","2.6982040405273438","2.6982040405273438","2.4687576293945312","2.4687576293945312","2.4687576293945312","2.0109105110168457","2.0109105110168457","2.0109105110168457","2.6751010417938232","2.6751010417938232","2.6751010417938232"
"6310","2.7858190536499023","2.7858190536499023","2.7858190536499023","2.359539031982422","2.359539031982422","2.359539031982422","2.1636037826538086","2.1636037826538086","2.1636037826538086","2.7671546936035156","2.7671546936035156","2.7671546936035156"
"6320","2.8282225131988525","2.8282225131988525","2.8282225131988525","2.2889225482940674","2.2889225482940674","2.2889225482940674","2.3130712509155273","2.3130712509155273","2.3130712509155273","2.808180809020996","2.808180809020996","2.808180809020996"
"6330","2.7740845680236816","2.7740845680236816","2.7740845680236816","2.287130832672119","2.287130832672119","2.287130832672119","2.2555463314056396","2.2555463314056396","2.2555463314056396","2.755256414413452","2.755256414413452","2.755256414413452"
"6340","2.736222267150879","2.736222267150879","2.736222267150879","2.3097147941589355","2.3097147941589355","2.3097147941589355","1.9589426517486572","1.9589426517486572","1.9589426517486572","2.717066764831543","2.717066764831543","2.717066764831543"
"6350","2.859220504760742","2.859220504760742","2.859220504760742","2.232910394668579","2.232910394668579","2.232910394668579","2.1358253955841064","2.1358253955841064","2.1358253955841064","2.841151237487793","2.841151237487793","2.841151237487793"
"6360","2.745100975036621","2.745100975036621","2.745100975036621","2.3945436477661133","2.3945436477661133","2.3945436477661133","2.720705986022949","2.720705986022949","2.720705986022949","2.725710153579712","2.725710153579712","2.725710153579712"
"6370","2.6944169998168945","2.6944169998168945","2.6944169998168945","2.3310093879699707","2.3310093879699707","2.3310093879699707","2.33974289894104","2.33974289894104","2.33974289894104","2.67587947845459","2.67587947845459","2.67587947845459"
"6380","2.737882375717163","2.737882375717163","2.737882375717163","2.2884507179260254","2.2884507179260254","2.2884507179260254","2.278926372528076","2.278926372528076","2.278926372528076","2.7197930812835693","2.7197930812835693","2.7197930812835693"
"6390","2.7734854221343994","2.7734854221343994","2.7734854221343994","2.2714827060699463","2.2714827060699463","2.2714827060699463","2.45806884765625","2.45806884765625","2.45806884765625","2.75429630279541","2.75429630279541","2.75429630279541"
"6400","2.754816770553589","2.754816770553589","2.754816770553589","2.314882278442383","2.314882278442383","2.314882278442383","2.3194503784179688","2.3194503784179688","2.3194503784179688","2.733851194381714","2.733851194381714","2.733851194381714"
"6410","2.8017537593841553","2.8017537593841553","2.8017537593841553","2.3604977130889893","2.3604977130889893","2.3604977130889893","2.00032639503479","2.00032639503479","2.00032639503479","2.7811121940612793","2.7811121940612793","2.7811121940612793"
"6420","2.698150396347046","2.698150396347046","2.698150396347046","2.2518651485443115","2.2518651485443115","2.2518651485443115","2.2124340534210205","2.2124340534210205","2.2124340534210205","2.681187152862549","2.681187152862549","2.681187152862549"
"6430","2.778186321258545","2.778186321258545","2.778186321258545","2.277939558029175","2.277939558029175","2.277939558029175","2.1738317012786865","2.1738317012786865","2.1738317012786865","2.757625102996826","2.757625102996826","2.757625102996826"
"6440","2.7249794006347656","2.7249794006347656","2.7249794006347656","2.3471696376800537","2.3471696376800537","2.3471696376800537","2.295348882675171","2.295348882675171","2.295348882675171","2.7056984901428223","2.7056984901428223","2.7056984901428223"
"6450","2.728968620300293","2.728968620300293","2.728968620300293","2.3588953018188477","2.3588953018188477","2.3588953018188477","2.247783899307251","2.247783899307251","2.247783899307251","2.708409547805786","2.708409547805786","2.708409547805786"
"6460","2.6988730430603027","2.6988730430603027","2.6988730430603027","2.2880611419677734","2.2880611419677734","2.2880611419677734","2.3057801723480225","2.3057801723480225","2.3057801723480225","2.6795411109924316","2.6795411109924316","2.6795411109924316"
"6470","2.7571661472320557","2.7571661472320557","2.7571661472320557","2.3123347759246826","2.3123347759246826","2.3123347759246826","2.3178646564483643","2.3178646564483643","2.3178646564483643","2.7410433292388916","2.7410433292388916","2.7410433292388916"
"6480","2.7103869915008545","2.7103869915008545","2.7103869915008545","2.3240535259246826","2.3240535259246826","2.3240535259246826","2.26930832862854","2.26930832862854","2.26930832862854","2.6947038173675537","2.6947038173675537","2.6947038173675537"
"6490","2.733295440673828","2.733295440673828","2.733295440673828","2.2804062366485596","2.2804062366485596","2.2804062366485596","2.3292436599731445","2.3292436599731445","2.3292436599731445","2.7175087928771973","2.7175087928771973","2.7175087928771973"
"6500","2.6880767345428467","2.6880767345428467","2.6880767345428467","2.3077633380889893","2.3077633380889893","2.3077633380889893","2.2885613441467285","2.2885613441467285","2.2885613441467285","2.6719629764556885","2.6719629764556885","2.6719629764556885"
"6510","2.728898286819458","2.728898286819458","2.728898286819458","2.2907817363739014","2.2907817363739014","2.2907817363739014","1.9815845489501953","1.9815845489501953","1.9815845489501953","2.7142040729522705","2.7142040729522705","2.7142040729522705"
"6520","2.753185272216797","2.753185272216797","2.753185272216797","2.3226370811462402","2.3226370811462402","2.3226370811462402","2.296172618865967","2.296172618865967","2.296172618865967","2.737199068069458","2.737199068069458","2.737199068069458"
"6530","2.741779088973999","2.741779088973999","2.741779088973999","2.3755242824554443","2.3755242824554443","2.3755242824554443","2.329394817352295","2.329394817352295","2.329394817352295","2.724714517593384","2.724714517593384","2.724714517593384"
"6540","2.683927536010742","2.683927536010742","2.683927536010742","2.3227736949920654","2.3227736949920654","2.3227736949920654","2.2935028076171875","2.2935028076171875","2.2935028076171875","2.665355920791626","2.665355920791626","2.665355920791626"
"6550","2.6857504844665527","2.6857504844665527","2.6857504844665527","2.266329765319824","2.266329765319824","2.266329765319824","2.736729145050049","2.736729145050049","2.736729145050049","2.667665719985962","2.667665719985962","2.667665719985962"
"6560","2.7004740238189697","2.7004740238189697","2.7004740238189697","2.3353078365325928","2.3353078365325928","2.3353078365325928","2.5327534675598145","2.5327534675598145","2.5327534675598145","2.6872267723083496","2.6872267723083496","2.6872267723083496"
"6570","2.7673165798187256","2.7673165798187256","2.7673165798187256","2.276395559310913","2.276395559310913","2.276395559310913","2.157356023788452","2.157356023788452","2.157356023788452","2.7536497116088867","2.7536497116088867","2.7536497116088867"
"6580","2.833897352218628","2.833897352218628","2.833897352218628","2.3252487182617188","2.3252487182617188","2.3252487182617188","1.8491127490997314","1.8491127490997314","1.8491127490997314","2.8187437057495117","2.8187437057495117","2.8187437057495117"
"6590","2.6770682334899902","2.6770682334899902","2.6770682334899902","2.4083173274993896","2.4083173274993896","2.4083173274993896","2.28079891204834","2.28079891204834","2.28079891204834","2.660182476043701","2.660182476043701","2.660182476043701"
"6600","2.7792069911956787","2.7792069911956787","2.7792069911956787","2.3507955074310303","2.3507955074310303","2.3507955074310303","2.325464963912964","2.325464963912964","2.325464963912964","2.7649857997894287","2.7649857997894287","2.7649857997894287"
"6610","2.7394704818725586","2.7394704818725586","2.7394704818725586","2.368229866027832","2.368229866027832","2.368229866027832","2.213752508163452","2.213752508163452","2.213752508163452","2.72318959236145","2.72318959236145","2.72318959236145"
"6620","2.765045166015625","2.765045166015625","2.765045166015625","2.3307130336761475","2.3307130336761475","2.3307130336761475","2.253817081451416","2.253817081451416","2.253817081451416","2.753413200378418","2.753413200378418","2.753413200378418"
"6630","2.709810495376587","2.709810495376587","2.709810495376587","2.283311128616333","2.283311128616333","2.283311128616333","2.2892918586730957","2.2892918586730957","2.2892918586730957","2.6956663131713867","2.6956663131713867","2.6956663131713867"
"6640","2.6728670597076416","2.6728670597076416","2.6728670597076416","2.3109185695648193","2.3109185695648193","2.3109185695648193","2.467512369155884","2.467512369155884","2.467512369155884","2.6578586101531982","2.6578586101531982","2.6578586101531982"
"6650","2.7140567302703857","2.7140567302703857","2.7140567302703857","2.261605739593506","2.261605739593506","2.261605739593506","2.1888065338134766","2.1888065338134766","2.1888065338134766","2.697425127029419","2.697425127029419","2.697425127029419"
"6660","2.6697497367858887","2.6697497367858887","2.6697497367858887","2.2519874572753906","2.2519874572753906","2.2519874572753906","2.115750789642334","2.115750789642334","2.115750789642334","2.654995918273926","2.654995918273926","2.654995918273926"
"6670","2.6530895233154297","2.6530895233154297","2.6530895233154297","2.296096086502075","2.296096086502075","2.296096086502075","2.3478035926818848","2.3478035926818848","2.3478035926818848","2.6350536346435547","2.6350536346435547","2.6350536346435547"
"6680","2.70393443107605","2.70393443107605","2.70393443107605","2.3836259841918945","2.3836259841918945","2.3836259841918945","2.151125192642212","2.151125192642212","2.151125192642212","2.685382127761841","2.685382127761841","2.685382127761841"
"6690","2.643129825592041","2.643129825592041","2.643129825592041","2.2985339164733887","2.2985339164733887","2.2985339164733887","2.3256924152374268","2.3256924152374268","2.3256924152374268","2.6246259212493896","2.6246259212493896","2.6246259212493896"
"6700","2.7128396034240723","2.7128396034240723","2.7128396034240723","2.332597255706787","2.332597255706787","2.332597255706787","2.271800994873047","2.271800994873047","2.271800994873047","2.696707248687744","2.696707248687744","2.696707248687744"
"6710","2.6300153732299805","2.6300153732299805","2.6300153732299805","2.3392252922058105","2.3392252922058105","2.3392252922058105","2.295762538909912","2.295762538909912","2.295762538909912","2.615239381790161","2.615239381790161","2.615239381790161"
"6720","2.7054128646850586","2.7054128646850586","2.7054128646850586","2.3304004669189453","2.3304004669189453","2.3304004669189453","2.179523468017578","2.179523468017578","2.179523468017578","2.6940364837646484","2.6940364837646484","2.6940364837646484"
"6730","2.660231590270996","2.660231590270996","2.660231590270996","2.3736305236816406","2.3736305236816406","2.3736305236816406","2.1685402393341064","2.1685402393341064","2.1685402393341064","2.6446099281311035","2.6446099281311035","2.6446099281311035"
"6740","2.63494873046875","2.63494873046875","2.63494873046875","2.258934736251831","2.258934736251831","2.258934736251831","1.9482343196868896","1.9482343196868896","1.9482343196868896","2.6230900287628174","2.6230900287628174","2.6230900287628174"
"6750","2.656182050704956","2.656182050704956","2.656182050704956","2.253484010696411","2.253484010696411","2.253484010696411","2.2237820625305176","2.2237820625305176","2.2237820625305176","2.6426284313201904","2.6426284313201904","2.6426284313201904"
"6760","2.6892271041870117","2.6892271041870117","2.6892271041870117","2.270697593688965","2.270697593688965","2.270697593688965","2.3127031326293945","2.3127031326293945","2.3127031326293945","2.674050807952881","2.674050807952881","2.674050807952881"
"6770","2.6350200176239014","2.6350200176239014","2.6350200176239014","2.312062978744507","2.312062978744507","2.312062978744507","2.586942195892334","2.586942195892334","2.586942195892334","2.6206772327423096","2.6206772327423096","2.6206772327423096"
"6780","2.6931238174438477","2.6931238174438477","2.6931238174438477","2.2892515659332275","2.2892515659332275","2.2892515659332275","2.250377893447876","2.250377893447876","2.250377893447876","2.6762638092041016","2.6762638092041016","2.6762638092041016"
"6790","2.6513233184814453","2.6513233184814453","2.6513233184814453","2.3152928352355957","2.3152928352355957","2.3152928352355957","2.272655725479126","2.272655725479126","2.272655725479126","2.6342899799346924","2.6342899799346924","2.6342899799346924"
"6800","2.724893569946289","2.724893569946289","2.724893569946289","2.246847152709961","2.246847152709961","2.246847152709961","2.1837546825408936","2.1837546825408936","2.1837546825408936","2.7065365314483643","2.7065365314483643","2.7065365314483643"
"6810","2.6820337772369385","2.6820337772369385","2.6820337772369385","2.2642486095428467","2.2642486095428467","2.2642486095428467","2.3103322982788086","2.3103322982788086","2.3103322982788086","2.6634445190429688","2.6634445190429688","2.6634445190429688"
"6820","2.601025342941284","2.601025342941284","2.601025342941284","2.3686485290527344","2.3686485290527344","2.3686485290527344","2.0411858558654785","2.0411858558654785","2.0411858558654785","2.58402419090271","2.58402419090271","2.58402419090271"
"6830","2.747708320617676","2.747708320617676","2.747708320617676","2.331183910369873","2.331183910369873","2.331183910369873","2.00545597076416","2.00545597076416","2.00545597076416","2.73111891746521","2.73111891746521","2.73111891746521"
"6840","2.6391398906707764","2.6391398906707764","2.6391398906707764","2.2360036373138428","2.2360036373138428","2.2360036373138428","2.2399232387542725","2.2399232387542725","2.2399232387542725","2.620077133178711","2.620077133178711","2.620077133178711"
"6850","2.5168344974517822","2.5168344974517822","2.5168344974517822","2.255491256713867","2.255491256713867","2.255491256713867","1.971418857574463","1.971418857574463","1.971418857574463","2.498973846435547","2.498973846435547","2.498973846435547"
"6860","2.6883912086486816","2.6883912086486816","2.6883912086486816","2.2738420963287354","2.2738420963287354","2.2738420963287354","2.1027889251708984","2.1027889251708984","2.1027889251708984","2.672821044921875","2.672821044921875","2.672821044921875"
"6870","2.6136984825134277","2.6136984825134277","2.6136984825134277","2.282243490219116","2.282243490219116","2.282243490219116","2.508690357208252","2.508690357208252","2.508690357208252","2.599595308303833","2.599595308303833","2.599595308303833"
"6880","2.6420443058013916","2.6420443058013916","2.6420443058013916","2.323983669281006","2.323983669281006","2.323983669281006","2.2771975994110107","2.2771975994110107","2.2771975994110107","2.6260836124420166","2.6260836124420166","2.6260836124420166"
"6890","2.630715847015381","2.630715847015381","2.630715847015381","2.342611312866211","2.342611312866211","2.342611312866211","2.196547269821167","2.196547269821167","2.196547269821167","2.6167922019958496","2.6167922019958496","2.6167922019958496"
"6900","2.6522059440612793","2.6522059440612793","2.6522059440612793","2.2267279624938965","2.2267279624938965","2.2267279624938965","1.9784462451934814","1.9784462451934814","1.9784462451934814","2.637939929962158","2.637939929962158","2.637939929962158"
"6910","2.621917247772217","2.621917247772217","2.621917247772217","2.2961809635162354","2.2961809635162354","2.2961809635162354","2.3941702842712402","2.3941702842712402","2.3941702842712402","2.6078271865844727","2.6078271865844727","2.6078271865844727"
"6920","2.6360793113708496","2.6360793113708496","2.6360793113708496","2.3026044368743896","2.3026044368743896","2.3026044368743896","2.4377923011779785","2.4377923011779785","2.4377923011779785","2.6207869052886963","2.6207869052886963","2.6207869052886963"
"6930","2.633312940597534","2.633312940597534","2.633312940597534","2.3337647914886475","2.3337647914886475","2.3337647914886475","2.141144037246704","2.141144037246704","2.141144037246704","2.6200551986694336","2.6200551986694336","2.6200551986694336"
"6940","2.630019187927246","2.630019187927246","2.630019187927246","2.287468194961548","2.287468194961548","2.287468194961548","2.1998050212860107","2.1998050212860107","2.1998050212860107","2.616286277770996","2.616286277770996","2.616286277770996"
"6950","2.59008526802063","2.59008526802063","2.59008526802063","2.2689247131347656","2.2689247131347656","2.2689247131347656","2.1215317249298096","2.1215317249298096","2.1215317249298096","2.5754947662353516","2.5754947662353516","2.5754947662353516"
"6960","2.6701812744140625","2.6701812744140625","2.6701812744140625","2.27705717086792","2.27705717086792","2.27705717086792","2.1697845458984375","2.1697845458984375","2.1697845458984375","2.653815269470215","2.653815269470215","2.653815269470215"
"6970","2.6184964179992676","2.6184964179992676","2.6184964179992676","2.3081541061401367","2.3081541061401367","2.3081541061401367","2.1549885272979736","2.1549885272979736","2.1549885272979736","2.606405735015869","2.606405735015869","2.606405735015869"
"6980","2.960726737976074","2.960726737976074","2.960726737976074","2.235975503921509","2.235975503921509","2.235975503921509","2.022132396697998","2.022132396697998","2.022132396697998","2.9492173194885254","2.9492173194885254","2.9492173194885254"
"6990","2.708385467529297","2.708385467529297","2.708385467529297","2.2773022651672363","2.2773022651672363","2.2773022651672363","2.240341901779175","2.240341901779175","2.240341901779175","2.6918466091156006","2.6918466091156006","2.6918466091156006"
"7000","2.646422863006592","2.646422863006592","2.646422863006592","2.293583869934082","2.293583869934082","2.293583869934082","2.1989223957061768","2.1989223957061768","2.1989223957061768","2.6312732696533203","2.6312732696533203","2.6312732696533203"
"7010","2.7606568336486816","2.7606568336486816","2.7606568336486816","2.3973989486694336","2.3973989486694336","2.3973989486694336","2.1848855018615723","2.1848855018615723","2.1848855018615723","2.743346691131592","2.743346691131592","2.743346691131592"
"7020","2.6977274417877197","2.6977274417877197","2.6977274417877197","3.1938202381134033","3.1938202381134033","3.1938202381134033","2.2712996006011963","2.2712996006011963","2.2712996006011963","2.682075262069702","2.682075262069702","2.682075262069702"
"7030","2.6206634044647217","2.6206634044647217","2.6206634044647217","2.2756505012512207","2.2756505012512207","2.2756505012512207","1.9755475521087646","1.9755475521087646","1.9755475521087646","2.603729248046875","2.603729248046875","2.603729248046875"
"7040","2.6328253746032715","2.6328253746032715","2.6328253746032715","2.3035941123962402","2.3035941123962402","2.3035941123962402","2.2834208011627197","2.2834208011627197","2.2834208011627197","2.6132218837738037","2.6132218837738037","2.6132218837738037"
"7050","2.694899320602417","2.694899320602417","2.694899320602417","2.3387551307678223","2.3387551307678223","2.3387551307678223","2.3220720291137695","2.3220720291137695","2.3220720291137695","2.6807398796081543","2.6807398796081543","2.6807398796081543"
"7060","2.7508976459503174","2.7508976459503174","2.7508976459503174","2.2484898567199707","2.2484898567199707","2.2484898567199707","2.018397331237793","2.018397331237793","2.018397331237793","2.7364015579223633","2.7364015579223633","2.7364015579223633"
"7070","2.5537960529327393","2.5537960529327393","2.5537960529327393","2.311154365539551","2.311154365539551","2.311154365539551","2.0353052616119385","2.0353052616119385","2.0353052616119385","2.536613941192627","2.536613941192627","2.536613941192627"
"7080","2.5827579498291016","2.5827579498291016","2.5827579498291016","2.264537811279297","2.264537811279297","2.264537811279297","2.2282636165618896","2.2282636165618896","2.2282636165618896","2.567331314086914","2.567331314086914","2.567331314086914"
"7090","2.6138434410095215","2.6138434410095215","2.6138434410095215","2.2757673263549805","2.2757673263549805","2.2757673263549805","2.169602394104004","2.169602394104004","2.169602394104004","2.60007905960083","2.60007905960083","2.60007905960083"
"7100","2.6701900959014893","2.6701900959014893","2.6701900959014893","2.2394723892211914","2.2394723892211914","2.2394723892211914","2.3025288581848145","2.3025288581848145","2.3025288581848145","2.6605920791625977","2.6605920791625977","2.6605920791625977"
"7110","2.596386432647705","2.596386432647705","2.596386432647705","2.4245500564575195","2.4245500564575195","2.4245500564575195","2.2934935092926025","2.2934935092926025","2.2934935092926025","2.582463026046753","2.582463026046753","2.582463026046753"
"7120","2.6326160430908203","2.6326160430908203","2.6326160430908203","2.7589001655578613","2.7589001655578613","2.7589001655578613","2.3541574478149414","2.3541574478149414","2.3541574478149414","2.6194489002227783","2.6194489002227783","2.6194489002227783"
"7130","2.6694138050079346","2.6694138050079346","2.6694138050079346","2.227271556854248","2.227271556854248","2.227271556854248","2.223499059677124","2.223499059677124","2.223499059677124","2.6558237075805664","2.6558237075805664","2.6558237075805664"
"7140","2.6778078079223633","2.6778078079223633","2.6778078079223633","2.2459285259246826","2.2459285259246826","2.2459285259246826","2.273963212966919","2.273963212966919","2.273963212966919","2.663869619369507","2.663869619369507","2.663869619369507"
"7150","2.599473476409912","2.599473476409912","2.599473476409912","2.261106014251709","2.261106014251709","2.261106014251709","2.2975690364837646","2.2975690364837646","2.2975690364837646","2.5828311443328857","2.5828311443328857","2.5828311443328857"
"7160","2.5972917079925537","2.5972917079925537","2.5972917079925537","2.2617461681365967","2.2617461681365967","2.2617461681365967","2.286634922027588","2.286634922027588","2.286634922027588","2.5827574729919434","2.5827574729919434","2.5827574729919434"
"7170","2.5900816917419434","2.5900816917419434","2.5900816917419434","2.2681243419647217","2.2681243419647217","2.2681243419647217","2.133355140686035","2.133355140686035","2.133355140686035","2.573396682739258","2.573396682739258","2.573396682739258"
"7180","2.5600414276123047","2.5600414276123047","2.5600414276123047","2.3323588371276855","2.3323588371276855","2.3323588371276855","2.190863847732544","2.190863847732544","2.190863847732544","2.5440521240234375","2.5440521240234375","2.5440521240234375"
"7190","2.6209452152252197","2.6209452152252197","2.6209452152252197","2.2628912925720215","2.2628912925720215","2.2628912925720215","2.192753314971924","2.192753314971924","2.192753314971924","2.605027437210083","2.605027437210083","2.605027437210083"
"7200","2.607171058654785","2.607171058654785","2.607171058654785","2.2701339721679688","2.2701339721679688","2.2701339721679688","2.238847255706787","2.238847255706787","2.238847255706787","2.5916619300842285","2.5916619300842285","2.5916619300842285"
"7210","2.563380479812622","2.563380479812622","2.563380479812622","2.273024797439575","2.273024797439575","2.273024797439575","2.2550981044769287","2.2550981044769287","2.2550981044769287","2.5485360622406006","2.5485360622406006","2.5485360622406006"
"7220","2.550797939300537","2.550797939300537","2.550797939300537","2.302535057067871","2.302535057067871","2.302535057067871","2.4433112144470215","2.4433112144470215","2.4433112144470215","2.5339338779449463","2.5339338779449463","2.5339338779449463"
"7230","2.6288936138153076","2.6288936138153076","2.6288936138153076","2.2579445838928223","2.2579445838928223","2.2579445838928223","2.0528457164764404","2.0528457164764404","2.0528457164764404","2.6146960258483887","2.6146960258483887","2.6146960258483887"
"7240","2.58561372756958","2.58561372756958","2.58561372756958","2.246829032897949","2.246829032897949","2.246829032897949","2.294123411178589","2.294123411178589","2.294123411178589","2.5744059085845947","2.5744059085845947","2.5744059085845947"
"7250","2.6195240020751953","2.6195240020751953","2.6195240020751953","2.238358497619629","2.238358497619629","2.238358497619629","2.2076263427734375","2.2076263427734375","2.2076263427734375","2.6068274974823","2.6068274974823","2.6068274974823"
"7260","2.561706781387329","2.561706781387329","2.561706781387329","2.3268730640411377","2.3268730640411377","2.3268730640411377","2.2004857063293457","2.2004857063293457","2.2004857063293457","2.549492120742798","2.549492120742798","2.549492120742798"
"7270","2.628419876098633","2.628419876098633","2.628419876098633","2.2651541233062744","2.2651541233062744","2.2651541233062744","2.257781505584717","2.257781505584717","2.257781505584717","2.615086317062378","2.615086317062378","2.615086317062378"
"7280","2.655303716659546","2.655303716659546","2.655303716659546","2.2513785362243652","2.2513785362243652","2.2513785362243652","2.259826898574829","2.259826898574829","2.259826898574829","2.64009690284729","2.64009690284729","2.64009690284729"
"7290","2.569093704223633","2.569093704223633","2.569093704223633","2.276545524597168","2.276545524597168","2.276545524597168","2.260812759399414","2.260812759399414","2.260812759399414","2.5539464950561523","2.5539464950561523","2.5539464950561523"
"7300","2.6336634159088135","2.6336634159088135","2.6336634159088135","2.2050466537475586","2.2050466537475586","2.2050466537475586","2.274148941040039","2.274148941040039","2.274148941040039","2.6181843280792236","2.6181843280792236","2.6181843280792236"
"7310","2.540020227432251","2.540020227432251","2.540020227432251","2.262770652770996","2.262770652770996","2.262770652770996","2.2979912757873535","2.2979912757873535","2.2979912757873535","2.525954246520996","2.525954246520996","2.525954246520996"
"7320","2.5451743602752686","2.5451743602752686","2.5451743602752686","2.254765748977661","2.254765748977661","2.254765748977661","2.08937406539917","2.08937406539917","2.08937406539917","2.529676914215088","2.529676914215088","2.529676914215088"
"7330","2.6181793212890625","2.6181793212890625","2.6181793212890625","2.242934465408325","2.242934465408325","2.242934465408325","2.1664834022521973","2.1664834022521973","2.1664834022521973","2.6018285751342773","2.6018285751342773","2.6018285751342773"
"7340","2.5755093097686768","2.5755093097686768","2.5755093097686768","2.2600882053375244","2.2600882053375244","2.2600882053375244","2.2119617462158203","2.2119617462158203","2.2119617462158203","2.560783863067627","2.560783863067627","2.560783863067627"
"7350","2.5971157550811768","2.5971157550811768","2.5971157550811768","2.2363357543945312","2.2363357543945312","2.2363357543945312","2.2852442264556885","2.2852442264556885","2.2852442264556885","2.5812771320343018","2.5812771320343018","2.5812771320343018"
"7360","2.5447988510131836","2.5447988510131836","2.5447988510131836","2.3189902305603027","2.3189902305603027","2.3189902305603027","2.0180788040161133","2.0180788040161133","2.0180788040161133","2.532071590423584","2.532071590423584","2.532071590423584"
"7370","2.5435893535614014","2.5435893535614014","2.5435893535614014","2.3326828479766846","2.3326828479766846","2.3326828479766846","2.2411952018737793","2.2411952018737793","2.2411952018737793","2.529381275177002","2.529381275177002","2.529381275177002"
"7380","2.5731894969940186","2.5731894969940186","2.5731894969940186","2.2812650203704834","2.2812650203704834","2.2812650203704834","2.331145763397217","2.331145763397217","2.331145763397217","2.5582597255706787","2.5582597255706787","2.5582597255706787"
"7390","2.5259811878204346","2.5259811878204346","2.5259811878204346","2.248199462890625","2.248199462890625","2.248199462890625","1.9675259590148926","1.9675259590148926","1.9675259590148926","2.5124168395996094","2.5124168395996094","2.5124168395996094"
"7400","2.5938634872436523","2.5938634872436523","2.5938634872436523","2.3278841972351074","2.3278841972351074","2.3278841972351074","2.277165412902832","2.277165412902832","2.277165412902832","2.5804035663604736","2.5804035663604736","2.5804035663604736"
"7410","2.5785629749298096","2.5785629749298096","2.5785629749298096","2.211319923400879","2.211319923400879","2.211319923400879","2.241204261779785","2.241204261779785","2.241204261779785","2.565361976623535","2.565361976623535","2.565361976623535"
"7420","2.509308338165283","2.509308338165283","2.509308338165283","2.353740930557251","2.353740930557251","2.353740930557251","2.1434569358825684","2.1434569358825684","2.1434569358825684","2.4948134422302246","2.4948134422302246","2.4948134422302246"
"7430","2.6053528785705566","2.6053528785705566","2.6053528785705566","2.298516273498535","2.298516273498535","2.298516273498535","2.043525218963623","2.043525218963623","2.043525218963623","2.589714765548706","2.589714765548706","2.589714765548706"
"7440","2.5990405082702637","2.5990405082702637","2.5990405082702637","2.263042688369751","2.263042688369751","2.263042688369751","2.1015920639038086","2.1015920639038086","2.1015920639038086","2.584301233291626","2.584301233291626","2.584301233291626"
"7450","2.524716854095459","2.524716854095459","2.524716854095459","2.3248066902160645","2.3248066902160645","2.3248066902160645","2.267197370529175","2.267197370529175","2.267197370529175","2.509316921234131","2.509316921234131","2.509316921234131"
"7460","2.9955825805664062","2.9955825805664062","2.9955825805664062","2.2251899242401123","2.2251899242401123","2.2251899242401123","2.285391330718994","2.285391330718994","2.285391330718994","2.979069709777832","2.979069709777832","2.979069709777832"
"7470","2.4923341274261475","2.4923341274261475","2.4923341274261475","2.2530105113983154","2.2530105113983154","2.2530105113983154","2.2169177532196045","2.2169177532196045","2.2169177532196045","2.4751696586608887","2.4751696586608887","2.4751696586608887"
"7480","2.5599703788757324","2.5599703788757324","2.5599703788757324","2.275752544403076","2.275752544403076","2.275752544403076","2.244480609893799","2.244480609893799","2.244480609893799","2.5455312728881836","2.5455312728881836","2.5455312728881836"
"7490","2.6030263900756836","2.6030263900756836","2.6030263900756836","2.2378830909729004","2.2378830909729004","2.2378830909729004","2.2953102588653564","2.2953102588653564","2.2953102588653564","2.585508346557617","2.585508346557617","2.585508346557617"
"7500","2.5989186763763428","2.5989186763763428","2.5989186763763428","2.283372163772583","2.283372163772583","2.283372163772583","2.212233304977417","2.212233304977417","2.212233304977417","2.5835447311401367","2.5835447311401367","2.5835447311401367"
"7510","2.667508840560913","2.667508840560913","2.667508840560913","2.2559032440185547","2.2559032440185547","2.2559032440185547","2.2027506828308105","2.2027506828308105","2.2027506828308105","2.6510391235351562","2.6510391235351562","2.6510391235351562"
"7520","2.538388252258301","2.538388252258301","2.538388252258301","2.2831478118896484","2.2831478118896484","2.2831478118896484","2.2449936866760254","2.2449936866760254","2.2449936866760254","2.5227582454681396","2.5227582454681396","2.5227582454681396"
"7530","2.5756444931030273","2.5756444931030273","2.5756444931030273","2.227252244949341","2.227252244949341","2.227252244949341","2.2815728187561035","2.2815728187561035","2.2815728187561035","2.558493137359619","2.558493137359619","2.558493137359619"
"7540","2.5725672245025635","2.5725672245025635","2.5725672245025635","2.2058982849121094","2.2058982849121094","2.2058982849121094","2.2311134338378906","2.2311134338378906","2.2311134338378906","2.554021120071411","2.554021120071411","2.554021120071411"
"7550","2.580393075942993","2.580393075942993","2.580393075942993","2.2511794567108154","2.2511794567108154","2.2511794567108154","2.1583502292633057","2.1583502292633057","2.1583502292633057","2.5638444423675537","2.5638444423675537","2.5638444423675537"
"7560","2.559649705886841","2.559649705886841","2.559649705886841","2.2801854610443115","2.2801854610443115","2.2801854610443115","2.179497480392456","2.179497480392456","2.179497480392456","2.544555902481079","2.544555902481079","2.544555902481079"
"7570","2.5691158771514893","2.5691158771514893","2.5691158771514893","2.2526133060455322","2.2526133060455322","2.2526133060455322","2.255586862564087","2.255586862564087","2.255586862564087","2.5535929203033447","2.5535929203033447","2.5535929203033447"
"7580","2.5523369312286377","2.5523369312286377","2.5523369312286377","2.236433506011963","2.236433506011963","2.236433506011963","2.21416974067688","2.21416974067688","2.21416974067688","2.5369229316711426","2.5369229316711426","2.5369229316711426"
"7590","2.7611212730407715","2.7611212730407715","2.7611212730407715","2.2206192016601562","2.2206192016601562","2.2206192016601562","2.364607095718384","2.364607095718384","2.364607095718384","2.7457315921783447","2.7457315921783447","2.7457315921783447"
"7600","2.647012710571289","2.647012710571289","2.647012710571289","2.3544833660125732","2.3544833660125732","2.3544833660125732","1.9368946552276611","1.9368946552276611","1.9368946552276611","2.6335904598236084","2.6335904598236084","2.6335904598236084"
"7610","2.5747323036193848","2.5747323036193848","2.5747323036193848","2.2659342288970947","2.2659342288970947","2.2659342288970947","2.3087873458862305","2.3087873458862305","2.3087873458862305","2.5580108165740967","2.5580108165740967","2.5580108165740967"
"7620","2.643071174621582","2.643071174621582","2.643071174621582","2.3044660091400146","2.3044660091400146","2.3044660091400146","2.2211573123931885","2.2211573123931885","2.2211573123931885","2.628439426422119","2.628439426422119","2.628439426422119"
"7630","2.5318963527679443","2.5318963527679443","2.5318963527679443","2.5350606441497803","2.5350606441497803","2.5350606441497803","2.1786439418792725","2.1786439418792725","2.1786439418792725","2.5178604125976562","2.5178604125976562","2.5178604125976562"
"7640","2.514312267303467","2.514312267303467","2.514312267303467","2.5033469200134277","2.5033469200134277","2.5033469200134277","2.2932844161987305","2.2932844161987305","2.2932844161987305","2.5015385150909424","2.5015385150909424","2.5015385150909424"
"7650","2.559634208679199","2.559634208679199","2.559634208679199","2.263706922531128","2.263706922531128","2.263706922531128","2.113339424133301","2.113339424133301","2.113339424133301","2.545468807220459","2.545468807220459","2.545468807220459"
"7660","2.550309658050537","2.550309658050537","2.550309658050537","2.2738771438598633","2.2738771438598633","2.2738771438598633","1.9643187522888184","1.9643187522888184","1.9643187522888184","2.5347347259521484","2.5347347259521484","2.5347347259521484"
"7670","2.5209927558898926","2.5209927558898926","2.5209927558898926","2.20690655708313","2.20690655708313","2.20690655708313","2.2264397144317627","2.2264397144317627","2.2264397144317627","2.5050201416015625","2.5050201416015625","2.5050201416015625"
"7680","2.491570472717285","2.491570472717285","2.491570472717285","2.2768774032592773","2.2768774032592773","2.2768774032592773","2.0790839195251465","2.0790839195251465","2.0790839195251465","2.4752750396728516","2.4752750396728516","2.4752750396728516"
"7690","2.5348353385925293","2.5348353385925293","2.5348353385925293","2.2411699295043945","2.2411699295043945","2.2411699295043945","2.860873222351074","2.860873222351074","2.860873222351074","2.5202717781066895","2.5202717781066895","2.5202717781066895"
"7700","2.5384092330932617","2.5384092330932617","2.5384092330932617","2.182234287261963","2.182234287261963","2.182234287261963","2.0543417930603027","2.0543417930603027","2.0543417930603027","2.521376609802246","2.521376609802246","2.521376609802246"
"7710","2.514627456665039","2.514627456665039","2.514627456665039","2.2597477436065674","2.2597477436065674","2.2597477436065674","2.2870287895202637","2.2870287895202637","2.2870287895202637","2.4996542930603027","2.4996542930603027","2.4996542930603027"
"7720","2.4834394454956055","2.4834394454956055","2.4834394454956055","2.2532589435577393","2.2532589435577393","2.2532589435577393","2.283869981765747","2.283869981765747","2.283869981765747","2.4673924446105957","2.4673924446105957","2.4673924446105957"
"7730","2.5396313667297363","2.5396313667297363","2.5396313667297363","2.34265398979187","2.34265398979187","2.34265398979187","2.5917038917541504","2.5917038917541504","2.5917038917541504","2.5246834754943848","2.5246834754943848","2.5246834754943848"
"7740","2.4565412998199463","2.4565412998199463","2.4565412998199463","2.282996892929077","2.282996892929077","2.282996892929077","2.184079170227051","2.184079170227051","2.184079170227051","2.4370946884155273","2.4370946884155273","2.4370946884155273"
"7750","2.451143264770508","2.451143264770508","2.451143264770508","2.2285892963409424","2.2285892963409424","2.2285892963409424","2.043966293334961","2.043966293334961","2.043966293334961","2.4344253540039062","2.4344253540039062","2.4344253540039062"
"7760","2.579732894897461","2.579732894897461","2.579732894897461","2.3232839107513428","2.3232839107513428","2.3232839107513428","2.1944544315338135","2.1944544315338135","2.1944544315338135","2.5648536682128906","2.5648536682128906","2.5648536682128906"
"7770","2.5212879180908203","2.5212879180908203","2.5212879180908203","2.268472194671631","2.268472194671631","2.268472194671631","2.24509859085083","2.24509859085083","2.24509859085083","2.5062735080718994","2.5062735080718994","2.5062735080718994"
"7780","2.4709553718566895","2.4709553718566895","2.4709553718566895","2.3618240356445312","2.3618240356445312","2.3618240356445312","2.1916401386260986","2.1916401386260986","2.1916401386260986","2.456368923187256","2.456368923187256","2.456368923187256"
"7790","2.5456130504608154","2.5456130504608154","2.5456130504608154","2.271890163421631","2.271890163421631","2.271890163421631","2.2151942253112793","2.2151942253112793","2.2151942253112793","2.5293619632720947","2.5293619632720947","2.5293619632720947"
"7800","2.5135574340820312","2.5135574340820312","2.5135574340820312","2.3792853355407715","2.3792853355407715","2.3792853355407715","2.065567970275879","2.065567970275879","2.065567970275879","2.4958090782165527","2.4958090782165527","2.4958090782165527"
"7810","2.5636024475097656","2.5636024475097656","2.5636024475097656","2.213336706161499","2.213336706161499","2.213336706161499","2.0661191940307617","2.0661191940307617","2.0661191940307617","2.548032760620117","2.548032760620117","2.548032760620117"
"7820","2.4885993003845215","2.4885993003845215","2.4885993003845215","2.2225236892700195","2.2225236892700195","2.2225236892700195","2.2277700901031494","2.2277700901031494","2.2277700901031494","2.4728031158447266","2.4728031158447266","2.4728031158447266"
"7830","2.5935115814208984","2.5935115814208984","2.5935115814208984","2.2828176021575928","2.2828176021575928","2.2828176021575928","2.2569284439086914","2.2569284439086914","2.2569284439086914","2.575920820236206","2.575920820236206","2.575920820236206"
"7840","2.5389866828918457","2.5389866828918457","2.5389866828918457","2.2606379985809326","2.2606379985809326","2.2606379985809326","2.5009076595306396","2.5009076595306396","2.5009076595306396","2.524214029312134","2.524214029312134","2.524214029312134"
"7850","2.4961910247802734","2.4961910247802734","2.4961910247802734","2.305431842803955","2.305431842803955","2.305431842803955","2.0798325538635254","2.0798325538635254","2.0798325538635254","2.4820775985717773","2.4820775985717773","2.4820775985717773"
"7860","2.5316965579986572","2.5316965579986572","2.5316965579986572","2.185145139694214","2.185145139694214","2.185145139694214","2.218130588531494","2.218130588531494","2.218130588531494","2.5186643600463867","2.5186643600463867","2.5186643600463867"
"7870","2.523155689239502","2.523155689239502","2.523155689239502","2.1872150897979736","2.1872150897979736","2.1872150897979736","2.227295160293579","2.227295160293579","2.227295160293579","2.5095486640930176","2.5095486640930176","2.5095486640930176"
"7880","2.5246968269348145","2.5246968269348145","2.5246968269348145","2.287555694580078","2.287555694580078","2.287555694580078","2.188331365585327","2.188331365585327","2.188331365585327","2.5139317512512207","2.5139317512512207","2.5139317512512207"
"7890","2.5117855072021484","2.5117855072021484","2.5117855072021484","2.2507641315460205","2.2507641315460205","2.2507641315460205","2.149651527404785","2.149651527404785","2.149651527404785","2.499563694000244","2.499563694000244","2.499563694000244"
"7900","2.5297775268554688","2.5297775268554688","2.5297775268554688","2.2577528953552246","2.2577528953552246","2.2577528953552246","2.2013304233551025","2.2013304233551025","2.2013304233551025","2.5140395164489746","2.5140395164489746","2.5140395164489746"
"7910","2.5027318000793457","2.5027318000793457","2.5027318000793457","2.1890904903411865","2.1890904903411865","2.1890904903411865","2.1844334602355957","2.1844334602355957","2.1844334602355957","2.4881551265716553","2.4881551265716553","2.4881551265716553"
"7920","2.5253565311431885","2.5253565311431885","2.5253565311431885","2.258338212966919","2.258338212966919","2.258338212966919","2.087484359741211","2.087484359741211","2.087484359741211","2.5097720623016357","2.5097720623016357","2.5097720623016357"
"7930","2.513556718826294","2.513556718826294","2.513556718826294","2.3066763877868652","2.3066763877868652","2.3066763877868652","2.1048336029052734","2.1048336029052734","2.1048336029052734","2.4973130226135254","2.4973130226135254","2.4973130226135254"
"7940","2.581223249435425","2.581223249435425","2.581223249435425","2.229398488998413","2.229398488998413","2.229398488998413","2.240892171859741","2.240892171859741","2.240892171859741","2.5670664310455322","2.5670664310455322","2.5670664310455322"
"7950","2.5343093872070312","2.5343093872070312","2.5343093872070312","2.180011749267578","2.180011749267578","2.180011749267578","2.229543685913086","2.229543685913086","2.229543685913086","2.520639419555664","2.520639419555664","2.520639419555664"
"7960","2.5296154022216797","2.5296154022216797","2.5296154022216797","2.319171190261841","2.319171190261841","2.319171190261841","2.2032065391540527","2.2032065391540527","2.2032065391540527","2.513563871383667","2.513563871383667","2.513563871383667"
"7970","2.5256741046905518","2.5256741046905518","2.5256741046905518","2.239438533782959","2.239438533782959","2.239438533782959","2.065129518508911","2.065129518508911","2.065129518508911","2.5099072456359863","2.5099072456359863","2.5099072456359863"
"7980","2.4929723739624023","2.4929723739624023","2.4929723739624023","2.202659845352173","2.202659845352173","2.202659845352173","2.0357184410095215","2.0357184410095215","2.0357184410095215","2.473421096801758","2.473421096801758","2.473421096801758"
"7990","2.489553213119507","2.489553213119507","2.489553213119507","2.2723851203918457","2.2723851203918457","2.2723851203918457","1.9604686498641968","1.9604686498641968","1.9604686498641968","2.474073886871338","2.474073886871338","2.474073886871338"
"8000","2.500497817993164","2.500497817993164","2.500497817993164","2.1780242919921875","2.1780242919921875","2.1780242919921875","2.271669387817383","2.271669387817383","2.271669387817383","2.48622465133667","2.48622465133667","2.48622465133667"
"8010","89.92375183105469","89.92375183105469","89.92375183105469","2.1963257789611816","2.1963257789611816","2.1963257789611816","2.224472999572754","2.224472999572754","2.224472999572754","88.10528564453125","88.10528564453125","88.10528564453125"
"8020","18.897050857543945","18.897050857543945","18.897050857543945","2.2147696018218994","2.2147696018218994","2.2147696018218994","2.042991876602173","2.042991876602173","2.042991876602173","31.044963836669922","31.044963836669922","31.044963836669922"
"8030","20.186548233032227","20.186548233032227","20.186548233032227","2.1826491355895996","2.1826491355895996","2.1826491355895996","2.1748247146606445","2.1748247146606445","2.1748247146606445","17.53744888305664","17.53744888305664","17.53744888305664"
"8040","14.409756660461426","14.409756660461426","14.409756660461426","2.216322660446167","2.216322660446167","2.216322660446167","2.2409567832946777","2.2409567832946777","2.2409567832946777","15.007274627685547","15.007274627685547","15.007274627685547"
"8050","13.134000778198242","13.134000778198242","13.134000778198242","2.238276958465576","2.238276958465576","2.238276958465576","2.0528626441955566","2.0528626441955566","2.0528626441955566","12.602249145507812","12.602249145507812","12.602249145507812"
"8060","11.99117660522461","11.99117660522461","11.99117660522461","2.216360092163086","2.216360092163086","2.216360092163086","2.168943405151367","2.168943405151367","2.168943405151367","11.332473754882812","11.332473754882812","11.332473754882812"
"8070","9.374924659729004","9.374924659729004","9.374924659729004","2.5545382499694824","2.5545382499694824","2.5545382499694824","2.0505294799804688","2.0505294799804688","2.0505294799804688","11.047929763793945","11.047929763793945","11.047929763793945"
"8080","14.178321838378906","14.178321838378906","14.178321838378906","2.21449613571167","2.21449613571167","2.21449613571167","2.1119604110717773","2.1119604110717773","2.1119604110717773","10.53524398803711","10.53524398803711","10.53524398803711"
"8090","7.732423305511475","7.732423305511475","7.732423305511475","2.1783838272094727","2.1783838272094727","2.1783838272094727","1.9095790386199951","1.9095790386199951","1.9095790386199951","9.050362586975098","9.050362586975098","9.050362586975098"
"8100","12.8753080368042","12.8753080368042","12.8753080368042","2.2473363876342773","2.2473363876342773","2.2473363876342773","2.0955750942230225","2.0955750942230225","2.0955750942230225","9.096654891967773","9.096654891967773","9.096654891967773"
"8110","9.01608657836914","9.01608657836914","9.01608657836914","2.192577362060547","2.192577362060547","2.192577362060547","2.379002094268799","2.379002094268799","2.379002094268799","14.023341178894043","14.023341178894043","14.023341178894043"
"8120","8.12678050994873","8.12678050994873","8.12678050994873","2.224832534790039","2.224832534790039","2.224832534790039","2.1964430809020996","2.1964430809020996","2.1964430809020996","8.187498092651367","8.187498092651367","8.187498092651367"
"8130","11.274371147155762","11.274371147155762","11.274371147155762","2.233196258544922","2.233196258544922","2.233196258544922","2.149486541748047","2.149486541748047","2.149486541748047","8.9775972366333","8.9775972366333","8.9775972366333"
"8140","10.539810180664062","10.539810180664062","10.539810180664062","2.229081869125366","2.229081869125366","2.229081869125366","2.2225515842437744","2.2225515842437744","2.2225515842437744","11.733116149902344","11.733116149902344","11.733116149902344"
"8150","10.148927688598633","10.148927688598633","10.148927688598633","2.297907829284668","2.297907829284668","2.297907829284668","2.20444393157959","2.20444393157959","2.20444393157959","8.344337463378906","8.344337463378906","8.344337463378906"
"8160","7.524897575378418","7.524897575378418","7.524897575378418","2.197868824005127","2.197868824005127","2.197868824005127","2.155184507369995","2.155184507369995","2.155184507369995","8.094362258911133","8.094362258911133","8.094362258911133"
"8170","7.340106964111328","7.340106964111328","7.340106964111328","2.210573434829712","2.210573434829712","2.210573434829712","2.211589813232422","2.211589813232422","2.211589813232422","7.734675407409668","7.734675407409668","7.734675407409668"
"8180","7.101336479187012","7.101336479187012","7.101336479187012","2.183302640914917","2.183302640914917","2.183302640914917","2.213783025741577","2.213783025741577","2.213783025741577","7.615861892700195","7.615861892700195","7.615861892700195"
"8190","7.126870632171631","7.126870632171631","7.126870632171631","2.2095894813537598","2.2095894813537598","2.2095894813537598","2.2180123329162598","2.2180123329162598","2.2180123329162598","7.383161544799805","7.383161544799805","7.383161544799805"
"8200","7.042842388153076","7.042842388153076","7.042842388153076","2.228199005126953","2.228199005126953","2.228199005126953","2.1414573192596436","2.1414573192596436","2.1414573192596436","6.817723751068115","6.817723751068115","6.817723751068115"
"8210","6.87581729888916","6.87581729888916","6.87581729888916","2.2644360065460205","2.2644360065460205","2.2644360065460205","2.146982192993164","2.146982192993164","2.146982192993164","8.426578521728516","8.426578521728516","8.426578521728516"
"8220","6.514989852905273","6.514989852905273","6.514989852905273","2.223397731781006","2.223397731781006","2.223397731781006","2.244887351989746","2.244887351989746","2.244887351989746","8.201188087463379","8.201188087463379","8.201188087463379"
"8230","6.910983085632324","6.910983085632324","6.910983085632324","2.2104098796844482","2.2104098796844482","2.2104098796844482","2.16119384765625","2.16119384765625","2.16119384765625","6.439606666564941","6.439606666564941","6.439606666564941"
"8240","6.597246170043945","6.597246170043945","6.597246170043945","2.194758653640747","2.194758653640747","2.194758653640747","2.062147617340088","2.062147617340088","2.062147617340088","6.309723854064941","6.309723854064941","6.309723854064941"
"8250","6.42330265045166","6.42330265045166","6.42330265045166","2.1776270866394043","2.1776270866394043","2.1776270866394043","2.1389312744140625","2.1389312744140625","2.1389312744140625","6.546201705932617","6.546201705932617","6.546201705932617"
"8260","6.431522369384766","6.431522369384766","6.431522369384766","2.229541301727295","2.229541301727295","2.229541301727295","2.1880385875701904","2.1880385875701904","2.1880385875701904","6.244692802429199","6.244692802429199","6.244692802429199"
"8270","6.2734832763671875","6.2734832763671875","6.2734832763671875","2.2369227409362793","2.2369227409362793","2.2369227409362793","2.234473466873169","2.234473466873169","2.234473466873169","6.194493293762207","6.194493293762207","6.194493293762207"
"8280","6.192229270935059","6.192229270935059","6.192229270935059","2.259251832962036","2.259251832962036","2.259251832962036","2.158961296081543","2.158961296081543","2.158961296081543","6.198674201965332","6.198674201965332","6.198674201965332"
"8290","6.105181694030762","6.105181694030762","6.105181694030762","2.269800901412964","2.269800901412964","2.269800901412964","1.9453918933868408","1.9453918933868408","1.9453918933868408","6.104508876800537","6.104508876800537","6.104508876800537"
"8300","6.204672813415527","6.204672813415527","6.204672813415527","2.215930700302124","2.215930700302124","2.215930700302124","1.9157966375350952","1.9157966375350952","1.9157966375350952","6.003374099731445","6.003374099731445","6.003374099731445"
"8310","6.302961349487305","6.302961349487305","6.302961349487305","2.2078628540039062","2.2078628540039062","2.2078628540039062","2.1442644596099854","2.1442644596099854","2.1442644596099854","6.017696857452393","6.017696857452393","6.017696857452393"
"8320","6.104761123657227","6.104761123657227","6.104761123657227","2.2076845169067383","2.2076845169067383","2.2076845169067383","2.0484156608581543","2.0484156608581543","2.0484156608581543","6.035594940185547","6.035594940185547","6.035594940185547"
"8330","6.021728992462158","6.021728992462158","6.021728992462158","2.2120347023010254","2.2120347023010254","2.2120347023010254","2.0769410133361816","2.0769410133361816","2.0769410133361816","6.005908012390137","6.005908012390137","6.005908012390137"
"8340","5.914666652679443","5.914666652679443","5.914666652679443","2.1961629390716553","2.1961629390716553","2.1961629390716553","2.0474095344543457","2.0474095344543457","2.0474095344543457","5.916786193847656","5.916786193847656","5.916786193847656"
"8350","5.872148513793945","5.872148513793945","5.872148513793945","2.2501027584075928","2.2501027584075928","2.2501027584075928","1.9615248441696167","1.9615248441696167","1.9615248441696167","5.967094898223877","5.967094898223877","5.967094898223877"
"8360","5.881810188293457","5.881810188293457","5.881810188293457","2.20104718208313","2.20104718208313","2.20104718208313","2.255866527557373","2.255866527557373","2.255866527557373","6.00521183013916","6.00521183013916","6.00521183013916"
"8370","5.685000419616699","5.685000419616699","5.685000419616699","2.2062416076660156","2.2062416076660156","2.2062416076660156","2.2117059230804443","2.2117059230804443","2.2117059230804443","5.808556079864502","5.808556079864502","5.808556079864502"
"8380","5.6682939529418945","5.6682939529418945","5.6682939529418945","2.24145770072937","2.24145770072937","2.24145770072937","2.1902079582214355","2.1902079582214355","2.1902079582214355","5.8073015213012695","5.8073015213012695","5.8073015213012695"
"8390","5.569635391235352","5.569635391235352","5.569635391235352","2.2816386222839355","2.2816386222839355","2.2816386222839355","2.1225600242614746","2.1225600242614746","2.1225600242614746","5.694535255432129","5.694535255432129","5.694535255432129"
"8400","5.464269161224365","5.464269161224365","5.464269161224365","2.2951464653015137","2.2951464653015137","2.2951464653015137","2.487063407897949","2.487063407897949","2.487063407897949","5.6037139892578125","5.6037139892578125","5.6037139892578125"
"8410","5.454745292663574","5.454745292663574","5.454745292663574","2.1989359855651855","2.1989359855651855","2.1989359855651855","2.251268148422241","2.251268148422241","2.251268148422241","5.578671455383301","5.578671455383301","5.578671455383301"
"8420","5.368251800537109","5.368251800537109","5.368251800537109","2.1850829124450684","2.1850829124450684","2.1850829124450684","1.9891748428344727","1.9891748428344727","1.9891748428344727","5.479182243347168","5.479182243347168","5.479182243347168"
"8430","5.3504180908203125","5.3504180908203125","5.3504180908203125","2.261840343475342","2.261840343475342","2.261840343475342","2.1682841777801514","2.1682841777801514","2.1682841777801514","5.470233917236328","5.470233917236328","5.470233917236328"
"8440","5.321864128112793","5.321864128112793","5.321864128112793","2.204289436340332","2.204289436340332","2.204289436340332","2.1710257530212402","2.1710257530212402","2.1710257530212402","5.413992881774902","5.413992881774902","5.413992881774902"
"8450","5.224248886108398","5.224248886108398","5.224248886108398","2.1785378456115723","2.1785378456115723","2.1785378456115723","2.2324326038360596","2.2324326038360596","2.2324326038360596","5.356037139892578","5.356037139892578","5.356037139892578"
"8460","5.202881813049316","5.202881813049316","5.202881813049316","2.179600715637207","2.179600715637207","2.179600715637207","1.9638882875442505","1.9638882875442505","1.9638882875442505","5.3381028175354","5.3381028175354","5.3381028175354"
"8470","5.18864631652832","5.18864631652832","5.18864631652832","2.207855701446533","2.207855701446533","2.207855701446533","2.3015618324279785","2.3015618324279785","2.3015618324279785","5.327881336212158","5.327881336212158","5.327881336212158"
"8480","5.117656707763672","5.117656707763672","5.117656707763672","2.17875075340271","2.17875075340271","2.17875075340271","2.231527805328369","2.231527805328369","2.231527805328369","5.257728576660156","5.257728576660156","5.257728576660156"
"8490","5.037379741668701","5.037379741668701","5.037379741668701","2.189032793045044","2.189032793045044","2.189032793045044","2.232900619506836","2.232900619506836","2.232900619506836","5.175383567810059","5.175383567810059","5.175383567810059"
"8500","5.05936336517334","5.05936336517334","5.05936336517334","2.1812925338745117","2.1812925338745117","2.1812925338745117","2.2147634029388428","2.2147634029388428","2.2147634029388428","5.190134525299072","5.190134525299072","5.190134525299072"
"8510","4.975079536437988","4.975079536437988","4.975079536437988","2.1578776836395264","2.1578776836395264","2.1578776836395264","2.264040231704712","2.264040231704712","2.264040231704712","5.118746280670166","5.118746280670166","5.118746280670166"
"8520","4.943519115447998","4.943519115447998","4.943519115447998","2.2367773056030273","2.2367773056030273","2.2367773056030273","2.134533405303955","2.134533405303955","2.134533405303955","5.087419033050537","5.087419033050537","5.087419033050537"
"8530","5.056642055511475","5.056642055511475","5.056642055511475","2.2147247791290283","2.2147247791290283","2.2147247791290283","2.2793612480163574","2.2793612480163574","2.2793612480163574","5.1880292892456055","5.1880292892456055","5.1880292892456055"
"8540","5.084780693054199","5.084780693054199","5.084780693054199","2.200134754180908","2.200134754180908","2.200134754180908","2.220489025115967","2.220489025115967","2.220489025115967","5.209957122802734","5.209957122802734","5.209957122802734"
"8550","4.934603214263916","4.934603214263916","4.934603214263916","2.207282543182373","2.207282543182373","2.207282543182373","2.039222478866577","2.039222478866577","2.039222478866577","5.069571495056152","5.069571495056152","5.069571495056152"
"8560","4.87453031539917","4.87453031539917","4.87453031539917","2.2731146812438965","2.2731146812438965","2.2731146812438965","1.719858169555664","1.719858169555664","1.719858169555664","5.01708984375","5.01708984375","5.01708984375"
"8570","4.913697719573975","4.913697719573975","4.913697719573975","2.2263457775115967","2.2263457775115967","2.2263457775115967","2.17503023147583","2.17503023147583","2.17503023147583","5.055746078491211","5.055746078491211","5.055746078491211"
"8580","4.798447608947754","4.798447608947754","4.798447608947754","2.2368290424346924","2.2368290424346924","2.2368290424346924","2.2537899017333984","2.2537899017333984","2.2537899017333984","4.944844722747803","4.944844722747803","4.944844722747803"
"8590","4.784312725067139","4.784312725067139","4.784312725067139","2.265676975250244","2.265676975250244","2.265676975250244","2.1962015628814697","2.1962015628814697","2.1962015628814697","4.933591842651367","4.933591842651367","4.933591842651367"
"8600","4.693807601928711","4.693807601928711","4.693807601928711","2.173529624938965","2.173529624938965","2.173529624938965","2.0054616928100586","2.0054616928100586","2.0054616928100586","4.8317975997924805","4.8317975997924805","4.8317975997924805"
"8610","4.8445281982421875","4.8445281982421875","4.8445281982421875","2.274186134338379","2.274186134338379","2.274186134338379","1.9365233182907104","1.9365233182907104","1.9365233182907104","4.973208904266357","4.973208904266357","4.973208904266357"
"8620","4.690648078918457","4.690648078918457","4.690648078918457","2.2492051124572754","2.2492051124572754","2.2492051124572754","2.0499801635742188","2.0499801635742188","2.0499801635742188","4.827346324920654","4.827346324920654","4.827346324920654"
"8630","4.685450553894043","4.685450553894043","4.685450553894043","2.2172462940216064","2.2172462940216064","2.2172462940216064","2.0891332626342773","2.0891332626342773","2.0891332626342773","4.824648857116699","4.824648857116699","4.824648857116699"
"8640","4.6209259033203125","4.6209259033203125","4.6209259033203125","2.1913764476776123","2.1913764476776123","2.1913764476776123","2.086057662963867","2.086057662963867","2.086057662963867","4.7609710693359375","4.7609710693359375","4.7609710693359375"
"8650","4.570082187652588","4.570082187652588","4.570082187652588","2.217613697052002","2.217613697052002","2.217613697052002","2.1975743770599365","2.1975743770599365","2.1975743770599365","4.714321136474609","4.714321136474609","4.714321136474609"
"8660","4.551687240600586","4.551687240600586","4.551687240600586","2.1729016304016113","2.1729016304016113","2.1729016304016113","2.2082533836364746","2.2082533836364746","2.2082533836364746","4.687371253967285","4.687371253967285","4.687371253967285"
"8670","4.608065605163574","4.608065605163574","4.608065605163574","2.327932834625244","2.327932834625244","2.327932834625244","2.0564000606536865","2.0564000606536865","2.0564000606536865","4.761978626251221","4.761978626251221","4.761978626251221"
"8680","4.543859481811523","4.543859481811523","4.543859481811523","2.212646722793579","2.212646722793579","2.212646722793579","2.123948097229004","2.123948097229004","2.123948097229004","4.6863884925842285","4.6863884925842285","4.6863884925842285"
"8690","4.613762855529785","4.613762855529785","4.613762855529785","2.15333890914917","2.15333890914917","2.15333890914917","2.2455594539642334","2.2455594539642334","2.2455594539642334","4.743912696838379","4.743912696838379","4.743912696838379"
"8700","4.363796234130859","4.363796234130859","4.363796234130859","2.224654197692871","2.224654197692871","2.224654197692871","2.245891809463501","2.245891809463501","2.245891809463501","4.508471488952637","4.508471488952637","4.508471488952637"
"8710","4.6091132164001465","4.6091132164001465","4.6091132164001465","2.235736608505249","2.235736608505249","2.235736608505249","2.1393022537231445","2.1393022537231445","2.1393022537231445","4.734240531921387","4.734240531921387","4.734240531921387"
"8720","4.338620185852051","4.338620185852051","4.338620185852051","2.218165159225464","2.218165159225464","2.218165159225464","2.193227767944336","2.193227767944336","2.193227767944336","4.4876179695129395","4.4876179695129395","4.4876179695129395"
"8730","4.333847522735596","4.333847522735596","4.333847522735596","2.165674924850464","2.165674924850464","2.165674924850464","2.268371343612671","2.268371343612671","2.268371343612671","4.482942581176758","4.482942581176758","4.482942581176758"
"8740","4.352906227111816","4.352906227111816","4.352906227111816","2.2512764930725098","2.2512764930725098","2.2512764930725098","1.9518791437149048","1.9518791437149048","1.9518791437149048","4.504542827606201","4.504542827606201","4.504542827606201"
"8750","4.292175769805908","4.292175769805908","4.292175769805908","2.0958080291748047","2.0958080291748047","2.0958080291748047","1.8947340250015259","1.8947340250015259","1.8947340250015259","4.4336323738098145","4.4336323738098145","4.4336323738098145"
"8760","4.284128665924072","4.284128665924072","4.284128665924072","2.2360570430755615","2.2360570430755615","2.2360570430755615","1.5314555168151855","1.5314555168151855","1.5314555168151855","4.430347442626953","4.430347442626953","4.430347442626953"
"8770","4.296585559844971","4.296585559844971","4.296585559844971","2.199075222015381","2.199075222015381","2.199075222015381","1.7634741067886353","1.7634741067886353","1.7634741067886353","4.43519401550293","4.43519401550293","4.43519401550293"
"8780","4.220930099487305","4.220930099487305","4.220930099487305","2.1616106033325195","2.1616106033325195","2.1616106033325195","2.17384672164917","2.17384672164917","2.17384672164917","4.369779586791992","4.369779586791992","4.369779586791992"
"8790","4.217928886413574","4.217928886413574","4.217928886413574","2.1778206825256348","2.1778206825256348","2.1778206825256348","2.215989589691162","2.215989589691162","2.215989589691162","4.357105731964111","4.357105731964111","4.357105731964111"
"8800","4.1994171142578125","4.1994171142578125","4.1994171142578125","2.209104299545288","2.209104299545288","2.209104299545288","2.2370548248291016","2.2370548248291016","2.2370548248291016","4.343884468078613","4.343884468078613","4.343884468078613"
"8810","4.1703057289123535","4.1703057289123535","4.1703057289123535","2.204313039779663","2.204313039779663","2.204313039779663","2.2511510848999023","2.2511510848999023","2.2511510848999023","4.31411600112915","4.31411600112915","4.31411600112915"
"8820","4.0994062423706055","4.0994062423706055","4.0994062423706055","2.3011064529418945","2.3011064529418945","2.3011064529418945","2.1295242309570312","2.1295242309570312","2.1295242309570312","4.236637115478516","4.236637115478516","4.236637115478516"
"8830","4.086921691894531","4.086921691894531","4.086921691894531","2.2129979133605957","2.2129979133605957","2.2129979133605957","2.1673073768615723","2.1673073768615723","2.1673073768615723","4.221770763397217","4.221770763397217","4.221770763397217"
"8840","4.023336410522461","4.023336410522461","4.023336410522461","2.2019026279449463","2.2019026279449463","2.2019026279449463","2.1660282611846924","2.1660282611846924","2.1660282611846924","4.163931846618652","4.163931846618652","4.163931846618652"
"8850","4.083817481994629","4.083817481994629","4.083817481994629","2.161911964416504","2.161911964416504","2.161911964416504","2.387244939804077","2.387244939804077","2.387244939804077","4.217431545257568","4.217431545257568","4.217431545257568"
"8860","4.028895854949951","4.028895854949951","4.028895854949951","2.141235113143921","2.141235113143921","2.141235113143921","2.205052137374878","2.205052137374878","2.205052137374878","4.166543483734131","4.166543483734131","4.166543483734131"
"8870","3.9961695671081543","3.9961695671081543","3.9961695671081543","2.238340377807617","2.238340377807617","2.238340377807617","2.201455593109131","2.201455593109131","2.201455593109131","4.13651704788208","4.13651704788208","4.13651704788208"
"8880","3.9450528621673584","3.9450528621673584","3.9450528621673584","2.2156455516815186","2.2156455516815186","2.2156455516815186","2.1516668796539307","2.1516668796539307","2.1516668796539307","4.079746723175049","4.079746723175049","4.079746723175049"
"8890","4.046467304229736","4.046467304229736","4.046467304229736","2.2147796154022217","2.2147796154022217","2.2147796154022217","2.140261173248291","2.140261173248291","2.140261173248291","4.178133487701416","4.178133487701416","4.178133487701416"
"8900","3.9155049324035645","3.9155049324035645","3.9155049324035645","2.197094440460205","2.197094440460205","2.197094440460205","2.1108922958374023","2.1108922958374023","2.1108922958374023","4.053497314453125","4.053497314453125","4.053497314453125"
"8910","3.9492969512939453","3.9492969512939453","3.9492969512939453","2.183643341064453","2.183643341064453","2.183643341064453","1.9498724937438965","1.9498724937438965","1.9498724937438965","4.073305130004883","4.073305130004883","4.073305130004883"
"8920","3.88712477684021","3.88712477684021","3.88712477684021","2.2172036170959473","2.2172036170959473","2.2172036170959473","2.05157208442688","2.05157208442688","2.05157208442688","4.018838405609131","4.018838405609131","4.018838405609131"
"8930","3.897369861602783","3.897369861602783","3.897369861602783","2.2741291522979736","2.2741291522979736","2.2741291522979736","2.01389741897583","2.01389741897583","2.01389741897583","4.02821683883667","4.02821683883667","4.02821683883667"
"8940","3.8644635677337646","3.8644635677337646","3.8644635677337646","2.1570658683776855","2.1570658683776855","2.1570658683776855","2.0850515365600586","2.0850515365600586","2.0850515365600586","3.9957523345947266","3.9957523345947266","3.9957523345947266"
"8950","3.89258074760437","3.89258074760437","3.89258074760437","2.3640408515930176","2.3640408515930176","2.3640408515930176","2.1599836349487305","2.1599836349487305","2.1599836349487305","4.014808654785156","4.014808654785156","4.014808654785156"
"8960","3.8183412551879883","3.8183412551879883","3.8183412551879883","2.1985583305358887","2.1985583305358887","2.1985583305358887","2.11348295211792","2.11348295211792","2.11348295211792","3.950867176055908","3.950867176055908","3.950867176055908"
"8970","3.823894500732422","3.823894500732422","3.823894500732422","2.196868658065796","2.196868658065796","2.196868658065796","1.8308289051055908","1.8308289051055908","1.8308289051055908","3.9474735260009766","3.9474735260009766","3.9474735260009766"
"8980","3.781937599182129","3.781937599182129","3.781937599182129","2.151141405105591","2.151141405105591","2.151141405105591","2.164283275604248","2.164283275604248","2.164283275604248","3.9050469398498535","3.9050469398498535","3.9050469398498535"
"8990","3.831125497817993","3.831125497817993","3.831125497817993","2.2195208072662354","2.2195208072662354","2.2195208072662354","1.983266830444336","1.983266830444336","1.983266830444336","3.9534263610839844","3.9534263610839844","3.9534263610839844"
"9000","3.7772932052612305","3.7772932052612305","3.7772932052612305","2.1373724937438965","2.1373724937438965","2.1373724937438965","1.9114627838134766","1.9114627838134766","1.9114627838134766","3.903566598892212","3.903566598892212","3.903566598892212"
"9010","3.7519478797912598","3.7519478797912598","3.7519478797912598","2.2131638526916504","2.2131638526916504","2.2131638526916504","2.167877674102783","2.167877674102783","2.167877674102783","3.874094009399414","3.874094009399414","3.874094009399414"
"9020","3.8172850608825684","3.8172850608825684","3.8172850608825684","2.2591142654418945","2.2591142654418945","2.2591142654418945","2.209282636642456","2.209282636642456","2.209282636642456","3.9431605339050293","3.9431605339050293","3.9431605339050293"
"9030","3.7111363410949707","3.7111363410949707","3.7111363410949707","2.2233693599700928","2.2233693599700928","2.2233693599700928","1.9790968894958496","1.9790968894958496","1.9790968894958496","3.8338851928710938","3.8338851928710938","3.8338851928710938"
"9040","3.655066967010498","3.655066967010498","3.655066967010498","2.2025532722473145","2.2025532722473145","2.2025532722473145","2.18658185005188","2.18658185005188","2.18658185005188","3.788015604019165","3.788015604019165","3.788015604019165"
"9050","3.6629109382629395","3.6629109382629395","3.6629109382629395","2.157872200012207","2.157872200012207","2.157872200012207","1.9451745748519897","1.9451745748519897","1.9451745748519897","3.7913949489593506","3.7913949489593506","3.7913949489593506"
"9060","3.6639811992645264","3.6639811992645264","3.6639811992645264","2.193851947784424","2.193851947784424","2.193851947784424","1.9343255758285522","1.9343255758285522","1.9343255758285522","3.7949485778808594","3.7949485778808594","3.7949485778808594"
"9070","3.687734603881836","3.687734603881836","3.687734603881836","2.2007744312286377","2.2007744312286377","2.2007744312286377","2.1630349159240723","2.1630349159240723","2.1630349159240723","3.8139636516571045","3.8139636516571045","3.8139636516571045"
"9080","3.5636708736419678","3.5636708736419678","3.5636708736419678","2.243666887283325","2.243666887283325","2.243666887283325","2.1104116439819336","2.1104116439819336","2.1104116439819336","3.6870269775390625","3.6870269775390625","3.6870269775390625"
"9090","3.587061882019043","3.587061882019043","3.587061882019043","2.140399694442749","2.140399694442749","2.140399694442749","2.1462769508361816","2.1462769508361816","2.1462769508361816","3.703104257583618","3.703104257583618","3.703104257583618"
"9100","3.589874267578125","3.589874267578125","3.589874267578125","2.2001700401306152","2.2001700401306152","2.2001700401306152","2.0133817195892334","2.0133817195892334","2.0133817195892334","3.703636407852173","3.703636407852173","3.703636407852173"
"9110","3.525536298751831","3.525536298751831","3.525536298751831","2.216897964477539","2.216897964477539","2.216897964477539","2.1259477138519287","2.1259477138519287","2.1259477138519287","3.642632484436035","3.642632484436035","3.642632484436035"
"9120","3.531083583831787","3.531083583831787","3.531083583831787","2.127636432647705","2.127636432647705","2.127636432647705","2.227404832839966","2.227404832839966","2.227404832839966","3.652353286743164","3.652353286743164","3.652353286743164"
"9130","3.5202672481536865","3.5202672481536865","3.5202672481536865","2.2187275886535645","2.2187275886535645","2.2187275886535645","2.1827690601348877","2.1827690601348877","2.1827690601348877","3.626687526702881","3.626687526702881","3.626687526702881"
"9140","3.4757938385009766","3.4757938385009766","3.4757938385009766","2.254587173461914","2.254587173461914","2.254587173461914","2.050274610519409","2.050274610519409","2.050274610519409","3.584878444671631","3.584878444671631","3.584878444671631"
"9150","3.5355987548828125","3.5355987548828125","3.5355987548828125","2.2274162769317627","2.2274162769317627","2.2274162769317627","2.087759494781494","2.087759494781494","2.087759494781494","3.6350083351135254","3.6350083351135254","3.6350083351135254"
"9160","3.5949594974517822","3.5949594974517822","3.5949594974517822","2.1932661533355713","2.1932661533355713","2.1932661533355713","2.179776191711426","2.179776191711426","2.179776191711426","3.6942079067230225","3.6942079067230225","3.6942079067230225"
"9170","3.3986992835998535","3.3986992835998535","3.3986992835998535","2.3249740600585938","2.3249740600585938","2.3249740600585938","2.1654486656188965","2.1654486656188965","2.1654486656188965","3.4976212978363037","3.4976212978363037","3.4976212978363037"
"9180","3.470144510269165","3.470144510269165","3.470144510269165","2.229761838912964","2.229761838912964","2.229761838912964","2.2238733768463135","2.2238733768463135","2.2238733768463135","3.571373462677002","3.571373462677002","3.571373462677002"
"9190","3.392238140106201","3.392238140106201","3.392238140106201","2.190345525741577","2.190345525741577","2.190345525741577","2.1331984996795654","2.1331984996795654","2.1331984996795654","3.4944076538085938","3.4944076538085938","3.4944076538085938"
"9200","3.4253010749816895","3.4253010749816895","3.4253010749816895","2.270033359527588","2.270033359527588","2.270033359527588","2.1388039588928223","2.1388039588928223","2.1388039588928223","3.519881248474121","3.519881248474121","3.519881248474121"
"9210","3.4323391914367676","3.4323391914367676","3.4323391914367676","2.789940357208252","2.789940357208252","2.789940357208252","1.8570739030838013","1.8570739030838013","1.8570739030838013","3.5230650901794434","3.5230650901794434","3.5230650901794434"
"9220","3.376901388168335","3.376901388168335","3.376901388168335","2.1812543869018555","2.1812543869018555","2.1812543869018555","2.153978109359741","2.153978109359741","2.153978109359741","3.4637813568115234","3.4637813568115234","3.4637813568115234"
"9230","3.430724859237671","3.430724859237671","3.430724859237671","2.2001991271972656","2.2001991271972656","2.2001991271972656","2.102867603302002","2.102867603302002","2.102867603302002","3.523791790008545","3.523791790008545","3.523791790008545"
"9240","3.3653435707092285","3.3653435707092285","3.3653435707092285","2.4447944164276123","2.4447944164276123","2.4447944164276123","2.0809078216552734","2.0809078216552734","2.0809078216552734","3.4404053688049316","3.4404053688049316","3.4404053688049316"
"9250","3.8530101776123047","3.8530101776123047","3.8530101776123047","2.116556167602539","2.116556167602539","2.116556167602539","1.9651626348495483","1.9651626348495483","1.9651626348495483","3.894270896911621","3.894270896911621","3.894270896911621"
"9260","3.6147875785827637","3.6147875785827637","3.6147875785827637","2.1796796321868896","2.1796796321868896","2.1796796321868896","1.8027276992797852","1.8027276992797852","1.8027276992797852","3.67976450920105","3.67976450920105","3.67976450920105"
"9270","3.366147756576538","3.366147756576538","3.366147756576538","2.213902473449707","2.213902473449707","2.213902473449707","1.972306728363037","1.972306728363037","1.972306728363037","3.449605703353882","3.449605703353882","3.449605703353882"
"9280","3.28611421585083","3.28611421585083","3.28611421585083","2.189760446548462","2.189760446548462","2.189760446548462","1.9382843971252441","1.9382843971252441","1.9382843971252441","3.3634285926818848","3.3634285926818848","3.3634285926818848"
"9290","3.332942008972168","3.332942008972168","3.332942008972168","2.1923813819885254","2.1923813819885254","2.1923813819885254","2.2502706050872803","2.2502706050872803","2.2502706050872803","3.40909481048584","3.40909481048584","3.40909481048584"
"9300","3.3065550327301025","3.3065550327301025","3.3065550327301025","2.1352858543395996","2.1352858543395996","2.1352858543395996","2.138479232788086","2.138479232788086","2.138479232788086","3.3822131156921387","3.3822131156921387","3.3822131156921387"
"9310","3.2823994159698486","3.2823994159698486","3.2823994159698486","2.155465602874756","2.155465602874756","2.155465602874756","2.0684523582458496","2.0684523582458496","2.0684523582458496","3.3580739498138428","3.3580739498138428","3.3580739498138428"
"9320","3.4006471633911133","3.4006471633911133","3.4006471633911133","2.222581386566162","2.222581386566162","2.222581386566162","1.918785572052002","1.918785572052002","1.918785572052002","3.465691566467285","3.465691566467285","3.465691566467285"
"9330","3.2840495109558105","3.2840495109558105","3.2840495109558105","2.2001495361328125","2.2001495361328125","2.2001495361328125","2.2226600646972656","2.2226600646972656","2.2226600646972656","3.36537504196167","3.36537504196167","3.36537504196167"
"9340","3.2970123291015625","3.2970123291015625","3.2970123291015625","2.253704071044922","2.253704071044922","2.253704071044922","2.170738697052002","2.170738697052002","2.170738697052002","3.3708508014678955","3.3708508014678955","3.3708508014678955"
"9350","3.275731086730957","3.275731086730957","3.275731086730957","2.2085351943969727","2.2085351943969727","2.2085351943969727","1.8978999853134155","1.8978999853134155","1.8978999853134155","3.3319075107574463","3.3319075107574463","3.3319075107574463"
"9360","3.3232362270355225","3.3232362270355225","3.3232362270355225","2.1214959621429443","2.1214959621429443","2.1214959621429443","2.0761778354644775","2.0761778354644775","2.0761778354644775","3.379033088684082","3.379033088684082","3.379033088684082"
"9370","3.2798266410827637","3.2798266410827637","3.2798266410827637","2.1905903816223145","2.1905903816223145","2.1905903816223145","2.1423637866973877","2.1423637866973877","2.1423637866973877","3.3460769653320312","3.3460769653320312","3.3460769653320312"
"9380","3.217175245285034","3.217175245285034","3.217175245285034","2.18066143989563","2.18066143989563","2.18066143989563","2.131194591522217","2.131194591522217","2.131194591522217","3.2845239639282227","3.2845239639282227","3.2845239639282227"
"9390","3.238646984100342","3.238646984100342","3.238646984100342","2.4633913040161133","2.4633913040161133","2.4633913040161133","2.097717523574829","2.097717523574829","2.097717523574829","3.306413173675537","3.306413173675537","3.306413173675537"
"9400","3.264514446258545","3.264514446258545","3.264514446258545","2.2088561058044434","2.2088561058044434","2.2088561058044434","2.1533379554748535","2.1533379554748535","2.1533379554748535","3.3296499252319336","3.3296499252319336","3.3296499252319336"
"9410","3.158656120300293","3.158656120300293","3.158656120300293","2.1798524856567383","2.1798524856567383","2.1798524856567383","2.2050414085388184","2.2050414085388184","2.2050414085388184","3.22159743309021","3.22159743309021","3.22159743309021"
"9420","3.1864964962005615","3.1864964962005615","3.1864964962005615","2.188704252243042","2.188704252243042","2.188704252243042","2.1210129261016846","2.1210129261016846","2.1210129261016846","3.252145528793335","3.252145528793335","3.252145528793335"
"9430","3.165914535522461","3.165914535522461","3.165914535522461","2.1809229850769043","2.1809229850769043","2.1809229850769043","2.2090260982513428","2.2090260982513428","2.2090260982513428","3.228285074234009","3.228285074234009","3.228285074234009"
"9440","3.191011905670166","3.191011905670166","3.191011905670166","2.1262340545654297","2.1262340545654297","2.1262340545654297","2.0356359481811523","2.0356359481811523","2.0356359481811523","3.2564499378204346","3.2564499378204346","3.2564499378204346"
"9450","3.2013156414031982","3.2013156414031982","3.2013156414031982","2.1505494117736816","2.1505494117736816","2.1505494117736816","2.1979129314422607","2.1979129314422607","2.1979129314422607","3.2679905891418457","3.2679905891418457","3.2679905891418457"
"9460","3.1930673122406006","3.1930673122406006","3.1930673122406006","2.216885566711426","2.216885566711426","2.216885566711426","2.2019846439361572","2.2019846439361572","2.2019846439361572","3.2619357109069824","3.2619357109069824","3.2619357109069824"
"9470","3.1709671020507812","3.1709671020507812","3.1709671020507812","2.204899787902832","2.204899787902832","2.204899787902832","1.9526090621948242","1.9526090621948242","1.9526090621948242","3.254201650619507","3.254201650619507","3.254201650619507"
"9480","3.1047732830047607","3.1047732830047607","3.1047732830047607","2.1847896575927734","2.1847896575927734","2.1847896575927734","2.15354585647583","2.15354585647583","2.15354585647583","3.171159029006958","3.171159029006958","3.171159029006958"
"9490","3.1727538108825684","3.1727538108825684","3.1727538108825684","2.24094557762146","2.24094557762146","2.24094557762146","2.109600305557251","2.109600305557251","2.109600305557251","3.2337117195129395","3.2337117195129395","3.2337117195129395"
"9500","3.1435327529907227","3.1435327529907227","3.1435327529907227","2.174391269683838","2.174391269683838","2.174391269683838","1.9026923179626465","1.9026923179626465","1.9026923179626465","3.205813407897949","3.205813407897949","3.205813407897949"
"9510","3.173525094985962","3.173525094985962","3.173525094985962","2.185547113418579","2.185547113418579","2.185547113418579","2.2484636306762695","2.2484636306762695","2.2484636306762695","3.231313705444336","3.231313705444336","3.231313705444336"
"9520","3.165111780166626","3.165111780166626","3.165111780166626","2.1366865634918213","2.1366865634918213","2.1366865634918213","2.1383450031280518","2.1383450031280518","2.1383450031280518","3.224376916885376","3.224376916885376","3.224376916885376"
"9530","3.244243860244751","3.244243860244751","3.244243860244751","2.174259901046753","2.174259901046753","2.174259901046753","2.2245445251464844","2.2245445251464844","2.2245445251464844","3.3035247325897217","3.3035247325897217","3.3035247325897217"
"9540","3.1811561584472656","3.1811561584472656","3.1811561584472656","2.664034366607666","2.664034366607666","2.664034366607666","2.1190481185913086","2.1190481185913086","2.1190481185913086","3.2359766960144043","3.2359766960144043","3.2359766960144043"
"9550","3.1339919567108154","3.1339919567108154","3.1339919567108154","2.2131552696228027","2.2131552696228027","2.2131552696228027","2.185458183288574","2.185458183288574","2.185458183288574","3.1903679370880127","3.1903679370880127","3.1903679370880127"
"9560","3.182504415512085","3.182504415512085","3.182504415512085","2.204448938369751","2.204448938369751","2.204448938369751","1.929307222366333","1.929307222366333","1.929307222366333","3.2379186153411865","3.2379186153411865","3.2379186153411865"
"9570","3.111161231994629","3.111161231994629","3.111161231994629","2.2337658405303955","2.2337658405303955","2.2337658405303955","2.1784451007843018","2.1784451007843018","2.1784451007843018","3.1677169799804688","3.1677169799804688","3.1677169799804688"
"9580","3.14335036277771","3.14335036277771","3.14335036277771","2.196768283843994","2.196768283843994","2.196768283843994","1.9295293092727661","1.9295293092727661","1.9295293092727661","3.20304274559021","3.20304274559021","3.20304274559021"
"9590","3.1135213375091553","3.1135213375091553","3.1135213375091553","2.128028392791748","2.128028392791748","2.128028392791748","1.9881231784820557","1.9881231784820557","1.9881231784820557","3.173064947128296","3.173064947128296","3.173064947128296"
"9600","3.0880751609802246","3.0880751609802246","3.0880751609802246","2.223879814147949","2.223879814147949","2.223879814147949","1.8337233066558838","1.8337233066558838","1.8337233066558838","3.144359827041626","3.144359827041626","3.144359827041626"
"9610","3.127061605453491","3.127061605453491","3.127061605453491","2.170912981033325","2.170912981033325","2.170912981033325","2.1862285137176514","2.1862285137176514","2.1862285137176514","3.1808674335479736","3.1808674335479736","3.1808674335479736"
"9620","3.1097686290740967","3.1097686290740967","3.1097686290740967","2.2371296882629395","2.2371296882629395","2.2371296882629395","1.8845499753952026","1.8845499753952026","1.8845499753952026","3.165626287460327","3.165626287460327","3.165626287460327"
"9630","3.0971832275390625","3.0971832275390625","3.0971832275390625","2.1890528202056885","2.1890528202056885","2.1890528202056885","2.18426775932312","2.18426775932312","2.18426775932312","3.1534621715545654","3.1534621715545654","3.1534621715545654"
"9640","3.111300230026245","3.111300230026245","3.111300230026245","2.1765758991241455","2.1765758991241455","2.1765758991241455","2.06408429145813","2.06408429145813","2.06408429145813","3.161233901977539","3.161233901977539","3.161233901977539"
"9650","3.098487377166748","3.098487377166748","3.098487377166748","2.2036845684051514","2.2036845684051514","2.2036845684051514","1.9308667182922363","1.9308667182922363","1.9308667182922363","3.148341655731201","3.148341655731201","3.148341655731201"
"9660","3.077345371246338","3.077345371246338","3.077345371246338","2.2294399738311768","2.2294399738311768","2.2294399738311768","1.6537195444107056","1.6537195444107056","1.6537195444107056","3.129065990447998","3.129065990447998","3.129065990447998"
"9670","3.2530767917633057","3.2530767917633057","3.2530767917633057","2.1737685203552246","2.1737685203552246","2.1737685203552246","2.1362950801849365","2.1362950801849365","2.1362950801849365","3.3154735565185547","3.3154735565185547","3.3154735565185547"
"9680","3.114905834197998","3.114905834197998","3.114905834197998","2.1472394466400146","2.1472394466400146","2.1472394466400146","1.851386547088623","1.851386547088623","1.851386547088623","3.180478572845459","3.180478572845459","3.180478572845459"
"9690","3.0448031425476074","3.0448031425476074","3.0448031425476074","2.204068183898926","2.204068183898926","2.204068183898926","1.921677589416504","1.921677589416504","1.921677589416504","3.1009175777435303","3.1009175777435303","3.1009175777435303"
"9700","2.9924838542938232","2.9924838542938232","2.9924838542938232","2.1670894622802734","2.1670894622802734","2.1670894622802734","2.0928382873535156","2.0928382873535156","2.0928382873535156","3.0458645820617676","3.0458645820617676","3.0458645820617676"
"9710","3.1308953762054443","3.1308953762054443","3.1308953762054443","2.2669005393981934","2.2669005393981934","2.2669005393981934","2.26768159866333","2.26768159866333","2.26768159866333","3.1785378456115723","3.1785378456115723","3.1785378456115723"
"9720","3.141282320022583","3.141282320022583","3.141282320022583","2.645814895629883","2.645814895629883","2.645814895629883","2.0314717292785645","2.0314717292785645","2.0314717292785645","3.187335729598999","3.187335729598999","3.187335729598999"
"9730","3.0611069202423096","3.0611069202423096","3.0611069202423096","2.220548152923584","2.220548152923584","2.220548152923584","2.130906581878662","2.130906581878662","2.130906581878662","3.1103060245513916","3.1103060245513916","3.1103060245513916"
"9740","3.1549601554870605","3.1549601554870605","3.1549601554870605","2.278458595275879","2.278458595275879","2.278458595275879","2.173590660095215","2.173590660095215","2.173590660095215","3.2069363594055176","3.2069363594055176","3.2069363594055176"
"9750","3.0304040908813477","3.0304040908813477","3.0304040908813477","2.1627748012542725","2.1627748012542725","2.1627748012542725","2.1198301315307617","2.1198301315307617","2.1198301315307617","3.079261302947998","3.079261302947998","3.079261302947998"
"9760","3.055154323577881","3.055154323577881","3.055154323577881","2.3604445457458496","2.3604445457458496","2.3604445457458496","2.116269588470459","2.116269588470459","2.116269588470459","3.1033244132995605","3.1033244132995605","3.1033244132995605"
"9770","3.1177234649658203","3.1177234649658203","3.1177234649658203","2.1467251777648926","2.1467251777648926","2.1467251777648926","2.153716564178467","2.153716564178467","2.153716564178467","3.156581401824951","3.156581401824951","3.156581401824951"
"9780","3.249089479446411","3.249089479446411","3.249089479446411","2.1636359691619873","2.1636359691619873","2.1636359691619873","2.1732468605041504","2.1732468605041504","2.1732468605041504","3.281334400177002","3.281334400177002","3.281334400177002"
"9790","2.9617226123809814","2.9617226123809814","2.9617226123809814","2.2180371284484863","2.2180371284484863","2.2180371284484863","2.1904799938201904","2.1904799938201904","2.1904799938201904","3.0122594833374023","3.0122594833374023","3.0122594833374023"
"9800","3.280212879180908","3.280212879180908","3.280212879180908","2.2449183464050293","2.2449183464050293","2.2449183464050293","2.16330623626709","2.16330623626709","2.16330623626709","3.3155808448791504","3.3155808448791504","3.3155808448791504"
"9810","3.0104610919952393","3.0104610919952393","3.0104610919952393","2.1733274459838867","2.1733274459838867","2.1733274459838867","2.1673104763031006","2.1673104763031006","2.1673104763031006","3.0590620040893555","3.0590620040893555","3.0590620040893555"
"9820","3.11080265045166","3.11080265045166","3.11080265045166","2.165149688720703","2.165149688720703","2.165149688720703","2.06062912940979","2.06062912940979","2.06062912940979","3.1644344329833984","3.1644344329833984","3.1644344329833984"
"9830","2.9569451808929443","2.9569451808929443","2.9569451808929443","2.1671302318573","2.1671302318573","2.1671302318573","1.9734395742416382","1.9734395742416382","1.9734395742416382","3.0063037872314453","3.0063037872314453","3.0063037872314453"
"9840","3.0256173610687256","3.0256173610687256","3.0256173610687256","2.1868319511413574","2.1868319511413574","2.1868319511413574","2.2621169090270996","2.2621169090270996","2.2621169090270996","3.074570417404175","3.074570417404175","3.074570417404175"
"9850","3.025946617126465","3.025946617126465","3.025946617126465","2.1778125762939453","2.1778125762939453","2.1778125762939453","2.0301077365875244","2.0301077365875244","2.0301077365875244","3.073413610458374","3.073413610458374","3.073413610458374"
"9860","3.0267913341522217","3.0267913341522217","3.0267913341522217","2.1485414505004883","2.1485414505004883","2.1485414505004883","2.1502695083618164","2.1502695083618164","2.1502695083618164","3.0738742351531982","3.0738742351531982","3.0738742351531982"
"9870","2.982421875","2.982421875","2.982421875","2.1963396072387695","2.1963396072387695","2.1963396072387695","1.8388346433639526","1.8388346433639526","1.8388346433639526","3.0299313068389893","3.0299313068389893","3.0299313068389893"
"9880","3.0760176181793213","3.0760176181793213","3.0760176181793213","2.1720001697540283","2.1720001697540283","2.1720001697540283","2.1408863067626953","2.1408863067626953","2.1408863067626953","3.1198086738586426","3.1198086738586426","3.1198086738586426"
"9890","3.262277364730835","3.262277364730835","3.262277364730835","2.1364457607269287","2.1364457607269287","2.1364457607269287","2.0206472873687744","2.0206472873687744","2.0206472873687744","3.3071508407592773","3.3071508407592773","3.3071508407592773"
"9900","3.002563714981079","3.002563714981079","3.002563714981079","2.4895761013031006","2.4895761013031006","2.4895761013031006","2.1641855239868164","2.1641855239868164","2.1641855239868164","3.047640800476074","3.047640800476074","3.047640800476074"
"9910","2.969900131225586","2.969900131225586","2.969900131225586","2.3985671997070312","2.3985671997070312","2.3985671997070312","1.9406911134719849","1.9406911134719849","1.9406911134719849","3.015732765197754","3.015732765197754","3.015732765197754"
"9920","2.917980194091797","2.917980194091797","2.917980194091797","2.5244603157043457","2.5244603157043457","2.5244603157043457","2.039642810821533","2.039642810821533","2.039642810821533","2.963001251220703","2.963001251220703","2.963001251220703"
"9930","2.976546287536621","2.976546287536621","2.976546287536621","2.251441717147827","2.251441717147827","2.251441717147827","2.116037130355835","2.116037130355835","2.116037130355835","3.0263237953186035","3.0263237953186035","3.0263237953186035"
"9940","2.9373373985290527","2.9373373985290527","2.9373373985290527","2.101468086242676","2.101468086242676","2.101468086242676","2.033482074737549","2.033482074737549","2.033482074737549","2.9843809604644775","2.9843809604644775","2.9843809604644775"
"9950","2.9281492233276367","2.9281492233276367","2.9281492233276367","2.172811985015869","2.172811985015869","2.172811985015869","2.0326337814331055","2.0326337814331055","2.0326337814331055","2.973296880722046","2.973296880722046","2.973296880722046"
"9960","2.9320197105407715","2.9320197105407715","2.9320197105407715","2.379120111465454","2.379120111465454","2.379120111465454","2.108588695526123","2.108588695526123","2.108588695526123","2.977586269378662","2.977586269378662","2.977586269378662"
"9970","2.960139751434326","2.960139751434326","2.960139751434326","2.210047483444214","2.210047483444214","2.210047483444214","2.0624256134033203","2.0624256134033203","2.0624256134033203","3.004718542098999","3.004718542098999","3.004718542098999"
"9980","2.92039155960083","2.92039155960083","2.92039155960083","2.2052412033081055","2.2052412033081055","2.2052412033081055","2.059349536895752","2.059349536895752","2.059349536895752","2.9619736671447754","2.9619736671447754","2.9619736671447754"
"9990","2.9627702236175537","2.9627702236175537","2.9627702236175537","2.1684951782226562","2.1684951782226562","2.1684951782226562","2.1202120780944824","2.1202120780944824","2.1202120780944824","3.001513957977295","3.001513957977295","3.001513957977295"
"10000","2.8366332054138184","2.8366332054138184","2.8366332054138184","2.1516923904418945","2.1516923904418945","2.1516923904418945","1.922446608543396","1.922446608543396","1.922446608543396","2.877188205718994","2.877188205718994","2.877188205718994"
"10010","2.9258828163146973","2.9258828163146973","2.9258828163146973","2.187116861343384","2.187116861343384","2.187116861343384","1.8435068130493164","1.8435068130493164","1.8435068130493164","2.9683518409729004","2.9683518409729004","2.9683518409729004"
"10020","2.9126908779144287","2.9126908779144287","2.9126908779144287","2.149143934249878","2.149143934249878","2.149143934249878","2.06229829788208","2.06229829788208","2.06229829788208","2.956486940383911","2.956486940383911","2.956486940383911"
"10030","2.9818613529205322","2.9818613529205322","2.9818613529205322","2.198920249938965","2.198920249938965","2.198920249938965","2.1031479835510254","2.1031479835510254","2.1031479835510254","3.0235188007354736","3.0235188007354736","3.0235188007354736"
"10040","2.887434244155884","2.887434244155884","2.887434244155884","2.17421817779541","2.17421817779541","2.17421817779541","1.930991768836975","1.930991768836975","1.930991768836975","2.9290151596069336","2.9290151596069336","2.9290151596069336"
"10050","2.8759586811065674","2.8759586811065674","2.8759586811065674","2.1732864379882812","2.1732864379882812","2.1732864379882812","2.101154327392578","2.101154327392578","2.101154327392578","2.921091318130493","2.921091318130493","2.921091318130493"
"10060","2.9111828804016113","2.9111828804016113","2.9111828804016113","2.1193184852600098","2.1193184852600098","2.1193184852600098","2.0807480812072754","2.0807480812072754","2.0807480812072754","2.9586994647979736","2.9586994647979736","2.9586994647979736"
"10070","3.3221964836120605","3.3221964836120605","3.3221964836120605","2.168145179748535","2.168145179748535","2.168145179748535","2.0940170288085938","2.0940170288085938","2.0940170288085938","3.359698534011841","3.359698534011841","3.359698534011841"
"10080","2.909182548522949","2.909182548522949","2.909182548522949","2.1750593185424805","2.1750593185424805","2.1750593185424805","2.133277416229248","2.133277416229248","2.133277416229248","2.948598623275757","2.948598623275757","2.948598623275757"
"10090","2.916337013244629","2.916337013244629","2.916337013244629","2.73534893989563","2.73534893989563","2.73534893989563","2.5655078887939453","2.5655078887939453","2.5655078887939453","2.958951234817505","2.958951234817505","2.958951234817505"
"10100","2.943599224090576","2.943599224090576","2.943599224090576","2.159637451171875","2.159637451171875","2.159637451171875","2.12630558013916","2.12630558013916","2.12630558013916","2.9877583980560303","2.9877583980560303","2.9877583980560303"
"10110","2.8211276531219482","2.8211276531219482","2.8211276531219482","2.151881217956543","2.151881217956543","2.151881217956543","2.193756580352783","2.193756580352783","2.193756580352783","2.8606491088867188","2.8606491088867188","2.8606491088867188"
"10120","2.8676295280456543","2.8676295280456543","2.8676295280456543","2.1739869117736816","2.1739869117736816","2.1739869117736816","1.9371230602264404","1.9371230602264404","1.9371230602264404","2.9073944091796875","2.9073944091796875","2.9073944091796875"
"10130","3.4127142429351807","3.4127142429351807","3.4127142429351807","2.1584880352020264","2.1584880352020264","2.1584880352020264","2.1307268142700195","2.1307268142700195","2.1307268142700195","3.4381966590881348","3.4381966590881348","3.4381966590881348"
"10140","2.9075937271118164","2.9075937271118164","2.9075937271118164","2.13146710395813","2.13146710395813","2.13146710395813","2.1549582481384277","2.1549582481384277","2.1549582481384277","2.9459095001220703","2.9459095001220703","2.9459095001220703"
"10150","2.884213447570801","2.884213447570801","2.884213447570801","2.177433490753174","2.177433490753174","2.177433490753174","2.1942837238311768","2.1942837238311768","2.1942837238311768","2.923305034637451","2.923305034637451","2.923305034637451"
"10160","2.897888660430908","2.897888660430908","2.897888660430908","2.163849353790283","2.163849353790283","2.163849353790283","2.4200143814086914","2.4200143814086914","2.4200143814086914","2.9320971965789795","2.9320971965789795","2.9320971965789795"
"10170","3.0197033882141113","3.0197033882141113","3.0197033882141113","2.1116693019866943","2.1116693019866943","2.1116693019866943","2.072667121887207","2.072667121887207","2.072667121887207","3.048501491546631","3.048501491546631","3.048501491546631"
"10180","2.8751230239868164","2.8751230239868164","2.8751230239868164","2.1656334400177","2.1656334400177","2.1656334400177","2.067840576171875","2.067840576171875","2.067840576171875","2.9062929153442383","2.9062929153442383","2.9062929153442383"
"10190","2.8622841835021973","2.8622841835021973","2.8622841835021973","2.474154472351074","2.474154472351074","2.474154472351074","1.7294832468032837","1.7294832468032837","1.7294832468032837","2.8977837562561035","2.8977837562561035","2.8977837562561035"
"10200","2.8598265647888184","2.8598265647888184","2.8598265647888184","2.4330649375915527","2.4330649375915527","2.4330649375915527","1.9058001041412354","1.9058001041412354","1.9058001041412354","2.89399790763855","2.89399790763855","2.89399790763855"
"10210","2.84273624420166","2.84273624420166","2.84273624420166","2.17997145652771","2.17997145652771","2.17997145652771","2.0858516693115234","2.0858516693115234","2.0858516693115234","2.879645824432373","2.879645824432373","2.879645824432373"
"10220","2.8292150497436523","2.8292150497436523","2.8292150497436523","2.1336874961853027","2.1336874961853027","2.1336874961853027","2.252383232116699","2.252383232116699","2.252383232116699","2.8668079376220703","2.8668079376220703","2.8668079376220703"
"10230","2.8122620582580566","2.8122620582580566","2.8122620582580566","2.152886390686035","2.152886390686035","2.152886390686035","1.8309674263000488","1.8309674263000488","1.8309674263000488","2.8496599197387695","2.8496599197387695","2.8496599197387695"
"10240","2.8089537620544434","2.8089537620544434","2.8089537620544434","2.170640230178833","2.170640230178833","2.170640230178833","1.9493299722671509","1.9493299722671509","1.9493299722671509","2.844386577606201","2.844386577606201","2.844386577606201"
"10250","2.8254220485687256","2.8254220485687256","2.8254220485687256","2.122570753097534","2.122570753097534","2.122570753097534","2.173632860183716","2.173632860183716","2.173632860183716","2.861227512359619","2.861227512359619","2.861227512359619"
"10260","2.817779302597046","2.817779302597046","2.817779302597046","2.1363024711608887","2.1363024711608887","2.1363024711608887","2.0589981079101562","2.0589981079101562","2.0589981079101562","2.8540306091308594","2.8540306091308594","2.8540306091308594"
"10270","2.854720115661621","2.854720115661621","2.854720115661621","2.1465237140655518","2.1465237140655518","2.1465237140655518","2.1351418495178223","2.1351418495178223","2.1351418495178223","2.892369031906128","2.892369031906128","2.892369031906128"
"10280","2.850001335144043","2.850001335144043","2.850001335144043","2.220900535583496","2.220900535583496","2.220900535583496","2.144326686859131","2.144326686859131","2.144326686859131","2.8860645294189453","2.8860645294189453","2.8860645294189453"
"10290","2.881411075592041","2.881411075592041","2.881411075592041","2.1685380935668945","2.1685380935668945","2.1685380935668945","2.0579822063446045","2.0579822063446045","2.0579822063446045","2.9151971340179443","2.9151971340179443","2.9151971340179443"
"10300","2.8487517833709717","2.8487517833709717","2.8487517833709717","2.157484531402588","2.157484531402588","2.157484531402588","2.4687039852142334","2.4687039852142334","2.4687039852142334","2.8821325302124023","2.8821325302124023","2.8821325302124023"
"10310","2.801590919494629","2.801590919494629","2.801590919494629","2.1005678176879883","2.1005678176879883","2.1005678176879883","2.1097471714019775","2.1097471714019775","2.1097471714019775","2.836177349090576","2.836177349090576","2.836177349090576"
"10320","2.9308135509490967","2.9308135509490967","2.9308135509490967","2.1526355743408203","2.1526355743408203","2.1526355743408203","2.1853079795837402","2.1853079795837402","2.1853079795837402","2.9638407230377197","2.9638407230377197","2.9638407230377197"
"10330","2.797895908355713","2.797895908355713","2.797895908355713","2.1994404792785645","2.1994404792785645","2.1994404792785645","2.1629815101623535","2.1629815101623535","2.1629815101623535","2.830378532409668","2.830378532409668","2.830378532409668"
"10340","2.7891979217529297","2.7891979217529297","2.7891979217529297","2.1896657943725586","2.1896657943725586","2.1896657943725586","1.8552168607711792","1.8552168607711792","1.8552168607711792","2.82550048828125","2.82550048828125","2.82550048828125"
"10350","2.828972578048706","2.828972578048706","2.828972578048706","2.1358442306518555","2.1358442306518555","2.1358442306518555","2.1374313831329346","2.1374313831329346","2.1374313831329346","2.8636441230773926","2.8636441230773926","2.8636441230773926"
"10360","2.8240602016448975","2.8240602016448975","2.8240602016448975","2.1695921421051025","2.1695921421051025","2.1695921421051025","2.061084032058716","2.061084032058716","2.061084032058716","2.857905387878418","2.857905387878418","2.857905387878418"
"10370","2.8509228229522705","2.8509228229522705","2.8509228229522705","2.1611502170562744","2.1611502170562744","2.1611502170562744","2.0157041549682617","2.0157041549682617","2.0157041549682617","2.886561870574951","2.886561870574951","2.886561870574951"
"10380","2.8652851581573486","2.8652851581573486","2.8652851581573486","2.1609671115875244","2.1609671115875244","2.1609671115875244","1.8913185596466064","1.8913185596466064","1.8913185596466064","2.897183895111084","2.897183895111084","2.897183895111084"
"10390","2.8498342037200928","2.8498342037200928","2.8498342037200928","2.1372742652893066","2.1372742652893066","2.1372742652893066","2.149223566055298","2.149223566055298","2.149223566055298","2.880276918411255","2.880276918411255","2.880276918411255"
"10400","2.815396308898926","2.815396308898926","2.815396308898926","2.134538412094116","2.134538412094116","2.134538412094116","1.8799678087234497","1.8799678087234497","1.8799678087234497","2.847193717956543","2.847193717956543","2.847193717956543"
"10410","2.821913719177246","2.821913719177246","2.821913719177246","2.1572165489196777","2.1572165489196777","2.1572165489196777","1.7796293497085571","1.7796293497085571","1.7796293497085571","2.8555760383605957","2.8555760383605957","2.8555760383605957"
"10420","2.7725234031677246","2.7725234031677246","2.7725234031677246","2.154965877532959","2.154965877532959","2.154965877532959","2.0557618141174316","2.0557618141174316","2.0557618141174316","2.80656099319458","2.80656099319458","2.80656099319458"
"10430","2.7815771102905273","2.7815771102905273","2.7815771102905273","2.090845823287964","2.090845823287964","2.090845823287964","2.060678005218506","2.060678005218506","2.060678005218506","2.8141651153564453","2.8141651153564453","2.8141651153564453"
"10440","2.833589792251587","2.833589792251587","2.833589792251587","2.1055781841278076","2.1055781841278076","2.1055781841278076","2.003450870513916","2.003450870513916","2.003450870513916","2.8642799854278564","2.8642799854278564","2.8642799854278564"
"10450","2.803617000579834","2.803617000579834","2.803617000579834","2.18930983543396","2.18930983543396","2.18930983543396","1.951781988143921","1.951781988143921","1.951781988143921","2.8343849182128906","2.8343849182128906","2.8343849182128906"
"10460","2.7649755477905273","2.7649755477905273","2.7649755477905273","2.138186454772949","2.138186454772949","2.138186454772949","1.8893975019454956","1.8893975019454956","1.8893975019454956","2.7953696250915527","2.7953696250915527","2.7953696250915527"
"10470","2.775790214538574","2.775790214538574","2.775790214538574","2.129380702972412","2.129380702972412","2.129380702972412","2.2347888946533203","2.2347888946533203","2.2347888946533203","2.8073880672454834","2.8073880672454834","2.8073880672454834"
"10480","2.8263790607452393","2.8263790607452393","2.8263790607452393","2.2637598514556885","2.2637598514556885","2.2637598514556885","2.204026222229004","2.204026222229004","2.204026222229004","2.859665870666504","2.859665870666504","2.859665870666504"
"10490","2.8503384590148926","2.8503384590148926","2.8503384590148926","2.175233840942383","2.175233840942383","2.175233840942383","2.091712713241577","2.091712713241577","2.091712713241577","2.884084463119507","2.884084463119507","2.884084463119507"
"10500","2.752767562866211","2.752767562866211","2.752767562866211","2.1740448474884033","2.1740448474884033","2.1740448474884033","2.1857223510742188","2.1857223510742188","2.1857223510742188","2.784376621246338","2.784376621246338","2.784376621246338"
"10510","2.799778699874878","2.799778699874878","2.799778699874878","2.229912519454956","2.229912519454956","2.229912519454956","2.072653293609619","2.072653293609619","2.072653293609619","2.8326218128204346","2.8326218128204346","2.8326218128204346"
"10520","2.7518224716186523","2.7518224716186523","2.7518224716186523","2.4201416969299316","2.4201416969299316","2.4201416969299316","1.9917887449264526","1.9917887449264526","1.9917887449264526","2.7830562591552734","2.7830562591552734","2.7830562591552734"
"10530","2.868131160736084","2.868131160736084","2.868131160736084","2.138026714324951","2.138026714324951","2.138026714324951","2.385439872741699","2.385439872741699","2.385439872741699","2.9002432823181152","2.9002432823181152","2.9002432823181152"
"10540","2.826870918273926","2.826870918273926","2.826870918273926","2.228360891342163","2.228360891342163","2.228360891342163","2.211517572402954","2.211517572402954","2.211517572402954","2.857975959777832","2.857975959777832","2.857975959777832"
"10550","2.878922700881958","2.878922700881958","2.878922700881958","2.1564102172851562","2.1564102172851562","2.1564102172851562","2.0874078273773193","2.0874078273773193","2.0874078273773193","2.9124295711517334","2.9124295711517334","2.9124295711517334"
"10560","2.8309409618377686","2.8309409618377686","2.8309409618377686","2.1434555053710938","2.1434555053710938","2.1434555053710938","2.209510087966919","2.209510087966919","2.209510087966919","2.866197347640991","2.866197347640991","2.866197347640991"
"10570","2.7770767211914062","2.7770767211914062","2.7770767211914062","2.2394886016845703","2.2394886016845703","2.2394886016845703","2.0438127517700195","2.0438127517700195","2.0438127517700195","2.8093247413635254","2.8093247413635254","2.8093247413635254"
"10580","2.8349010944366455","2.8349010944366455","2.8349010944366455","2.2621757984161377","2.2621757984161377","2.2621757984161377","1.819087266921997","1.819087266921997","1.819087266921997","2.86426043510437","2.86426043510437","2.86426043510437"
"10590","2.80723237991333","2.80723237991333","2.80723237991333","2.1723790168762207","2.1723790168762207","2.1723790168762207","1.9248466491699219","1.9248466491699219","1.9248466491699219","2.838819980621338","2.838819980621338","2.838819980621338"
"10600","2.7856333255767822","2.7856333255767822","2.7856333255767822","2.2058286666870117","2.2058286666870117","2.2058286666870117","2.099372386932373","2.099372386932373","2.099372386932373","2.8202064037323","2.8202064037323","2.8202064037323"
"10610","2.777155637741089","2.777155637741089","2.777155637741089","2.0789458751678467","2.0789458751678467","2.0789458751678467","2.157543182373047","2.157543182373047","2.157543182373047","2.8069088459014893","2.8069088459014893","2.8069088459014893"
"10620","2.729158878326416","2.729158878326416","2.729158878326416","2.1257009506225586","2.1257009506225586","2.1257009506225586","1.918147087097168","1.918147087097168","1.918147087097168","2.7535245418548584","2.7535245418548584","2.7535245418548584"
"10630","2.768362045288086","2.768362045288086","2.768362045288086","2.1117334365844727","2.1117334365844727","2.1117334365844727","1.9930341243743896","1.9930341243743896","1.9930341243743896","2.799301862716675","2.799301862716675","2.799301862716675"
"10640","2.77543044090271","2.77543044090271","2.77543044090271","2.1090261936187744","2.1090261936187744","2.1090261936187744","2.1721911430358887","2.1721911430358887","2.1721911430358887","2.805361270904541","2.805361270904541","2.805361270904541"
"10650","2.7185683250427246","2.7185683250427246","2.7185683250427246","2.2001819610595703","2.2001819610595703","2.2001819610595703","2.190225124359131","2.190225124359131","2.190225124359131","2.746783494949341","2.746783494949341","2.746783494949341"
"10660","2.806483268737793","2.806483268737793","2.806483268737793","2.3738603591918945","2.3738603591918945","2.3738603591918945","2.115607261657715","2.115607261657715","2.115607261657715","2.8351659774780273","2.8351659774780273","2.8351659774780273"
"10670","2.6881933212280273","2.6881933212280273","2.6881933212280273","2.1387946605682373","2.1387946605682373","2.1387946605682373","1.8912954330444336","1.8912954330444336","1.8912954330444336","2.716665267944336","2.716665267944336","2.716665267944336"
"10680","2.7900707721710205","2.7900707721710205","2.7900707721710205","2.1113617420196533","2.1113617420196533","2.1113617420196533","2.195488929748535","2.195488929748535","2.195488929748535","2.819662094116211","2.819662094116211","2.819662094116211"
"10690","2.7185685634613037","2.7185685634613037","2.7185685634613037","2.1546883583068848","2.1546883583068848","2.1546883583068848","2.0141782760620117","2.0141782760620117","2.0141782760620117","2.7463812828063965","2.7463812828063965","2.7463812828063965"
"10700","2.7597692012786865","2.7597692012786865","2.7597692012786865","2.120415687561035","2.120415687561035","2.120415687561035","2.2384986877441406","2.2384986877441406","2.2384986877441406","2.790020704269409","2.790020704269409","2.790020704269409"
"10710","2.7134451866149902","2.7134451866149902","2.7134451866149902","2.160383462905884","2.160383462905884","2.160383462905884","2.24436616897583","2.24436616897583","2.24436616897583","2.742008924484253","2.742008924484253","2.742008924484253"
"10720","2.7690043449401855","2.7690043449401855","2.7690043449401855","2.1226468086242676","2.1226468086242676","2.1226468086242676","2.378012180328369","2.378012180328369","2.378012180328369","2.7982053756713867","2.7982053756713867","2.7982053756713867"
"10730","2.7025649547576904","2.7025649547576904","2.7025649547576904","2.1489920616149902","2.1489920616149902","2.1489920616149902","1.9551279544830322","1.9551279544830322","1.9551279544830322","2.73164701461792","2.73164701461792","2.73164701461792"
"10740","2.781963348388672","2.781963348388672","2.781963348388672","2.1614904403686523","2.1614904403686523","2.1614904403686523","2.1081976890563965","2.1081976890563965","2.1081976890563965","2.814587116241455","2.814587116241455","2.814587116241455"
"10750","2.7551493644714355","2.7551493644714355","2.7551493644714355","2.2085702419281006","2.2085702419281006","2.2085702419281006","2.2046728134155273","2.2046728134155273","2.2046728134155273","2.7850475311279297","2.7850475311279297","2.7850475311279297"
"10760","2.780357837677002","2.780357837677002","2.780357837677002","2.2593414783477783","2.2593414783477783","2.2593414783477783","2.0776619911193848","2.0776619911193848","2.0776619911193848","2.8098411560058594","2.8098411560058594","2.8098411560058594"
"10770","2.7455432415008545","2.7455432415008545","2.7455432415008545","2.104691743850708","2.104691743850708","2.104691743850708","2.071650981903076","2.071650981903076","2.071650981903076","2.7736353874206543","2.7736353874206543","2.7736353874206543"
"10780","2.6723055839538574","2.6723055839538574","2.6723055839538574","2.1124954223632812","2.1124954223632812","2.1124954223632812","2.1137266159057617","2.1137266159057617","2.1137266159057617","2.699875831604004","2.699875831604004","2.699875831604004"
"10790","2.846994638442993","2.846994638442993","2.846994638442993","2.1299707889556885","2.1299707889556885","2.1299707889556885","2.142695426940918","2.142695426940918","2.142695426940918","2.876448392868042","2.876448392868042","2.876448392868042"
"10800","2.685804843902588","2.685804843902588","2.685804843902588","2.1767351627349854","2.1767351627349854","2.1767351627349854","2.151521921157837","2.151521921157837","2.151521921157837","2.7137763500213623","2.7137763500213623","2.7137763500213623"
"10810","2.6405060291290283","2.6405060291290283","2.6405060291290283","2.126612901687622","2.126612901687622","2.126612901687622","2.154285430908203","2.154285430908203","2.154285430908203","2.6695737838745117","2.6695737838745117","2.6695737838745117"
"10820","2.7296369075775146","2.7296369075775146","2.7296369075775146","2.2060747146606445","2.2060747146606445","2.2060747146606445","2.071599006652832","2.071599006652832","2.071599006652832","2.758570909500122","2.758570909500122","2.758570909500122"
"10830","2.6935853958129883","2.6935853958129883","2.6935853958129883","2.15256929397583","2.15256929397583","2.15256929397583","1.9441449642181396","1.9441449642181396","1.9441449642181396","2.7211198806762695","2.7211198806762695","2.7211198806762695"
"10840","2.7453060150146484","2.7453060150146484","2.7453060150146484","2.182006359100342","2.182006359100342","2.182006359100342","2.004817008972168","2.004817008972168","2.004817008972168","2.7740583419799805","2.7740583419799805","2.7740583419799805"
"10850","2.7133066654205322","2.7133066654205322","2.7133066654205322","2.106532573699951","2.106532573699951","2.106532573699951","2.019768714904785","2.019768714904785","2.019768714904785","2.740734100341797","2.740734100341797","2.740734100341797"
"10860","2.683586597442627","2.683586597442627","2.683586597442627","2.161383867263794","2.161383867263794","2.161383867263794","2.1425621509552","2.1425621509552","2.1425621509552","2.711854934692383","2.711854934692383","2.711854934692383"
"10870","2.7217373847961426","2.7217373847961426","2.7217373847961426","2.0912039279937744","2.0912039279937744","2.0912039279937744","1.9014527797698975","1.9014527797698975","1.9014527797698975","2.748868703842163","2.748868703842163","2.748868703842163"
"10880","2.6726207733154297","2.6726207733154297","2.6726207733154297","2.1120433807373047","2.1120433807373047","2.1120433807373047","1.9873268604278564","1.9873268604278564","1.9873268604278564","2.7014946937561035","2.7014946937561035","2.7014946937561035"
"10890","2.738041400909424","2.738041400909424","2.738041400909424","2.1428492069244385","2.1428492069244385","2.1428492069244385","1.9174103736877441","1.9174103736877441","1.9174103736877441","2.766777753829956","2.766777753829956","2.766777753829956"
"10900","2.697680950164795","2.697680950164795","2.697680950164795","2.1807985305786133","2.1807985305786133","2.1807985305786133","2.068359375","2.068359375","2.068359375","2.724667549133301","2.724667549133301","2.724667549133301"
"10910","2.681891441345215","2.681891441345215","2.681891441345215","2.120481252670288","2.120481252670288","2.120481252670288","1.9759087562561035","1.9759087562561035","1.9759087562561035","2.7082347869873047","2.7082347869873047","2.7082347869873047"
"10920","2.7317118644714355","2.7317118644714355","2.7317118644714355","2.1946558952331543","2.1946558952331543","2.1946558952331543","2.2853810787200928","2.2853810787200928","2.2853810787200928","2.758579730987549","2.758579730987549","2.758579730987549"
"10930","2.7097105979919434","2.7097105979919434","2.7097105979919434","2.2141048908233643","2.2141048908233643","2.2141048908233643","2.262336015701294","2.262336015701294","2.262336015701294","2.741100788116455","2.741100788116455","2.741100788116455"
"10940","3.0081286430358887","3.0081286430358887","3.0081286430358887","2.1596145629882812","2.1596145629882812","2.1596145629882812","2.2394773960113525","2.2394773960113525","2.2394773960113525","3.038452625274658","3.038452625274658","3.038452625274658"
"10950","2.8163869380950928","2.8163869380950928","2.8163869380950928","2.162790298461914","2.162790298461914","2.162790298461914","1.9031049013137817","1.9031049013137817","1.9031049013137817","2.845404863357544","2.845404863357544","2.845404863357544"
"10960","2.7998833656311035","2.7998833656311035","2.7998833656311035","2.381577253341675","2.381577253341675","2.381577253341675","2.1561737060546875","2.1561737060546875","2.1561737060546875","2.826673984527588","2.826673984527588","2.826673984527588"
"10970","2.782163619995117","2.782163619995117","2.782163619995117","2.1373658180236816","2.1373658180236816","2.1373658180236816","1.9415000677108765","1.9415000677108765","1.9415000677108765","2.81350040435791","2.81350040435791","2.81350040435791"
"10980","2.7159218788146973","2.7159218788146973","2.7159218788146973","2.1583476066589355","2.1583476066589355","2.1583476066589355","1.854489803314209","1.854489803314209","1.854489803314209","2.7480316162109375","2.7480316162109375","2.7480316162109375"
"10990","2.6774792671203613","2.6774792671203613","2.6774792671203613","2.1438889503479004","2.1438889503479004","2.1438889503479004","2.189166784286499","2.189166784286499","2.189166784286499","2.708258628845215","2.708258628845215","2.708258628845215"
"11000","2.805983304977417","2.805983304977417","2.805983304977417","2.126683235168457","2.126683235168457","2.126683235168457","1.8834601640701294","1.8834601640701294","1.8834601640701294","2.835101842880249","2.835101842880249","2.835101842880249"
"11010","2.6898295879364014","2.6898295879364014","2.6898295879364014","2.1213059425354004","2.1213059425354004","2.1213059425354004","1.9775229692459106","1.9775229692459106","1.9775229692459106","2.7192392349243164","2.7192392349243164","2.7192392349243164"
"11020","2.814643144607544","2.814643144607544","2.814643144607544","2.116182565689087","2.116182565689087","2.116182565689087","1.9827821254730225","1.9827821254730225","1.9827821254730225","2.841365337371826","2.841365337371826","2.841365337371826"
"11030","2.651216506958008","2.651216506958008","2.651216506958008","2.0921719074249268","2.0921719074249268","2.0921719074249268","1.9554541110992432","1.9554541110992432","1.9554541110992432","2.6778814792633057","2.6778814792633057","2.6778814792633057"
"11040","2.658106803894043","2.658106803894043","2.658106803894043","2.115619659423828","2.115619659423828","2.115619659423828","2.0722508430480957","2.0722508430480957","2.0722508430480957","2.6848292350769043","2.6848292350769043","2.6848292350769043"
"11050","2.8072257041931152","2.8072257041931152","2.8072257041931152","2.1428632736206055","2.1428632736206055","2.1428632736206055","2.1391422748565674","2.1391422748565674","2.1391422748565674","2.830836057662964","2.830836057662964","2.830836057662964"
"11060","2.6573879718780518","2.6573879718780518","2.6573879718780518","2.115027904510498","2.115027904510498","2.115027904510498","2.1128017902374268","2.1128017902374268","2.1128017902374268","2.68349027633667","2.68349027633667","2.68349027633667"
"11070","2.7010300159454346","2.7010300159454346","2.7010300159454346","2.2349061965942383","2.2349061965942383","2.2349061965942383","2.317366600036621","2.317366600036621","2.317366600036621","2.725802421569824","2.725802421569824","2.725802421569824"
"11080","2.7590553760528564","2.7590553760528564","2.7590553760528564","2.6596128940582275","2.6596128940582275","2.6596128940582275","1.9653191566467285","1.9653191566467285","1.9653191566467285","2.7856791019439697","2.7856791019439697","2.7856791019439697"
"11090","2.7182705402374268","2.7182705402374268","2.7182705402374268","2.3600552082061768","2.3600552082061768","2.3600552082061768","1.9682682752609253","1.9682682752609253","1.9682682752609253","2.749044418334961","2.749044418334961","2.749044418334961"
"11100","2.707615852355957","2.707615852355957","2.707615852355957","2.2616448402404785","2.2616448402404785","2.2616448402404785","2.0906667709350586","2.0906667709350586","2.0906667709350586","2.733633518218994","2.733633518218994","2.733633518218994"
"11110","2.6664059162139893","2.6664059162139893","2.6664059162139893","2.1358399391174316","2.1358399391174316","2.1358399391174316","2.0689284801483154","2.0689284801483154","2.0689284801483154","2.691542625427246","2.691542625427246","2.691542625427246"
"11120","2.6538310050964355","2.6538310050964355","2.6538310050964355","2.10855770111084","2.10855770111084","2.10855770111084","2.161602258682251","2.161602258682251","2.161602258682251","2.6792335510253906","2.6792335510253906","2.6792335510253906"
"11130","2.6560895442962646","2.6560895442962646","2.6560895442962646","2.139000177383423","2.139000177383423","2.139000177383423","2.094914436340332","2.094914436340332","2.094914436340332","2.6816442012786865","2.6816442012786865","2.6816442012786865"
"11140","2.653502941131592","2.653502941131592","2.653502941131592","2.1516263484954834","2.1516263484954834","2.1516263484954834","2.4832887649536133","2.4832887649536133","2.4832887649536133","2.679237127304077","2.679237127304077","2.679237127304077"
"11150","2.7150440216064453","2.7150440216064453","2.7150440216064453","2.1462197303771973","2.1462197303771973","2.1462197303771973","2.0033414363861084","2.0033414363861084","2.0033414363861084","2.739722728729248","2.739722728729248","2.739722728729248"
"11160","2.634648561477661","2.634648561477661","2.634648561477661","2.115565299987793","2.115565299987793","2.115565299987793","2.0512263774871826","2.0512263774871826","2.0512263774871826","2.65834379196167","2.65834379196167","2.65834379196167"
"11170","2.658539295196533","2.658539295196533","2.658539295196533","2.0975472927093506","2.0975472927093506","2.0975472927093506","2.079610824584961","2.079610824584961","2.079610824584961","2.683492660522461","2.683492660522461","2.683492660522461"
"11180","2.671203374862671","2.671203374862671","2.671203374862671","2.27670955657959","2.27670955657959","2.27670955657959","2.3418664932250977","2.3418664932250977","2.3418664932250977","2.6952197551727295","2.6952197551727295","2.6952197551727295"
"11190","2.6268622875213623","2.6268622875213623","2.6268622875213623","2.19741153717041","2.19741153717041","2.19741153717041","1.8508927822113037","1.8508927822113037","1.8508927822113037","2.6513869762420654","2.6513869762420654","2.6513869762420654"
"11200","2.6933517456054688","2.6933517456054688","2.6933517456054688","2.178812026977539","2.178812026977539","2.178812026977539","1.8357280492782593","1.8357280492782593","1.8357280492782593","2.717859983444214","2.717859983444214","2.717859983444214"
"11210","2.646859884262085","2.646859884262085","2.646859884262085","2.1409544944763184","2.1409544944763184","2.1409544944763184","2.012251377105713","2.012251377105713","2.012251377105713","2.6770896911621094","2.6770896911621094","2.6770896911621094"
"11220","2.7090988159179688","2.7090988159179688","2.7090988159179688","2.070101499557495","2.070101499557495","2.070101499557495","1.9806921482086182","1.9806921482086182","1.9806921482086182","2.737978219985962","2.737978219985962","2.737978219985962"
"11230","2.7108266353607178","2.7108266353607178","2.7108266353607178","2.128519058227539","2.128519058227539","2.128519058227539","2.1445767879486084","2.1445767879486084","2.1445767879486084","2.735137939453125","2.735137939453125","2.735137939453125"
"11240","2.6584577560424805","2.6584577560424805","2.6584577560424805","2.1868815422058105","2.1868815422058105","2.1868815422058105","2.3323376178741455","2.3323376178741455","2.3323376178741455","2.6833748817443848","2.6833748817443848","2.6833748817443848"
"11250","2.6668965816497803","2.6668965816497803","2.6668965816497803","2.1636695861816406","2.1636695861816406","2.1636695861816406","2.206050157546997","2.206050157546997","2.206050157546997","2.690063953399658","2.690063953399658","2.690063953399658"
"11260","2.626802682876587","2.626802682876587","2.626802682876587","2.1092541217803955","2.1092541217803955","2.1092541217803955","1.7913044691085815","1.7913044691085815","1.7913044691085815","2.650428295135498","2.650428295135498","2.650428295135498"
"11270","2.632434368133545","2.632434368133545","2.632434368133545","2.107558012008667","2.107558012008667","2.107558012008667","2.023043155670166","2.023043155670166","2.023043155670166","2.6565675735473633","2.6565675735473633","2.6565675735473633"
"11280","2.6629276275634766","2.6629276275634766","2.6629276275634766","2.112424850463867","2.112424850463867","2.112424850463867","2.122844696044922","2.122844696044922","2.122844696044922","2.687955379486084","2.687955379486084","2.687955379486084"
"11290","2.643160104751587","2.643160104751587","2.643160104751587","2.1303834915161133","2.1303834915161133","2.1303834915161133","2.0585126876831055","2.0585126876831055","2.0585126876831055","2.6681604385375977","2.6681604385375977","2.6681604385375977"
"11300","2.6674644947052","2.6674644947052","2.6674644947052","2.137831926345825","2.137831926345825","2.137831926345825","1.702317714691162","1.702317714691162","1.702317714691162","2.693132162094116","2.693132162094116","2.693132162094116"
"11310","2.6197052001953125","2.6197052001953125","2.6197052001953125","2.092348098754883","2.092348098754883","2.092348098754883","2.095886707305908","2.095886707305908","2.095886707305908","2.642756938934326","2.642756938934326","2.642756938934326"
"11320","2.625959634780884","2.625959634780884","2.625959634780884","2.072166919708252","2.072166919708252","2.072166919708252","2.0492966175079346","2.0492966175079346","2.0492966175079346","2.6491074562072754","2.6491074562072754","2.6491074562072754"
"11330","2.683539867401123","2.683539867401123","2.683539867401123","2.0888962745666504","2.0888962745666504","2.0888962745666504","2.0487847328186035","2.0487847328186035","2.0487847328186035","2.707247257232666","2.707247257232666","2.707247257232666"
"11340","2.5738067626953125","2.5738067626953125","2.5738067626953125","2.115107536315918","2.115107536315918","2.115107536315918","2.2061800956726074","2.2061800956726074","2.2061800956726074","2.598093032836914","2.598093032836914","2.598093032836914"
"11350","2.710401773452759","2.710401773452759","2.710401773452759","2.1729629039764404","2.1729629039764404","2.1729629039764404","2.1033596992492676","2.1033596992492676","2.1033596992492676","2.7330336570739746","2.7330336570739746","2.7330336570739746"
"11360","2.621807336807251","2.621807336807251","2.621807336807251","2.14518141746521","2.14518141746521","2.14518141746521","1.9099884033203125","1.9099884033203125","1.9099884033203125","2.6435904502868652","2.6435904502868652","2.6435904502868652"
"11370","2.6035027503967285","2.6035027503967285","2.6035027503967285","2.050853729248047","2.050853729248047","2.050853729248047","2.088353157043457","2.088353157043457","2.088353157043457","2.6269285678863525","2.6269285678863525","2.6269285678863525"
"11380","2.6928975582122803","2.6928975582122803","2.6928975582122803","2.123751401901245","2.123751401901245","2.123751401901245","2.1389825344085693","2.1389825344085693","2.1389825344085693","2.71638822555542","2.71638822555542","2.71638822555542"
"11390","2.6215686798095703","2.6215686798095703","2.6215686798095703","2.058847665786743","2.058847665786743","2.058847665786743","1.8102214336395264","1.8102214336395264","1.8102214336395264","2.6451826095581055","2.6451826095581055","2.6451826095581055"
"11400","2.650707483291626","2.650707483291626","2.650707483291626","2.1497879028320312","2.1497879028320312","2.1497879028320312","2.0825271606445312","2.0825271606445312","2.0825271606445312","2.6721177101135254","2.6721177101135254","2.6721177101135254"
"11410","3.0165295600891113","3.0165295600891113","3.0165295600891113","2.1132314205169678","2.1132314205169678","2.1132314205169678","1.9725244045257568","1.9725244045257568","1.9725244045257568","3.0372228622436523","3.0372228622436523","3.0372228622436523"
"11420","2.6049299240112305","2.6049299240112305","2.6049299240112305","2.106806755065918","2.106806755065918","2.106806755065918","1.9345465898513794","1.9345465898513794","1.9345465898513794","2.62716007232666","2.62716007232666","2.62716007232666"
"11430","2.6577608585357666","2.6577608585357666","2.6577608585357666","2.1409389972686768","2.1409389972686768","2.1409389972686768","2.0843052864074707","2.0843052864074707","2.0843052864074707","2.6795010566711426","2.6795010566711426","2.6795010566711426"
"11440","2.6510043144226074","2.6510043144226074","2.6510043144226074","2.1240663528442383","2.1240663528442383","2.1240663528442383","1.887465238571167","1.887465238571167","1.887465238571167","2.673734664916992","2.673734664916992","2.673734664916992"
"11450","2.662184476852417","2.662184476852417","2.662184476852417","2.1219730377197266","2.1219730377197266","2.1219730377197266","2.0488452911376953","2.0488452911376953","2.0488452911376953","2.6861331462860107","2.6861331462860107","2.6861331462860107"
"11460","2.7247512340545654","2.7247512340545654","2.7247512340545654","2.138131618499756","2.138131618499756","2.138131618499756","2.137446880340576","2.137446880340576","2.137446880340576","2.7506179809570312","2.7506179809570312","2.7506179809570312"
"11470","2.602350950241089","2.602350950241089","2.602350950241089","2.119821548461914","2.119821548461914","2.119821548461914","2.02612042427063","2.02612042427063","2.02612042427063","2.6277036666870117","2.6277036666870117","2.6277036666870117"
"11480","2.6872687339782715","2.6872687339782715","2.6872687339782715","2.180858850479126","2.180858850479126","2.180858850479126","1.8242216110229492","1.8242216110229492","1.8242216110229492","2.7113044261932373","2.7113044261932373","2.7113044261932373"
"11490","2.639580011367798","2.639580011367798","2.639580011367798","2.234354257583618","2.234354257583618","2.234354257583618","2.080343723297119","2.080343723297119","2.080343723297119","2.661219596862793","2.661219596862793","2.661219596862793"
"11500","2.6580796241760254","2.6580796241760254","2.6580796241760254","2.220762252807617","2.220762252807617","2.220762252807617","2.048151969909668","2.048151969909668","2.048151969909668","2.678805351257324","2.678805351257324","2.678805351257324"
"11510","2.6142637729644775","2.6142637729644775","2.6142637729644775","2.1602320671081543","2.1602320671081543","2.1602320671081543","2.092560052871704","2.092560052871704","2.092560052871704","2.6376352310180664","2.6376352310180664","2.6376352310180664"
"11520","2.624305248260498","2.624305248260498","2.624305248260498","2.1520516872406006","2.1520516872406006","2.1520516872406006","2.3364462852478027","2.3364462852478027","2.3364462852478027","2.6474010944366455","2.6474010944366455","2.6474010944366455"
"11530","2.641070604324341","2.641070604324341","2.641070604324341","2.1613664627075195","2.1613664627075195","2.1613664627075195","1.868822455406189","1.868822455406189","1.868822455406189","2.6653735637664795","2.6653735637664795","2.6653735637664795"
"11540","2.795057773590088","2.795057773590088","2.795057773590088","2.1842424869537354","2.1842424869537354","2.1842424869537354","2.131115436553955","2.131115436553955","2.131115436553955","2.8193728923797607","2.8193728923797607","2.8193728923797607"
"11550","2.7316699028015137","2.7316699028015137","2.7316699028015137","2.186105489730835","2.186105489730835","2.186105489730835","2.170661211013794","2.170661211013794","2.170661211013794","2.7543821334838867","2.7543821334838867","2.7543821334838867"
"11560","2.7008869647979736","2.7008869647979736","2.7008869647979736","2.095428466796875","2.095428466796875","2.095428466796875","2.1944987773895264","2.1944987773895264","2.1944987773895264","2.7234020233154297","2.7234020233154297","2.7234020233154297"
"11570","2.673433303833008","2.673433303833008","2.673433303833008","2.1184425354003906","2.1184425354003906","2.1184425354003906","2.109034299850464","2.109034299850464","2.109034299850464","2.6958706378936768","2.6958706378936768","2.6958706378936768"
"11580","2.568098783493042","2.568098783493042","2.568098783493042","2.0949676036834717","2.0949676036834717","2.0949676036834717","1.9188200235366821","1.9188200235366821","1.9188200235366821","2.592207670211792","2.592207670211792","2.592207670211792"
"11590","2.6489531993865967","2.6489531993865967","2.6489531993865967","2.074789047241211","2.074789047241211","2.074789047241211","1.6941933631896973","1.6941933631896973","1.6941933631896973","2.6726341247558594","2.6726341247558594","2.6726341247558594"
"11600","2.5985207557678223","2.5985207557678223","2.5985207557678223","2.1700830459594727","2.1700830459594727","2.1700830459594727","2.3002703189849854","2.3002703189849854","2.3002703189849854","2.622270345687866","2.622270345687866","2.622270345687866"
"11610","2.616020441055298","2.616020441055298","2.616020441055298","2.123852252960205","2.123852252960205","2.123852252960205","2.0557446479797363","2.0557446479797363","2.0557446479797363","2.6403279304504395","2.6403279304504395","2.6403279304504395"
"11620","2.5852034091949463","2.5852034091949463","2.5852034091949463","2.1349620819091797","2.1349620819091797","2.1349620819091797","2.3922832012176514","2.3922832012176514","2.3922832012176514","2.6082441806793213","2.6082441806793213","2.6082441806793213"
"11630","2.5988616943359375","2.5988616943359375","2.5988616943359375","2.1027252674102783","2.1027252674102783","2.1027252674102783","1.8810595273971558","1.8810595273971558","1.8810595273971558","2.621751070022583","2.621751070022583","2.621751070022583"
"11640","2.6261446475982666","2.6261446475982666","2.6261446475982666","2.1371326446533203","2.1371326446533203","2.1371326446533203","1.9635249376296997","1.9635249376296997","1.9635249376296997","2.653062582015991","2.653062582015991","2.653062582015991"
"11650","2.6210179328918457","2.6210179328918457","2.6210179328918457","2.524016857147217","2.524016857147217","2.524016857147217","2.103577136993408","2.103577136993408","2.103577136993408","2.6437861919403076","2.6437861919403076","2.6437861919403076"
"11660","2.5783724784851074","2.5783724784851074","2.5783724784851074","2.147609233856201","2.147609233856201","2.147609233856201","1.8493406772613525","1.8493406772613525","1.8493406772613525","2.600816249847412","2.600816249847412","2.600816249847412"
"11670","2.579080820083618","2.579080820083618","2.579080820083618","2.1638402938842773","2.1638402938842773","2.1638402938842773","1.9250290393829346","1.9250290393829346","1.9250290393829346","2.601442813873291","2.601442813873291","2.601442813873291"
"11680","2.5943291187286377","2.5943291187286377","2.5943291187286377","2.2111592292785645","2.2111592292785645","2.2111592292785645","2.401848316192627","2.401848316192627","2.401848316192627","2.615342617034912","2.615342617034912","2.615342617034912"
"11690","2.515645742416382","2.515645742416382","2.515645742416382","2.141026258468628","2.141026258468628","2.141026258468628","1.889702558517456","1.889702558517456","1.889702558517456","2.5373470783233643","2.5373470783233643","2.5373470783233643"
"11700","2.5629897117614746","2.5629897117614746","2.5629897117614746","2.1134049892425537","2.1134049892425537","2.1134049892425537","1.9954171180725098","1.9954171180725098","1.9954171180725098","2.5851173400878906","2.5851173400878906","2.5851173400878906"
"11710","2.6531476974487305","2.6531476974487305","2.6531476974487305","2.1270532608032227","2.1270532608032227","2.1270532608032227","2.069129705429077","2.069129705429077","2.069129705429077","2.675440788269043","2.675440788269043","2.675440788269043"
"11720","2.559563159942627","2.559563159942627","2.559563159942627","2.1255037784576416","2.1255037784576416","2.1255037784576416","1.8660130500793457","1.8660130500793457","1.8660130500793457","2.581239700317383","2.581239700317383","2.581239700317383"
"11730","2.5801782608032227","2.5801782608032227","2.5801782608032227","2.1079936027526855","2.1079936027526855","2.1079936027526855","1.8678171634674072","1.8678171634674072","1.8678171634674072","2.6031601428985596","2.6031601428985596","2.6031601428985596"
"11740","2.584491729736328","2.584491729736328","2.584491729736328","2.213968515396118","2.213968515396118","2.213968515396118","2.0991504192352295","2.0991504192352295","2.0991504192352295","2.6056909561157227","2.6056909561157227","2.6056909561157227"
"11750","2.6192641258239746","2.6192641258239746","2.6192641258239746","2.1649067401885986","2.1649067401885986","2.1649067401885986","2.053065538406372","2.053065538406372","2.053065538406372","2.6403677463531494","2.6403677463531494","2.6403677463531494"
"11760","2.569387435913086","2.569387435913086","2.569387435913086","2.1579413414001465","2.1579413414001465","2.1579413414001465","1.9884591102600098","1.9884591102600098","1.9884591102600098","2.591000556945801","2.591000556945801","2.591000556945801"
"11770","2.676797389984131","2.676797389984131","2.676797389984131","2.1099772453308105","2.1099772453308105","2.1099772453308105","2.077218770980835","2.077218770980835","2.077218770980835","2.697971820831299","2.697971820831299","2.697971820831299"
"11780","2.6171531677246094","2.6171531677246094","2.6171531677246094","2.1002888679504395","2.1002888679504395","2.1002888679504395","2.0598249435424805","2.0598249435424805","2.0598249435424805","2.640512466430664","2.640512466430664","2.640512466430664"
"11790","2.5659828186035156","2.5659828186035156","2.5659828186035156","2.092186450958252","2.092186450958252","2.092186450958252","1.8838441371917725","1.8838441371917725","1.8838441371917725","2.587759256362915","2.587759256362915","2.587759256362915"
"11800","2.5400288105010986","2.5400288105010986","2.5400288105010986","2.125065326690674","2.125065326690674","2.125065326690674","2.0899107456207275","2.0899107456207275","2.0899107456207275","2.560337543487549","2.560337543487549","2.560337543487549"
"11810","2.6388323307037354","2.6388323307037354","2.6388323307037354","2.116349220275879","2.116349220275879","2.116349220275879","2.0631399154663086","2.0631399154663086","2.0631399154663086","2.6600396633148193","2.6600396633148193","2.6600396633148193"
"11820","2.618537664413452","2.618537664413452","2.618537664413452","2.1110897064208984","2.1110897064208984","2.1110897064208984","2.1401095390319824","2.1401095390319824","2.1401095390319824","2.640946626663208","2.640946626663208","2.640946626663208"
"11830","2.5515809059143066","2.5515809059143066","2.5515809059143066","2.11734938621521","2.11734938621521","2.11734938621521","2.119837760925293","2.119837760925293","2.119837760925293","2.575294017791748","2.575294017791748","2.575294017791748"
"11840","2.614410877227783","2.614410877227783","2.614410877227783","2.1955554485321045","2.1955554485321045","2.1955554485321045","1.8744347095489502","1.8744347095489502","1.8744347095489502","2.6353025436401367","2.6353025436401367","2.6353025436401367"
"11850","2.589939594268799","2.589939594268799","2.589939594268799","2.2436201572418213","2.2436201572418213","2.2436201572418213","2.0415022373199463","2.0415022373199463","2.0415022373199463","2.6110193729400635","2.6110193729400635","2.6110193729400635"
"11860","2.563167095184326","2.563167095184326","2.563167095184326","2.097687005996704","2.097687005996704","2.097687005996704","1.872920274734497","1.872920274734497","1.872920274734497","2.5837478637695312","2.5837478637695312","2.5837478637695312"
"11870","2.6182243824005127","2.6182243824005127","2.6182243824005127","2.0828304290771484","2.0828304290771484","2.0828304290771484","2.1854465007781982","2.1854465007781982","2.1854465007781982","2.6401140689849854","2.6401140689849854","2.6401140689849854"
"11880","2.5887255668640137","2.5887255668640137","2.5887255668640137","2.1009275913238525","2.1009275913238525","2.1009275913238525","2.057516098022461","2.057516098022461","2.057516098022461","2.609614372253418","2.609614372253418","2.609614372253418"
"11890","2.6618471145629883","2.6618471145629883","2.6618471145629883","2.113685131072998","2.113685131072998","2.113685131072998","2.049046516418457","2.049046516418457","2.049046516418457","2.6775288581848145","2.6775288581848145","2.6775288581848145"
"11900","2.612607479095459","2.612607479095459","2.612607479095459","2.1244635581970215","2.1244635581970215","2.1244635581970215","2.0503225326538086","2.0503225326538086","2.0503225326538086","2.6341683864593506","2.6341683864593506","2.6341683864593506"
"11910","2.598884105682373","2.598884105682373","2.598884105682373","2.1385865211486816","2.1385865211486816","2.1385865211486816","1.7133700847625732","1.7133700847625732","1.7133700847625732","2.620915412902832","2.620915412902832","2.620915412902832"
"11920","2.5451626777648926","2.5451626777648926","2.5451626777648926","2.137467384338379","2.137467384338379","2.137467384338379","1.757101058959961","1.757101058959961","1.757101058959961","2.566868782043457","2.566868782043457","2.566868782043457"
"11930","2.5871405601501465","2.5871405601501465","2.5871405601501465","2.075166940689087","2.075166940689087","2.075166940689087","1.9180347919464111","1.9180347919464111","1.9180347919464111","2.608560562133789","2.608560562133789","2.608560562133789"
"11940","2.5699610710144043","2.5699610710144043","2.5699610710144043","2.1278581619262695","2.1278581619262695","2.1278581619262695","2.125936508178711","2.125936508178711","2.125936508178711","2.5911521911621094","2.5911521911621094","2.5911521911621094"
"11950","2.579012155532837","2.579012155532837","2.579012155532837","2.073391914367676","2.073391914367676","2.073391914367676","2.141072988510132","2.141072988510132","2.141072988510132","2.599468469619751","2.599468469619751","2.599468469619751"
"11960","2.5684399604797363","2.5684399604797363","2.5684399604797363","2.1183841228485107","2.1183841228485107","2.1183841228485107","2.0926454067230225","2.0926454067230225","2.0926454067230225","2.5880167484283447","2.5880167484283447","2.5880167484283447"
"11970","2.9954371452331543","2.9954371452331543","2.9954371452331543","2.028820037841797","2.028820037841797","2.028820037841797","2.075437545776367","2.075437545776367","2.075437545776367","3.0146796703338623","3.0146796703338623","3.0146796703338623"
"11980","2.550656795501709","2.550656795501709","2.550656795501709","2.1375865936279297","2.1375865936279297","2.1375865936279297","1.9556246995925903","1.9556246995925903","1.9556246995925903","2.570261001586914","2.570261001586914","2.570261001586914"
"11990","2.5346615314483643","2.5346615314483643","2.5346615314483643","2.1661531925201416","2.1661531925201416","2.1661531925201416","2.104841709136963","2.104841709136963","2.104841709136963","2.549931049346924","2.549931049346924","2.549931049346924"
"12000","2.5950284004211426","2.5950284004211426","2.5950284004211426","2.1190671920776367","2.1190671920776367","2.1190671920776367","2.0915796756744385","2.0915796756744385","2.0915796756744385","2.6160411834716797","2.6160411834716797","2.6160411834716797"
"12010","81.1861572265625","81.1861572265625","81.1861572265625","2.059962749481201","2.059962749481201","2.059962749481201","61.10554122924805","61.10554122924805","61.10554122924805","49.92303466796875","49.92303466796875","49.92303466796875"
"12020","22.08596420288086","22.08596420288086","22.08596420288086","2.087826728820801","2.087826728820801","2.087826728820801","19.772741317749023","19.772741317749023","19.772741317749023","20.751304626464844","20.751304626464844","20.751304626464844"
"12030","14.29980754852295","14.29980754852295","14.29980754852295","2.125154495239258","2.125154495239258","2.125154495239258","15.107101440429688","15.107101440429688","15.107101440429688","24.643129348754883","24.643129348754883","24.643129348754883"
"12040","9.758573532104492","9.758573532104492","9.758573532104492","2.088533639907837","2.088533639907837","2.088533639907837","11.218284606933594","11.218284606933594","11.218284606933594","14.26956844329834","14.26956844329834","14.26956844329834"
"12050","8.884283065795898","8.884283065795898","8.884283065795898","2.1020007133483887","2.1020007133483887","2.1020007133483887","8.304815292358398","8.304815292358398","8.304815292358398","11.733604431152344","11.733604431152344","11.733604431152344"
"12060","7.445066928863525","7.445066928863525","7.445066928863525","2.121283531188965","2.121283531188965","2.121283531188965","7.400251388549805","7.400251388549805","7.400251388549805","11.210840225219727","11.210840225219727","11.210840225219727"
"12070","6.987894058227539","6.987894058227539","6.987894058227539","2.077737331390381","2.077737331390381","2.077737331390381","7.004462718963623","7.004462718963623","7.004462718963623","11.066451072692871","11.066451072692871","11.066451072692871"
"12080","6.773467063903809","6.773467063903809","6.773467063903809","2.121150255203247","2.121150255203247","2.121150255203247","6.7752366065979","6.7752366065979","6.7752366065979","9.909339904785156","9.909339904785156","9.909339904785156"
"12090","6.563676834106445","6.563676834106445","6.563676834106445","2.099461078643799","2.099461078643799","2.099461078643799","6.579459190368652","6.579459190368652","6.579459190368652","10.264875411987305","10.264875411987305","10.264875411987305"
"12100","6.355020523071289","6.355020523071289","6.355020523071289","2.1733992099761963","2.1733992099761963","2.1733992099761963","7.121267795562744","7.121267795562744","7.121267795562744","10.301483154296875","10.301483154296875","10.301483154296875"
"12110","6.333061218261719","6.333061218261719","6.333061218261719","2.078279495239258","2.078279495239258","2.078279495239258","8.823785781860352","8.823785781860352","8.823785781860352","9.104793548583984","9.104793548583984","9.104793548583984"
"12120","6.865077018737793","6.865077018737793","6.865077018737793","2.1178507804870605","2.1178507804870605","2.1178507804870605","7.47700834274292","7.47700834274292","7.47700834274292","9.897880554199219","9.897880554199219","9.897880554199219"
"12130","6.4036335945129395","6.4036335945129395","6.4036335945129395","2.083523750305176","2.083523750305176","2.083523750305176","7.25130558013916","7.25130558013916","7.25130558013916","9.60368537902832","9.60368537902832","9.60368537902832"
"12140","6.255292892456055","6.255292892456055","6.255292892456055","2.118697166442871","2.118697166442871","2.118697166442871","7.437140464782715","7.437140464782715","7.437140464782715","8.670720100402832","8.670720100402832","8.670720100402832"
"12150","6.164536476135254","6.164536476135254","6.164536476135254","2.126009941101074","2.126009941101074","2.126009941101074","6.488337516784668","6.488337516784668","6.488337516784668","8.362255096435547","8.362255096435547","8.362255096435547"
"12160","6.142858982086182","6.142858982086182","6.142858982086182","2.3409652709960938","2.3409652709960938","2.3409652709960938","6.263531684875488","6.263531684875488","6.263531684875488","6.649251461029053","6.649251461029053","6.649251461029053"
"12170","6.225627899169922","6.225627899169922","6.225627899169922","2.1132726669311523","2.1132726669311523","2.1132726669311523","7.112339496612549","7.112339496612549","7.112339496612549","6.7853264808654785","6.7853264808654785","6.7853264808654785"
"12180","6.668719291687012","6.668719291687012","6.668719291687012","2.128376007080078","2.128376007080078","2.128376007080078","7.159819602966309","7.159819602966309","7.159819602966309","6.741097927093506","6.741097927093506","6.741097927093506"
"12190","6.118625164031982","6.118625164031982","6.118625164031982","2.643871307373047","2.643871307373047","2.643871307373047","6.664525508880615","6.664525508880615","6.664525508880615","6.454916000366211","6.454916000366211","6.454916000366211"
"12200","6.1024932861328125","6.1024932861328125","6.1024932861328125","2.069079875946045","2.069079875946045","2.069079875946045","6.367871284484863","6.367871284484863","6.367871284484863","6.469404220581055","6.469404220581055","6.469404220581055"
"12210","6.031383514404297","6.031383514404297","6.031383514404297","2.0819268226623535","2.0819268226623535","2.0819268226623535","6.329437255859375","6.329437255859375","6.329437255859375","6.242371082305908","6.242371082305908","6.242371082305908"
"12220","6.005668640136719","6.005668640136719","6.005668640136719","2.0930378437042236","2.0930378437042236","2.0930378437042236","6.100639343261719","6.100639343261719","6.100639343261719","6.181024074554443","6.181024074554443","6.181024074554443"
"12230","5.842868804931641","5.842868804931641","5.842868804931641","2.1120095252990723","2.1120095252990723","2.1120095252990723","5.95780086517334","5.95780086517334","5.95780086517334","6.123198509216309","6.123198509216309","6.123198509216309"
"12240","5.867671489715576","5.867671489715576","5.867671489715576","2.095310926437378","2.095310926437378","2.095310926437378","6.0378217697143555","6.0378217697143555","6.0378217697143555","6.086838722229004","6.086838722229004","6.086838722229004"
"12250","5.894838809967041","5.894838809967041","5.894838809967041","2.0931854248046875","2.0931854248046875","2.0931854248046875","6.041065692901611","6.041065692901611","6.041065692901611","6.105135440826416","6.105135440826416","6.105135440826416"
"12260","5.823968410491943","5.823968410491943","5.823968410491943","2.1325902938842773","2.1325902938842773","2.1325902938842773","6.010608673095703","6.010608673095703","6.010608673095703","6.071199893951416","6.071199893951416","6.071199893951416"
"12270","5.774711608886719","5.774711608886719","5.774711608886719","2.173814535140991","2.173814535140991","2.173814535140991","5.9738664627075195","5.9738664627075195","5.9738664627075195","6.0926337242126465","6.0926337242126465","6.0926337242126465"
"12280","5.705270290374756","5.705270290374756","5.705270290374756","2.124230146408081","2.124230146408081","2.124230146408081","5.9129533767700195","5.9129533767700195","5.9129533767700195","6.043075084686279","6.043075084686279","6.043075084686279"
"12290","5.616483211517334","5.616483211517334","5.616483211517334","2.0824246406555176","2.0824246406555176","2.0824246406555176","5.811742782592773","5.811742782592773","5.811742782592773","6.065980434417725","6.065980434417725","6.065980434417725"
"12300","5.526471138000488","5.526471138000488","5.526471138000488","2.128237247467041","2.128237247467041","2.128237247467041","5.710516452789307","5.710516452789307","5.710516452789307","5.95594596862793","5.95594596862793","5.95594596862793"
"12310","5.504035949707031","5.504035949707031","5.504035949707031","2.161019802093506","2.161019802093506","2.161019802093506","5.668249607086182","5.668249607086182","5.668249607086182","6.03309440612793","6.03309440612793","6.03309440612793"
"12320","5.530698299407959","5.530698299407959","5.530698299407959","2.1748623847961426","2.1748623847961426","2.1748623847961426","5.667219161987305","5.667219161987305","5.667219161987305","6.003573417663574","6.003573417663574","6.003573417663574"
"12330","5.483050346374512","5.483050346374512","5.483050346374512","2.128880739212036","2.128880739212036","2.128880739212036","5.625825881958008","5.625825881958008","5.625825881958008","5.931486129760742","5.931486129760742","5.931486129760742"
"12340","5.440456390380859","5.440456390380859","5.440456390380859","2.1260344982147217","2.1260344982147217","2.1260344982147217","5.55993127822876","5.55993127822876","5.55993127822876","5.864168167114258","5.864168167114258","5.864168167114258"
"12350","5.5341057777404785","5.5341057777404785","5.5341057777404785","2.241849660873413","2.241849660873413","2.241849660873413","5.852633476257324","5.852633476257324","5.852633476257324","6.087181091308594","6.087181091308594","6.087181091308594"
"12360","5.290945053100586","5.290945053100586","5.290945053100586","2.2023775577545166","2.2023775577545166","2.2023775577545166","5.428170680999756","5.428170680999756","5.428170680999756","5.722372055053711","5.722372055053711","5.722372055053711"
"12370","5.324215888977051","5.324215888977051","5.324215888977051","2.09879732131958","2.09879732131958","2.09879732131958","5.456589221954346","5.456589221954346","5.456589221954346","5.741876125335693","5.741876125335693","5.741876125335693"
"12380","5.292959213256836","5.292959213256836","5.292959213256836","2.1335878372192383","2.1335878372192383","2.1335878372192383","5.401185035705566","5.401185035705566","5.401185035705566","5.661325454711914","5.661325454711914","5.661325454711914"
"12390","5.235743999481201","5.235743999481201","5.235743999481201","2.0660560131073","2.0660560131073","2.0660560131073","5.346914291381836","5.346914291381836","5.346914291381836","5.605079174041748","5.605079174041748","5.605079174041748"
"12400","5.205813407897949","5.205813407897949","5.205813407897949","2.1251978874206543","2.1251978874206543","2.1251978874206543","5.3043365478515625","5.3043365478515625","5.3043365478515625","5.552521228790283","5.552521228790283","5.552521228790283"
"12410","5.162659645080566","5.162659645080566","5.162659645080566","2.1122255325317383","2.1122255325317383","2.1122255325317383","5.254028797149658","5.254028797149658","5.254028797149658","5.484326362609863","5.484326362609863","5.484326362609863"
"12420","5.104287147521973","5.104287147521973","5.104287147521973","2.0727107524871826","2.0727107524871826","2.0727107524871826","5.188063621520996","5.188063621520996","5.188063621520996","5.421377658843994","5.421377658843994","5.421377658843994"
"12430","5.0994391441345215","5.0994391441345215","5.0994391441345215","2.084984064102173","2.084984064102173","2.084984064102173","5.184253692626953","5.184253692626953","5.184253692626953","5.42053747177124","5.42053747177124","5.42053747177124"
"12440","5.084160804748535","5.084160804748535","5.084160804748535","2.0847978591918945","2.0847978591918945","2.0847978591918945","5.164012432098389","5.164012432098389","5.164012432098389","5.379154682159424","5.379154682159424","5.379154682159424"
"12450","5.039852142333984","5.039852142333984","5.039852142333984","2.078624725341797","2.078624725341797","2.078624725341797","5.119138240814209","5.119138240814209","5.119138240814209","5.337037563323975","5.337037563323975","5.337037563323975"
"12460","5.012241363525391","5.012241363525391","5.012241363525391","2.127514600753784","2.127514600753784","2.127514600753784","5.091209888458252","5.091209888458252","5.091209888458252","5.292561054229736","5.292561054229736","5.292561054229736"
"12470","4.994528293609619","4.994528293609619","4.994528293609619","2.12233567237854","2.12233567237854","2.12233567237854","5.079195976257324","5.079195976257324","5.079195976257324","5.30084228515625","5.30084228515625","5.30084228515625"
"12480","4.9547858238220215","4.9547858238220215","4.9547858238220215","2.064655303955078","2.064655303955078","2.064655303955078","5.028110980987549","5.028110980987549","5.028110980987549","5.23228120803833","5.23228120803833","5.23228120803833"
"12490","4.879699230194092","4.879699230194092","4.879699230194092","2.1681342124938965","2.1681342124938965","2.1681342124938965","4.961754322052002","4.961754322052002","4.961754322052002","5.154117107391357","5.154117107391357","5.154117107391357"
"12500","4.874240875244141","4.874240875244141","4.874240875244141","2.101379871368408","2.101379871368408","2.101379871368408","4.947713851928711","4.947713851928711","4.947713851928711","5.147051811218262","5.147051811218262","5.147051811218262"
"12510","4.8472089767456055","4.8472089767456055","4.8472089767456055","2.116422653198242","2.116422653198242","2.116422653198242","4.914536476135254","4.914536476135254","4.914536476135254","5.115361213684082","5.115361213684082","5.115361213684082"
"12520","4.946216583251953","4.946216583251953","4.946216583251953","2.068936347961426","2.068936347961426","2.068936347961426","5.015622138977051","5.015622138977051","5.015622138977051","5.221577167510986","5.221577167510986","5.221577167510986"
"12530","4.901912689208984","4.901912689208984","4.901912689208984","2.1098976135253906","2.1098976135253906","2.1098976135253906","4.965372562408447","4.965372562408447","4.965372562408447","5.157536029815674","5.157536029815674","5.157536029815674"
"12540","4.887852668762207","4.887852668762207","4.887852668762207","2.26175594329834","2.26175594329834","2.26175594329834","4.951859951019287","4.951859951019287","4.951859951019287","5.153345584869385","5.153345584869385","5.153345584869385"
"12550","4.826005935668945","4.826005935668945","4.826005935668945","2.0827877521514893","2.0827877521514893","2.0827877521514893","4.892446041107178","4.892446041107178","4.892446041107178","5.088892936706543","5.088892936706543","5.088892936706543"
"12560","4.834447860717773","4.834447860717773","4.834447860717773","2.078378915786743","2.078378915786743","2.078378915786743","4.907739639282227","4.907739639282227","4.907739639282227","5.0846757888793945","5.0846757888793945","5.0846757888793945"
"12570","4.733790397644043","4.733790397644043","4.733790397644043","2.091895580291748","2.091895580291748","2.091895580291748","4.792737007141113","4.792737007141113","4.792737007141113","4.980046272277832","4.980046272277832","4.980046272277832"
"12580","4.690769195556641","4.690769195556641","4.690769195556641","2.1333792209625244","2.1333792209625244","2.1333792209625244","4.752288341522217","4.752288341522217","4.752288341522217","4.946870803833008","4.946870803833008","4.946870803833008"
"12590","4.659841060638428","4.659841060638428","4.659841060638428","2.060044527053833","2.060044527053833","2.060044527053833","4.724061012268066","4.724061012268066","4.724061012268066","4.910837650299072","4.910837650299072","4.910837650299072"
"12600","4.844715595245361","4.844715595245361","4.844715595245361","2.0852105617523193","2.0852105617523193","2.0852105617523193","4.903332710266113","4.903332710266113","4.903332710266113","5.079797744750977","5.079797744750977","5.079797744750977"
"12610","4.586718559265137","4.586718559265137","4.586718559265137","2.0888757705688477","2.0888757705688477","2.0888757705688477","4.643712997436523","4.643712997436523","4.643712997436523","4.823258876800537","4.823258876800537","4.823258876800537"
"12620","4.604778289794922","4.604778289794922","4.604778289794922","2.1184000968933105","2.1184000968933105","2.1184000968933105","4.662257671356201","4.662257671356201","4.662257671356201","4.838890075683594","4.838890075683594","4.838890075683594"
"12630","4.667516231536865","4.667516231536865","4.667516231536865","2.066226005554199","2.066226005554199","2.066226005554199","4.704353332519531","4.704353332519531","4.704353332519531","4.877388954162598","4.877388954162598","4.877388954162598"
"12640","4.530484199523926","4.530484199523926","4.530484199523926","2.108790397644043","2.108790397644043","2.108790397644043","4.585580825805664","4.585580825805664","4.585580825805664","4.771354675292969","4.771354675292969","4.771354675292969"
"12650","4.566167831420898","4.566167831420898","4.566167831420898","2.0682449340820312","2.0682449340820312","2.0682449340820312","4.61100959777832","4.61100959777832","4.61100959777832","4.787494659423828","4.787494659423828","4.787494659423828"
"12660","4.551894664764404","4.551894664764404","4.551894664764404","2.0270018577575684","2.0270018577575684","2.0270018577575684","4.602825164794922","4.602825164794922","4.602825164794922","4.786859035491943","4.786859035491943","4.786859035491943"
"12670","4.513787746429443","4.513787746429443","4.513787746429443","2.256114959716797","2.256114959716797","2.256114959716797","4.568089962005615","4.568089962005615","4.568089962005615","4.745424270629883","4.745424270629883","4.745424270629883"
"12680","4.711106777191162","4.711106777191162","4.711106777191162","2.1489603519439697","2.1489603519439697","2.1489603519439697","4.786065578460693","4.786065578460693","4.786065578460693","4.926671981811523","4.926671981811523","4.926671981811523"
"12690","4.389984130859375","4.389984130859375","4.389984130859375","2.127883195877075","2.127883195877075","2.127883195877075","4.4465837478637695","4.4465837478637695","4.4465837478637695","4.617237091064453","4.617237091064453","4.617237091064453"
"12700","4.614818572998047","4.614818572998047","4.614818572998047","2.1026501655578613","2.1026501655578613","2.1026501655578613","4.707193374633789","4.707193374633789","4.707193374633789","4.841240406036377","4.841240406036377","4.841240406036377"
"12710","4.3725690841674805","4.3725690841674805","4.3725690841674805","2.1069467067718506","2.1069467067718506","2.1069467067718506","4.4343953132629395","4.4343953132629395","4.4343953132629395","4.606058120727539","4.606058120727539","4.606058120727539"
"12720","4.379429817199707","4.379429817199707","4.379429817199707","2.182600975036621","2.182600975036621","2.182600975036621","4.437599182128906","4.437599182128906","4.437599182128906","4.599008560180664","4.599008560180664","4.599008560180664"
"12730","4.360617637634277","4.360617637634277","4.360617637634277","2.0920844078063965","2.0920844078063965","2.0920844078063965","4.420783519744873","4.420783519744873","4.420783519744873","4.582330703735352","4.582330703735352","4.582330703735352"
"12740","4.388365268707275","4.388365268707275","4.388365268707275","2.0970168113708496","2.0970168113708496","2.0970168113708496","4.450682163238525","4.450682163238525","4.450682163238525","4.608508586883545","4.608508586883545","4.608508586883545"
"12750","4.317464828491211","4.317464828491211","4.317464828491211","2.124134063720703","2.124134063720703","2.124134063720703","4.380470275878906","4.380470275878906","4.380470275878906","4.5436320304870605","4.5436320304870605","4.5436320304870605"
"12760","4.31503963470459","4.31503963470459","4.31503963470459","2.1077542304992676","2.1077542304992676","2.1077542304992676","4.372899532318115","4.372899532318115","4.372899532318115","4.528316974639893","4.528316974639893","4.528316974639893"
"12770","4.304148197174072","4.304148197174072","4.304148197174072","2.0772666931152344","2.0772666931152344","2.0772666931152344","4.360440731048584","4.360440731048584","4.360440731048584","4.510415554046631","4.510415554046631","4.510415554046631"
"12780","4.243915557861328","4.243915557861328","4.243915557861328","2.083280324935913","2.083280324935913","2.083280324935913","4.302160263061523","4.302160263061523","4.302160263061523","4.449764251708984","4.449764251708984","4.449764251708984"
"12790","4.28439998626709","4.28439998626709","4.28439998626709","2.0635762214660645","2.0635762214660645","2.0635762214660645","4.337612152099609","4.337612152099609","4.337612152099609","4.486914157867432","4.486914157867432","4.486914157867432"
"12800","4.2462477684021","4.2462477684021","4.2462477684021","2.0780131816864014","2.0780131816864014","2.0780131816864014","4.294286727905273","4.294286727905273","4.294286727905273","4.43858528137207","4.43858528137207","4.43858528137207"
"12810","4.20235538482666","4.20235538482666","4.20235538482666","2.08693265914917","2.08693265914917","2.08693265914917","4.255154609680176","4.255154609680176","4.255154609680176","4.392390251159668","4.392390251159668","4.392390251159668"
"12820","4.194383144378662","4.194383144378662","4.194383144378662","2.081084728240967","2.081084728240967","2.081084728240967","4.24403715133667","4.24403715133667","4.24403715133667","4.390059947967529","4.390059947967529","4.390059947967529"
"12830","4.132665634155273","4.132665634155273","4.132665634155273","2.0627920627593994","2.0627920627593994","2.0627920627593994","4.185327053070068","4.185327053070068","4.185327053070068","4.3234405517578125","4.3234405517578125","4.3234405517578125"
"12840","4.207570552825928","4.207570552825928","4.207570552825928","2.0753159523010254","2.0753159523010254","2.0753159523010254","4.2615203857421875","4.2615203857421875","4.2615203857421875","4.391817092895508","4.391817092895508","4.391817092895508"
"12850","4.128810405731201","4.128810405731201","4.128810405731201","2.072753429412842","2.072753429412842","2.072753429412842","4.1831183433532715","4.1831183433532715","4.1831183433532715","4.3127546310424805","4.3127546310424805","4.3127546310424805"
"12860","4.129911422729492","4.129911422729492","4.129911422729492","2.079639434814453","2.079639434814453","2.079639434814453","4.180086612701416","4.180086612701416","4.180086612701416","4.308730602264404","4.308730602264404","4.308730602264404"
"12870","4.0796074867248535","4.0796074867248535","4.0796074867248535","2.128307819366455","2.128307819366455","2.128307819366455","4.126798629760742","4.126798629760742","4.126798629760742","4.2579426765441895","4.2579426765441895","4.2579426765441895"
"12880","4.217200756072998","4.217200756072998","4.217200756072998","2.0872802734375","2.0872802734375","2.0872802734375","4.263806343078613","4.263806343078613","4.263806343078613","4.387073993682861","4.387073993682861","4.387073993682861"
"12890","4.050266742706299","4.050266742706299","4.050266742706299","2.1192920207977295","2.1192920207977295","2.1192920207977295","4.097179412841797","4.097179412841797","4.097179412841797","4.220400810241699","4.220400810241699","4.220400810241699"
"12900","4.077238082885742","4.077238082885742","4.077238082885742","2.111818552017212","2.111818552017212","2.111818552017212","4.117987632751465","4.117987632751465","4.117987632751465","4.241467475891113","4.241467475891113","4.241467475891113"
"12910","4.043692588806152","4.043692588806152","4.043692588806152","2.042769193649292","2.042769193649292","2.042769193649292","4.092586040496826","4.092586040496826","4.092586040496826","4.2059326171875","4.2059326171875","4.2059326171875"
"12920","4.064915180206299","4.064915180206299","4.064915180206299","2.063303232192993","2.063303232192993","2.063303232192993","4.113895416259766","4.113895416259766","4.113895416259766","4.2335896492004395","4.2335896492004395","4.2335896492004395"
"12930","4.038768768310547","4.038768768310547","4.038768768310547","2.0605177879333496","2.0605177879333496","2.0605177879333496","4.086967468261719","4.086967468261719","4.086967468261719","4.207159996032715","4.207159996032715","4.207159996032715"
"12940","4.070678234100342","4.070678234100342","4.070678234100342","2.1065456867218018","2.1065456867218018","2.1065456867218018","4.117650985717773","4.117650985717773","4.117650985717773","4.232847213745117","4.232847213745117","4.232847213745117"
"12950","4.02023458480835","4.02023458480835","4.02023458480835","2.1110615730285645","2.1110615730285645","2.1110615730285645","4.06645393371582","4.06645393371582","4.06645393371582","4.177420616149902","4.177420616149902","4.177420616149902"
"12960","4.010641098022461","4.010641098022461","4.010641098022461","2.099921464920044","2.099921464920044","2.099921464920044","4.060303211212158","4.060303211212158","4.060303211212158","4.166677474975586","4.166677474975586","4.166677474975586"
"12970","3.9682247638702393","3.9682247638702393","3.9682247638702393","2.1329345703125","2.1329345703125","2.1329345703125","4.0160064697265625","4.0160064697265625","4.0160064697265625","4.125238418579102","4.125238418579102","4.125238418579102"
"12980","4.038121223449707","4.038121223449707","4.038121223449707","2.071911096572876","2.071911096572876","2.071911096572876","4.0849456787109375","4.0849456787109375","4.0849456787109375","4.189654350280762","4.189654350280762","4.189654350280762"
"12990","3.9658217430114746","3.9658217430114746","3.9658217430114746","2.100445032119751","2.100445032119751","2.100445032119751","4.014607906341553","4.014607906341553","4.014607906341553","4.119776725769043","4.119776725769043","4.119776725769043"
"13000","3.9844274520874023","3.9844274520874023","3.9844274520874023","2.2673816680908203","2.2673816680908203","2.2673816680908203","4.030263900756836","4.030263900756836","4.030263900756836","4.1351118087768555","4.1351118087768555","4.1351118087768555"
"13010","4.004209041595459","4.004209041595459","4.004209041595459","2.1670215129852295","2.1670215129852295","2.1670215129852295","4.053860187530518","4.053860187530518","4.053860187530518","4.155148983001709","4.155148983001709","4.155148983001709"
"13020","3.930729389190674","3.930729389190674","3.930729389190674","2.1107003688812256","2.1107003688812256","2.1107003688812256","3.977916717529297","3.977916717529297","3.977916717529297","4.075070381164551","4.075070381164551","4.075070381164551"
"13030","3.8882193565368652","3.8882193565368652","3.8882193565368652","2.0967202186584473","2.0967202186584473","2.0967202186584473","3.933912992477417","3.933912992477417","3.933912992477417","4.030760765075684","4.030760765075684","4.030760765075684"
"13040","3.8925039768218994","3.8925039768218994","3.8925039768218994","2.3422060012817383","2.3422060012817383","2.3422060012817383","3.934993267059326","3.934993267059326","3.934993267059326","4.032382965087891","4.032382965087891","4.032382965087891"
"13050","3.9166836738586426","3.9166836738586426","3.9166836738586426","2.5288312435150146","2.5288312435150146","2.5288312435150146","3.9624457359313965","3.9624457359313965","3.9624457359313965","4.060952186584473","4.060952186584473","4.060952186584473"
"13060","3.9339780807495117","3.9339780807495117","3.9339780807495117","2.0796663761138916","2.0796663761138916","2.0796663761138916","3.980886697769165","3.980886697769165","3.980886697769165","4.076485633850098","4.076485633850098","4.076485633850098"
"13070","3.8443384170532227","3.8443384170532227","3.8443384170532227","2.1052255630493164","2.1052255630493164","2.1052255630493164","3.887420892715454","3.887420892715454","3.887420892715454","3.983684539794922","3.983684539794922","3.983684539794922"
"13080","3.8519110679626465","3.8519110679626465","3.8519110679626465","2.076693058013916","2.076693058013916","2.076693058013916","3.9060330390930176","3.9060330390930176","3.9060330390930176","3.991389274597168","3.991389274597168","3.991389274597168"
"13090","3.8331098556518555","3.8331098556518555","3.8331098556518555","2.1112828254699707","2.1112828254699707","2.1112828254699707","3.8798398971557617","3.8798398971557617","3.8798398971557617","3.969998359680176","3.969998359680176","3.969998359680176"
"13100","3.812533140182495","3.812533140182495","3.812533140182495","2.101412534713745","2.101412534713745","2.101412534713745","3.855733633041382","3.855733633041382","3.855733633041382","3.949586868286133","3.949586868286133","3.949586868286133"
"13110","3.81878924369812","3.81878924369812","3.81878924369812","2.1337168216705322","2.1337168216705322","2.1337168216705322","3.865326404571533","3.865326404571533","3.865326404571533","3.951878547668457","3.951878547668457","3.951878547668457"
"13120","3.7975916862487793","3.7975916862487793","3.7975916862487793","2.0638985633850098","2.0638985633850098","2.0638985633850098","3.838956356048584","3.838956356048584","3.838956356048584","3.924950122833252","3.924950122833252","3.924950122833252"
"13130","3.820427894592285","3.820427894592285","3.820427894592285","2.0917742252349854","2.0917742252349854","2.0917742252349854","3.8618674278259277","3.8618674278259277","3.8618674278259277","3.9471633434295654","3.9471633434295654","3.9471633434295654"
"13140","3.838761329650879","3.838761329650879","3.838761329650879","2.482294797897339","2.482294797897339","2.482294797897339","3.8845458030700684","3.8845458030700684","3.8845458030700684","3.967027187347412","3.967027187347412","3.967027187347412"
"13150","3.8265624046325684","3.8265624046325684","3.8265624046325684","2.2138900756835938","2.2138900756835938","2.2138900756835938","3.8731517791748047","3.8731517791748047","3.8731517791748047","3.961977005004883","3.961977005004883","3.961977005004883"
"13160","3.7036702632904053","3.7036702632904053","3.7036702632904053","2.0798070430755615","2.0798070430755615","2.0798070430755615","3.746190309524536","3.746190309524536","3.746190309524536","3.8346099853515625","3.8346099853515625","3.8346099853515625"
"13170","3.769085168838501","3.769085168838501","3.769085168838501","2.129437208175659","2.129437208175659","2.129437208175659","3.8122127056121826","3.8122127056121826","3.8122127056121826","3.8970744609832764","3.8970744609832764","3.8970744609832764"
"13180","3.7102584838867188","3.7102584838867188","3.7102584838867188","2.0488665103912354","2.0488665103912354","2.0488665103912354","3.7526304721832275","3.7526304721832275","3.7526304721832275","3.8421072959899902","3.8421072959899902","3.8421072959899902"
"13190","3.7474849224090576","3.7474849224090576","3.7474849224090576","2.0759785175323486","2.0759785175323486","2.0759785175323486","3.790112018585205","3.790112018585205","3.790112018585205","3.8718152046203613","3.8718152046203613","3.8718152046203613"
"13200","3.751767635345459","3.751767635345459","3.751767635345459","2.067829132080078","2.067829132080078","2.067829132080078","3.7941346168518066","3.7941346168518066","3.7941346168518066","3.8803882598876953","3.8803882598876953","3.8803882598876953"
"13210","3.6851677894592285","3.6851677894592285","3.6851677894592285","2.094320774078369","2.094320774078369","2.094320774078369","3.726785898208618","3.726785898208618","3.726785898208618","3.8130171298980713","3.8130171298980713","3.8130171298980713"
"13220","3.7031257152557373","3.7031257152557373","3.7031257152557373","2.104618549346924","2.104618549346924","2.104618549346924","3.746316909790039","3.746316909790039","3.746316909790039","3.826937437057495","3.826937437057495","3.826937437057495"
"13230","3.725013017654419","3.725013017654419","3.725013017654419","2.0891339778900146","2.0891339778900146","2.0891339778900146","3.766690492630005","3.766690492630005","3.766690492630005","3.843575954437256","3.843575954437256","3.843575954437256"
"13240","4.131278038024902","4.131278038024902","4.131278038024902","2.1295597553253174","2.1295597553253174","2.1295597553253174","4.1583452224731445","4.1583452224731445","4.1583452224731445","4.221522331237793","4.221522331237793","4.221522331237793"
"13250","3.878702163696289","3.878702163696289","3.878702163696289","2.086617946624756","2.086617946624756","2.086617946624756","3.9170641899108887","3.9170641899108887","3.9170641899108887","3.9914495944976807","3.9914495944976807","3.9914495944976807"
"13260","3.623316764831543","3.623316764831543","3.623316764831543","2.0869381427764893","2.0869381427764893","2.0869381427764893","3.665137767791748","3.665137767791748","3.665137767791748","3.7465856075286865","3.7465856075286865","3.7465856075286865"
"13270","3.6511080265045166","3.6511080265045166","3.6511080265045166","2.1668574810028076","2.1668574810028076","2.1668574810028076","3.6919991970062256","3.6919991970062256","3.6919991970062256","3.7690088748931885","3.7690088748931885","3.7690088748931885"
"13280","3.6160736083984375","3.6160736083984375","3.6160736083984375","2.104689121246338","2.104689121246338","2.104689121246338","3.659465789794922","3.659465789794922","3.659465789794922","3.7360739707946777","3.7360739707946777","3.7360739707946777"
"13290","3.632006883621216","3.632006883621216","3.632006883621216","2.1005115509033203","2.1005115509033203","2.1005115509033203","3.6759324073791504","3.6759324073791504","3.6759324073791504","3.747457265853882","3.747457265853882","3.747457265853882"
"13300","3.7190945148468018","3.7190945148468018","3.7190945148468018","2.150689125061035","2.150689125061035","2.150689125061035","3.7536673545837402","3.7536673545837402","3.7536673545837402","3.8253211975097656","3.8253211975097656","3.8253211975097656"
"13310","3.625336170196533","3.625336170196533","3.625336170196533","2.084465742111206","2.084465742111206","2.084465742111206","3.6654083728790283","3.6654083728790283","3.6654083728790283","3.737701177597046","3.737701177597046","3.737701177597046"
"13320","3.598538875579834","3.598538875579834","3.598538875579834","2.1310739517211914","2.1310739517211914","2.1310739517211914","3.6365954875946045","3.6365954875946045","3.6365954875946045","3.7054834365844727","3.7054834365844727","3.7054834365844727"
"13330","3.588219404220581","3.588219404220581","3.588219404220581","2.0640482902526855","2.0640482902526855","2.0640482902526855","3.6259045600891113","3.6259045600891113","3.6259045600891113","3.696242094039917","3.696242094039917","3.696242094039917"
"13340","3.6157169342041016","3.6157169342041016","3.6157169342041016","2.1376326084136963","2.1376326084136963","2.1376326084136963","3.6531264781951904","3.6531264781951904","3.6531264781951904","3.7203426361083984","3.7203426361083984","3.7203426361083984"
"13350","3.60329270362854","3.60329270362854","3.60329270362854","2.0711565017700195","2.0711565017700195","2.0711565017700195","3.645059108734131","3.645059108734131","3.645059108734131","3.7116754055023193","3.7116754055023193","3.7116754055023193"
"13360","3.587073802947998","3.587073802947998","3.587073802947998","2.280674934387207","2.280674934387207","2.280674934387207","3.628195285797119","3.628195285797119","3.628195285797119","3.692185401916504","3.692185401916504","3.692185401916504"
"13370","3.5401382446289062","3.5401382446289062","3.5401382446289062","2.4106101989746094","2.4106101989746094","2.4106101989746094","3.582371950149536","3.582371950149536","3.582371950149536","3.643472671508789","3.643472671508789","3.643472671508789"
"13380","3.5760269165039062","3.5760269165039062","3.5760269165039062","2.270005941390991","2.270005941390991","2.270005941390991","3.615304470062256","3.615304470062256","3.615304470062256","3.673819065093994","3.673819065093994","3.673819065093994"
"13390","3.5324459075927734","3.5324459075927734","3.5324459075927734","2.0723140239715576","2.0723140239715576","2.0723140239715576","3.572221279144287","3.572221279144287","3.572221279144287","3.6292848587036133","3.6292848587036133","3.6292848587036133"
"13400","3.493821620941162","3.493821620941162","3.493821620941162","2.0681517124176025","2.0681517124176025","2.0681517124176025","3.5330989360809326","3.5330989360809326","3.5330989360809326","3.5904200077056885","3.5904200077056885","3.5904200077056885"
"13410","3.501877784729004","3.501877784729004","3.501877784729004","2.1162359714508057","2.1162359714508057","2.1162359714508057","3.5431411266326904","3.5431411266326904","3.5431411266326904","3.597115993499756","3.597115993499756","3.597115993499756"
"13420","3.510833978652954","3.510833978652954","3.510833978652954","2.1412160396575928","2.1412160396575928","2.1412160396575928","3.5533523559570312","3.5533523559570312","3.5533523559570312","3.6058924198150635","3.6058924198150635","3.6058924198150635"
"13430","3.5083558559417725","3.5083558559417725","3.5083558559417725","2.072780132293701","2.072780132293701","2.072780132293701","3.5492005348205566","3.5492005348205566","3.5492005348205566","3.602699041366577","3.602699041366577","3.602699041366577"
"13440","3.4918813705444336","3.4918813705444336","3.4918813705444336","2.066494941711426","2.066494941711426","2.066494941711426","3.5332484245300293","3.5332484245300293","3.5332484245300293","3.586153030395508","3.586153030395508","3.586153030395508"
"13450","3.5698633193969727","3.5698633193969727","3.5698633193969727","2.1447834968566895","2.1447834968566895","2.1447834968566895","3.61386775970459","3.61386775970459","3.61386775970459","3.661480188369751","3.661480188369751","3.661480188369751"
"13460","3.432217836380005","3.432217836380005","3.432217836380005","2.049151659011841","2.049151659011841","2.049151659011841","3.4709441661834717","3.4709441661834717","3.4709441661834717","3.5196924209594727","3.5196924209594727","3.5196924209594727"
"13470","3.4747133255004883","3.4747133255004883","3.4747133255004883","2.071521759033203","2.071521759033203","2.071521759033203","3.5153260231018066","3.5153260231018066","3.5153260231018066","3.5637848377227783","3.5637848377227783","3.5637848377227783"
"13480","3.455620288848877","3.455620288848877","3.455620288848877","2.0999107360839844","2.0999107360839844","2.0999107360839844","3.495375156402588","3.495375156402588","3.495375156402588","3.5416245460510254","3.5416245460510254","3.5416245460510254"
"13490","3.492234945297241","3.492234945297241","3.492234945297241","2.114983558654785","2.114983558654785","2.114983558654785","3.5266799926757812","3.5266799926757812","3.5266799926757812","3.57540225982666","3.57540225982666","3.57540225982666"
"13500","3.5179502964019775","3.5179502964019775","3.5179502964019775","2.0509192943573","2.0509192943573","2.0509192943573","3.556058168411255","3.556058168411255","3.556058168411255","3.605210304260254","3.605210304260254","3.605210304260254"
"13510","3.5306620597839355","3.5306620597839355","3.5306620597839355","2.1449837684631348","2.1449837684631348","2.1449837684631348","3.573213577270508","3.573213577270508","3.573213577270508","3.6184933185577393","3.6184933185577393","3.6184933185577393"
"13520","3.5247464179992676","3.5247464179992676","3.5247464179992676","2.0573225021362305","2.0573225021362305","2.0573225021362305","3.567020893096924","3.567020893096924","3.567020893096924","3.607816457748413","3.607816457748413","3.607816457748413"
"13530","3.456148147583008","3.456148147583008","3.456148147583008","2.0391998291015625","2.0391998291015625","2.0391998291015625","3.4960286617279053","3.4960286617279053","3.4960286617279053","3.5380396842956543","3.5380396842956543","3.5380396842956543"
"13540","3.4969542026519775","3.4969542026519775","3.4969542026519775","2.0697762966156006","2.0697762966156006","2.0697762966156006","3.539762496948242","3.539762496948242","3.539762496948242","3.5829882621765137","3.5829882621765137","3.5829882621765137"
"13550","3.40342116355896","3.40342116355896","3.40342116355896","2.2468223571777344","2.2468223571777344","2.2468223571777344","3.4419476985931396","3.4419476985931396","3.4419476985931396","3.4836862087249756","3.4836862087249756","3.4836862087249756"
"13560","3.471440315246582","3.471440315246582","3.471440315246582","2.1087865829467773","2.1087865829467773","2.1087865829467773","3.5083682537078857","3.5083682537078857","3.5083682537078857","3.550291061401367","3.550291061401367","3.550291061401367"
"13570","3.4586877822875977","3.4586877822875977","3.4586877822875977","2.0956950187683105","2.0956950187683105","2.0956950187683105","3.4993245601654053","3.4993245601654053","3.4993245601654053","3.540421485900879","3.540421485900879","3.540421485900879"
"13580","3.4129674434661865","3.4129674434661865","3.4129674434661865","2.149789810180664","2.149789810180664","2.149789810180664","3.4532065391540527","3.4532065391540527","3.4532065391540527","3.4915432929992676","3.4915432929992676","3.4915432929992676"
"13590","3.4134469032287598","3.4134469032287598","3.4134469032287598","2.032433032989502","2.032433032989502","2.032433032989502","3.452359676361084","3.452359676361084","3.452359676361084","3.4915103912353516","3.4915103912353516","3.4915103912353516"
"13600","3.440670967102051","3.440670967102051","3.440670967102051","2.0933942794799805","2.0933942794799805","2.0933942794799805","3.484281063079834","3.484281063079834","3.484281063079834","3.517491579055786","3.517491579055786","3.517491579055786"
"13610","3.4792869091033936","3.4792869091033936","3.4792869091033936","2.115924835205078","2.115924835205078","2.115924835205078","3.520469903945923","3.520469903945923","3.520469903945923","3.557668685913086","3.557668685913086","3.557668685913086"
"13620","3.3930411338806152","3.3930411338806152","3.3930411338806152","2.076249361038208","2.076249361038208","2.076249361038208","3.43180513381958","3.43180513381958","3.43180513381958","3.469809055328369","3.469809055328369","3.469809055328369"
"13630","3.4184460639953613","3.4184460639953613","3.4184460639953613","2.113162040710449","2.113162040710449","2.113162040710449","3.4580249786376953","3.4580249786376953","3.4580249786376953","3.4938979148864746","3.4938979148864746","3.4938979148864746"
"13640","3.403712272644043","3.403712272644043","3.403712272644043","2.1096351146698","2.1096351146698","2.1096351146698","3.444894313812256","3.444894313812256","3.444894313812256","3.4791500568389893","3.4791500568389893","3.4791500568389893"
"13650","3.5543274879455566","3.5543274879455566","3.5543274879455566","2.051252603530884","2.051252603530884","2.051252603530884","3.5997507572174072","3.5997507572174072","3.5997507572174072","3.631462574005127","3.631462574005127","3.631462574005127"
"13660","3.4772024154663086","3.4772024154663086","3.4772024154663086","2.1165285110473633","2.1165285110473633","2.1165285110473633","3.516932487487793","3.516932487487793","3.516932487487793","3.550868034362793","3.550868034362793","3.550868034362793"
"13670","3.3673758506774902","3.3673758506774902","3.3673758506774902","2.099440813064575","2.099440813064575","2.099440813064575","3.406623125076294","3.406623125076294","3.406623125076294","3.440290927886963","3.440290927886963","3.440290927886963"
"13680","3.315086841583252","3.315086841583252","3.315086841583252","2.0662808418273926","2.0662808418273926","2.0662808418273926","3.356184482574463","3.356184482574463","3.356184482574463","3.3883705139160156","3.3883705139160156","3.3883705139160156"
"13690","3.4062798023223877","3.4062798023223877","3.4062798023223877","2.1107892990112305","2.1107892990112305","2.1107892990112305","3.446943521499634","3.446943521499634","3.446943521499634","3.4781131744384766","3.4781131744384766","3.4781131744384766"
"13700","3.467332601547241","3.467332601547241","3.467332601547241","2.3448307514190674","2.3448307514190674","2.3448307514190674","3.510817050933838","3.510817050933838","3.510817050933838","3.5375723838806152","3.5375723838806152","3.5375723838806152"
"13710","3.4031004905700684","3.4031004905700684","3.4031004905700684","2.116007089614868","2.116007089614868","2.116007089614868","3.4436450004577637","3.4436450004577637","3.4436450004577637","3.4758310317993164","3.4758310317993164","3.4758310317993164"
"13720","3.4411745071411133","3.4411745071411133","3.4411745071411133","2.1025948524475098","2.1025948524475098","2.1025948524475098","3.4755144119262695","3.4755144119262695","3.4755144119262695","3.5065910816192627","3.5065910816192627","3.5065910816192627"
"13730","3.3637285232543945","3.3637285232543945","3.3637285232543945","2.1634719371795654","2.1634719371795654","2.1634719371795654","3.404585361480713","3.404585361480713","3.404585361480713","3.433180809020996","3.433180809020996","3.433180809020996"
"13740","3.368743658065796","3.368743658065796","3.368743658065796","2.0806851387023926","2.0806851387023926","2.0806851387023926","3.4108221530914307","3.4108221530914307","3.4108221530914307","3.436708927154541","3.436708927154541","3.436708927154541"
"13750","3.378377914428711","3.378377914428711","3.378377914428711","2.0689902305603027","2.0689902305603027","2.0689902305603027","3.416358470916748","3.416358470916748","3.416358470916748","3.4459943771362305","3.4459943771362305","3.4459943771362305"
"13760","3.556976079940796","3.556976079940796","3.556976079940796","2.256880760192871","2.256880760192871","2.256880760192871","3.586338520050049","3.586338520050049","3.586338520050049","3.618350028991699","3.618350028991699","3.618350028991699"
"13770","3.3260021209716797","3.3260021209716797","3.3260021209716797","2.124541759490967","2.124541759490967","2.124541759490967","3.3651583194732666","3.3651583194732666","3.3651583194732666","3.3957438468933105","3.3957438468933105","3.3957438468933105"
"13780","3.5812530517578125","3.5812530517578125","3.5812530517578125","2.098587989807129","2.098587989807129","2.098587989807129","3.6184825897216797","3.6184825897216797","3.6184825897216797","3.6699564456939697","3.6699564456939697","3.6699564456939697"
"13790","3.323435068130493","3.323435068130493","3.323435068130493","2.081146001815796","2.081146001815796","2.081146001815796","3.365922451019287","3.365922451019287","3.365922451019287","3.3914105892181396","3.3914105892181396","3.3914105892181396"
"13800","3.380922317504883","3.380922317504883","3.380922317504883","2.0559511184692383","2.0559511184692383","2.0559511184692383","3.424290895462036","3.424290895462036","3.424290895462036","3.4486844539642334","3.4486844539642334","3.4486844539642334"
"13810","3.317927598953247","3.317927598953247","3.317927598953247","2.143073558807373","2.143073558807373","2.143073558807373","3.3538568019866943","3.3538568019866943","3.3538568019866943","3.383425235748291","3.383425235748291","3.383425235748291"
"13820","3.3376107215881348","3.3376107215881348","3.3376107215881348","2.078352928161621","2.078352928161621","2.078352928161621","3.3727033138275146","3.3727033138275146","3.3727033138275146","3.400088310241699","3.400088310241699","3.400088310241699"
"13830","3.3350234031677246","3.3350234031677246","3.3350234031677246","2.1404547691345215","2.1404547691345215","2.1404547691345215","3.374539613723755","3.374539613723755","3.374539613723755","3.4027576446533203","3.4027576446533203","3.4027576446533203"
"13840","3.3558154106140137","3.3558154106140137","3.3558154106140137","2.07218861579895","2.07218861579895","2.07218861579895","3.3984551429748535","3.3984551429748535","3.3984551429748535","3.4219772815704346","3.4219772815704346","3.4219772815704346"
"13850","3.25748348236084","3.25748348236084","3.25748348236084","2.080134153366089","2.080134153366089","2.080134153366089","3.2977957725524902","3.2977957725524902","3.2977957725524902","3.3230457305908203","3.3230457305908203","3.3230457305908203"
"13860","3.599334478378296","3.599334478378296","3.599334478378296","2.075786590576172","2.075786590576172","2.075786590576172","3.633281707763672","3.633281707763672","3.633281707763672","3.65820050239563","3.65820050239563","3.65820050239563"
"13870","3.383810520172119","3.383810520172119","3.383810520172119","2.1264994144439697","2.1264994144439697","2.1264994144439697","3.422732353210449","3.422732353210449","3.422732353210449","3.4460854530334473","3.4460854530334473","3.4460854530334473"
"13880","3.3250081539154053","3.3250081539154053","3.3250081539154053","2.065368175506592","2.065368175506592","2.065368175506592","3.3675637245178223","3.3675637245178223","3.3675637245178223","3.392404079437256","3.392404079437256","3.392404079437256"
"13890","3.3158774375915527","3.3158774375915527","3.3158774375915527","2.125392198562622","2.125392198562622","2.125392198562622","3.354132890701294","3.354132890701294","3.354132890701294","3.383019208908081","3.383019208908081","3.383019208908081"
"13900","3.208936929702759","3.208936929702759","3.208936929702759","2.0795681476593018","2.0795681476593018","2.0795681476593018","3.248150587081909","3.248150587081909","3.248150587081909","3.270648956298828","3.270648956298828","3.270648956298828"
"13910","3.286733865737915","3.286733865737915","3.286733865737915","2.087860107421875","2.087860107421875","2.087860107421875","3.3248958587646484","3.3248958587646484","3.3248958587646484","3.3477487564086914","3.3477487564086914","3.3477487564086914"
"13920","3.2699224948883057","3.2699224948883057","3.2699224948883057","2.1186561584472656","2.1186561584472656","2.1186561584472656","3.3097145557403564","3.3097145557403564","3.3097145557403564","3.3331141471862793","3.3331141471862793","3.3331141471862793"
"13930","3.2475600242614746","3.2475600242614746","3.2475600242614746","2.0744004249572754","2.0744004249572754","2.0744004249572754","3.2866716384887695","3.2866716384887695","3.2866716384887695","3.3101255893707275","3.3101255893707275","3.3101255893707275"
"13940","3.2571427822113037","3.2571427822113037","3.2571427822113037","2.071183681488037","2.071183681488037","2.071183681488037","3.2934317588806152","3.2934317588806152","3.2934317588806152","3.3130600452423096","3.3130600452423096","3.3130600452423096"
"13950","3.2738442420959473","3.2738442420959473","3.2738442420959473","2.04244327545166","2.04244327545166","2.04244327545166","3.3178582191467285","3.3178582191467285","3.3178582191467285","3.335649251937866","3.335649251937866","3.335649251937866"
"13960","3.238948106765747","3.238948106765747","3.238948106765747","2.088341474533081","2.088341474533081","2.088341474533081","3.2815937995910645","3.2815937995910645","3.2815937995910645","3.301405429840088","3.301405429840088","3.301405429840088"
"13970","3.2489771842956543","3.2489771842956543","3.2489771842956543","2.081975221633911","2.081975221633911","2.081975221633911","3.2846179008483887","3.2846179008483887","3.2846179008483887","3.3075973987579346","3.3075973987579346","3.3075973987579346"
"13980","3.169206142425537","3.169206142425537","3.169206142425537","2.1277267932891846","2.1277267932891846","2.1277267932891846","3.208857536315918","3.208857536315918","3.208857536315918","3.2279458045959473","3.2279458045959473","3.2279458045959473"
"13990","3.2720372676849365","3.2720372676849365","3.2720372676849365","2.1107702255249023","2.1107702255249023","2.1107702255249023","3.307708740234375","3.307708740234375","3.307708740234375","3.330430030822754","3.330430030822754","3.330430030822754"
"14000","3.234929084777832","3.234929084777832","3.234929084777832","2.0992491245269775","2.0992491245269775","2.0992491245269775","3.276395797729492","3.276395797729492","3.276395797729492","3.2944042682647705","3.2944042682647705","3.2944042682647705"
"14010","3.3133113384246826","3.3133113384246826","3.3133113384246826","2.1094071865081787","2.1094071865081787","2.1094071865081787","3.353875160217285","3.353875160217285","3.353875160217285","3.3720741271972656","3.3720741271972656","3.3720741271972656"
"14020","3.2030038833618164","3.2030038833618164","3.2030038833618164","2.066495418548584","2.066495418548584","2.066495418548584","3.243365526199341","3.243365526199341","3.243365526199341","3.259936571121216","3.259936571121216","3.259936571121216"
"14030","3.204267978668213","3.204267978668213","3.204267978668213","2.121145248413086","2.121145248413086","2.121145248413086","3.2452688217163086","3.2452688217163086","3.2452688217163086","3.263235092163086","3.263235092163086","3.263235092163086"
"14040","3.2132794857025146","3.2132794857025146","3.2132794857025146","2.1041738986968994","2.1041738986968994","2.1041738986968994","3.2497551441192627","3.2497551441192627","3.2497551441192627","3.2682182788848877","3.2682182788848877","3.2682182788848877"
"14050","3.6222872734069824","3.6222872734069824","3.6222872734069824","2.1273276805877686","2.1273276805877686","2.1273276805877686","3.6538450717926025","3.6538450717926025","3.6538450717926025","3.6730360984802246","3.6730360984802246","3.6730360984802246"
"14060","3.2487213611602783","3.2487213611602783","3.2487213611602783","2.075007200241089","2.075007200241089","2.075007200241089","3.286008358001709","3.286008358001709","3.286008358001709","3.3066506385803223","3.3066506385803223","3.3066506385803223"
"14070","3.3028883934020996","3.3028883934020996","3.3028883934020996","2.185622215270996","2.185622215270996","2.185622215270996","3.3284478187561035","3.3284478187561035","3.3284478187561035","3.358624219894409","3.358624219894409","3.358624219894409"
"14080","3.182868242263794","3.182868242263794","3.182868242263794","2.0852842330932617","2.0852842330932617","2.0852842330932617","3.216264247894287","3.216264247894287","3.216264247894287","3.2427122592926025","3.2427122592926025","3.2427122592926025"
"14090","3.184323787689209","3.184323787689209","3.184323787689209","2.028913974761963","2.028913974761963","2.028913974761963","3.221083641052246","3.221083641052246","3.221083641052246","3.2396368980407715","3.2396368980407715","3.2396368980407715"
"14100","3.19215726852417","3.19215726852417","3.19215726852417","2.0455684661865234","2.0455684661865234","2.0455684661865234","3.228364944458008","3.228364944458008","3.228364944458008","3.2482728958129883","3.2482728958129883","3.2482728958129883"
"14110","3.710179090499878","3.710179090499878","3.710179090499878","2.015498161315918","2.015498161315918","2.015498161315918","3.715407371520996","3.715407371520996","3.715407371520996","3.749520778656006","3.749520778656006","3.749520778656006"
"14120","3.2096548080444336","3.2096548080444336","3.2096548080444336","2.064946413040161","2.064946413040161","2.064946413040161","3.237189292907715","3.237189292907715","3.237189292907715","3.262396812438965","3.262396812438965","3.262396812438965"
"14130","3.187518358230591","3.187518358230591","3.187518358230591","2.074942111968994","2.074942111968994","2.074942111968994","3.221798896789551","3.221798896789551","3.221798896789551","3.241219997406006","3.241219997406006","3.241219997406006"
"14140","3.3255553245544434","3.3255553245544434","3.3255553245544434","2.037883758544922","2.037883758544922","2.037883758544922","3.3658716678619385","3.3658716678619385","3.3658716678619385","3.378666639328003","3.378666639328003","3.378666639328003"
"14150","3.2540345191955566","3.2540345191955566","3.2540345191955566","2.0680370330810547","2.0680370330810547","2.0680370330810547","3.2935776710510254","3.2935776710510254","3.2935776710510254","3.308783769607544","3.308783769607544","3.308783769607544"
"14160","3.148763656616211","3.148763656616211","3.148763656616211","2.1088197231292725","2.1088197231292725","2.1088197231292725","3.1827778816223145","3.1827778816223145","3.1827778816223145","3.200131893157959","3.200131893157959","3.200131893157959"
"14170","3.1875","3.1875","3.1875","2.1197636127471924","2.1197636127471924","2.1197636127471924","3.222550392150879","3.222550392150879","3.222550392150879","3.240025281906128","3.240025281906128","3.240025281906128"
"14180","3.1668691635131836","3.1668691635131836","3.1668691635131836","2.1843931674957275","2.1843931674957275","2.1843931674957275","3.2013235092163086","3.2013235092163086","3.2013235092163086","3.2200896739959717","3.2200896739959717","3.2200896739959717"
"14190","3.155285120010376","3.155285120010376","3.155285120010376","2.46091365814209","2.46091365814209","2.46091365814209","3.1895742416381836","3.1895742416381836","3.1895742416381836","3.206948757171631","3.206948757171631","3.206948757171631"
"14200","3.175398111343384","3.175398111343384","3.175398111343384","2.281724452972412","2.281724452972412","2.281724452972412","3.208414077758789","3.208414077758789","3.208414077758789","3.228032350540161","3.228032350540161","3.228032350540161"
"14210","3.1114108562469482","3.1114108562469482","3.1114108562469482","2.043755531311035","2.043755531311035","2.043755531311035","3.1474356651306152","3.1474356651306152","3.1474356651306152","3.1634790897369385","3.1634790897369385","3.1634790897369385"
"14220","3.1078169345855713","3.1078169345855713","3.1078169345855713","2.092341661453247","2.092341661453247","2.092341661453247","3.1459152698516846","3.1459152698516846","3.1459152698516846","3.15975022315979","3.15975022315979","3.15975022315979"
"14230","3.170962333679199","3.170962333679199","3.170962333679199","2.0803182125091553","2.0803182125091553","2.0803182125091553","3.2087180614471436","3.2087180614471436","3.2087180614471436","3.224771738052368","3.224771738052368","3.224771738052368"
"14240","3.147123336791992","3.147123336791992","3.147123336791992","2.605787515640259","2.605787515640259","2.605787515640259","3.1820902824401855","3.1820902824401855","3.1820902824401855","3.1985044479370117","3.1985044479370117","3.1985044479370117"
"14250","3.154512405395508","3.154512405395508","3.154512405395508","2.0795905590057373","2.0795905590057373","2.0795905590057373","3.1892447471618652","3.1892447471618652","3.1892447471618652","3.206162691116333","3.206162691116333","3.206162691116333"
"14260","3.2050535678863525","3.2050535678863525","3.2050535678863525","2.1182610988616943","2.1182610988616943","2.1182610988616943","3.240319013595581","3.240319013595581","3.240319013595581","3.2560245990753174","3.2560245990753174","3.2560245990753174"
"14270","3.149498224258423","3.149498224258423","3.149498224258423","2.06817364692688","2.06817364692688","2.06817364692688","3.186278820037842","3.186278820037842","3.186278820037842","3.198472499847412","3.198472499847412","3.198472499847412"
"14280","3.1518146991729736","3.1518146991729736","3.1518146991729736","2.0633656978607178","2.0633656978607178","2.0633656978607178","3.185462474822998","3.185462474822998","3.185462474822998","3.2018136978149414","3.2018136978149414","3.2018136978149414"
"14290","3.108574390411377","3.108574390411377","3.108574390411377","2.044612407684326","2.044612407684326","2.044612407684326","3.1428074836730957","3.1428074836730957","3.1428074836730957","3.158261775970459","3.158261775970459","3.158261775970459"
"14300","3.2413575649261475","3.2413575649261475","3.2413575649261475","2.0610408782958984","2.0610408782958984","2.0610408782958984","3.2759153842926025","3.2759153842926025","3.2759153842926025","3.2903828620910645","3.2903828620910645","3.2903828620910645"
"14310","3.1151485443115234","3.1151485443115234","3.1151485443115234","2.0778346061706543","2.0778346061706543","2.0778346061706543","3.151613712310791","3.151613712310791","3.151613712310791","3.166318655014038","3.166318655014038","3.166318655014038"
"14320","3.141726016998291","3.141726016998291","3.141726016998291","2.1810779571533203","2.1810779571533203","2.1810779571533203","3.1746418476104736","3.1746418476104736","3.1746418476104736","3.1946141719818115","3.1946141719818115","3.1946141719818115"
"14330","3.1620917320251465","3.1620917320251465","3.1620917320251465","2.0787181854248047","2.0787181854248047","2.0787181854248047","3.1975483894348145","3.1975483894348145","3.1975483894348145","3.2131409645080566","3.2131409645080566","3.2131409645080566"
"14340","3.148122787475586","3.148122787475586","3.148122787475586","2.032503128051758","2.032503128051758","2.032503128051758","3.1832973957061768","3.1832973957061768","3.1832973957061768","3.1964311599731445","3.1964311599731445","3.1964311599731445"
"14350","3.2396721839904785","3.2396721839904785","3.2396721839904785","2.0646469593048096","2.0646469593048096","2.0646469593048096","3.272401809692383","3.272401809692383","3.272401809692383","3.2879843711853027","3.2879843711853027","3.2879843711853027"
"14360","3.087841510772705","3.087841510772705","3.087841510772705","2.077230215072632","2.077230215072632","2.077230215072632","3.119199275970459","3.119199275970459","3.119199275970459","3.13632869720459","3.13632869720459","3.13632869720459"
"14370","3.1508796215057373","3.1508796215057373","3.1508796215057373","2.0532288551330566","2.0532288551330566","2.0532288551330566","3.182241439819336","3.182241439819336","3.182241439819336","3.200835943222046","3.200835943222046","3.200835943222046"
"14380","3.140536308288574","3.140536308288574","3.140536308288574","2.115334987640381","2.115334987640381","2.115334987640381","3.1725661754608154","3.1725661754608154","3.1725661754608154","3.187680721282959","3.187680721282959","3.187680721282959"
"14390","3.102982997894287","3.102982997894287","3.102982997894287","2.105895757675171","2.105895757675171","2.105895757675171","3.1356253623962402","3.1356253623962402","3.1356253623962402","3.152151107788086","3.152151107788086","3.152151107788086"
"14400","3.0875322818756104","3.0875322818756104","3.0875322818756104","2.1026909351348877","2.1026909351348877","2.1026909351348877","3.1190624237060547","3.1190624237060547","3.1190624237060547","3.1339187622070312","3.1339187622070312","3.1339187622070312"
"14410","3.1749019622802734","3.1749019622802734","3.1749019622802734","2.095522880554199","2.095522880554199","2.095522880554199","3.2072908878326416","3.2072908878326416","3.2072908878326416","3.221757173538208","3.221757173538208","3.221757173538208"
"14420","3.0928568840026855","3.0928568840026855","3.0928568840026855","2.033175468444824","2.033175468444824","2.033175468444824","3.124776840209961","3.124776840209961","3.124776840209961","3.1400558948516846","3.1400558948516846","3.1400558948516846"
"14430","3.1192328929901123","3.1192328929901123","3.1192328929901123","2.0551304817199707","2.0551304817199707","2.0551304817199707","3.1522610187530518","3.1522610187530518","3.1522610187530518","3.1619858741760254","3.1619858741760254","3.1619858741760254"
"14440","3.058366298675537","3.058366298675537","3.058366298675537","2.065858840942383","2.065858840942383","2.065858840942383","3.0909266471862793","3.0909266471862793","3.0909266471862793","3.1047475337982178","3.1047475337982178","3.1047475337982178"
"14450","3.131207227706909","3.131207227706909","3.131207227706909","2.3205699920654297","2.3205699920654297","2.3205699920654297","3.165388584136963","3.165388584136963","3.165388584136963","3.181596279144287","3.181596279144287","3.181596279144287"
"14460","3.149834632873535","3.149834632873535","3.149834632873535","2.307082414627075","2.307082414627075","2.307082414627075","3.1809351444244385","3.1809351444244385","3.1809351444244385","3.1925692558288574","3.1925692558288574","3.1925692558288574"
"14470","3.0815439224243164","3.0815439224243164","3.0815439224243164","2.0629804134368896","2.0629804134368896","2.0629804134368896","3.114563226699829","3.114563226699829","3.114563226699829","3.129295825958252","3.129295825958252","3.129295825958252"
"14480","3.1427390575408936","3.1427390575408936","3.1427390575408936","2.179300308227539","2.179300308227539","2.179300308227539","3.174877643585205","3.174877643585205","3.174877643585205","3.189093589782715","3.189093589782715","3.189093589782715"
"14490","3.057587146759033","3.057587146759033","3.057587146759033","2.1145453453063965","2.1145453453063965","2.1145453453063965","3.087390661239624","3.087390661239624","3.087390661239624","3.1022238731384277","3.1022238731384277","3.1022238731384277"
"14500","3.1675615310668945","3.1675615310668945","3.1675615310668945","2.0870895385742188","2.0870895385742188","2.0870895385742188","3.2032039165496826","3.2032039165496826","3.2032039165496826","3.2218167781829834","3.2218167781829834","3.2218167781829834"
"14510","3.1425321102142334","3.1425321102142334","3.1425321102142334","2.115388870239258","2.115388870239258","2.115388870239258","3.1745190620422363","3.1745190620422363","3.1745190620422363","3.190471887588501","3.190471887588501","3.190471887588501"
"14520","3.2033889293670654","3.2033889293670654","3.2033889293670654","2.1800899505615234","2.1800899505615234","2.1800899505615234","3.235107421875","3.235107421875","3.235107421875","3.2482409477233887","3.2482409477233887","3.2482409477233887"
"14530","3.125436782836914","3.125436782836914","3.125436782836914","2.0825600624084473","2.0825600624084473","2.0825600624084473","3.160113573074341","3.160113573074341","3.160113573074341","3.1772005558013916","3.1772005558013916","3.1772005558013916"
"14540","3.1100940704345703","3.1100940704345703","3.1100940704345703","2.0774803161621094","2.0774803161621094","2.0774803161621094","3.1414906978607178","3.1414906978607178","3.1414906978607178","3.158205032348633","3.158205032348633","3.158205032348633"
"14550","3.0683693885803223","3.0683693885803223","3.0683693885803223","2.123835563659668","2.123835563659668","2.123835563659668","3.099625587463379","3.099625587463379","3.099625587463379","3.11449933052063","3.11449933052063","3.11449933052063"
"14560","3.2025325298309326","3.2025325298309326","3.2025325298309326","2.0718486309051514","2.0718486309051514","2.0718486309051514","3.2341270446777344","3.2341270446777344","3.2341270446777344","3.2499618530273438","3.2499618530273438","3.2499618530273438"
"14570","3.1138358116149902","3.1138358116149902","3.1138358116149902","2.0742626190185547","2.0742626190185547","2.0742626190185547","3.1443471908569336","3.1443471908569336","3.1443471908569336","3.1585400104522705","3.1585400104522705","3.1585400104522705"
"14580","3.0443904399871826","3.0443904399871826","3.0443904399871826","2.1174306869506836","2.1174306869506836","2.1174306869506836","3.0749552249908447","3.0749552249908447","3.0749552249908447","3.090057611465454","3.090057611465454","3.090057611465454"
"14590","3.100552797317505","3.100552797317505","3.100552797317505","2.0465171337127686","2.0465171337127686","2.0465171337127686","3.131711483001709","3.131711483001709","3.131711483001709","3.1450700759887695","3.1450700759887695","3.1450700759887695"
"14600","3.0542097091674805","3.0542097091674805","3.0542097091674805","2.1502203941345215","2.1502203941345215","2.1502203941345215","3.0832767486572266","3.0832767486572266","3.0832767486572266","3.095770835876465","3.095770835876465","3.095770835876465"
"14610","3.07151460647583","3.07151460647583","3.07151460647583","2.1314926147460938","2.1314926147460938","2.1314926147460938","3.101586103439331","3.101586103439331","3.101586103439331","3.1146020889282227","3.1146020889282227","3.1146020889282227"
"14620","3.0939018726348877","3.0939018726348877","3.0939018726348877","2.1154284477233887","2.1154284477233887","2.1154284477233887","3.1223630905151367","3.1223630905151367","3.1223630905151367","3.134826421737671","3.134826421737671","3.134826421737671"
"14630","3.103951930999756","3.103951930999756","3.103951930999756","2.0678935050964355","2.0678935050964355","2.0678935050964355","3.1349167823791504","3.1349167823791504","3.1349167823791504","3.1472415924072266","3.1472415924072266","3.1472415924072266"
"14640","3.0135436058044434","3.0135436058044434","3.0135436058044434","2.04034423828125","2.04034423828125","2.04034423828125","3.04532527923584","3.04532527923584","3.04532527923584","3.0568430423736572","3.0568430423736572","3.0568430423736572"
"14650","3.079808235168457","3.079808235168457","3.079808235168457","2.093906879425049","2.093906879425049","2.093906879425049","3.111508369445801","3.111508369445801","3.111508369445801","3.1241464614868164","3.1241464614868164","3.1241464614868164"
"14660","3.034130096435547","3.034130096435547","3.034130096435547","2.0900278091430664","2.0900278091430664","2.0900278091430664","3.0667386054992676","3.0667386054992676","3.0667386054992676","3.074205160140991","3.074205160140991","3.074205160140991"
"14670","3.1021628379821777","3.1021628379821777","3.1021628379821777","2.1204111576080322","2.1204111576080322","2.1204111576080322","3.1326303482055664","3.1326303482055664","3.1326303482055664","3.146549940109253","3.146549940109253","3.146549940109253"
"14680","3.029132127761841","3.029132127761841","3.029132127761841","2.087374687194824","2.087374687194824","2.087374687194824","3.0578465461730957","3.0578465461730957","3.0578465461730957","3.0696723461151123","3.0696723461151123","3.0696723461151123"
"14690","3.054828643798828","3.054828643798828","3.054828643798828","2.1047542095184326","2.1047542095184326","2.1047542095184326","3.0859222412109375","3.0859222412109375","3.0859222412109375","3.0977935791015625","3.0977935791015625","3.0977935791015625"
"14700","3.0417017936706543","3.0417017936706543","3.0417017936706543","2.100583553314209","2.100583553314209","2.100583553314209","3.0726993083953857","3.0726993083953857","3.0726993083953857","3.085949182510376","3.085949182510376","3.085949182510376"
"14710","3.073068141937256","3.073068141937256","3.073068141937256","2.035278797149658","2.035278797149658","2.035278797149658","3.104888916015625","3.104888916015625","3.104888916015625","3.115704298019409","3.115704298019409","3.115704298019409"
"14720","3.0647809505462646","3.0647809505462646","3.0647809505462646","2.0828347206115723","2.0828347206115723","2.0828347206115723","3.094090700149536","3.094090700149536","3.094090700149536","3.1051321029663086","3.1051321029663086","3.1051321029663086"
"14730","3.11576509475708","3.11576509475708","3.11576509475708","2.060019016265869","2.060019016265869","2.060019016265869","3.1449601650238037","3.1449601650238037","3.1449601650238037","3.156468391418457","3.156468391418457","3.156468391418457"
"14740","3.0573439598083496","3.0573439598083496","3.0573439598083496","2.100433826446533","2.100433826446533","2.100433826446533","3.0884299278259277","3.0884299278259277","3.0884299278259277","3.100111484527588","3.100111484527588","3.100111484527588"
"14750","3.01865291595459","3.01865291595459","3.01865291595459","2.0887656211853027","2.0887656211853027","2.0887656211853027","3.045366048812866","3.045366048812866","3.045366048812866","3.0598948001861572","3.0598948001861572","3.0598948001861572"
"14760","3.1246728897094727","3.1246728897094727","3.1246728897094727","2.061621904373169","2.061621904373169","2.061621904373169","3.1515443325042725","3.1515443325042725","3.1515443325042725","3.163097381591797","3.163097381591797","3.163097381591797"
"14770","2.992372989654541","2.992372989654541","2.992372989654541","2.124512195587158","2.124512195587158","2.124512195587158","3.020002603530884","3.020002603530884","3.020002603530884","3.0324337482452393","3.0324337482452393","3.0324337482452393"
"14780","2.9758806228637695","2.9758806228637695","2.9758806228637695","2.0997467041015625","2.0997467041015625","2.0997467041015625","3.00838041305542","3.00838041305542","3.00838041305542","3.01969838142395","3.01969838142395","3.01969838142395"
"14790","3.0289509296417236","3.0289509296417236","3.0289509296417236","2.054213047027588","2.054213047027588","2.054213047027588","3.058764934539795","3.058764934539795","3.058764934539795","3.07094144821167","3.07094144821167","3.07094144821167"
"14800","3.0354485511779785","3.0354485511779785","3.0354485511779785","2.0726842880249023","2.0726842880249023","2.0726842880249023","3.0666441917419434","3.0666441917419434","3.0666441917419434","3.074601173400879","3.074601173400879","3.074601173400879"
"14810","3.0321333408355713","3.0321333408355713","3.0321333408355713","2.042587995529175","2.042587995529175","2.042587995529175","3.063633918762207","3.063633918762207","3.063633918762207","3.0740323066711426","3.0740323066711426","3.0740323066711426"
"14820","3.0359673500061035","3.0359673500061035","3.0359673500061035","2.053906202316284","2.053906202316284","2.053906202316284","3.0649361610412598","3.0649361610412598","3.0649361610412598","3.0755844116210938","3.0755844116210938","3.0755844116210938"
"14830","3.004242181777954","3.004242181777954","3.004242181777954","2.0706355571746826","2.0706355571746826","2.0706355571746826","3.034336566925049","3.034336566925049","3.034336566925049","3.045958995819092","3.045958995819092","3.045958995819092"
"14840","3.019134521484375","3.019134521484375","3.019134521484375","2.121359348297119","2.121359348297119","2.121359348297119","3.0480031967163086","3.0480031967163086","3.0480031967163086","3.0597100257873535","3.0597100257873535","3.0597100257873535"
"14850","3.015251636505127","3.015251636505127","3.015251636505127","2.110168218612671","2.110168218612671","2.110168218612671","3.0437397956848145","3.0437397956848145","3.0437397956848145","3.0545248985290527","3.0545248985290527","3.0545248985290527"
"14860","3.0189743041992188","3.0189743041992188","3.0189743041992188","2.1865310668945312","2.1865310668945312","2.1865310668945312","3.0486068725585938","3.0486068725585938","3.0486068725585938","3.058657646179199","3.058657646179199","3.058657646179199"
"14870","3.0019261837005615","3.0019261837005615","3.0019261837005615","2.062505006790161","2.062505006790161","2.062505006790161","3.0304927825927734","3.0304927825927734","3.0304927825927734","3.0413002967834473","3.0413002967834473","3.0413002967834473"
"14880","3.014357089996338","3.014357089996338","3.014357089996338","2.067168712615967","2.067168712615967","2.067168712615967","3.042797327041626","3.042797327041626","3.042797327041626","3.053584575653076","3.053584575653076","3.053584575653076"
"14890","3.0476174354553223","3.0476174354553223","3.0476174354553223","2.1439788341522217","2.1439788341522217","2.1439788341522217","3.076735019683838","3.076735019683838","3.076735019683838","3.0843825340270996","3.0843825340270996","3.0843825340270996"
"14900","3.2168984413146973","3.2168984413146973","3.2168984413146973","2.1170434951782227","2.1170434951782227","2.1170434951782227","3.242793560028076","3.242793560028076","3.242793560028076","3.251368284225464","3.251368284225464","3.251368284225464"
"14910","3.0812699794769287","3.0812699794769287","3.0812699794769287","2.087620735168457","2.087620735168457","2.087620735168457","3.1079025268554688","3.1079025268554688","3.1079025268554688","3.1171317100524902","3.1171317100524902","3.1171317100524902"
"14920","3.161777973175049","3.161777973175049","3.161777973175049","2.082388401031494","2.082388401031494","2.082388401031494","3.189298629760742","3.189298629760742","3.189298629760742","3.1994898319244385","3.1994898319244385","3.1994898319244385"
"14930","3.091672420501709","3.091672420501709","3.091672420501709","2.0432939529418945","2.0432939529418945","2.0432939529418945","3.1179046630859375","3.1179046630859375","3.1179046630859375","3.1287341117858887","3.1287341117858887","3.1287341117858887"
"14940","3.0546152591705322","3.0546152591705322","3.0546152591705322","2.055765390396118","2.055765390396118","2.055765390396118","3.0763988494873047","3.0763988494873047","3.0763988494873047","3.0903477668762207","3.0903477668762207","3.0903477668762207"
"14950","3.043626070022583","3.043626070022583","3.043626070022583","2.0667965412139893","2.0667965412139893","2.0667965412139893","3.072068214416504","3.072068214416504","3.072068214416504","3.0804085731506348","3.0804085731506348","3.0804085731506348"
"14960","3.001047134399414","3.001047134399414","3.001047134399414","2.0474226474761963","2.0474226474761963","2.0474226474761963","3.031130313873291","3.031130313873291","3.031130313873291","3.0379953384399414","3.0379953384399414","3.0379953384399414"
"14970","3.1214284896850586","3.1214284896850586","3.1214284896850586","2.0633037090301514","2.0633037090301514","2.0633037090301514","3.149768590927124","3.149768590927124","3.149768590927124","3.1596593856811523","3.1596593856811523","3.1596593856811523"
"14980","2.9960238933563232","2.9960238933563232","2.9960238933563232","2.0962047576904297","2.0962047576904297","2.0962047576904297","3.02547550201416","3.02547550201416","3.02547550201416","3.032341241836548","3.032341241836548","3.032341241836548"
"14990","3.123447895050049","3.123447895050049","3.123447895050049","2.085402727127075","2.085402727127075","2.085402727127075","3.14841628074646","3.14841628074646","3.14841628074646","3.1590569019317627","3.1590569019317627","3.1590569019317627"
"15000","2.9746901988983154","2.9746901988983154","2.9746901988983154","2.215184211730957","2.215184211730957","2.215184211730957","3.0010950565338135","3.0010950565338135","3.0010950565338135","3.0110294818878174","3.0110294818878174","3.0110294818878174"
"15010","3.0111708641052246","3.0111708641052246","3.0111708641052246","2.0361649990081787","2.0361649990081787","2.0361649990081787","3.037688732147217","3.037688732147217","3.037688732147217","3.0492985248565674","3.0492985248565674","3.0492985248565674"
"15020","3.093463897705078","3.093463897705078","3.093463897705078","2.047205686569214","2.047205686569214","2.047205686569214","3.1156773567199707","3.1156773567199707","3.1156773567199707","3.1404314041137695","3.1404314041137695","3.1404314041137695"
"15030","3.000399589538574","3.000399589538574","3.000399589538574","2.0535225868225098","2.0535225868225098","2.0535225868225098","3.0264458656311035","3.0264458656311035","3.0264458656311035","3.0391645431518555","3.0391645431518555","3.0391645431518555"
"15040","2.988506555557251","2.988506555557251","2.988506555557251","2.524916172027588","2.524916172027588","2.524916172027588","3.0166642665863037","3.0166642665863037","3.0166642665863037","3.025752067565918","3.025752067565918","3.025752067565918"
"15050","3.0942580699920654","3.0942580699920654","3.0942580699920654","2.0143589973449707","2.0143589973449707","2.0143589973449707","3.1220126152038574","3.1220126152038574","3.1220126152038574","3.1310532093048096","3.1310532093048096","3.1310532093048096"
"15060","3.041534662246704","3.041534662246704","3.041534662246704","2.0845754146575928","2.0845754146575928","2.0845754146575928","3.0686516761779785","3.0686516761779785","3.0686516761779785","3.078507423400879","3.078507423400879","3.078507423400879"
"15070","3.0061488151550293","3.0061488151550293","3.0061488151550293","2.0412893295288086","2.0412893295288086","2.0412893295288086","3.03127121925354","3.03127121925354","3.03127121925354","3.0432252883911133","3.0432252883911133","3.0432252883911133"
"15080","2.972543716430664","2.972543716430664","2.972543716430664","2.0911011695861816","2.0911011695861816","2.0911011695861816","3.00018310546875","3.00018310546875","3.00018310546875","3.008965253829956","3.008965253829956","3.008965253829956"
"15090","2.9504785537719727","2.9504785537719727","2.9504785537719727","2.0642683506011963","2.0642683506011963","2.0642683506011963","2.978626012802124","2.978626012802124","2.978626012802124","2.986478805541992","2.986478805541992","2.986478805541992"
"15100","2.9761123657226562","2.9761123657226562","2.9761123657226562","2.043445110321045","2.043445110321045","2.043445110321045","3.003185272216797","3.003185272216797","3.003185272216797","3.011383295059204","3.011383295059204","3.011383295059204"
"15110","2.989655017852783","2.989655017852783","2.989655017852783","2.08206844329834","2.08206844329834","2.08206844329834","3.0195019245147705","3.0195019245147705","3.0195019245147705","3.0280823707580566","3.0280823707580566","3.0280823707580566"
"15120","2.9913625717163086","2.9913625717163086","2.9913625717163086","2.092984676361084","2.092984676361084","2.092984676361084","3.017857074737549","3.017857074737549","3.017857074737549","3.025954484939575","3.025954484939575","3.025954484939575"
"15130","2.9750804901123047","2.9750804901123047","2.9750804901123047","2.172952651977539","2.172952651977539","2.172952651977539","3.002297878265381","3.002297878265381","3.002297878265381","3.011594533920288","3.011594533920288","3.011594533920288"
"15140","2.977437973022461","2.977437973022461","2.977437973022461","2.06138014793396","2.06138014793396","2.06138014793396","3.005479097366333","3.005479097366333","3.005479097366333","3.0143232345581055","3.0143232345581055","3.0143232345581055"
"15150","2.9796435832977295","2.9796435832977295","2.9796435832977295","2.0883941650390625","2.0883941650390625","2.0883941650390625","3.0067410469055176","3.0067410469055176","3.0067410469055176","3.0147933959960938","3.0147933959960938","3.0147933959960938"
"15160","2.9545176029205322","2.9545176029205322","2.9545176029205322","2.1728532314300537","2.1728532314300537","2.1728532314300537","2.9799256324768066","2.9799256324768066","2.9799256324768066","2.989189863204956","2.989189863204956","2.989189863204956"
"15170","3.003084659576416","3.003084659576416","3.003084659576416","2.118858814239502","2.118858814239502","2.118858814239502","3.0295751094818115","3.0295751094818115","3.0295751094818115","3.037505626678467","3.037505626678467","3.037505626678467"
"15180","2.965285301208496","2.965285301208496","2.965285301208496","2.0853443145751953","2.0853443145751953","2.0853443145751953","2.992903709411621","2.992903709411621","2.992903709411621","2.9988369941711426","2.9988369941711426","2.9988369941711426"
"15190","3.048862934112549","3.048862934112549","3.048862934112549","2.093334913253784","2.093334913253784","2.093334913253784","3.077819347381592","3.077819347381592","3.077819347381592","3.084259510040283","3.084259510040283","3.084259510040283"
"15200","2.963582992553711","2.963582992553711","2.963582992553711","2.365208148956299","2.365208148956299","2.365208148956299","2.991389274597168","2.991389274597168","2.991389274597168","2.9979119300842285","2.9979119300842285","2.9979119300842285"
"15210","2.9816699028015137","2.9816699028015137","2.9816699028015137","2.042062997817993","2.042062997817993","2.042062997817993","3.0089633464813232","3.0089633464813232","3.0089633464813232","3.01751708984375","3.01751708984375","3.01751708984375"
"15220","2.970424175262451","2.970424175262451","2.970424175262451","2.1183056831359863","2.1183056831359863","2.1183056831359863","2.9983463287353516","2.9983463287353516","2.9983463287353516","3.005066156387329","3.005066156387329","3.005066156387329"
"15230","2.9306740760803223","2.9306740760803223","2.9306740760803223","2.0193309783935547","2.0193309783935547","2.0193309783935547","2.9590282440185547","2.9590282440185547","2.9590282440185547","2.9645657539367676","2.9645657539367676","2.9645657539367676"
"15240","2.961361885070801","2.961361885070801","2.961361885070801","2.02608060836792","2.02608060836792","2.02608060836792","2.9895718097686768","2.9895718097686768","2.9895718097686768","2.99691104888916","2.99691104888916","2.99691104888916"
"15250","2.966277837753296","2.966277837753296","2.966277837753296","2.1135947704315186","2.1135947704315186","2.1135947704315186","2.9957947731018066","2.9957947731018066","2.9957947731018066","3.0015387535095215","3.0015387535095215","3.0015387535095215"
"15260","2.9612460136413574","2.9612460136413574","2.9612460136413574","2.3714799880981445","2.3714799880981445","2.3714799880981445","2.987022638320923","2.987022638320923","2.987022638320923","2.9968152046203613","2.9968152046203613","2.9968152046203613"
"15270","2.9826366901397705","2.9826366901397705","2.9826366901397705","2.0477797985076904","2.0477797985076904","2.0477797985076904","3.009324312210083","3.009324312210083","3.009324312210083","3.016902208328247","3.016902208328247","3.016902208328247"
"15280","2.927517890930176","2.927517890930176","2.927517890930176","2.0671191215515137","2.0671191215515137","2.0671191215515137","2.9545390605926514","2.9545390605926514","2.9545390605926514","2.96173357963562","2.96173357963562","2.96173357963562"
"15290","2.93721866607666","2.93721866607666","2.93721866607666","2.524531841278076","2.524531841278076","2.524531841278076","2.9629411697387695","2.9629411697387695","2.9629411697387695","2.9700963497161865","2.9700963497161865","2.9700963497161865"
"15300","2.9536640644073486","2.9536640644073486","2.9536640644073486","2.087852716445923","2.087852716445923","2.087852716445923","2.9817259311676025","2.9817259311676025","2.9817259311676025","2.988797426223755","2.988797426223755","2.988797426223755"
"15310","2.9488942623138428","2.9488942623138428","2.9488942623138428","2.0257933139801025","2.0257933139801025","2.0257933139801025","2.974184513092041","2.974184513092041","2.974184513092041","2.982433319091797","2.982433319091797","2.982433319091797"
"15320","2.9843287467956543","2.9843287467956543","2.9843287467956543","2.1235384941101074","2.1235384941101074","2.1235384941101074","3.0103251934051514","3.0103251934051514","3.0103251934051514","3.0174577236175537","3.0174577236175537","3.0174577236175537"
"15330","2.9133148193359375","2.9133148193359375","2.9133148193359375","2.112978935241699","2.112978935241699","2.112978935241699","2.941232681274414","2.941232681274414","2.941232681274414","2.946985960006714","2.946985960006714","2.946985960006714"
"15340","2.9371821880340576","2.9371821880340576","2.9371821880340576","2.0580737590789795","2.0580737590789795","2.0580737590789795","2.962548017501831","2.962548017501831","2.962548017501831","2.9721436500549316","2.9721436500549316","2.9721436500549316"
"15350","3.0184760093688965","3.0184760093688965","3.0184760093688965","2.0766055583953857","2.0766055583953857","2.0766055583953857","3.046220302581787","3.046220302581787","3.046220302581787","3.052976608276367","3.052976608276367","3.052976608276367"
"15360","2.931354522705078","2.931354522705078","2.931354522705078","2.115177631378174","2.115177631378174","2.115177631378174","2.9591073989868164","2.9591073989868164","2.9591073989868164","2.965952157974243","2.965952157974243","2.965952157974243"
"15370","3.2993431091308594","3.2993431091308594","3.2993431091308594","2.068586826324463","2.068586826324463","2.068586826324463","3.3291587829589844","3.3291587829589844","3.3291587829589844","3.3256311416625977","3.3256311416625977","3.3256311416625977"
"15380","2.9869110584259033","2.9869110584259033","2.9869110584259033","2.0389511585235596","2.0389511585235596","2.0389511585235596","3.0172858238220215","3.0172858238220215","3.0172858238220215","3.018716335296631","3.018716335296631","3.018716335296631"
"15390","2.908222198486328","2.908222198486328","2.908222198486328","2.0825390815734863","2.0825390815734863","2.0825390815734863","2.935802698135376","2.935802698135376","2.935802698135376","2.9393258094787598","2.9393258094787598","2.9393258094787598"
"15400","2.9376649856567383","2.9376649856567383","2.9376649856567383","2.059931755065918","2.059931755065918","2.059931755065918","2.9638211727142334","2.9638211727142334","2.9638211727142334","2.9713401794433594","2.9713401794433594","2.9713401794433594"
"15410","2.9977223873138428","2.9977223873138428","2.9977223873138428","2.077054500579834","2.077054500579834","2.077054500579834","3.0241506099700928","3.0241506099700928","3.0241506099700928","3.030923366546631","3.030923366546631","3.030923366546631"
"15420","3.022541046142578","3.022541046142578","3.022541046142578","2.0548629760742188","2.0548629760742188","2.0548629760742188","3.0500025749206543","3.0500025749206543","3.0500025749206543","3.0562996864318848","3.0562996864318848","3.0562996864318848"
"15430","2.982029676437378","2.982029676437378","2.982029676437378","2.1029016971588135","2.1029016971588135","2.1029016971588135","3.012502431869507","3.012502431869507","3.012502431869507","3.0169167518615723","3.0169167518615723","3.0169167518615723"
"15440","2.9795923233032227","2.9795923233032227","2.9795923233032227","2.022991895675659","2.022991895675659","2.022991895675659","3.005401611328125","3.005401611328125","3.005401611328125","3.010314702987671","3.010314702987671","3.010314702987671"
"15450","2.9373576641082764","2.9373576641082764","2.9373576641082764","2.060098886489868","2.060098886489868","2.060098886489868","2.9617886543273926","2.9617886543273926","2.9617886543273926","2.9696896076202393","2.9696896076202393","2.9696896076202393"
"15460","3.0103700160980225","3.0103700160980225","3.0103700160980225","2.0352675914764404","2.0352675914764404","2.0352675914764404","3.0381178855895996","3.0381178855895996","3.0381178855895996","3.0434799194335938","3.0434799194335938","3.0434799194335938"
"15470","2.930008888244629","2.930008888244629","2.930008888244629","2.0488250255584717","2.0488250255584717","2.0488250255584717","2.957166910171509","2.957166910171509","2.957166910171509","2.9615066051483154","2.9615066051483154","2.9615066051483154"
"15480","2.902317523956299","2.902317523956299","2.902317523956299","2.0939066410064697","2.0939066410064697","2.0939066410064697","2.927607774734497","2.927607774734497","2.927607774734497","2.934711456298828","2.934711456298828","2.934711456298828"
"15490","2.937284231185913","2.937284231185913","2.937284231185913","2.0192790031433105","2.0192790031433105","2.0192790031433105","2.9647321701049805","2.9647321701049805","2.9647321701049805","2.9712142944335938","2.9712142944335938","2.9712142944335938"
"15500","2.932817220687866","2.932817220687866","2.932817220687866","2.0386576652526855","2.0386576652526855","2.0386576652526855","2.961078405380249","2.961078405380249","2.961078405380249","2.965989351272583","2.965989351272583","2.965989351272583"
"15510","3.208134174346924","3.208134174346924","3.208134174346924","2.072476387023926","2.072476387023926","2.072476387023926","3.230945348739624","3.230945348739624","3.230945348739624","3.2364699840545654","3.2364699840545654","3.2364699840545654"
"15520","2.9865527153015137","2.9865527153015137","2.9865527153015137","2.0310986042022705","2.0310986042022705","2.0310986042022705","3.0118298530578613","3.0118298530578613","3.0118298530578613","3.017116069793701","3.017116069793701","3.017116069793701"
"15530","3.0046732425689697","3.0046732425689697","3.0046732425689697","2.0627143383026123","2.0627143383026123","2.0627143383026123","3.0371737480163574","3.0371737480163574","3.0371737480163574","3.0339858531951904","3.0339858531951904","3.0339858531951904"
"15540","2.9206199645996094","2.9206199645996094","2.9206199645996094","2.1307404041290283","2.1307404041290283","2.1307404041290283","2.949390172958374","2.949390172958374","2.949390172958374","2.953725576400757","2.953725576400757","2.953725576400757"
"15550","2.9400510787963867","2.9400510787963867","2.9400510787963867","2.128206491470337","2.128206491470337","2.128206491470337","2.968907356262207","2.968907356262207","2.968907356262207","2.9734702110290527","2.9734702110290527","2.9734702110290527"
"15560","2.934479236602783","2.934479236602783","2.934479236602783","2.0287044048309326","2.0287044048309326","2.0287044048309326","2.961379051208496","2.961379051208496","2.961379051208496","2.9663448333740234","2.9663448333740234","2.9663448333740234"
"15570","2.9045543670654297","2.9045543670654297","2.9045543670654297","2.035733699798584","2.035733699798584","2.035733699798584","2.93233585357666","2.93233585357666","2.93233585357666","2.936633825302124","2.936633825302124","2.936633825302124"
"15580","2.918632745742798","2.918632745742798","2.918632745742798","2.0170650482177734","2.0170650482177734","2.0170650482177734","2.945701837539673","2.945701837539673","2.945701837539673","2.951904296875","2.951904296875","2.951904296875"
"15590","2.879255533218384","2.879255533218384","2.879255533218384","2.0596306324005127","2.0596306324005127","2.0596306324005127","2.9065074920654297","2.9065074920654297","2.9065074920654297","2.9102084636688232","2.9102084636688232","2.9102084636688232"
"15600","2.970935106277466","2.970935106277466","2.970935106277466","2.034370183944702","2.034370183944702","2.034370183944702","3.0001718997955322","3.0001718997955322","3.0001718997955322","3.0041110515594482","3.0041110515594482","3.0041110515594482"
"15610","2.933237314224243","2.933237314224243","2.933237314224243","2.036388635635376","2.036388635635376","2.036388635635376","2.957785129547119","2.957785129547119","2.957785129547119","2.9641876220703125","2.9641876220703125","2.9641876220703125"
"15620","2.902411460876465","2.902411460876465","2.902411460876465","2.0521080493927","2.0521080493927","2.0521080493927","2.9277257919311523","2.9277257919311523","2.9277257919311523","2.9337258338928223","2.9337258338928223","2.9337258338928223"
"15630","2.8922948837280273","2.8922948837280273","2.8922948837280273","2.0551719665527344","2.0551719665527344","2.0551719665527344","2.9179155826568604","2.9179155826568604","2.9179155826568604","2.923072576522827","2.923072576522827","2.923072576522827"
"15640","2.900451183319092","2.900451183319092","2.900451183319092","2.004589319229126","2.004589319229126","2.004589319229126","2.9265336990356445","2.9265336990356445","2.9265336990356445","2.930788993835449","2.930788993835449","2.930788993835449"
"15650","2.845388650894165","2.845388650894165","2.845388650894165","2.0291388034820557","2.0291388034820557","2.0291388034820557","2.8700146675109863","2.8700146675109863","2.8700146675109863","2.875743865966797","2.875743865966797","2.875743865966797"
"15660","2.877795934677124","2.877795934677124","2.877795934677124","2.107516288757324","2.107516288757324","2.107516288757324","2.90395450592041","2.90395450592041","2.90395450592041","2.9096899032592773","2.9096899032592773","2.9096899032592773"
"15670","2.9574191570281982","2.9574191570281982","2.9574191570281982","2.12863826751709","2.12863826751709","2.12863826751709","2.9832096099853516","2.9832096099853516","2.9832096099853516","2.9885616302490234","2.9885616302490234","2.9885616302490234"
"15680","2.8831655979156494","2.8831655979156494","2.8831655979156494","2.022350788116455","2.022350788116455","2.022350788116455","2.908153772354126","2.908153772354126","2.908153772354126","2.91314697265625","2.91314697265625","2.91314697265625"
"15690","2.8780481815338135","2.8780481815338135","2.8780481815338135","2.098702907562256","2.098702907562256","2.098702907562256","2.902858018875122","2.902858018875122","2.902858018875122","2.908224105834961","2.908224105834961","2.908224105834961"
"15700","2.9070911407470703","2.9070911407470703","2.9070911407470703","2.0538244247436523","2.0538244247436523","2.0538244247436523","2.9331533908843994","2.9331533908843994","2.9331533908843994","2.9388585090637207","2.9388585090637207","2.9388585090637207"
"15710","2.9269349575042725","2.9269349575042725","2.9269349575042725","2.0927281379699707","2.0927281379699707","2.0927281379699707","2.9509639739990234","2.9509639739990234","2.9509639739990234","2.9574732780456543","2.9574732780456543","2.9574732780456543"
"15720","2.890834093093872","2.890834093093872","2.890834093093872","2.0309557914733887","2.0309557914733887","2.0309557914733887","2.9170191287994385","2.9170191287994385","2.9170191287994385","2.9223079681396484","2.9223079681396484","2.9223079681396484"
"15730","2.986135959625244","2.986135959625244","2.986135959625244","2.0442116260528564","2.0442116260528564","2.0442116260528564","3.0116045475006104","3.0116045475006104","3.0116045475006104","3.0159997940063477","3.0159997940063477","3.0159997940063477"
"15740","2.9300849437713623","2.9300849437713623","2.9300849437713623","2.1458256244659424","2.1458256244659424","2.1458256244659424","2.9556117057800293","2.9556117057800293","2.9556117057800293","2.9631223678588867","2.9631223678588867","2.9631223678588867"
"15750","2.8980207443237305","2.8980207443237305","2.8980207443237305","2.174952268600464","2.174952268600464","2.174952268600464","2.9227919578552246","2.9227919578552246","2.9227919578552246","2.9287338256835938","2.9287338256835938","2.9287338256835938"
"15760","2.8374712467193604","2.8374712467193604","2.8374712467193604","2.2095563411712646","2.2095563411712646","2.2095563411712646","2.8634588718414307","2.8634588718414307","2.8634588718414307","2.8680591583251953","2.8680591583251953","2.8680591583251953"
"15770","2.9406747817993164","2.9406747817993164","2.9406747817993164","2.0785670280456543","2.0785670280456543","2.0785670280456543","2.965775966644287","2.965775966644287","2.965775966644287","2.9724464416503906","2.9724464416503906","2.9724464416503906"
"15780","2.906639575958252","2.906639575958252","2.906639575958252","2.064084053039551","2.064084053039551","2.064084053039551","2.9298646450042725","2.9298646450042725","2.9298646450042725","2.9361603260040283","2.9361603260040283","2.9361603260040283"
"15790","2.904334783554077","2.904334783554077","2.904334783554077","2.022829532623291","2.022829532623291","2.022829532623291","2.9313406944274902","2.9313406944274902","2.9313406944274902","2.9355053901672363","2.9355053901672363","2.9355053901672363"
"15800","2.8985657691955566","2.8985657691955566","2.8985657691955566","2.2292158603668213","2.2292158603668213","2.2292158603668213","2.9245293140411377","2.9245293140411377","2.9245293140411377","2.9290356636047363","2.9290356636047363","2.9290356636047363"
"15810","2.913830518722534","2.913830518722534","2.913830518722534","2.056379556655884","2.056379556655884","2.056379556655884","2.9403436183929443","2.9403436183929443","2.9403436183929443","2.9446187019348145","2.9446187019348145","2.9446187019348145"
"15820","2.84779953956604","2.84779953956604","2.84779953956604","2.0538322925567627","2.0538322925567627","2.0538322925567627","2.8757498264312744","2.8757498264312744","2.8757498264312744","2.8795387744903564","2.8795387744903564","2.8795387744903564"
"15830","2.9143738746643066","2.9143738746643066","2.9143738746643066","2.041292190551758","2.041292190551758","2.041292190551758","2.9404077529907227","2.9404077529907227","2.9404077529907227","2.944957733154297","2.944957733154297","2.944957733154297"
"15840","2.8946683406829834","2.8946683406829834","2.8946683406829834","2.0467312335968018","2.0467312335968018","2.0467312335968018","2.9229986667633057","2.9229986667633057","2.9229986667633057","2.9261839389801025","2.9261839389801025","2.9261839389801025"
"15850","2.967587947845459","2.967587947845459","2.967587947845459","2.044295072555542","2.044295072555542","2.044295072555542","3.0004189014434814","3.0004189014434814","3.0004189014434814","2.999091386795044","2.999091386795044","2.999091386795044"
"15860","2.9301159381866455","2.9301159381866455","2.9301159381866455","2.0574326515197754","2.0574326515197754","2.0574326515197754","2.9543886184692383","2.9543886184692383","2.9543886184692383","2.95961594581604","2.95961594581604","2.95961594581604"
"15870","2.9170639514923096","2.9170639514923096","2.9170639514923096","2.1371965408325195","2.1371965408325195","2.1371965408325195","2.944878101348877","2.944878101348877","2.944878101348877","2.9471702575683594","2.9471702575683594","2.9471702575683594"
"15880","2.846954107284546","2.846954107284546","2.846954107284546","2.0118627548217773","2.0118627548217773","2.0118627548217773","2.874831199645996","2.874831199645996","2.874831199645996","2.8782291412353516","2.8782291412353516","2.8782291412353516"
"15890","2.884782314300537","2.884782314300537","2.884782314300537","2.070824146270752","2.070824146270752","2.070824146270752","2.912447929382324","2.912447929382324","2.912447929382324","2.916351079940796","2.916351079940796","2.916351079940796"
"15900","2.8832287788391113","2.8832287788391113","2.8832287788391113","2.1085867881774902","2.1085867881774902","2.1085867881774902","2.910257577896118","2.910257577896118","2.910257577896118","2.9149768352508545","2.9149768352508545","2.9149768352508545"
"15910","2.8666954040527344","2.8666954040527344","2.8666954040527344","2.0759336948394775","2.0759336948394775","2.0759336948394775","2.8950748443603516","2.8950748443603516","2.8950748443603516","2.898205280303955","2.898205280303955","2.898205280303955"
"15920","2.8970563411712646","2.8970563411712646","2.8970563411712646","2.131983757019043","2.131983757019043","2.131983757019043","2.9218673706054688","2.9218673706054688","2.9218673706054688","2.9262337684631348","2.9262337684631348","2.9262337684631348"
"15930","3.2657289505004883","3.2657289505004883","3.2657289505004883","2.074280261993408","2.074280261993408","2.074280261993408","3.275223970413208","3.275223970413208","3.275223970413208","3.293757915496826","3.293757915496826","3.293757915496826"
"15940","2.8784284591674805","2.8784284591674805","2.8784284591674805","2.0708837509155273","2.0708837509155273","2.0708837509155273","2.901705741882324","2.901705741882324","2.901705741882324","2.91093373298645","2.91093373298645","2.91093373298645"
"15950","2.8766415119171143","2.8766415119171143","2.8766415119171143","2.059110164642334","2.059110164642334","2.059110164642334","2.9022998809814453","2.9022998809814453","2.9022998809814453","2.9073984622955322","2.9073984622955322","2.9073984622955322"
"15960","2.8910346031188965","2.8910346031188965","2.8910346031188965","2.0642380714416504","2.0642380714416504","2.0642380714416504","2.915844678878784","2.915844678878784","2.915844678878784","2.922869920730591","2.922869920730591","2.922869920730591"
"15970","2.8511831760406494","2.8511831760406494","2.8511831760406494","2.01556396484375","2.01556396484375","2.01556396484375","2.877688407897949","2.877688407897949","2.877688407897949","2.8825325965881348","2.8825325965881348","2.8825325965881348"
"15980","2.8417279720306396","2.8417279720306396","2.8417279720306396","2.1169018745422363","2.1169018745422363","2.1169018745422363","2.867924451828003","2.867924451828003","2.867924451828003","2.87198543548584","2.87198543548584","2.87198543548584"
"15990","2.844918966293335","2.844918966293335","2.844918966293335","2.1398863792419434","2.1398863792419434","2.1398863792419434","2.8701224327087402","2.8701224327087402","2.8701224327087402","2.8755075931549072","2.8755075931549072","2.8755075931549072"
"16000","2.8707478046417236","2.8707478046417236","2.8707478046417236","2.107020139694214","2.107020139694214","2.107020139694214","2.895430326461792","2.895430326461792","2.895430326461792","2.901350736618042","2.901350736618042","2.901350736618042"