"Step","zip2zip_1b_curriculum_rand_control_s123 - acc","zip2zip_1b_curriculum_rand_control_s123 - acc__MIN","zip2zip_1b_curriculum_rand_control_s123 - acc__MAX","zip2zip_1b_ms8_no_curriculum_from_scratch - acc","zip2zip_1b_ms8_no_curriculum_from_scratch - acc__MIN","zip2zip_1b_ms8_no_curriculum_from_scratch - acc__MAX","zip2zip_1b_curriculum_2_phase_finetuning - acc","zip2zip_1b_curriculum_2_phase_finetuning - acc__MIN","zip2zip_1b_curriculum_2_phase_finetuning - acc__MAX","zip2zip_1b_curriculum_4_phases - acc","zip2zip_1b_curriculum_4_phases - acc__MIN","zip2zip_1b_curriculum_4_phases - acc__MAX"
"10","0.12652817368507385","0.12652817368507385","0.12652817368507385","0.00038948055589571595","0.00038948055589571595","0.00038948055589571595","0.015162277966737747","0.015162277966737747","0.015162277966737747","0.12653541564941406","0.12653541564941406","0.12653541564941406"
"20","0.023247146978974342","0.023247146978974342","0.023247146978974342","0.0003421783330850303","0.0003421783330850303","0.0003421783330850303","0.04389037936925888","0.04389037936925888","0.04389037936925888","0.023616790771484375","0.023616790771484375","0.023616790771484375"
"30","0.023377226665616035","0.023377226665616035","0.023377226665616035","0.00020904542179778218","0.00020904542179778218","0.00020904542179778218","0.08917084336280823","0.08917084336280823","0.08917084336280823","0.024258803576231003","0.024258803576231003","0.024258803576231003"
"40","0.08414649963378906","0.08414649963378906","0.08414649963378906","0.0002727508544921875","0.0002727508544921875","0.0002727508544921875","0.12592697143554688","0.12592697143554688","0.12592697143554688","0.08475800603628159","0.08475800603628159","0.08475800603628159"
"50","0.0034961700439453125","0.0034961700439453125","0.0034961700439453125","0.0005348205449990928","0.0005348205449990928","0.0005348205449990928","0.06232300028204918","0.06232300028204918","0.06232300028204918","0.00250244140625","0.00250244140625","0.00250244140625"
"60","0.08043289929628372","0.08043289929628372","0.08043289929628372","0.0004428863467182964","0.0004428863467182964","0.0004428863467182964","0.12981948256492615","0.12981948256492615","0.12981948256492615","0.07999801635742188","0.07999801635742188","0.07999801635742188"
"70","0.02417602390050888","0.02417602390050888","0.02417602390050888","0.0031372071243822575","0.0031372071243822575","0.0031372071243822575","0.08822326362133026","0.08822326362133026","0.08822326362133026","0.030152510851621628","0.030152510851621628","0.030152510851621628"
"80","0.005920791998505592","0.005920791998505592","0.005920791998505592","0.008662033826112747","0.008662033826112747","0.008662033826112747","0.07213477790355682","0.07213477790355682","0.07213477790355682","0.007426452822983265","0.007426452822983265","0.007426452822983265"
"90","0.007651138119399548","0.007651138119399548","0.007651138119399548","0.006400298792868853","0.006400298792868853","0.006400298792868853","0.0819011703133583","0.0819011703133583","0.0819011703133583","0.008686446584761143","0.008686446584761143","0.008686446584761143"
"100","0.008589171804487705","0.008589171804487705","0.008589171804487705","0.00794219970703125","0.00794219970703125","0.00794219970703125","0.09156684577465057","0.09156684577465057","0.09156684577465057","0.007326888851821423","0.007326888851821423","0.007326888851821423"
"110","0.009993362240493298","0.009993362240493298","0.009993362240493298","0.00920867919921875","0.00920867919921875","0.00920867919921875","0.09470367431640625","0.09470367431640625","0.09470367431640625","0.007787322625517845","0.007787322625517845","0.007787322625517845"
"120","0.01173858717083931","0.01173858717083931","0.01173858717083931","0.006918334402143955","0.006918334402143955","0.006918334402143955","0.10544738918542862","0.10544738918542862","0.10544738918542862","0.008983612060546875","0.008983612060546875","0.008983612060546875"
"130","0.12472191452980042","0.12472191452980042","0.12472191452980042","0.0061550140380859375","0.0061550140380859375","0.0061550140380859375","0.20395317673683167","0.20395317673683167","0.20395317673683167","0.0944904312491417","0.0944904312491417","0.0944904312491417"
"140","0.006760406773537397","0.006760406773537397","0.006760406773537397","0.00811080913990736","0.00811080913990736","0.00811080913990736","0.11097908020019531","0.11097908020019531","0.11097908020019531","0.0065708160400390625","0.0065708160400390625","0.0065708160400390625"
"150","0.008133316412568092","0.008133316412568092","0.008133316412568092","0.00869598425924778","0.00869598425924778","0.00869598425924778","0.1312694549560547","0.1312694549560547","0.1312694549560547","0.009122848510742188","0.009122848510742188","0.009122848510742188"
"160","0.036159515380859375","0.036159515380859375","0.036159515380859375","0.00829391460865736","0.00829391460865736","0.00829391460865736","0.165936678647995","0.165936678647995","0.165936678647995","0.01334991492331028","0.01334991492331028","0.01334991492331028"
"170","0.010220717638731003","0.010220717638731003","0.010220717638731003","0.00762100238353014","0.00762100238353014","0.00762100238353014","0.13678091764450073","0.13678091764450073","0.13678091764450073","0.011300276964902878","0.011300276964902878","0.011300276964902878"
"180","0.00937805138528347","0.00937805138528347","0.00937805138528347","0.011567306704819202","0.011567306704819202","0.011567306704819202","0.14489860832691193","0.14489860832691193","0.14489860832691193","0.010419463738799095","0.010419463738799095","0.010419463738799095"
"190","0.010780716314911842","0.010780716314911842","0.010780716314911842","0.01093444786965847","0.01093444786965847","0.01093444786965847","0.18216553330421448","0.18216553330421448","0.18216553330421448","0.011610031127929688","0.011610031127929688","0.011610031127929688"
"200","0.06680412590503693","0.06680412590503693","0.06680412590503693","0.009283065795898438","0.009283065795898438","0.009283065795898438","0.1875331997871399","0.1875331997871399","0.1875331997871399","0.06722793728113174","0.06722793728113174","0.06722793728113174"
"210","0.05696296691894531","0.05696296691894531","0.05696296691894531","0.012721634469926357","0.012721634469926357","0.012721634469926357","0.19040146470069885","0.19040146470069885","0.19040146470069885","0.05897102504968643","0.05897102504968643","0.05897102504968643"
"220","0.016099166125059128","0.016099166125059128","0.016099166125059128","0.01018829271197319","0.01018829271197319","0.01018829271197319","0.1548507660627365","0.1548507660627365","0.1548507660627365","0.012730788439512253","0.012730788439512253","0.012730788439512253"
"230","0.01628723181784153","0.01628723181784153","0.01628723181784153","0.009554672054946423","0.009554672054946423","0.009554672054946423","0.16046753525733948","0.16046753525733948","0.16046753525733948","0.012502670288085938","0.012502670288085938","0.012502670288085938"
"240","0.018410872668027878","0.018410872668027878","0.018410872668027878","0.01446685753762722","0.01446685753762722","0.01446685753762722","0.1660938262939453","0.1660938262939453","0.1660938262939453","0.015521240420639515","0.015521240420639515","0.015521240420639515"
"250","0.02220764011144638","0.02220764011144638","0.02220764011144638","0.014426041394472122","0.014426041394472122","0.014426041394472122","0.17452353239059448","0.17452353239059448","0.17452353239059448","0.018033597618341446","0.018033597618341446","0.018033597618341446"
"260","0.024023819714784622","0.024023819714784622","0.024023819714784622","0.017016982659697533","0.017016982659697533","0.017016982659697533","0.17401084303855896","0.17401084303855896","0.17401084303855896","0.019493866711854935","0.019493866711854935","0.019493866711854935"
"270","0.024195097386837006","0.024195097386837006","0.024195097386837006","0.019400786608457565","0.019400786608457565","0.019400786608457565","0.17547722160816193","0.17547722160816193","0.17547722160816193","0.023701097816228867","0.023701097816228867","0.023701097816228867"
"280","0.02475547604262829","0.02475547604262829","0.02475547604262829","0.022340774536132812","0.022340774536132812","0.022340774536132812","0.1784229278564453","0.1784229278564453","0.1784229278564453","0.02675475925207138","0.02675475925207138","0.02675475925207138"
"290","0.025337599217891693","0.025337599217891693","0.025337599217891693","0.023571396246552467","0.023571396246552467","0.023571396246552467","0.2136005461215973","0.2136005461215973","0.2136005461215973","0.02704772911965847","0.02704772911965847","0.02704772911965847"
"300","0.10112342238426208","0.10112342238426208","0.10112342238426208","0.02466125600039959","0.02466125600039959","0.02466125600039959","0.25195351243019104","0.25195351243019104","0.25195351243019104","0.09882088005542755","0.09882088005542755","0.09882088005542755"
"310","0.03549804538488388","0.03549804538488388","0.03549804538488388","0.028216935694217682","0.028216935694217682","0.028216935694217682","0.20191116631031036","0.20191116631031036","0.20191116631031036","0.031067274510860443","0.031067274510860443","0.031067274510860443"
"320","0.10816650092601776","0.10816650092601776","0.10816650092601776","0.03211822360754013","0.03211822360754013","0.03211822360754013","0.2560287415981293","0.2560287415981293","0.2560287415981293","0.08122177422046661","0.08122177422046661","0.08122177422046661"
"330","0.13196907937526703","0.13196907937526703","0.13196907937526703","0.035391997545957565","0.035391997545957565","0.035391997545957565","0.34720611572265625","0.34720611572265625","0.34720611572265625","0.12843284010887146","0.12843284010887146","0.12843284010887146"
"340","0.04289551079273224","0.04289551079273224","0.04289551079273224","0.03828582540154457","0.03828582540154457","0.03828582540154457","0.21689796447753906","0.21689796447753906","0.21689796447753906","0.041884228587150574","0.041884228587150574","0.041884228587150574"
"350","0.04072532802820206","0.04072532802820206","0.04072532802820206","0.03958778455853462","0.03958778455853462","0.03958778455853462","0.20920410752296448","0.20920410752296448","0.20920410752296448","0.038318634033203125","0.038318634033203125","0.038318634033203125"
"360","0.04912414401769638","0.04912414401769638","0.04912414401769638","0.04172668233513832","0.04172668233513832","0.04172668233513832","0.21424026787281036","0.21424026787281036","0.21424026787281036","0.03442420810461044","0.03442420810461044","0.03442420810461044"
"370","0.04174156114459038","0.04174156114459038","0.04174156114459038","0.04370841756463051","0.04370841756463051","0.04370841756463051","0.2063957303762436","0.2063957303762436","0.2063957303762436","0.040724560618400574","0.040724560618400574","0.040724560618400574"
"380","0.04151954501867294","0.04151954501867294","0.04151954501867294","0.046201325953006744","0.046201325953006744","0.046201325953006744","0.20659828186035156","0.20659828186035156","0.20659828186035156","0.04314308241009712","0.04314308241009712","0.04314308241009712"
"390","0.04564246907830238","0.04564246907830238","0.04564246907830238","0.05119667202234268","0.05119667202234268","0.05119667202234268","0.20757026970386505","0.20757026970386505","0.20757026970386505","0.04241523891687393","0.04241523891687393","0.04241523891687393"
"400","0.049420930445194244","0.049420930445194244","0.049420930445194244","0.054682161659002304","0.054682161659002304","0.054682161659002304","0.22114409506320953","0.22114409506320953","0.22114409506320953","0.04599761962890625","0.04599761962890625","0.04599761962890625"
"410","0.07299117743968964","0.07299117743968964","0.07299117743968964","0.057949066162109375","0.057949066162109375","0.057949066162109375","0.23881834745407104","0.23881834745407104","0.23881834745407104","0.0719425231218338","0.0719425231218338","0.0719425231218338"
"420","0.12340393662452698","0.12340393662452698","0.12340393662452698","0.06155281141400337","0.06155281141400337","0.06155281141400337","0.26932182908058167","0.26932182908058167","0.26932182908058167","0.12294463813304901","0.12294463813304901","0.12294463813304901"
"430","0.06032714620232582","0.06032714620232582","0.06032714620232582","0.06099433824419975","0.06099433824419975","0.06099433824419975","0.24083174765110016","0.24083174765110016","0.24083174765110016","0.06271857768297195","0.06271857768297195","0.06271857768297195"
"440","0.05572700500488281","0.05572700500488281","0.05572700500488281","0.06592712551355362","0.06592712551355362","0.06592712551355362","0.2249252200126648","0.2249252200126648","0.2249252200126648","0.05383644253015518","0.05383644253015518","0.05383644253015518"
"450","0.06206474453210831","0.06206474453210831","0.06206474453210831","0.06679000705480576","0.06679000705480576","0.06679000705480576","0.2331337034702301","0.2331337034702301","0.2331337034702301","0.06030998378992081","0.06030998378992081","0.06030998378992081"
"460","0.06802330166101456","0.06802330166101456","0.06802330166101456","0.06949158012866974","0.06949158012866974","0.06949158012866974","0.2468559294939041","0.2468559294939041","0.2468559294939041","0.061739347875118256","0.061739347875118256","0.061739347875118256"
"470","0.06799545139074326","0.06799545139074326","0.06799545139074326","0.07401542365550995","0.07401542365550995","0.07401542365550995","0.2453380525112152","0.2453380525112152","0.2453380525112152","0.06532592326402664","0.06532592326402664","0.06532592326402664"
"480","0.06727714836597443","0.06727714836597443","0.06727714836597443","0.07556724548339844","0.07556724548339844","0.07556724548339844","0.251657098531723","0.251657098531723","0.251657098531723","0.06616020202636719","0.06616020202636719","0.06616020202636719"
"490","0.06894722580909729","0.06894722580909729","0.06894722580909729","0.0796840637922287","0.0796840637922287","0.0796840637922287","0.24327430129051208","0.24327430129051208","0.24327430129051208","0.06766052544116974","0.06766052544116974","0.06766052544116974"
"500","0.07483521103858948","0.07483521103858948","0.07483521103858948","0.08212623745203018","0.08212623745203018","0.08212623745203018","0.25917547941207886","0.25917547941207886","0.25917547941207886","0.07290001213550568","0.07290001213550568","0.07290001213550568"
"510","0.07515068352222443","0.07515068352222443","0.07515068352222443","0.08592452853918076","0.08592452853918076","0.08592452853918076","0.2608695924282074","0.2608695924282074","0.2608695924282074","0.07525482773780823","0.07525482773780823","0.07525482773780823"
"520","0.08834800124168396","0.08834800124168396","0.08834800124168396","0.08178138732910156","0.08178138732910156","0.08178138732910156","0.2727901339530945","0.2727901339530945","0.2727901339530945","0.07892990112304688","0.07892990112304688","0.07892990112304688"
"530","0.087738037109375","0.087738037109375","0.087738037109375","0.08831597119569778","0.08831597119569778","0.08831597119569778","0.2735191285610199","0.2735191285610199","0.2735191285610199","0.08766822516918182","0.08766822516918182","0.08766822516918182"
"540","0.08485030382871628","0.08485030382871628","0.08485030382871628","0.09166069328784943","0.09166069328784943","0.09166069328784943","0.27636873722076416","0.27636873722076416","0.27636873722076416","0.0835697203874588","0.0835697203874588","0.0835697203874588"
"550","0.19914741814136505","0.19914741814136505","0.19914741814136505","0.09728851169347763","0.09728851169347763","0.09728851169347763","0.3761661648750305","0.3761661648750305","0.3761661648750305","0.19389954209327698","0.19389954209327698","0.19389954209327698"
"560","0.1022590696811676","0.1022590696811676","0.1022590696811676","0.09754066914319992","0.09754066914319992","0.09754066914319992","0.29489171504974365","0.29489171504974365","0.29489171504974365","0.098876953125","0.098876953125","0.098876953125"
"570","0.08628768473863602","0.08628768473863602","0.08628768473863602","0.1021495833992958","0.1021495833992958","0.1021495833992958","0.2834266722202301","0.2834266722202301","0.2834266722202301","0.08327331393957138","0.08327331393957138","0.08327331393957138"
"580","0.17779120802879333","0.17779120802879333","0.17779120802879333","0.10949249565601349","0.10949249565601349","0.10949249565601349","0.34084853529930115","0.34084853529930115","0.34084853529930115","0.17463646829128265","0.17463646829128265","0.17463646829128265"
"590","0.09799652546644211","0.09799652546644211","0.09799652546644211","0.10992126166820526","0.10992126166820526","0.10992126166820526","0.29094162583351135","0.29094162583351135","0.29094162583351135","0.09606018662452698","0.09606018662452698","0.09606018662452698"
"600","0.2806183099746704","0.2806183099746704","0.2806183099746704","0.10518570244312286","0.10518570244312286","0.10518570244312286","0.4428684413433075","0.4428684413433075","0.4428684413433075","0.2793102264404297","0.2793102264404297","0.2793102264404297"
"610","0.1977691650390625","0.1977691650390625","0.1977691650390625","0.1167827621102333","0.1167827621102333","0.1167827621102333","0.38344573974609375","0.38344573974609375","0.38344573974609375","0.19542084634304047","0.19542084634304047","0.19542084634304047"
"620","0.10529441386461258","0.10529441386461258","0.10529441386461258","0.12076835334300995","0.12076835334300995","0.12076835334300995","0.3195773959159851","0.3195773959159851","0.3195773959159851","0.10304871201515198","0.10304871201515198","0.10304871201515198"
"630","0.10434875637292862","0.10434875637292862","0.10434875637292862","0.11956405639648438","0.11956405639648438","0.11956405639648438","0.3143543303012848","0.3143543303012848","0.3143543303012848","0.10063095390796661","0.10063095390796661","0.10063095390796661"
"640","0.12164153903722763","0.12164153903722763","0.12164153903722763","0.12983742356300354","0.12983742356300354","0.12983742356300354","0.3416709899902344","0.3416709899902344","0.3416709899902344","0.11821098625659943","0.11821098625659943","0.11821098625659943"
"650","0.11665954440832138","0.11665954440832138","0.11665954440832138","0.12967148423194885","0.12967148423194885","0.12967148423194885","0.3506523072719574","0.3506523072719574","0.3506523072719574","0.11177558451890945","0.11177558451890945","0.11177558451890945"
"660","0.11200523376464844","0.11200523376464844","0.11200523376464844","0.13338279724121094","0.13338279724121094","0.13338279724121094","0.3231964111328125","0.3231964111328125","0.3231964111328125","0.10854491591453552","0.10854491591453552","0.10854491591453552"
"670","0.12025070190429688","0.12025070190429688","0.12025070190429688","0.1348770260810852","0.1348770260810852","0.1348770260810852","0.35249024629592896","0.35249024629592896","0.35249024629592896","0.11491889506578445","0.11491889506578445","0.11491889506578445"
"680","0.12374839931726456","0.12374839931726456","0.12374839931726456","0.12177085131406784","0.12177085131406784","0.12177085131406784","0.36055564880371094","0.36055564880371094","0.36055564880371094","0.11900749802589417","0.11900749802589417","0.11900749802589417"
"690","0.12692832946777344","0.12692832946777344","0.12692832946777344","0.14457359910011292","0.14457359910011292","0.14457359910011292","0.3604927062988281","0.3604927062988281","0.3604927062988281","0.11924362182617188","0.11924362182617188","0.11924362182617188"
"700","0.13485947251319885","0.13485947251319885","0.13485947251319885","0.13262826204299927","0.13262826204299927","0.13262826204299927","0.36948853731155396","0.36948853731155396","0.36948853731155396","0.12787742912769318","0.12787742912769318","0.12787742912769318"
"710","0.13831977546215057","0.13831977546215057","0.13831977546215057","0.14843177795410156","0.14843177795410156","0.14843177795410156","0.38227424025535583","0.38227424025535583","0.38227424025535583","0.13145828247070312","0.13145828247070312","0.13145828247070312"
"720","0.13602027297019958","0.13602027297019958","0.13602027297019958","0.14821434020996094","0.14821434020996094","0.14821434020996094","0.36714744567871094","0.36714744567871094","0.36714744567871094","0.12854155898094177","0.12854155898094177","0.12854155898094177"
"730","0.14050674438476562","0.14050674438476562","0.14050674438476562","0.15650177001953125","0.15650177001953125","0.15650177001953125","0.39095038175582886","0.39095038175582886","0.39095038175582886","0.13384665548801422","0.13384665548801422","0.13384665548801422"
"740","0.15815086662769318","0.15815086662769318","0.15815086662769318","0.15498200058937073","0.15498200058937073","0.15498200058937073","0.4188217222690582","0.4188217222690582","0.4188217222690582","0.15264587104320526","0.15264587104320526","0.15264587104320526"
"750","0.14831124246120453","0.14831124246120453","0.14831124246120453","0.1636943817138672","0.1636943817138672","0.1636943817138672","0.35758015513420105","0.35758015513420105","0.35758015513420105","0.14447021484375","0.14447021484375","0.14447021484375"
"760","0.20766600966453552","0.20766600966453552","0.20766600966453552","0.16571426391601562","0.16571426391601562","0.16571426391601562","0.42856940627098083","0.42856940627098083","0.42856940627098083","0.20201148092746735","0.20201148092746735","0.20201148092746735"
"770","0.2066650390625","0.2066650390625","0.2066650390625","0.16775894165039062","0.16775894165039062","0.16775894165039062","0.42715150117874146","0.42715150117874146","0.42715150117874146","0.19927367568016052","0.19927367568016052","0.19927367568016052"
"780","0.16295433044433594","0.16295433044433594","0.16295433044433594","0.17138710618019104","0.17138710618019104","0.17138710618019104","0.4112667143344879","0.4112667143344879","0.4112667143344879","0.1547161042690277","0.1547161042690277","0.1547161042690277"
"790","0.2402603030204773","0.2402603030204773","0.2402603030204773","0.169126495718956","0.169126495718956","0.169126495718956","0.4726760983467102","0.4726760983467102","0.4726760983467102","0.23412972688674927","0.23412972688674927","0.23412972688674927"
"800","0.36897772550582886","0.36897772550582886","0.36897772550582886","0.1783348023891449","0.1783348023891449","0.1783348023891449","0.5522037744522095","0.5522037744522095","0.5522037744522095","0.3653331696987152","0.3653331696987152","0.3653331696987152"
"810","0.20373688638210297","0.20373688638210297","0.20373688638210297","0.17269019782543182","0.17269019782543182","0.17269019782543182","0.4308338165283203","0.4308338165283203","0.4308338165283203","0.20025253295898438","0.20025253295898438","0.20025253295898438"
"820","0.1897232085466385","0.1897232085466385","0.1897232085466385","0.18342170119285583","0.18342170119285583","0.18342170119285583","0.4238612949848175","0.4238612949848175","0.4238612949848175","0.18403014540672302","0.18403014540672302","0.18403014540672302"
"830","0.2563629150390625","0.2563629150390625","0.2563629150390625","0.18894386291503906","0.18894386291503906","0.18894386291503906","0.4779285192489624","0.4779285192489624","0.4779285192489624","0.25747260451316833","0.25747260451316833","0.25747260451316833"
"840","0.16827964782714844","0.16827964782714844","0.16827964782714844","0.18359871208667755","0.18359871208667755","0.18359871208667755","0.402047336101532","0.402047336101532","0.402047336101532","0.16844139993190765","0.16844139993190765","0.16844139993190765"
"850","0.18279686570167542","0.18279686570167542","0.18279686570167542","0.19051170349121094","0.19051170349121094","0.19051170349121094","0.4223793148994446","0.4223793148994446","0.4223793148994446","0.1808910369873047","0.1808910369873047","0.1808910369873047"
"860","0.18169212341308594","0.18169212341308594","0.18169212341308594","0.1930740475654602","0.1930740475654602","0.1930740475654602","0.4144904911518097","0.4144904911518097","0.4144904911518097","0.17957419157028198","0.17957419157028198","0.17957419157028198"
"870","0.19315603375434875","0.19315603375434875","0.19315603375434875","0.19710731506347656","0.19710731506347656","0.19710731506347656","0.41629254817962646","0.41629254817962646","0.41629254817962646","0.19061927497386932","0.19061927497386932","0.19061927497386932"
"880","0.22511063516139984","0.22511063516139984","0.22511063516139984","0.19150009751319885","0.19150009751319885","0.19150009751319885","0.4503120481967926","0.4503120481967926","0.4503120481967926","0.22346459329128265","0.22346459329128265","0.22346459329128265"
"890","0.19650879502296448","0.19650879502296448","0.19650879502296448","0.1982322633266449","0.1982322633266449","0.1982322633266449","0.4238227903842926","0.4238227903842926","0.4238227903842926","0.19512596726417542","0.19512596726417542","0.19512596726417542"
"900","0.23933984339237213","0.23933984339237213","0.23933984339237213","0.1977241486310959","0.1977241486310959","0.1977241486310959","0.45614394545555115","0.45614394545555115","0.45614394545555115","0.2376422882080078","0.2376422882080078","0.2376422882080078"
"910","0.21176567673683167","0.21176567673683167","0.21176567673683167","0.20608863234519958","0.20608863234519958","0.20608863234519958","0.43471792340278625","0.43471792340278625","0.43471792340278625","0.210133358836174","0.210133358836174","0.210133358836174"
"920","0.21043358743190765","0.21043358743190765","0.21043358743190765","0.20883521437644958","0.20883521437644958","0.20883521437644958","0.4237960875034332","0.4237960875034332","0.4237960875034332","0.20840874314308167","0.20840874314308167","0.20840874314308167"
"930","0.22497406601905823","0.22497406601905823","0.22497406601905823","0.21104392409324646","0.21104392409324646","0.21104392409324646","0.44049072265625","0.44049072265625","0.44049072265625","0.22163085639476776","0.22163085639476776","0.22163085639476776"
"940","0.21551856398582458","0.21551856398582458","0.21551856398582458","0.20787735283374786","0.20787735283374786","0.20787735283374786","0.4313281774520874","0.4313281774520874","0.4313281774520874","0.2144847959280014","0.2144847959280014","0.2144847959280014"
"950","0.24974173307418823","0.24974173307418823","0.24974173307418823","0.21164245903491974","0.21164245903491974","0.21164245903491974","0.460623562335968","0.460623562335968","0.460623562335968","0.24844703078269958","0.24844703078269958","0.24844703078269958"
"960","0.21905478835105896","0.21905478835105896","0.21905478835105896","0.21120339632034302","0.21120339632034302","0.21120339632034302","0.43358153104782104","0.43358153104782104","0.43358153104782104","0.216656893491745","0.216656893491745","0.216656893491745"
"970","0.22875404357910156","0.22875404357910156","0.22875404357910156","0.22086143493652344","0.22086143493652344","0.22086143493652344","0.4349471926689148","0.4349471926689148","0.4349471926689148","0.22976838052272797","0.22976838052272797","0.22976838052272797"
"980","0.22613832354545593","0.22613832354545593","0.22613832354545593","0.21641159057617188","0.21641159057617188","0.21641159057617188","0.4397338926792145","0.4397338926792145","0.4397338926792145","0.2260078340768814","0.2260078340768814","0.2260078340768814"
"990","0.2502952516078949","0.2502952516078949","0.2502952516078949","0.22093506157398224","0.22093506157398224","0.22093506157398224","0.45238304138183594","0.45238304138183594","0.45238304138183594","0.2496391236782074","0.2496391236782074","0.2496391236782074"
"1000","0.2941276729106903","0.2941276729106903","0.2941276729106903","0.22198334336280823","0.22198334336280823","0.22198334336280823","0.48248445987701416","0.48248445987701416","0.48248445987701416","0.2925685942173004","0.2925685942173004","0.2925685942173004"
"1010","0.24709051847457886","0.24709051847457886","0.24709051847457886","0.2169216126203537","0.2169216126203537","0.2169216126203537","0.45203515887260437","0.45203515887260437","0.45203515887260437","0.24659577012062073","0.24659577012062073","0.24659577012062073"
"1020","0.31571197509765625","0.31571197509765625","0.31571197509765625","0.2232235074043274","0.2232235074043274","0.2232235074043274","0.4973083436489105","0.4973083436489105","0.4973083436489105","0.3138751983642578","0.3138751983642578","0.3138751983642578"
"1030","0.23916472494602203","0.23916472494602203","0.23916472494602203","0.22425194084644318","0.22425194084644318","0.22425194084644318","0.4374202489852905","0.4374202489852905","0.4374202489852905","0.23580589890480042","0.23580589890480042","0.23580589890480042"
"1040","0.3233680725097656","0.3233680725097656","0.3233680725097656","0.22951164841651917","0.22951164841651917","0.22951164841651917","0.503509521484375","0.503509521484375","0.503509521484375","0.32062265276908875","0.32062265276908875","0.32062265276908875"
"1050","0.25331878662109375","0.25331878662109375","0.25331878662109375","0.23194657266139984","0.23194657266139984","0.23194657266139984","0.4484664797782898","0.4484664797782898","0.4484664797782898","0.2506103515625","0.2506103515625","0.2506103515625"
"1060","0.2585994601249695","0.2585994601249695","0.2585994601249695","0.2325618863105774","0.2325618863105774","0.2325618863105774","0.45247843861579895","0.45247843861579895","0.45247843861579895","0.2563835084438324","0.2563835084438324","0.2563835084438324"
"1070","0.2476177215576172","0.2476177215576172","0.2476177215576172","0.2328895628452301","0.2328895628452301","0.2328895628452301","0.4352561831474304","0.4352561831474304","0.4352561831474304","0.24558334052562714","0.24558334052562714","0.24558334052562714"
"1080","0.251285195350647","0.251285195350647","0.251285195350647","0.23169364035129547","0.23169364035129547","0.23169364035129547","0.44299542903900146","0.44299542903900146","0.44299542903900146","0.24985387921333313","0.24985387921333313","0.24985387921333313"
"1090","0.26472169160842896","0.26472169160842896","0.26472169160842896","0.23405762016773224","0.23405762016773224","0.23405762016773224","0.4547077417373657","0.4547077417373657","0.4547077417373657","0.2617042362689972","0.2617042362689972","0.2617042362689972"
"1100","0.27715837955474854","0.27715837955474854","0.27715837955474854","0.2414558380842209","0.2414558380842209","0.2414558380842209","0.45295217633247375","0.45295217633247375","0.45295217633247375","0.2750541567802429","0.2750541567802429","0.2750541567802429"
"1110","0.27311745285987854","0.27311745285987854","0.27311745285987854","0.24249383807182312","0.24249383807182312","0.24249383807182312","0.4581207036972046","0.4581207036972046","0.4581207036972046","0.250946044921875","0.250946044921875","0.250946044921875"
"1120","0.31590574979782104","0.31590574979782104","0.31590574979782104","0.23916548490524292","0.23916548490524292","0.23916548490524292","0.49129411578178406","0.49129411578178406","0.49129411578178406","0.30790823698043823","0.30790823698043823","0.30790823698043823"
"1130","0.2596874237060547","0.2596874237060547","0.2596874237060547","0.24060173332691193","0.24060173332691193","0.24060173332691193","0.45030519366264343","0.45030519366264343","0.45030519366264343","0.25710219144821167","0.25710219144821167","0.25710219144821167"
"1140","0.2707378566265106","0.2707378566265106","0.2707378566265106","0.2326209843158722","0.2326209843158722","0.2326209843158722","0.45434606075286865","0.45434606075286865","0.45434606075286865","0.2667064666748047","0.2667064666748047","0.2667064666748047"
"1150","0.27177125215530396","0.27177125215530396","0.27177125215530396","0.23730811476707458","0.23730811476707458","0.23730811476707458","0.4538169801235199","0.4538169801235199","0.4538169801235199","0.26668891310691833","0.26668891310691833","0.26668891310691833"
"1160","0.3439815640449524","0.3439815640449524","0.3439815640449524","0.24785690009593964","0.24785690009593964","0.24785690009593964","0.5075664520263672","0.5075664520263672","0.5075664520263672","0.32842254638671875","0.32842254638671875","0.32842254638671875"
"1170","0.2730274200439453","0.2730274200439453","0.2730274200439453","0.24757766723632812","0.24757766723632812","0.24757766723632812","0.4524848759174347","0.4524848759174347","0.4524848759174347","0.2660709321498871","0.2660709321498871","0.2660709321498871"
"1180","0.363363653421402","0.363363653421402","0.363363653421402","0.2541442811489105","0.2541442811489105","0.2541442811489105","0.5255500674247742","0.5255500674247742","0.5255500674247742","0.3538837432861328","0.3538837432861328","0.3538837432861328"
"1190","0.34172743558883667","0.34172743558883667","0.34172743558883667","0.24628524482250214","0.24628524482250214","0.24628524482250214","0.5120334625244141","0.5120334625244141","0.5120334625244141","0.3079017698764801","0.3079017698764801","0.3079017698764801"
"1200","0.3404189944267273","0.3404189944267273","0.3404189944267273","0.24885445833206177","0.24885445833206177","0.24885445833206177","0.5036560297012329","0.5036560297012329","0.5036560297012329","0.3346976935863495","0.3346976935863495","0.3346976935863495"
"1210","0.2833736538887024","0.2833736538887024","0.2833736538887024","0.2550086975097656","0.2550086975097656","0.2550086975097656","0.4607890844345093","0.4607890844345093","0.4607890844345093","0.2782127559185028","0.2782127559185028","0.2782127559185028"
"1220","0.2785923182964325","0.2785923182964325","0.2785923182964325","0.2538818120956421","0.2538818120956421","0.2538818120956421","0.4838588833808899","0.4838588833808899","0.4838588833808899","0.2763710021972656","0.2763710021972656","0.2763710021972656"
"1230","0.4482460021972656","0.4482460021972656","0.4482460021972656","0.2431964874267578","0.2431964874267578","0.2431964874267578","0.6039600372314453","0.6039600372314453","0.6039600372314453","0.4436088800430298","0.4436088800430298","0.4436088800430298"
"1240","0.2746517062187195","0.2746517062187195","0.2746517062187195","0.21483993530273438","0.21483993530273438","0.21483993530273438","0.4544200897216797","0.4544200897216797","0.4544200897216797","0.26916733384132385","0.26916733384132385","0.26916733384132385"
"1250","0.3459911346435547","0.3459911346435547","0.3459911346435547","0.23855744302272797","0.23855744302272797","0.23855744302272797","0.5029098391532898","0.5029098391532898","0.5029098391532898","0.34249651432037354","0.34249651432037354","0.34249651432037354"
"1260","0.269491970539093","0.269491970539093","0.269491970539093","0.264273077249527","0.264273077249527","0.264273077249527","0.44377097487449646","0.44377097487449646","0.44377097487449646","0.26487505435943604","0.26487505435943604","0.26487505435943604"
"1270","0.29641151428222656","0.29641151428222656","0.29641151428222656","0.2567405700683594","0.2567405700683594","0.2567405700683594","0.47849273681640625","0.47849273681640625","0.47849273681640625","0.290740966796875","0.290740966796875","0.290740966796875"
"1280","0.2858588993549347","0.2858588993549347","0.2858588993549347","0.26539191603660583","0.26539191603660583","0.26539191603660583","0.46025505661964417","0.46025505661964417","0.46025505661964417","0.28309667110443115","0.28309667110443115","0.28309667110443115"
"1290","0.36310499906539917","0.36310499906539917","0.36310499906539917","0.26287078857421875","0.26287078857421875","0.26287078857421875","0.5219841003417969","0.5219841003417969","0.5219841003417969","0.35830575227737427","0.35830575227737427","0.35830575227737427"
"1300","0.2931293547153473","0.2931293547153473","0.2931293547153473","0.2514053285121918","0.2514053285121918","0.2514053285121918","0.461251437664032","0.461251437664032","0.461251437664032","0.28562241792678833","0.28562241792678833","0.28562241792678833"
"1310","0.3727847933769226","0.3727847933769226","0.3727847933769226","0.25854986906051636","0.25854986906051636","0.25854986906051636","0.5307461023330688","0.5307461023330688","0.5307461023330688","0.3681373596191406","0.3681373596191406","0.3681373596191406"
"1320","0.28055763244628906","0.28055763244628906","0.28055763244628906","0.26166456937789917","0.26166456937789917","0.26166456937789917","0.45837709307670593","0.45837709307670593","0.45837709307670593","0.27652397751808167","0.27652397751808167","0.27652397751808167"
"1330","0.31537705659866333","0.31537705659866333","0.31537705659866333","0.2678688168525696","0.2678688168525696","0.2678688168525696","0.48513829708099365","0.48513829708099365","0.48513829708099365","0.3106498718261719","0.3106498718261719","0.3106498718261719"
"1340","0.3015155792236328","0.3015155792236328","0.3015155792236328","0.2620948553085327","0.2620948553085327","0.2620948553085327","0.4725097715854645","0.4725097715854645","0.4725097715854645","0.29851531982421875","0.29851531982421875","0.29851531982421875"
"1350","0.28037911653518677","0.28037911653518677","0.28037911653518677","0.26233941316604614","0.26233941316604614","0.26233941316604614","0.45493584871292114","0.45493584871292114","0.45493584871292114","0.27574998140335083","0.27574998140335083","0.27574998140335083"
"1360","0.3228832185268402","0.3228832185268402","0.3228832185268402","0.26700058579444885","0.26700058579444885","0.26700058579444885","0.4558284878730774","0.4558284878730774","0.4558284878730774","0.3199947476387024","0.3199947476387024","0.3199947476387024"
"1370","0.26516684889793396","0.26516684889793396","0.26516684889793396","0.2753726840019226","0.2753726840019226","0.2753726840019226","0.41461601853370667","0.41461601853370667","0.41461601853370667","0.26013070344924927","0.26013070344924927","0.26013070344924927"
"1380","0.3635059595108032","0.3635059595108032","0.3635059595108032","0.26801756024360657","0.26801756024360657","0.26801756024360657","0.5177001953125","0.5177001953125","0.5177001953125","0.3592216372489929","0.3592216372489929","0.3592216372489929"
"1390","0.31535834074020386","0.31535834074020386","0.31535834074020386","0.27476081252098083","0.27476081252098083","0.27476081252098083","0.47959938645362854","0.47959938645362854","0.47959938645362854","0.3105407655239105","0.3105407655239105","0.3105407655239105"
"1400","0.3753669857978821","0.3753669857978821","0.3753669857978821","0.2753742039203644","0.2753742039203644","0.2753742039203644","0.5287933349609375","0.5287933349609375","0.5287933349609375","0.37297743558883667","0.37297743558883667","0.37297743558883667"
"1410","0.36225587129592896","0.36225587129592896","0.36225587129592896","0.2693069577217102","0.2693069577217102","0.2693069577217102","0.5167312622070312","0.5167312622070312","0.5167312622070312","0.3607059419155121","0.3607059419155121","0.3607059419155121"
"1420","0.3118312656879425","0.3118312656879425","0.3118312656879425","0.2703361511230469","0.2703361511230469","0.2703361511230469","0.4827251434326172","0.4827251434326172","0.4827251434326172","0.3083835542201996","0.3083835542201996","0.3083835542201996"
"1430","0.29421311616897583","0.29421311616897583","0.29421311616897583","0.27337801456451416","0.27337801456451416","0.27337801456451416","0.4624508023262024","0.4624508023262024","0.4624508023262024","0.2912220060825348","0.2912220060825348","0.2912220060825348"
"1440","0.31683921813964844","0.31683921813964844","0.31683921813964844","0.2762718200683594","0.2762718200683594","0.2762718200683594","0.4846076965332031","0.4846076965332031","0.4846076965332031","0.31156349182128906","0.31156349182128906","0.31156349182128906"
"1450","0.36578139662742615","0.36578139662742615","0.36578139662742615","0.27474862337112427","0.27474862337112427","0.27474862337112427","0.5192874670028687","0.5192874670028687","0.5192874670028687","0.36187744140625","0.36187744140625","0.36187744140625"
"1460","0.32394713163375854","0.32394713163375854","0.32394713163375854","0.27747613191604614","0.27747613191604614","0.27747613191604614","0.4897342920303345","0.4897342920303345","0.4897342920303345","0.3206039369106293","0.3206039369106293","0.3206039369106293"
"1470","0.4136027991771698","0.4136027991771698","0.4136027991771698","0.28201255202293396","0.28201255202293396","0.28201255202293396","0.5531234741210938","0.5531234741210938","0.5531234741210938","0.4116714596748352","0.4116714596748352","0.4116714596748352"
"1480","0.3276626467704773","0.3276626467704773","0.3276626467704773","0.27712592482566833","0.27712592482566833","0.27712592482566833","0.49117201566696167","0.49117201566696167","0.49117201566696167","0.3252224028110504","0.3252224028110504","0.3252224028110504"
"1490","0.3148532807826996","0.3148532807826996","0.3148532807826996","0.27851179242134094","0.27851179242134094","0.27851179242134094","0.4776321351528168","0.4776321351528168","0.4776321351528168","0.31004831194877625","0.31004831194877625","0.31004831194877625"
"1500","0.3217872679233551","0.3217872679233551","0.3217872679233551","0.27070045471191406","0.27070045471191406","0.27070045471191406","0.48574256896972656","0.48574256896972656","0.48574256896972656","0.3185577392578125","0.3185577392578125","0.3185577392578125"
"1510","0.3069179654121399","0.3069179654121399","0.3069179654121399","0.2724651098251343","0.2724651098251343","0.2724651098251343","0.4691612124443054","0.4691612124443054","0.4691612124443054","0.3037101626396179","0.3037101626396179","0.3037101626396179"
"1520","0.37982672452926636","0.37982672452926636","0.37982672452926636","0.26957547664642334","0.26957547664642334","0.26957547664642334","0.5297832489013672","0.5297832489013672","0.5297832489013672","0.3769039213657379","0.3769039213657379","0.3769039213657379"
"1530","0.3169975280761719","0.3169975280761719","0.3169975280761719","0.2802661657333374","0.2802661657333374","0.2802661657333374","0.478799432516098","0.478799432516098","0.478799432516098","0.3137771487236023","0.3137771487236023","0.3137771487236023"
"1540","0.32267341017723083","0.32267341017723083","0.32267341017723083","0.2754631042480469","0.2754631042480469","0.2754631042480469","0.486703485250473","0.486703485250473","0.486703485250473","0.3189559876918793","0.3189559876918793","0.3189559876918793"
"1550","0.308367520570755","0.308367520570755","0.308367520570755","0.2803058624267578","0.2803058624267578","0.2803058624267578","0.47363168001174927","0.47363168001174927","0.47363168001174927","0.30468788743019104","0.30468788743019104","0.30468788743019104"
"1560","0.4116451144218445","0.4116451144218445","0.4116451144218445","0.2804027497768402","0.2804027497768402","0.2804027497768402","0.5492668151855469","0.5492668151855469","0.5492668151855469","0.4048382043838501","0.4048382043838501","0.4048382043838501"
"1570","0.3148147463798523","0.3148147463798523","0.3148147463798523","0.28114548325538635","0.28114548325538635","0.28114548325538635","0.4797172546386719","0.4797172546386719","0.4797172546386719","0.3109363317489624","0.3109363317489624","0.3109363317489624"
"1580","0.31229475140571594","0.31229475140571594","0.31229475140571594","0.2830936312675476","0.2830936312675476","0.2830936312675476","0.4747890532016754","0.4747890532016754","0.4747890532016754","0.30890655517578125","0.30890655517578125","0.30890655517578125"
"1590","0.3193393647670746","0.3193393647670746","0.3193393647670746","0.2819095551967621","0.2819095551967621","0.2819095551967621","0.4786571264266968","0.4786571264266968","0.4786571264266968","0.31534498929977417","0.31534498929977417","0.31534498929977417"
"1600","0.3377963900566101","0.3377963900566101","0.3377963900566101","0.2779659330844879","0.2779659330844879","0.2779659330844879","0.5038219690322876","0.5038219690322876","0.5038219690322876","0.336447536945343","0.336447536945343","0.336447536945343"
"1610","0.3182041049003601","0.3182041049003601","0.3182041049003601","0.28055036067962646","0.28055036067962646","0.28055036067962646","0.48220521211624146","0.48220521211624146","0.48220521211624146","0.31518515944480896","0.31518515944480896","0.31518515944480896"
"1620","0.39240914583206177","0.39240914583206177","0.39240914583206177","0.2870277464389801","0.2870277464389801","0.2870277464389801","0.539441704750061","0.539441704750061","0.539441704750061","0.3890342712402344","0.3890342712402344","0.3890342712402344"
"1630","0.3268944025039673","0.3268944025039673","0.3268944025039673","0.2850402593612671","0.2850402593612671","0.2850402593612671","0.4910896420478821","0.4910896420478821","0.4910896420478821","0.3229568600654602","0.3229568600654602","0.3229568600654602"
"1640","0.32757607102394104","0.32757607102394104","0.32757607102394104","0.28769683837890625","0.28769683837890625","0.28769683837890625","0.48608434200286865","0.48608434200286865","0.48608434200286865","0.3233150541782379","0.3233150541782379","0.3233150541782379"
"1650","0.3256790041923523","0.3256790041923523","0.3256790041923523","0.27374231815338135","0.27374231815338135","0.27374231815338135","0.48139458894729614","0.48139458894729614","0.48139458894729614","0.3210487365722656","0.3210487365722656","0.3210487365722656"
"1660","0.3205295503139496","0.3205295503139496","0.3205295503139496","0.2849281132221222","0.2849281132221222","0.2849281132221222","0.4750045835971832","0.4750045835971832","0.4750045835971832","0.3156318664550781","0.3156318664550781","0.3156318664550781"
"1670","0.3077632784843445","0.3077632784843445","0.3077632784843445","0.29442328214645386","0.29442328214645386","0.29442328214645386","0.4679737091064453","0.4679737091064453","0.4679737091064453","0.304617702960968","0.304617702960968","0.304617702960968"
"1680","0.37168654799461365","0.37168654799461365","0.37168654799461365","0.29694902896881104","0.29694902896881104","0.29694902896881104","0.5151458978652954","0.5151458978652954","0.5151458978652954","0.36810606718063354","0.36810606718063354","0.36810606718063354"
"1690","0.3490627408027649","0.3490627408027649","0.3490627408027649","0.27332380414009094","0.27332380414009094","0.27332380414009094","0.5023449063301086","0.5023449063301086","0.5023449063301086","0.3460666835308075","0.3460666835308075","0.3460666835308075"
"1700","0.3860912322998047","0.3860912322998047","0.3860912322998047","0.28186875581741333","0.28186875581741333","0.28186875581741333","0.5294944643974304","0.5294944643974304","0.5294944643974304","0.38272857666015625","0.38272857666015625","0.38272857666015625"
"1710","0.31962358951568604","0.31962358951568604","0.31962358951568604","0.2936233580112457","0.2936233580112457","0.2936233580112457","0.48091429471969604","0.48091429471969604","0.48091429471969604","0.31658363342285156","0.31658363342285156","0.31658363342285156"
"1720","0.32692182064056396","0.32692182064056396","0.32692182064056396","0.2781749665737152","0.2781749665737152","0.2781749665737152","0.4857681393623352","0.4857681393623352","0.4857681393623352","0.32315635681152344","0.32315635681152344","0.32315635681152344"
"1730","0.3191642761230469","0.3191642761230469","0.3191642761230469","0.2879295349121094","0.2879295349121094","0.2879295349121094","0.47327423095703125","0.47327423095703125","0.47327423095703125","0.3160884976387024","0.3160884976387024","0.3160884976387024"
"1740","0.32544058561325073","0.32544058561325073","0.32544058561325073","0.2879711091518402","0.2879711091518402","0.2879711091518402","0.4904247522354126","0.4904247522354126","0.4904247522354126","0.3235698640346527","0.3235698640346527","0.3235698640346527"
"1750","0.30272483825683594","0.30272483825683594","0.30272483825683594","0.285592257976532","0.285592257976532","0.285592257976532","0.48186302185058594","0.48186302185058594","0.48186302185058594","0.29829826951026917","0.29829826951026917","0.29829826951026917"
"1760","0.32878953218460083","0.32878953218460083","0.32878953218460083","0.2739337980747223","0.2739337980747223","0.2739337980747223","0.49003297090530396","0.49003297090530396","0.49003297090530396","0.32582587003707886","0.32582587003707886","0.32582587003707886"
"1770","0.3236351013183594","0.3236351013183594","0.3236351013183594","0.298855185508728","0.298855185508728","0.298855185508728","0.4838363528251648","0.4838363528251648","0.4838363528251648","0.3207443356513977","0.3207443356513977","0.3207443356513977"
"1780","0.37822264432907104","0.37822264432907104","0.37822264432907104","0.2694282531738281","0.2694282531738281","0.2694282531738281","0.5242115259170532","0.5242115259170532","0.5242115259170532","0.36714935302734375","0.36714935302734375","0.36714935302734375"
"1790","0.4434051513671875","0.4434051513671875","0.4434051513671875","0.2940181493759155","0.2940181493759155","0.2940181493759155","0.5741539001464844","0.5741539001464844","0.5741539001464844","0.4393688440322876","0.4393688440322876","0.4393688440322876"
"1800","0.34959182143211365","0.34959182143211365","0.34959182143211365","0.2833743989467621","0.2833743989467621","0.2833743989467621","0.4991768002510071","0.4991768002510071","0.4991768002510071","0.34628790616989136","0.34628790616989136","0.34628790616989136"
"1810","0.3365928530693054","0.3365928530693054","0.3365928530693054","0.2951721251010895","0.2951721251010895","0.2951721251010895","0.4920925199985504","0.4920925199985504","0.4920925199985504","0.33344766497612","0.33344766497612","0.33344766497612"
"1820","0.3309597074985504","0.3309597074985504","0.3309597074985504","0.29429471492767334","0.29429471492767334","0.29429471492767334","0.4680705964565277","0.4680705964565277","0.4680705964565277","0.3291866183280945","0.3291866183280945","0.3291866183280945"
"1830","0.3996852934360504","0.3996852934360504","0.3996852934360504","0.29893532395362854","0.29893532395362854","0.29893532395362854","0.5347706079483032","0.5347706079483032","0.5347706079483032","0.39603233337402344","0.39603233337402344","0.39603233337402344"
"1840","0.4564693570137024","0.4564693570137024","0.4564693570137024","0.2953643798828125","0.2953643798828125","0.2953643798828125","0.5825961828231812","0.5825961828231812","0.5825961828231812","0.45218467712402344","0.45218467712402344","0.45218467712402344"
"1850","0.3530227839946747","0.3530227839946747","0.3530227839946747","0.3002060055732727","0.3002060055732727","0.3002060055732727","0.5027950406074524","0.5027950406074524","0.5027950406074524","0.3479022979736328","0.3479022979736328","0.3479022979736328"
"1860","0.34821817278862","0.34821817278862","0.34821817278862","0.2732383608818054","0.2732383608818054","0.2732383608818054","0.5021217465400696","0.5021217465400696","0.5021217465400696","0.3430415987968445","0.3430415987968445","0.3430415987968445"
"1870","0.35476988554000854","0.35476988554000854","0.35476988554000854","0.293487548828125","0.293487548828125","0.293487548828125","0.5003589987754822","0.5003589987754822","0.5003589987754822","0.3515155613422394","0.3515155613422394","0.3515155613422394"
"1880","0.3150607943534851","0.3150607943534851","0.3150607943534851","0.2980552613735199","0.2980552613735199","0.2980552613735199","0.4720989167690277","0.4720989167690277","0.4720989167690277","0.3130043148994446","0.3130043148994446","0.3130043148994446"
"1890","0.3350940942764282","0.3350940942764282","0.3350940942764282","0.29967001080513","0.29967001080513","0.29967001080513","0.48989638686180115","0.48989638686180115","0.48989638686180115","0.3308822810649872","0.3308822810649872","0.3308822810649872"
"1900","0.32589682936668396","0.32589682936668396","0.32589682936668396","0.2958965301513672","0.2958965301513672","0.2958965301513672","0.4778003692626953","0.4778003692626953","0.4778003692626953","0.32290154695510864","0.32290154695510864","0.32290154695510864"
"1910","0.3329063355922699","0.3329063355922699","0.3329063355922699","0.3002716302871704","0.3002716302871704","0.3002716302871704","0.4889633059501648","0.4889633059501648","0.4889633059501648","0.32922133803367615","0.32922133803367615","0.32922133803367615"
"1920","0.3462955355644226","0.3462955355644226","0.3462955355644226","0.30158883333206177","0.30158883333206177","0.30158883333206177","0.487191379070282","0.487191379070282","0.487191379070282","0.3428569734096527","0.3428569734096527","0.3428569734096527"
"1930","0.4086124300956726","0.4086124300956726","0.4086124300956726","0.30172234773635864","0.30172234773635864","0.30172234773635864","0.5506317019462585","0.5506317019462585","0.5506317019462585","0.40642204880714417","0.40642204880714417","0.40642204880714417"
"1940","0.3594089448451996","0.3594089448451996","0.3594089448451996","0.29597052931785583","0.29597052931785583","0.29597052931785583","0.49558791518211365","0.49558791518211365","0.49558791518211365","0.3566696047782898","0.3566696047782898","0.3566696047782898"
"1950","0.3414817750453949","0.3414817750453949","0.3414817750453949","0.3024330139160156","0.3024330139160156","0.3024330139160156","0.4942283630371094","0.4942283630371094","0.4942283630371094","0.3387344479560852","0.3387344479560852","0.3387344479560852"
"1960","0.3139919340610504","0.3139919340610504","0.3139919340610504","0.30030518770217896","0.30030518770217896","0.30030518770217896","0.45467033982276917","0.45467033982276917","0.45467033982276917","0.3100116550922394","0.3100116550922394","0.3100116550922394"
"1970","0.33642578125","0.33642578125","0.33642578125","0.3051849603652954","0.3051849603652954","0.3051849603652954","0.4915286898612976","0.4915286898612976","0.4915286898612976","0.33536338806152344","0.33536338806152344","0.33536338806152344"
"1980","0.3635334074497223","0.3635334074497223","0.3635334074497223","0.31049346923828125","0.31049346923828125","0.31049346923828125","0.5088615417480469","0.5088615417480469","0.5088615417480469","0.3617050349712372","0.3617050349712372","0.3617050349712372"
"1990","0.37082332372665405","0.37082332372665405","0.37082332372665405","0.30380669236183167","0.30380669236183167","0.30380669236183167","0.5198345184326172","0.5198345184326172","0.5198345184326172","0.3677287995815277","0.3677287995815277","0.3677287995815277"
"2000","0.3430435359477997","0.3430435359477997","0.3430435359477997","0.3125411868095398","0.3125411868095398","0.3125411868095398","0.49447405338287354","0.49447405338287354","0.49447405338287354","0.339267373085022","0.339267373085022","0.339267373085022"
"2010","0.34031638503074646","0.34031638503074646","0.34031638503074646","0.3010902404785156","0.3010902404785156","0.3010902404785156","0.4911994934082031","0.4911994934082031","0.4911994934082031","0.33619919419288635","0.33619919419288635","0.33619919419288635"
"2020","0.3657954931259155","0.3657954931259155","0.3657954931259155","0.30626755952835083","0.30626755952835083","0.30626755952835083","0.5094047784805298","0.5094047784805298","0.5094047784805298","0.36154937744140625","0.36154937744140625","0.36154937744140625"
"2030","0.4064747095108032","0.4064747095108032","0.4064747095108032","0.3091350793838501","0.3091350793838501","0.3091350793838501","0.5418480634689331","0.5418480634689331","0.5418480634689331","0.4034107029438019","0.4034107029438019","0.4034107029438019"
"2040","0.3408855199813843","0.3408855199813843","0.3408855199813843","0.3087219297885895","0.3087219297885895","0.3087219297885895","0.49440574645996094","0.49440574645996094","0.49440574645996094","0.33782958984375","0.33782958984375","0.33782958984375"
"2050","0.3706279695034027","0.3706279695034027","0.3706279695034027","0.2679149806499481","0.2679149806499481","0.2679149806499481","0.5118705630302429","0.5118705630302429","0.5118705630302429","0.36714476346969604","0.36714476346969604","0.36714476346969604"
"2060","0.33961451053619385","0.33961451053619385","0.33961451053619385","0.30574876070022583","0.30574876070022583","0.30574876070022583","0.47015875577926636","0.47015875577926636","0.47015875577926636","0.3361160159111023","0.3361160159111023","0.3361160159111023"
"2070","0.3567802608013153","0.3567802608013153","0.3567802608013153","0.30227431654930115","0.30227431654930115","0.30227431654930115","0.503792941570282","0.503792941570282","0.503792941570282","0.3528144657611847","0.3528144657611847","0.3528144657611847"
"2080","0.35372769832611084","0.35372769832611084","0.35372769832611084","0.31578904390335083","0.31578904390335083","0.31578904390335083","0.5009647607803345","0.5009647607803345","0.5009647607803345","0.35019227862358093","0.35019227862358093","0.35019227862358093"
"2090","0.380044162273407","0.380044162273407","0.380044162273407","0.3146514892578125","0.3146514892578125","0.3146514892578125","0.5309589505195618","0.5309589505195618","0.5309589505195618","0.3790626525878906","0.3790626525878906","0.3790626525878906"
"2100","0.38979873061180115","0.38979873061180115","0.38979873061180115","0.3091655969619751","0.3091655969619751","0.3091655969619751","0.5291561484336853","0.5291561484336853","0.5291561484336853","0.3871040344238281","0.3871040344238281","0.3871040344238281"
"2110","0.3473575711250305","0.3473575711250305","0.3473575711250305","0.2628380060195923","0.2628380060195923","0.2628380060195923","0.4957912266254425","0.4957912266254425","0.4957912266254425","0.34330976009368896","0.34330976009368896","0.34330976009368896"
"2120","0.3506835997104645","0.3506835997104645","0.3506835997104645","0.3110477328300476","0.3110477328300476","0.3110477328300476","0.5049953460693359","0.5049953460693359","0.5049953460693359","0.3462104797363281","0.3462104797363281","0.3462104797363281"
"2130","0.3688797056674957","0.3688797056674957","0.3688797056674957","0.30535927414894104","0.30535927414894104","0.30535927414894104","0.515097439289093","0.515097439289093","0.515097439289093","0.36453551054000854","0.36453551054000854","0.36453551054000854"
"2140","0.33616673946380615","0.33616673946380615","0.33616673946380615","0.29908066987991333","0.29908066987991333","0.29908066987991333","0.4885997772216797","0.4885997772216797","0.4885997772216797","0.3331855535507202","0.3331855535507202","0.3331855535507202"
"2150","0.356027215719223","0.356027215719223","0.356027215719223","0.3090434968471527","0.3090434968471527","0.3090434968471527","0.5089462399482727","0.5089462399482727","0.5089462399482727","0.35305821895599365","0.35305821895599365","0.35305821895599365"
"2160","0.34635430574417114","0.34635430574417114","0.34635430574417114","0.3134418725967407","0.3134418725967407","0.3134418725967407","0.4954265356063843","0.4954265356063843","0.4954265356063843","0.34409409761428833","0.34409409761428833","0.34409409761428833"
"2170","0.35886114835739136","0.35886114835739136","0.35886114835739136","0.30964621901512146","0.30964621901512146","0.30964621901512146","0.512551486492157","0.512551486492157","0.512551486492157","0.35604971647262573","0.35604971647262573","0.35604971647262573"
"2180","0.35310935974121094","0.35310935974121094","0.35310935974121094","0.31205785274505615","0.31205785274505615","0.31205785274505615","0.5032489895820618","0.5032489895820618","0.5032489895820618","0.35093194246292114","0.35093194246292114","0.35093194246292114"
"2190","0.353885293006897","0.353885293006897","0.353885293006897","0.3153083920478821","0.3153083920478821","0.3153083920478821","0.5042603015899658","0.5042603015899658","0.5042603015899658","0.352011501789093","0.352011501789093","0.352011501789093"
"2200","0.3541015386581421","0.3541015386581421","0.3541015386581421","0.3139217495918274","0.3139217495918274","0.3139217495918274","0.5065765380859375","0.5065765380859375","0.5065765380859375","0.3519466519355774","0.3519466519355774","0.3519466519355774"
"2210","0.34046822786331177","0.34046822786331177","0.34046822786331177","0.323386013507843","0.323386013507843","0.323386013507843","0.49031180143356323","0.49031180143356323","0.49031180143356323","0.33733823895454407","0.33733823895454407","0.33733823895454407"
"2220","0.39686471223831177","0.39686471223831177","0.39686471223831177","0.3237949311733246","0.3237949311733246","0.3237949311733246","0.5307785272598267","0.5307785272598267","0.5307785272598267","0.3932476043701172","0.3932476043701172","0.3932476043701172"
"2230","0.3633483946323395","0.3633483946323395","0.3633483946323395","0.3166927099227905","0.3166927099227905","0.3166927099227905","0.5135970711708069","0.5135970711708069","0.5135970711708069","0.3595642149448395","0.3595642149448395","0.3595642149448395"
"2240","0.3908252716064453","0.3908252716064453","0.3908252716064453","0.31865233182907104","0.31865233182907104","0.31865233182907104","0.5276268124580383","0.5276268124580383","0.5276268124580383","0.3877285122871399","0.3877285122871399","0.3877285122871399"
"2250","0.33864325284957886","0.33864325284957886","0.33864325284957886","0.3172687292098999","0.3172687292098999","0.3172687292098999","0.484649658203125","0.484649658203125","0.484649658203125","0.3358199894428253","0.3358199894428253","0.3358199894428253"
"2260","0.3129192292690277","0.3129192292690277","0.3129192292690277","0.3137279748916626","0.3137279748916626","0.3137279748916626","0.45237964391708374","0.45237964391708374","0.45237964391708374","0.31035614013671875","0.31035614013671875","0.31035614013671875"
"2270","0.36179429292678833","0.36179429292678833","0.36179429292678833","0.308285117149353","0.308285117149353","0.308285117149353","0.5088760852813721","0.5088760852813721","0.5088760852813721","0.35852357745170593","0.35852357745170593","0.35852357745170593"
"2280","0.4055415987968445","0.4055415987968445","0.4055415987968445","0.31662672758102417","0.31662672758102417","0.31662672758102417","0.5377479791641235","0.5377479791641235","0.5377479791641235","0.4035743772983551","0.4035743772983551","0.4035743772983551"
"2290","0.3397277593612671","0.3397277593612671","0.3397277593612671","0.32748299837112427","0.32748299837112427","0.32748299837112427","0.4947364926338196","0.4947364926338196","0.4947364926338196","0.33950692415237427","0.33950692415237427","0.33950692415237427"
"2300","0.36060675978660583","0.36060675978660583","0.36060675978660583","0.3108150362968445","0.3108150362968445","0.3108150362968445","0.5131984949111938","0.5131984949111938","0.5131984949111938","0.35839158296585083","0.35839158296585083","0.35839158296585083"
"2310","0.37501221895217896","0.37501221895217896","0.37501221895217896","0.32623291015625","0.32623291015625","0.32623291015625","0.5284878015518188","0.5284878015518188","0.5284878015518188","0.3740882873535156","0.3740882873535156","0.3740882873535156"
"2320","0.30412864685058594","0.30412864685058594","0.30412864685058594","0.319576621055603","0.319576621055603","0.319576621055603","0.4315192997455597","0.4315192997455597","0.4315192997455597","0.3017013370990753","0.3017013370990753","0.3017013370990753"
"2330","0.39277952909469604","0.39277952909469604","0.39277952909469604","0.32256659865379333","0.32256659865379333","0.32256659865379333","0.5359088778495789","0.5359088778495789","0.5359088778495789","0.3887740969657898","0.3887740969657898","0.3887740969657898"
"2340","0.3755733370780945","0.3755733370780945","0.3755733370780945","0.3183387815952301","0.3183387815952301","0.3183387815952301","0.5191154479980469","0.5191154479980469","0.5191154479980469","0.3718128204345703","0.3718128204345703","0.3718128204345703"
"2350","0.34932518005371094","0.34932518005371094","0.34932518005371094","0.3127685487270355","0.3127685487270355","0.3127685487270355","0.5027527213096619","0.5027527213096619","0.5027527213096619","0.3460845947265625","0.3460845947265625","0.3460845947265625"
"2360","0.34087979793548584","0.34087979793548584","0.34087979793548584","0.316363126039505","0.316363126039505","0.316363126039505","0.48537522554397583","0.48537522554397583","0.48537522554397583","0.3374263644218445","0.3374263644218445","0.3374263644218445"
"2370","0.34455645084381104","0.34455645084381104","0.34455645084381104","0.32084769010543823","0.32084769010543823","0.32084769010543823","0.501617431640625","0.501617431640625","0.501617431640625","0.3419380187988281","0.3419380187988281","0.3419380187988281"
"2380","0.3792984187602997","0.3792984187602997","0.3792984187602997","0.31976431608200073","0.31976431608200073","0.31976431608200073","0.5255622863769531","0.5255622863769531","0.5255622863769531","0.3768634796142578","0.3768634796142578","0.3768634796142578"
"2390","0.36263540387153625","0.36263540387153625","0.36263540387153625","0.3253158628940582","0.3253158628940582","0.3253158628940582","0.5148444771766663","0.5148444771766663","0.5148444771766663","0.35990220308303833","0.35990220308303833","0.35990220308303833"
"2400","0.4206581115722656","0.4206581115722656","0.4206581115722656","0.3273658752441406","0.3273658752441406","0.3273658752441406","0.5540221929550171","0.5540221929550171","0.5540221929550171","0.41888007521629333","0.41888007521629333","0.41888007521629333"
"2410","0.3579521179199219","0.3579521179199219","0.3579521179199219","0.31498414278030396","0.31498414278030396","0.31498414278030396","0.5146632790565491","0.5146632790565491","0.5146632790565491","0.35599249601364136","0.35599249601364136","0.35599249601364136"
"2420","0.35836145281791687","0.35836145281791687","0.35836145281791687","0.3252159059047699","0.3252159059047699","0.3252159059047699","0.5045463442802429","0.5045463442802429","0.5045463442802429","0.35514986515045166","0.35514986515045166","0.35514986515045166"
"2430","0.3739948570728302","0.3739948570728302","0.3739948570728302","0.3274673521518707","0.3274673521518707","0.3274673521518707","0.517238974571228","0.517238974571228","0.517238974571228","0.3708946108818054","0.3708946108818054","0.3708946108818054"
"2440","0.3657058775424957","0.3657058775424957","0.3657058775424957","0.32699280977249146","0.32699280977249146","0.32699280977249146","0.5135616064071655","0.5135616064071655","0.5135616064071655","0.36256372928619385","0.36256372928619385","0.36256372928619385"
"2450","0.3774959444999695","0.3774959444999695","0.3774959444999695","0.317352294921875","0.317352294921875","0.317352294921875","0.5244442224502563","0.5244442224502563","0.5244442224502563","0.3773101568222046","0.3773101568222046","0.3773101568222046"
"2460","0.4535766541957855","0.4535766541957855","0.4535766541957855","0.3217441737651825","0.3217441737651825","0.3217441737651825","0.5808792114257812","0.5808792114257812","0.5808792114257812","0.4508335292339325","0.4508335292339325","0.4508335292339325"
"2470","0.406162291765213","0.406162291765213","0.406162291765213","0.3307666778564453","0.3307666778564453","0.3307666778564453","0.5449535846710205","0.5449535846710205","0.5449535846710205","0.4036189913749695","0.4036189913749695","0.4036189913749695"
"2480","0.3895450532436371","0.3895450532436371","0.3895450532436371","0.3220115602016449","0.3220115602016449","0.3220115602016449","0.5321629047393799","0.5321629047393799","0.5321629047393799","0.3861217498779297","0.3861217498779297","0.3861217498779297"
"2490","0.34989625215530396","0.34989625215530396","0.34989625215530396","0.3302135467529297","0.3302135467529297","0.3302135467529297","0.49379652738571167","0.49379652738571167","0.49379652738571167","0.347042441368103","0.347042441368103","0.347042441368103"
"2500","0.3506507873535156","0.3506507873535156","0.3506507873535156","0.31662482023239136","0.31662482023239136","0.31662482023239136","0.4988693296909332","0.4988693296909332","0.4988693296909332","0.34819871187210083","0.34819871187210083","0.34819871187210083"
"2510","0.3964458405971527","0.3964458405971527","0.3964458405971527","0.3254871368408203","0.3254871368408203","0.3254871368408203","0.5263633728027344","0.5263633728027344","0.5263633728027344","0.3946514427661896","0.3946514427661896","0.3946514427661896"
"2520","0.4575222134590149","0.4575222134590149","0.4575222134590149","0.30827751755714417","0.30827751755714417","0.30827751755714417","0.583355724811554","0.583355724811554","0.583355724811554","0.45510101318359375","0.45510101318359375","0.45510101318359375"
"2530","0.3651778995990753","0.3651778995990753","0.3651778995990753","0.3186146020889282","0.3186146020889282","0.3186146020889282","0.5122753381729126","0.5122753381729126","0.5122753381729126","0.3624267578125","0.3624267578125","0.3624267578125"
"2540","0.3651634156703949","0.3651634156703949","0.3651634156703949","0.3278324007987976","0.3278324007987976","0.3278324007987976","0.5128406882286072","0.5128406882286072","0.5128406882286072","0.3618495762348175","0.3618495762348175","0.3618495762348175"
"2550","0.3642417788505554","0.3642417788505554","0.3642417788505554","0.3273872435092926","0.3273872435092926","0.3273872435092926","0.5065689086914062","0.5065689086914062","0.5065689086914062","0.3605022430419922","0.3605022430419922","0.3605022430419922"
"2560","0.39435499906539917","0.39435499906539917","0.39435499906539917","0.31294214725494385","0.31294214725494385","0.31294214725494385","0.5342464447021484","0.5342464447021484","0.5342464447021484","0.39176368713378906","0.39176368713378906","0.39176368713378906"
"2570","0.3583301603794098","0.3583301603794098","0.3583301603794098","0.3225337862968445","0.3225337862968445","0.3225337862968445","0.508029580116272","0.508029580116272","0.508029580116272","0.35584717988967896","0.35584717988967896","0.35584717988967896"
"2580","0.37468260526657104","0.37468260526657104","0.37468260526657104","0.3300308585166931","0.3300308585166931","0.3300308585166931","0.5197662711143494","0.5197662711143494","0.5197662711143494","0.3710002899169922","0.3710002899169922","0.3710002899169922"
"2590","0.3558017909526825","0.3558017909526825","0.3558017909526825","0.32633551955223083","0.32633551955223083","0.32633551955223083","0.4999191164970398","0.4999191164970398","0.4999191164970398","0.35324743390083313","0.35324743390083313","0.35324743390083313"
"2600","0.3647136688232422","0.3647136688232422","0.3647136688232422","0.3293086886405945","0.3293086886405945","0.3293086886405945","0.5069149136543274","0.5069149136543274","0.5069149136543274","0.3620189428329468","0.3620189428329468","0.3620189428329468"
"2610","0.36887702345848083","0.36887702345848083","0.36887702345848083","0.3298629820346832","0.3298629820346832","0.3298629820346832","0.5118964910507202","0.5118964910507202","0.5118964910507202","0.3658439517021179","0.3658439517021179","0.3658439517021179"
"2620","0.4274631440639496","0.4274631440639496","0.4274631440639496","0.33338892459869385","0.33338892459869385","0.33338892459869385","0.558943510055542","0.558943510055542","0.558943510055542","0.42481574416160583","0.42481574416160583","0.42481574416160583"
"2630","0.3581504821777344","0.3581504821777344","0.3581504821777344","0.32482147216796875","0.32482147216796875","0.32482147216796875","0.5026454925537109","0.5026454925537109","0.5026454925537109","0.35587576031684875","0.35587576031684875","0.35587576031684875"
"2640","0.3855651915073395","0.3855651915073395","0.3855651915073395","0.3342956602573395","0.3342956602573395","0.3342956602573395","0.5230327844619751","0.5230327844619751","0.5230327844619751","0.38266754150390625","0.38266754150390625","0.38266754150390625"
"2650","0.3730308413505554","0.3730308413505554","0.3730308413505554","0.3261566162109375","0.3261566162109375","0.3261566162109375","0.5166298151016235","0.5166298151016235","0.5166298151016235","0.36974412202835083","0.36974412202835083","0.36974412202835083"
"2660","0.4108348786830902","0.4108348786830902","0.4108348786830902","0.3346240818500519","0.3346240818500519","0.3346240818500519","0.5466926693916321","0.5466926693916321","0.5466926693916321","0.4084911346435547","0.4084911346435547","0.4084911346435547"
"2670","0.45121800899505615","0.45121800899505615","0.45121800899505615","0.3233600854873657","0.3233600854873657","0.3233600854873657","0.5773937702178955","0.5773937702178955","0.5773937702178955","0.4492626190185547","0.4492626190185547","0.4492626190185547"
"2680","0.4355461001396179","0.4355461001396179","0.4355461001396179","0.3286849856376648","0.3286849856376648","0.3286849856376648","0.5671653747558594","0.5671653747558594","0.5671653747558594","0.4333721101284027","0.4333721101284027","0.4333721101284027"
"2690","0.364205926656723","0.364205926656723","0.364205926656723","0.332650750875473","0.332650750875473","0.332650750875473","0.5086532831192017","0.5086532831192017","0.5086532831192017","0.36174851655960083","0.36174851655960083","0.36174851655960083"
"2700","0.37246668338775635","0.37246668338775635","0.37246668338775635","0.3264285922050476","0.3264285922050476","0.3264285922050476","0.5159469842910767","0.5159469842910767","0.5159469842910767","0.3719112277030945","0.3719112277030945","0.3719112277030945"
"2710","0.3709483742713928","0.3709483742713928","0.3709483742713928","0.32537269592285156","0.32537269592285156","0.32537269592285156","0.5150085687637329","0.5150085687637329","0.5150085687637329","0.3658161163330078","0.3658161163330078","0.3658161163330078"
"2720","0.37360456585884094","0.37360456585884094","0.37360456585884094","0.31595802307128906","0.31595802307128906","0.31595802307128906","0.5166633725166321","0.5166633725166321","0.5166633725166321","0.37098124623298645","0.37098124623298645","0.37098124623298645"
"2730","0.4447364807128906","0.4447364807128906","0.4447364807128906","0.32418519258499146","0.32418519258499146","0.32418519258499146","0.5797866582870483","0.5797866582870483","0.5797866582870483","0.4446120858192444","0.4446120858192444","0.4446120858192444"
"2740","0.37192076444625854","0.37192076444625854","0.37192076444625854","0.33654099702835083","0.33654099702835083","0.33654099702835083","0.51473468542099","0.51473468542099","0.51473468542099","0.3704853057861328","0.3704853057861328","0.3704853057861328"
"2750","0.34553033113479614","0.34553033113479614","0.34553033113479614","0.3378456234931946","0.3378456234931946","0.3378456234931946","0.4917430877685547","0.4917430877685547","0.4917430877685547","0.3432147800922394","0.3432147800922394","0.3432147800922394"
"2760","0.362557590007782","0.362557590007782","0.362557590007782","0.32825392484664917","0.32825392484664917","0.32825392484664917","0.5047507882118225","0.5047507882118225","0.5047507882118225","0.3602310121059418","0.3602310121059418","0.3602310121059418"
"2770","0.3685276210308075","0.3685276210308075","0.3685276210308075","0.3360908627510071","0.3360908627510071","0.3360908627510071","0.5136173367500305","0.5136173367500305","0.5136173367500305","0.36747244000434875","0.36747244000434875","0.36747244000434875"
"2780","0.3712043762207031","0.3712043762207031","0.3712043762207031","0.3333568572998047","0.3333568572998047","0.3333568572998047","0.5160773992538452","0.5160773992538452","0.5160773992538452","0.36967962980270386","0.36967962980270386","0.36967962980270386"
"2790","0.3624786138534546","0.3624786138534546","0.3624786138534546","0.3362712860107422","0.3362712860107422","0.3362712860107422","0.5035568475723267","0.5035568475723267","0.5035568475723267","0.3600417971611023","0.3600417971611023","0.3600417971611023"
"2800","0.3736770749092102","0.3736770749092102","0.3736770749092102","0.33198240399360657","0.33198240399360657","0.33198240399360657","0.5142180919647217","0.5142180919647217","0.5142180919647217","0.37103271484375","0.37103271484375","0.37103271484375"
"2810","0.39278489351272583","0.39278489351272583","0.39278489351272583","0.3355773985385895","0.3355773985385895","0.3355773985385895","0.5296981334686279","0.5296981334686279","0.5296981334686279","0.3902721405029297","0.3902721405029297","0.3902721405029297"
"2820","0.40895652770996094","0.40895652770996094","0.40895652770996094","0.3347736597061157","0.3347736597061157","0.3347736597061157","0.5455654263496399","0.5455654263496399","0.5455654263496399","0.4069976806640625","0.4069976806640625","0.4069976806640625"
"2830","0.36861610412597656","0.36861610412597656","0.36861610412597656","0.33620721101760864","0.33620721101760864","0.33620721101760864","0.512045681476593","0.512045681476593","0.512045681476593","0.3667945861816406","0.3667945861816406","0.3667945861816406"
"2840","0.3782058656215668","0.3782058656215668","0.3782058656215668","0.3365066647529602","0.3365066647529602","0.3365066647529602","0.5220661163330078","0.5220661163330078","0.5220661163330078","0.37555694580078125","0.37555694580078125","0.37555694580078125"
"2850","0.3813953399658203","0.3813953399658203","0.3813953399658203","0.33649942278862","0.33649942278862","0.33649942278862","0.5284343957901001","0.5284343957901001","0.5284343957901001","0.3791309595108032","0.3791309595108032","0.3791309595108032"
"2860","0.37343865633010864","0.37343865633010864","0.37343865633010864","0.3335857391357422","0.3335857391357422","0.3335857391357422","0.5165160894393921","0.5165160894393921","0.5165160894393921","0.3713546693325043","0.3713546693325043","0.3713546693325043"
"2870","0.36999472975730896","0.36999472975730896","0.36999472975730896","0.3363422453403473","0.3363422453403473","0.3363422453403473","0.5144710540771484","0.5144710540771484","0.5144710540771484","0.3692043423652649","0.3692043423652649","0.3692043423652649"
"2880","0.3756469488143921","0.3756469488143921","0.3756469488143921","0.3376457095146179","0.3376457095146179","0.3376457095146179","0.5185806751251221","0.5185806751251221","0.5185806751251221","0.3748008608818054","0.3748008608818054","0.3748008608818054"
"2890","0.37475699186325073","0.37475699186325073","0.37475699186325073","0.3256828188896179","0.3256828188896179","0.3256828188896179","0.5183998346328735","0.5183998346328735","0.5183998346328735","0.3731929659843445","0.3731929659843445","0.3731929659843445"
"2900","0.37574347853660583","0.37574347853660583","0.37574347853660583","0.31502875685691833","0.31502875685691833","0.31502875685691833","0.5207183957099915","0.5207183957099915","0.5207183957099915","0.3739124536514282","0.3739124536514282","0.3739124536514282"
"2910","0.4215579926967621","0.4215579926967621","0.4215579926967621","0.3232002258300781","0.3232002258300781","0.3232002258300781","0.5516208410263062","0.5516208410263062","0.5516208410263062","0.4210243225097656","0.4210243225097656","0.4210243225097656"
"2920","0.45103684067726135","0.45103684067726135","0.45103684067726135","0.3199935853481293","0.3199935853481293","0.3199935853481293","0.5764698386192322","0.5764698386192322","0.5764698386192322","0.45018041133880615","0.45018041133880615","0.45018041133880615"
"2930","0.3762664794921875","0.3762664794921875","0.3762664794921875","0.3275127410888672","0.3275127410888672","0.3275127410888672","0.524828314781189","0.524828314781189","0.524828314781189","0.37374457716941833","0.37374457716941833","0.37374457716941833"
"2940","0.3909866213798523","0.3909866213798523","0.3909866213798523","0.3308303952217102","0.3308303952217102","0.3308303952217102","0.5284027457237244","0.5284027457237244","0.5284027457237244","0.38813894987106323","0.38813894987106323","0.38813894987106323"
"2950","0.4206272065639496","0.4206272065639496","0.4206272065639496","0.3327995240688324","0.3327995240688324","0.3327995240688324","0.5566165447235107","0.5566165447235107","0.5566165447235107","0.4170631468296051","0.4170631468296051","0.4170631468296051"
"2960","0.3741283416748047","0.3741283416748047","0.3741283416748047","0.3441738188266754","0.3441738188266754","0.3441738188266754","0.5154106020927429","0.5154106020927429","0.5154106020927429","0.3707939386367798","0.3707939386367798","0.3707939386367798"
"2970","0.3899497985839844","0.3899497985839844","0.3899497985839844","0.329672634601593","0.329672634601593","0.329672634601593","0.5354900360107422","0.5354900360107422","0.5354900360107422","0.3867061734199524","0.3867061734199524","0.3867061734199524"
"2980","0.4379993677139282","0.4379993677139282","0.4379993677139282","0.33110886812210083","0.33110886812210083","0.33110886812210083","0.5683353543281555","0.5683353543281555","0.5683353543281555","0.4352855682373047","0.4352855682373047","0.4352855682373047"
"2990","0.3649059534072876","0.3649059534072876","0.3649059534072876","0.3147422671318054","0.3147422671318054","0.3147422671318054","0.5147155523300171","0.5147155523300171","0.5147155523300171","0.3624931573867798","0.3624931573867798","0.3624931573867798"
"3000","0.40578383207321167","0.40578383207321167","0.40578383207321167","0.341213583946228","0.341213583946228","0.341213583946228","0.5410823822021484","0.5410823822021484","0.5410823822021484","0.40384024381637573","0.40384024381637573","0.40384024381637573"
"3010","0.5092357397079468","0.5092357397079468","0.5092357397079468","0.3414413332939148","0.3414413332939148","0.3414413332939148","0.619550347328186","0.619550347328186","0.619550347328186","0.5075435638427734","0.5075435638427734","0.5075435638427734"
"3020","0.38078346848487854","0.38078346848487854","0.38078346848487854","0.3299785554409027","0.3299785554409027","0.3299785554409027","0.5177379846572876","0.5177379846572876","0.5177379846572876","0.37884292006492615","0.37884292006492615","0.37884292006492615"
"3030","0.36383289098739624","0.36383289098739624","0.36383289098739624","0.3406353294849396","0.3406353294849396","0.3406353294849396","0.5015533566474915","0.5015533566474915","0.5015533566474915","0.36200177669525146","0.36200177669525146","0.36200177669525146"
"3040","0.4584796726703644","0.4584796726703644","0.4584796726703644","0.33553045988082886","0.33553045988082886","0.33553045988082886","0.5905869007110596","0.5905869007110596","0.5905869007110596","0.45638734102249146","0.45638734102249146","0.45638734102249146"
"3050","0.4486732482910156","0.4486732482910156","0.4486732482910156","0.3292919099330902","0.3292919099330902","0.3292919099330902","0.5721153020858765","0.5721153020858765","0.5721153020858765","0.4465778172016144","0.4465778172016144","0.4465778172016144"
"3060","0.3788307309150696","0.3788307309150696","0.3788307309150696","0.3350372314453125","0.3350372314453125","0.3350372314453125","0.5238555669784546","0.5238555669784546","0.5238555669784546","0.3764915466308594","0.3764915466308594","0.3764915466308594"
"3070","0.39529457688331604","0.39529457688331604","0.39529457688331604","0.3432125449180603","0.3432125449180603","0.3432125449180603","0.5353943109512329","0.5353943109512329","0.5353943109512329","0.3934062719345093","0.3934062719345093","0.3934062719345093"
"3080","0.3723197877407074","0.3723197877407074","0.3723197877407074","0.34206122159957886","0.34206122159957886","0.34206122159957886","0.5139338970184326","0.5139338970184326","0.5139338970184326","0.3703533113002777","0.3703533113002777","0.3703533113002777"
"3090","0.3882850408554077","0.3882850408554077","0.3882850408554077","0.34410321712493896","0.34410321712493896","0.34410321712493896","0.5320594310760498","0.5320594310760498","0.5320594310760498","0.38613662123680115","0.38613662123680115","0.38613662123680115"
"3100","0.4402141571044922","0.4402141571044922","0.4402141571044922","0.3430282473564148","0.3430282473564148","0.3430282473564148","0.5709152221679688","0.5709152221679688","0.5709152221679688","0.43908995389938354","0.43908995389938354","0.43908995389938354"
"3110","0.40295904874801636","0.40295904874801636","0.40295904874801636","0.3365424871444702","0.3365424871444702","0.3365424871444702","0.5398147702217102","0.5398147702217102","0.5398147702217102","0.4007343053817749","0.4007343053817749","0.4007343053817749"
"3120","0.37848323583602905","0.37848323583602905","0.37848323583602905","0.3385421931743622","0.3385421931743622","0.3385421931743622","0.5199089050292969","0.5199089050292969","0.5199089050292969","0.3755439817905426","0.3755439817905426","0.3755439817905426"
"3130","0.3816688656806946","0.3816688656806946","0.3816688656806946","0.3399776220321655","0.3399776220321655","0.3399776220321655","0.5221698880195618","0.5221698880195618","0.5221698880195618","0.3800373077392578","0.3800373077392578","0.3800373077392578"
"3140","0.38317298889160156","0.38317298889160156","0.38317298889160156","0.3409790098667145","0.3409790098667145","0.3409790098667145","0.5138565301895142","0.5138565301895142","0.5138565301895142","0.3806617558002472","0.3806617558002472","0.3806617558002472"
"3150","0.3722541928291321","0.3722541928291321","0.3722541928291321","0.3404712677001953","0.3404712677001953","0.3404712677001953","0.5182964205741882","0.5182964205741882","0.5182964205741882","0.36997300386428833","0.36997300386428833","0.36997300386428833"
"3160","0.375222772359848","0.375222772359848","0.375222772359848","0.3470878601074219","0.3470878601074219","0.3470878601074219","0.5157959461212158","0.5157959461212158","0.5157959461212158","0.3721034824848175","0.3721034824848175","0.3721034824848175"
"3170","0.3718029260635376","0.3718029260635376","0.3718029260635376","0.34001731872558594","0.34001731872558594","0.34001731872558594","0.5116897821426392","0.5116897821426392","0.5116897821426392","0.3689350187778473","0.3689350187778473","0.3689350187778473"
"3180","0.37647247314453125","0.37647247314453125","0.37647247314453125","0.34318655729293823","0.34318655729293823","0.34318655729293823","0.5200061798095703","0.5200061798095703","0.5200061798095703","0.37203139066696167","0.37203139066696167","0.37203139066696167"
"3190","0.43379709124565125","0.43379709124565125","0.43379709124565125","0.33554649353027344","0.33554649353027344","0.33554649353027344","0.5763435363769531","0.5763435363769531","0.5763435363769531","0.465676486492157","0.465676486492157","0.465676486492157"
"3200","0.38732221722602844","0.38732221722602844","0.38732221722602844","0.34088706970214844","0.34088706970214844","0.34088706970214844","0.530207097530365","0.530207097530365","0.530207097530365","0.38734132051467896","0.38734132051467896","0.38734132051467896"
"3210","0.36576348543167114","0.36576348543167114","0.36576348543167114","0.3417552709579468","0.3417552709579468","0.3417552709579468","0.507824718952179","0.507824718952179","0.507824718952179","0.3652343451976776","0.3652343451976776","0.3652343451976776"
"3220","0.3794136047363281","0.3794136047363281","0.3794136047363281","0.3412700593471527","0.3412700593471527","0.3412700593471527","0.5208908319473267","0.5208908319473267","0.5208908319473267","0.38200342655181885","0.38200342655181885","0.38200342655181885"
"3230","0.374990850687027","0.374990850687027","0.374990850687027","0.3470260798931122","0.3470260798931122","0.3470260798931122","0.5166854858398438","0.5166854858398438","0.5166854858398438","0.37313807010650635","0.37313807010650635","0.37313807010650635"
"3240","0.37289464473724365","0.37289464473724365","0.37289464473724365","0.3436828553676605","0.3436828553676605","0.3436828553676605","0.5159358978271484","0.5159358978271484","0.5159358978271484","0.37072980403900146","0.37072980403900146","0.37072980403900146"
"3250","0.3854789733886719","0.3854789733886719","0.3854789733886719","0.340432345867157","0.340432345867157","0.340432345867157","0.5281509160995483","0.5281509160995483","0.5281509160995483","0.38454094529151917","0.38454094529151917","0.38454094529151917"
"3260","0.49023550748825073","0.49023550748825073","0.49023550748825073","0.3433387875556946","0.3433387875556946","0.3433387875556946","0.6103187799453735","0.6103187799453735","0.6103187799453735","0.4970901608467102","0.4970901608467102","0.4970901608467102"
"3270","0.4626201391220093","0.4626201391220093","0.4626201391220093","0.34017446637153625","0.34017446637153625","0.34017446637153625","0.5864131450653076","0.5864131450653076","0.5864131450653076","0.46339839696884155","0.46339839696884155","0.46339839696884155"
"3280","0.4093906283378601","0.4093906283378601","0.4093906283378601","0.3500049412250519","0.3500049412250519","0.3500049412250519","0.5421878695487976","0.5421878695487976","0.5421878695487976","0.40972480177879333","0.40972480177879333","0.40972480177879333"
"3290","0.37603989243507385","0.37603989243507385","0.37603989243507385","0.3486064672470093","0.3486064672470093","0.3486064672470093","0.5348575711250305","0.5348575711250305","0.5348575711250305","0.3874134123325348","0.3874134123325348","0.3874134123325348"
"3300","0.3816818296909332","0.3816818296909332","0.3816818296909332","0.3437564969062805","0.3437564969062805","0.3437564969062805","0.5261543393135071","0.5261543393135071","0.5261543393135071","0.3792751133441925","0.3792751133441925","0.3792751133441925"
"3310","0.3794887661933899","0.3794887661933899","0.3794887661933899","0.34503862261772156","0.34503862261772156","0.34503862261772156","0.5182971954345703","0.5182971954345703","0.5182971954345703","0.3779880404472351","0.3779880404472351","0.3779880404472351"
"3320","0.38323402404785156","0.38323402404785156","0.38323402404785156","0.3424087464809418","0.3424087464809418","0.3424087464809418","0.5244156122207642","0.5244156122207642","0.5244156122207642","0.38233450055122375","0.38233450055122375","0.38233450055122375"
"3330","0.3780391812324524","0.3780391812324524","0.3780391812324524","0.3449329435825348","0.3449329435825348","0.3449329435825348","0.5196254849433899","0.5196254849433899","0.5196254849433899","0.3770149350166321","0.3770149350166321","0.3770149350166321"
"3340","0.37791329622268677","0.37791329622268677","0.37791329622268677","0.34706804156303406","0.34706804156303406","0.34706804156303406","0.5193321108818054","0.5193321108818054","0.5193321108818054","0.37636756896972656","0.37636756896972656","0.37636756896972656"
"3350","0.44485777616500854","0.44485777616500854","0.44485777616500854","0.34191781282424927","0.34191781282424927","0.34191781282424927","0.5755382776260376","0.5755382776260376","0.5755382776260376","0.4440280795097351","0.4440280795097351","0.4440280795097351"
"3360","0.41214486956596375","0.41214486956596375","0.41214486956596375","0.3457805812358856","0.3457805812358856","0.3457805812358856","0.5656578540802002","0.5656578540802002","0.5656578540802002","0.43735313415527344","0.43735313415527344","0.43735313415527344"
"3370","0.38395655155181885","0.38395655155181885","0.38395655155181885","0.3105926215648651","0.3105926215648651","0.3105926215648651","0.526628851890564","0.526628851890564","0.526628851890564","0.38263246417045593","0.38263246417045593","0.38263246417045593"
"3380","0.4133533537387848","0.4133533537387848","0.4133533537387848","0.34299585223197937","0.34299585223197937","0.34299585223197937","0.5807620882987976","0.5807620882987976","0.5807620882987976","0.4552505612373352","0.4552505612373352","0.4552505612373352"
"3390","0.3838161528110504","0.3838161528110504","0.3838161528110504","0.34149590134620667","0.34149590134620667","0.34149590134620667","0.5247982144355774","0.5247982144355774","0.5247982144355774","0.382720947265625","0.382720947265625","0.382720947265625"
"3400","0.44329071044921875","0.44329071044921875","0.44329071044921875","0.34986841678619385","0.34986841678619385","0.34986841678619385","0.5696601867675781","0.5696601867675781","0.5696601867675781","0.4413543939590454","0.4413543939590454","0.4413543939590454"
"3410","0.38282930850982666","0.38282930850982666","0.38282930850982666","0.34104424715042114","0.34104424715042114","0.34104424715042114","0.5186599493026733","0.5186599493026733","0.5186599493026733","0.38129693269729614","0.38129693269729614","0.38129693269729614"
"3420","0.3875507414340973","0.3875507414340973","0.3875507414340973","0.33970528841018677","0.33970528841018677","0.33970528841018677","0.5326111316680908","0.5326111316680908","0.5326111316680908","0.3868274688720703","0.3868274688720703","0.3868274688720703"
"3430","0.4432567358016968","0.4432567358016968","0.4432567358016968","0.3435821533203125","0.3435821533203125","0.3435821533203125","0.5757118463516235","0.5757118463516235","0.5757118463516235","0.44253653287887573","0.44253653287887573","0.44253653287887573"
"3440","0.4395751953125","0.4395751953125","0.4395751953125","0.3442230224609375","0.3442230224609375","0.3442230224609375","0.5745506286621094","0.5745506286621094","0.5745506286621094","0.4403419494628906","0.4403419494628906","0.4403419494628906"
"3450","0.3772239685058594","0.3772239685058594","0.3772239685058594","0.3482684791088104","0.3482684791088104","0.3482684791088104","0.521841824054718","0.521841824054718","0.521841824054718","0.37482449412345886","0.37482449412345886","0.37482449412345886"
"3460","0.410396933555603","0.410396933555603","0.410396933555603","0.336312860250473","0.336312860250473","0.336312860250473","0.5468437671661377","0.5468437671661377","0.5468437671661377","0.4112052917480469","0.4112052917480469","0.4112052917480469"
"3470","0.44351160526275635","0.44351160526275635","0.44351160526275635","0.34672659635543823","0.34672659635543823","0.34672659635543823","0.5705928802490234","0.5705928802490234","0.5705928802490234","0.44309577345848083","0.44309577345848083","0.44309577345848083"
"3480","0.42909812927246094","0.42909812927246094","0.42909812927246094","0.3526729345321655","0.3526729345321655","0.3526729345321655","0.5552421808242798","0.5552421808242798","0.5552421808242798","0.427716463804245","0.427716463804245","0.427716463804245"
"3490","0.3983756899833679","0.3983756899833679","0.3983756899833679","0.3473014831542969","0.3473014831542969","0.3473014831542969","0.5376582741737366","0.5376582741737366","0.5376582741737366","0.39676475524902344","0.39676475524902344","0.39676475524902344"
"3500","0.38012808561325073","0.38012808561325073","0.38012808561325073","0.35067519545555115","0.35067519545555115","0.35067519545555115","0.5161541104316711","0.5161541104316711","0.5161541104316711","0.3782058656215668","0.3782058656215668","0.3782058656215668"
"3510","0.45666125416755676","0.45666125416755676","0.45666125416755676","0.32166749238967896","0.32166749238967896","0.32166749238967896","0.575448215007782","0.575448215007782","0.575448215007782","0.4555683135986328","0.4555683135986328","0.4555683135986328"
"3520","0.38889503479003906","0.38889503479003906","0.38889503479003906","0.34059372544288635","0.34059372544288635","0.34059372544288635","0.5271000266075134","0.5271000266075134","0.5271000266075134","0.38720476627349854","0.38720476627349854","0.38720476627349854"
"3530","0.3865402340888977","0.3865402340888977","0.3865402340888977","0.34363478422164917","0.34363478422164917","0.34363478422164917","0.5253947973251343","0.5253947973251343","0.5253947973251343","0.3848586976528168","0.3848586976528168","0.3848586976528168"
"3540","0.38333359360694885","0.38333359360694885","0.38333359360694885","0.3503303527832031","0.3503303527832031","0.3503303527832031","0.5194442868232727","0.5194442868232727","0.5194442868232727","0.38146817684173584","0.38146817684173584","0.38146817684173584"
"3550","0.5160205960273743","0.5160205960273743","0.5160205960273743","0.3485832214355469","0.3485832214355469","0.3485832214355469","0.6253963112831116","0.6253963112831116","0.6253963112831116","0.5147426724433899","0.5147426724433899","0.5147426724433899"
"3560","0.414118230342865","0.414118230342865","0.414118230342865","0.3472720980644226","0.3472720980644226","0.3472720980644226","0.5477412939071655","0.5477412939071655","0.5477412939071655","0.412985235452652","0.412985235452652","0.412985235452652"
"3570","0.38283732533454895","0.38283732533454895","0.38283732533454895","0.34949836134910583","0.34949836134910583","0.34949836134910583","0.5240364074707031","0.5240364074707031","0.5240364074707031","0.3812526762485504","0.3812526762485504","0.3812526762485504"
"3580","0.4453529119491577","0.4453529119491577","0.4453529119491577","0.3529376983642578","0.3529376983642578","0.3529376983642578","0.5722572207450867","0.5722572207450867","0.5722572207450867","0.44450265169143677","0.44450265169143677","0.44450265169143677"
"3590","0.3970165252685547","0.3970165252685547","0.3970165252685547","0.3510631322860718","0.3510631322860718","0.3510631322860718","0.5353866219520569","0.5353866219520569","0.5353866219520569","0.39638710021972656","0.39638710021972656","0.39638710021972656"
"3600","0.39262351393699646","0.39262351393699646","0.39262351393699646","0.34307822585105896","0.34307822585105896","0.34307822585105896","0.532815158367157","0.532815158367157","0.532815158367157","0.39164698123931885","0.39164698123931885","0.39164698123931885"
"3610","0.39641955494880676","0.39641955494880676","0.39641955494880676","0.3444629907608032","0.3444629907608032","0.3444629907608032","0.5370079278945923","0.5370079278945923","0.5370079278945923","0.3963150084018707","0.3963150084018707","0.3963150084018707"
"3620","0.3945213556289673","0.3945213556289673","0.3945213556289673","0.3529483675956726","0.3529483675956726","0.3529483675956726","0.5328578948974609","0.5328578948974609","0.5328578948974609","0.39317819476127625","0.39317819476127625","0.39317819476127625"
"3630","0.4577232301235199","0.4577232301235199","0.4577232301235199","0.35303762555122375","0.35303762555122375","0.35303762555122375","0.5918658971786499","0.5918658971786499","0.5918658971786499","0.4594760835170746","0.4594760835170746","0.4594760835170746"
"3640","0.41381609439849854","0.41381609439849854","0.41381609439849854","0.352255642414093","0.352255642414093","0.352255642414093","0.5503318905830383","0.5503318905830383","0.5503318905830383","0.4130813479423523","0.4130813479423523","0.4130813479423523"
"3650","0.39211463928222656","0.39211463928222656","0.39211463928222656","0.36032599210739136","0.36032599210739136","0.36032599210739136","0.5392497777938843","0.5392497777938843","0.5392497777938843","0.3907886743545532","0.3907886743545532","0.3907886743545532"
"3660","0.3860229551792145","0.3860229551792145","0.3860229551792145","0.3511669337749481","0.3511669337749481","0.3511669337749481","0.5263588428497314","0.5263588428497314","0.5263588428497314","0.3846023380756378","0.3846023380756378","0.3846023380756378"
"3670","0.39266544580459595","0.39266544580459595","0.39266544580459595","0.34846264123916626","0.34846264123916626","0.34846264123916626","0.5327247381210327","0.5327247381210327","0.5327247381210327","0.3916305601596832","0.3916305601596832","0.3916305601596832"
"3680","0.38230133056640625","0.38230133056640625","0.38230133056640625","0.3555641174316406","0.3555641174316406","0.3555641174316406","0.5242221355438232","0.5242221355438232","0.5242221355438232","0.38094672560691833","0.38094672560691833","0.38094672560691833"
"3690","0.39718207716941833","0.39718207716941833","0.39718207716941833","0.35585594177246094","0.35585594177246094","0.35585594177246094","0.535033106803894","0.535033106803894","0.535033106803894","0.3957359492778778","0.3957359492778778","0.3957359492778778"
"3700","0.4176521301269531","0.4176521301269531","0.4176521301269531","0.35029828548431396","0.35029828548431396","0.35029828548431396","0.5280025601387024","0.5280025601387024","0.5280025601387024","0.4172874391078949","0.4172874391078949","0.4172874391078949"
"3710","0.4244705140590668","0.4244705140590668","0.4244705140590668","0.3524395227432251","0.3524395227432251","0.3524395227432251","0.5562415719032288","0.5562415719032288","0.5562415719032288","0.42408525943756104","0.42408525943756104","0.42408525943756104"
"3720","0.3955543637275696","0.3955543637275696","0.3955543637275696","0.35627591609954834","0.35627591609954834","0.35627591609954834","0.5376209020614624","0.5376209020614624","0.5376209020614624","0.39443090558052063","0.39443090558052063","0.39443090558052063"
"3730","0.3895416259765625","0.3895416259765625","0.3895416259765625","0.34089547395706177","0.34089547395706177","0.34089547395706177","0.5326000452041626","0.5326000452041626","0.5326000452041626","0.38917118310928345","0.38917118310928345","0.38917118310928345"
"3740","0.5049686431884766","0.5049686431884766","0.5049686431884766","0.35618895292282104","0.35618895292282104","0.35618895292282104","0.615068793296814","0.615068793296814","0.615068793296814","0.5041999816894531","0.5041999816894531","0.5041999816894531"
"3750","0.42448732256889343","0.42448732256889343","0.42448732256889343","0.35089725255966187","0.35089725255966187","0.35089725255966187","0.5547024011611938","0.5547024011611938","0.5547024011611938","0.42310333251953125","0.42310333251953125","0.42310333251953125"
"3760","0.39078599214553833","0.39078599214553833","0.39078599214553833","0.360434353351593","0.360434353351593","0.360434353351593","0.5242546200752258","0.5242546200752258","0.5242546200752258","0.38969457149505615","0.38969457149505615","0.38969457149505615"
"3770","0.3887958526611328","0.3887958526611328","0.3887958526611328","0.35162925720214844","0.35162925720214844","0.35162925720214844","0.5300986766815186","0.5300986766815186","0.5300986766815186","0.3882015347480774","0.3882015347480774","0.3882015347480774"
"3780","0.39409559965133667","0.39409559965133667","0.39409559965133667","0.34613609313964844","0.34613609313964844","0.34613609313964844","0.5313892364501953","0.5313892364501953","0.5313892364501953","0.392935574054718","0.392935574054718","0.392935574054718"
"3790","0.4548759162425995","0.4548759162425995","0.4548759162425995","0.35253068804740906","0.35253068804740906","0.35253068804740906","0.5782779455184937","0.5782779455184937","0.5782779455184937","0.45344504714012146","0.45344504714012146","0.45344504714012146"
"3800","0.3922637701034546","0.3922637701034546","0.3922637701034546","0.3525947332382202","0.3525947332382202","0.3525947332382202","0.5298057794570923","0.5298057794570923","0.5298057794570923","0.39022940397262573","0.39022940397262573","0.39022940397262573"
"3810","0.3857787847518921","0.3857787847518921","0.3857787847518921","0.3487914800643921","0.3487914800643921","0.3487914800643921","0.5267894864082336","0.5267894864082336","0.5267894864082336","0.3848941922187805","0.3848941922187805","0.3848941922187805"
"3820","0.4181053042411804","0.4181053042411804","0.4181053042411804","0.3567439913749695","0.3567439913749695","0.3567439913749695","0.5502387881278992","0.5502387881278992","0.5502387881278992","0.41644516587257385","0.41644516587257385","0.41644516587257385"
"3830","0.44842416048049927","0.44842416048049927","0.44842416048049927","0.3528427481651306","0.3528427481651306","0.3528427481651306","0.5760558843612671","0.5760558843612671","0.5760558843612671","0.44577065110206604","0.44577065110206604","0.44577065110206604"
"3840","0.3783305883407593","0.3783305883407593","0.3783305883407593","0.3501873016357422","0.3501873016357422","0.3501873016357422","0.5103065371513367","0.5103065371513367","0.5103065371513367","0.37611159682273865","0.37611159682273865","0.37611159682273865"
"3850","0.37892454862594604","0.37892454862594604","0.37892454862594604","0.3429862856864929","0.3429862856864929","0.3429862856864929","0.5108161568641663","0.5108161568641663","0.5108161568641663","0.3772006630897522","0.3772006630897522","0.3772006630897522"
"3860","0.45102348923683167","0.45102348923683167","0.45102348923683167","0.3532879054546356","0.3532879054546356","0.3532879054546356","0.5743358731269836","0.5743358731269836","0.5743358731269836","0.4500972628593445","0.4500972628593445","0.4500972628593445"
"3870","0.3848651945590973","0.3848651945590973","0.3848651945590973","0.34964942932128906","0.34964942932128906","0.34964942932128906","0.5213649868965149","0.5213649868965149","0.5213649868965149","0.3834518790245056","0.3834518790245056","0.3834518790245056"
"3880","0.5716468691825867","0.5716468691825867","0.5716468691825867","0.35371094942092896","0.35371094942092896","0.35371094942092896","0.6674480438232422","0.6674480438232422","0.6674480438232422","0.5699421167373657","0.5699421167373657","0.5699421167373657"
"3890","0.4046035706996918","0.4046035706996918","0.4046035706996918","0.3540893495082855","0.3540893495082855","0.3540893495082855","0.5480350255966187","0.5480350255966187","0.5480350255966187","0.4026607573032379","0.4026607573032379","0.4026607573032379"
"3900","0.39243924617767334","0.39243924617767334","0.39243924617767334","0.3571292757987976","0.3571292757987976","0.3571292757987976","0.5294876098632812","0.5294876098632812","0.5294876098632812","0.39062193036079407","0.39062193036079407","0.39062193036079407"
"3910","0.45568352937698364","0.45568352937698364","0.45568352937698364","0.3540874421596527","0.3540874421596527","0.3540874421596527","0.5813385248184204","0.5813385248184204","0.5813385248184204","0.45466575026512146","0.45466575026512146","0.45466575026512146"
"3920","0.3863571286201477","0.3863571286201477","0.3863571286201477","0.3534976840019226","0.3534976840019226","0.3534976840019226","0.526614785194397","0.526614785194397","0.526614785194397","0.3859596252441406","0.3859596252441406","0.3859596252441406"
"3930","0.516584038734436","0.516584038734436","0.516584038734436","0.3121662139892578","0.3121662139892578","0.3121662139892578","0.626334011554718","0.626334011554718","0.626334011554718","0.5151351690292358","0.5151351690292358","0.5151351690292358"
"3940","0.39543458819389343","0.39543458819389343","0.39543458819389343","0.35617485642433167","0.35617485642433167","0.35617485642433167","0.5324951410293579","0.5324951410293579","0.5324951410293579","0.3944717347621918","0.3944717347621918","0.3944717347621918"
"3950","0.4429946541786194","0.4429946541786194","0.4429946541786194","0.35834962129592896","0.35834962129592896","0.35834962129592896","0.569009006023407","0.569009006023407","0.569009006023407","0.4422294795513153","0.4422294795513153","0.4422294795513153"
"3960","0.4013381898403168","0.4013381898403168","0.4013381898403168","0.3558795750141144","0.3558795750141144","0.3558795750141144","0.5391315221786499","0.5391315221786499","0.5391315221786499","0.40000268816947937","0.40000268816947937","0.40000268816947937"
"3970","0.5249450206756592","0.5249450206756592","0.5249450206756592","0.35313984751701355","0.35313984751701355","0.35313984751701355","0.6337989568710327","0.6337989568710327","0.6337989568710327","0.5240001678466797","0.5240001678466797","0.5240001678466797"
"3980","0.4007244408130646","0.4007244408130646","0.4007244408130646","0.35962486267089844","0.35962486267089844","0.35962486267089844","0.5394134521484375","0.5394134521484375","0.5394134521484375","0.39902952313423157","0.39902952313423157","0.39902952313423157"
"3990","0.3931964635848999","0.3931964635848999","0.3931964635848999","0.35940855741500854","0.35940855741500854","0.35940855741500854","0.5287624597549438","0.5287624597549438","0.5287624597549438","0.39184874296188354","0.39184874296188354","0.39184874296188354"
"4000","0.3977981507778168","0.3977981507778168","0.3977981507778168","0.354592502117157","0.354592502117157","0.354592502117157","0.5368732213973999","0.5368732213973999","0.5368732213973999","0.3966331481933594","0.3966331481933594","0.3966331481933594"
"4010","0.0004058837948832661","0.0004058837948832661","0.0004058837948832661","0.3190334439277649","0.3190334439277649","0.3190334439277649","0.5377861261367798","0.5377861261367798","0.5377861261367798","0.004217910580337048","0.004217910580337048","0.004217910580337048"
"4020","0.000614166259765625","0.000614166259765625","0.000614166259765625","0.35054513812065125","0.35054513812065125","0.35054513812065125","0.5890274047851562","0.5890274047851562","0.5890274047851562","0.00019760131544899195","0.00019760131544899195","0.00019760131544899195"
"4030","0.0004604339483194053","0.0004604339483194053","0.0004604339483194053","0.35138586163520813","0.35138586163520813","0.35138586163520813","0.538530707359314","0.538530707359314","0.538530707359314","0.0003879547002725303","0.0003879547002725303","0.0003879547002725303"
"4040","0.003509140107780695","0.003509140107780695","0.003509140107780695","0.33332785964012146","0.33332785964012146","0.33332785964012146","0.5483589172363281","0.5483589172363281","0.5483589172363281","0.00404968298971653","0.00404968298971653","0.00404968298971653"
"4050","0.0060409544967114925","0.0060409544967114925","0.0060409544967114925","0.34810829162597656","0.34810829162597656","0.34810829162597656","0.5412857532501221","0.5412857532501221","0.5412857532501221","0.00685806293040514","0.00685806293040514","0.00685806293040514"
"4060","0.0038654329255223274","0.0038654329255223274","0.0038654329255223274","0.3376155495643616","0.3376155495643616","0.3376155495643616","0.5665820837020874","0.5665820837020874","0.5665820837020874","0.00890350341796875","0.00890350341796875","0.00890350341796875"
"4070","0.007244110107421875","0.007244110107421875","0.007244110107421875","0.34631502628326416","0.34631502628326416","0.34631502628326416","0.5339171886444092","0.5339171886444092","0.5339171886444092","0.0064453124068677425","0.0064453124068677425","0.0064453124068677425"
"4080","0.008440399542450905","0.008440399542450905","0.008440399542450905","0.3622337281703949","0.3622337281703949","0.3622337281703949","0.5268413424491882","0.5268413424491882","0.5268413424491882","0.008292770944535732","0.008292770944535732","0.008292770944535732"
"4090","0.009745406918227673","0.009745406918227673","0.009745406918227673","0.36212158203125","0.36212158203125","0.36212158203125","0.545268177986145","0.545268177986145","0.545268177986145","0.0062042237259447575","0.0062042237259447575","0.0062042237259447575"
"4100","0.007914352230727673","0.007914352230727673","0.007914352230727673","0.35679054260253906","0.35679054260253906","0.35679054260253906","0.54986572265625","0.54986572265625","0.54986572265625","0.009280014783143997","0.009280014783143997","0.009280014783143997"
"4110","0.007594299502670765","0.007594299502670765","0.007594299502670765","0.35314518213272095","0.35314518213272095","0.35314518213272095","0.5406955480575562","0.5406955480575562","0.5406955480575562","0.006984710693359375","0.006984710693359375","0.006984710693359375"
"4120","0.008317184634506702","0.008317184634506702","0.008317184634506702","0.3522319793701172","0.3522319793701172","0.3522319793701172","0.5219730734825134","0.5219730734825134","0.5219730734825134","0.00804596021771431","0.00804596021771431","0.00804596021771431"
"4130","0.011147307232022285","0.011147307232022285","0.011147307232022285","0.35274696350097656","0.35274696350097656","0.35274696350097656","0.5907402038574219","0.5907402038574219","0.5907402038574219","0.008867263793945312","0.008867263793945312","0.008867263793945312"
"4140","0.008711624890565872","0.008711624890565872","0.008711624890565872","0.34915274381637573","0.34915274381637573","0.34915274381637573","0.532867431640625","0.532867431640625","0.532867431640625","0.00805816613137722","0.00805816613137722","0.00805816613137722"
"4150","0.0078887939453125","0.0078887939453125","0.0078887939453125","0.35484617948532104","0.35484617948532104","0.35484617948532104","0.539889931678772","0.539889931678772","0.539889931678772","0.0094757080078125","0.0094757080078125","0.0094757080078125"
"4160","0.010734176263213158","0.010734176263213158","0.010734176263213158","0.34605979919433594","0.34605979919433594","0.34605979919433594","0.5329216122627258","0.5329216122627258","0.5329216122627258","0.005622481927275658","0.005622481927275658","0.005622481927275658"
"4170","0.014774322509765625","0.014774322509765625","0.014774322509765625","0.36007654666900635","0.36007654666900635","0.36007654666900635","0.5273463726043701","0.5273463726043701","0.5273463726043701","0.012668609619140625","0.012668609619140625","0.012668609619140625"
"4180","0.015193939208984375","0.015193939208984375","0.015193939208984375","0.3580734133720398","0.3580734133720398","0.3580734133720398","0.5239658355712891","0.5239658355712891","0.5239658355712891","0.01333770714700222","0.01333770714700222","0.01333770714700222"
"4190","0.01101760845631361","0.01101760845631361","0.01101760845631361","0.35928457975387573","0.35928457975387573","0.35928457975387573","0.582785427570343","0.582785427570343","0.582785427570343","0.015505218878388405","0.015505218878388405","0.015505218878388405"
"4200","0.01727905124425888","0.01727905124425888","0.01727905124425888","0.35804134607315063","0.35804134607315063","0.35804134607315063","0.589373767375946","0.589373767375946","0.589373767375946","0.015569686889648438","0.015569686889648438","0.015569686889648438"
"4210","0.012840652838349342","0.012840652838349342","0.012840652838349342","0.36335182189941406","0.36335182189941406","0.36335182189941406","0.5425334572792053","0.5425334572792053","0.5425334572792053","0.01909637451171875","0.01909637451171875","0.01909637451171875"
"4220","0.01288528461009264","0.01288528461009264","0.01288528461009264","0.360317587852478","0.360317587852478","0.360317587852478","0.5600860714912415","0.5600860714912415","0.5600860714912415","0.020618818700313568","0.020618818700313568","0.020618818700313568"
"4230","0.01830444298684597","0.01830444298684597","0.01830444298684597","0.3572097718715668","0.3572097718715668","0.3572097718715668","0.5333656072616577","0.5333656072616577","0.5333656072616577","0.021460723131895065","0.021460723131895065","0.021460723131895065"
"4240","0.018187332898378372","0.018187332898378372","0.018187332898378372","0.36012229323387146","0.36012229323387146","0.36012229323387146","0.541434109210968","0.541434109210968","0.541434109210968","0.023271940648555756","0.023271940648555756","0.023271940648555756"
"4250","0.022074129432439804","0.022074129432439804","0.022074129432439804","0.351986289024353","0.351986289024353","0.351986289024353","0.5395229458808899","0.5395229458808899","0.5395229458808899","0.023878861218690872","0.023878861218690872","0.023878861218690872"
"4260","0.0223236083984375","0.0223236083984375","0.0223236083984375","0.3616447448730469","0.3616447448730469","0.3616447448730469","0.5330425500869751","0.5330425500869751","0.5330425500869751","0.025242997333407402","0.025242997333407402","0.025242997333407402"
"4270","0.024185944348573685","0.024185944348573685","0.024185944348573685","0.3361091613769531","0.3361091613769531","0.3361091613769531","0.562004804611206","0.562004804611206","0.562004804611206","0.027143478393554688","0.027143478393554688","0.027143478393554688"
"4280","0.026942061260342598","0.026942061260342598","0.026942061260342598","0.3570144474506378","0.3570144474506378","0.3570144474506378","0.5616966485977173","0.5616966485977173","0.5616966485977173","0.030717849731445312","0.030717849731445312","0.030717849731445312"
"4290","0.030318450182676315","0.030318450182676315","0.030318450182676315","0.36872902512550354","0.36872902512550354","0.36872902512550354","0.5639610290527344","0.5639610290527344","0.5639610290527344","0.03378906100988388","0.03378906100988388","0.03378906100988388"
"4300","0.03274955600500107","0.03274955600500107","0.03274955600500107","0.35382920503616333","0.35382920503616333","0.35382920503616333","0.5435249209403992","0.5435249209403992","0.5435249209403992","0.037386320531368256","0.037386320531368256","0.037386320531368256"
"4310","0.036246106028556824","0.036246106028556824","0.036246106028556824","0.35688745975494385","0.35688745975494385","0.35688745975494385","0.47730106115341187","0.47730106115341187","0.47730106115341187","0.03969421237707138","0.03969421237707138","0.03969421237707138"
"4320","0.038170620799064636","0.038170620799064636","0.038170620799064636","0.35411834716796875","0.35411834716796875","0.35411834716796875","0.5462181568145752","0.5462181568145752","0.5462181568145752","0.04204521328210831","0.04204521328210831","0.04204521328210831"
"4330","0.04118805006146431","0.04118805006146431","0.04118805006146431","0.36509281396865845","0.36509281396865845","0.36509281396865845","0.5476471185684204","0.5476471185684204","0.5476471185684204","0.04405403509736061","0.04405403509736061","0.04405403509736061"
"4340","0.04331932216882706","0.04331932216882706","0.04331932216882706","0.36393052339553833","0.36393052339553833","0.36393052339553833","0.5831173062324524","0.5831173062324524","0.5831173062324524","0.046966552734375","0.046966552734375","0.046966552734375"
"4350","0.0472080260515213","0.0472080260515213","0.0472080260515213","0.36106300354003906","0.36106300354003906","0.36106300354003906","0.5365387201309204","0.5365387201309204","0.5365387201309204","0.05055427551269531","0.05055427551269531","0.05055427551269531"
"4360","0.04276466369628906","0.04276466369628906","0.04276466369628906","0.35073626041412354","0.35073626041412354","0.35073626041412354","0.5456905364990234","0.5456905364990234","0.5456905364990234","0.04784049838781357","0.04784049838781357","0.04784049838781357"
"4370","0.04850006103515625","0.04850006103515625","0.04850006103515625","0.3435230255126953","0.3435230255126953","0.3435230255126953","0.5324825048446655","0.5324825048446655","0.5324825048446655","0.053555678576231","0.053555678576231","0.053555678576231"
"4380","0.05065727233886719","0.05065727233886719","0.05065727233886719","0.34939152002334595","0.34939152002334595","0.34939152002334595","0.5379177331924438","0.5379177331924438","0.5379177331924438","0.056509777903556824","0.056509777903556824","0.056509777903556824"
"4390","0.05320777744054794","0.05320777744054794","0.05320777744054794","0.3179340362548828","0.3179340362548828","0.3179340362548828","0.5378826260566711","0.5378826260566711","0.5378826260566711","0.0585353821516037","0.0585353821516037","0.0585353821516037"
"4400","0.05689086765050888","0.05689086765050888","0.05689086765050888","0.35967713594436646","0.35967713594436646","0.35967713594436646","0.5793380737304688","0.5793380737304688","0.5793380737304688","0.06170501932501793","0.06170501932501793","0.06170501932501793"
"4410","0.06033020094037056","0.06033020094037056","0.06033020094037056","0.3617149591445923","0.3617149591445923","0.3617149591445923","0.5406410098075867","0.5406410098075867","0.5406410098075867","0.0644989013671875","0.0644989013671875","0.0644989013671875"
"4420","0.06217765808105469","0.06217765808105469","0.06217765808105469","0.3650420904159546","0.3650420904159546","0.3650420904159546","0.4723804295063019","0.4723804295063019","0.4723804295063019","0.06701317429542542","0.06701317429542542","0.06701317429542542"
"4430","0.06643829494714737","0.06643829494714737","0.06643829494714737","0.35429078340530396","0.35429078340530396","0.35429078340530396","0.5379890203475952","0.5379890203475952","0.5379890203475952","0.07185021042823792","0.07185021042823792","0.07185021042823792"
"4440","0.06803474575281143","0.06803474575281143","0.06803474575281143","0.3679569363594055","0.3679569363594055","0.3679569363594055","0.5511989593505859","0.5511989593505859","0.5511989593505859","0.07218436896800995","0.07218436896800995","0.07218436896800995"
"4450","0.06841278076171875","0.06841278076171875","0.06841278076171875","0.3580516576766968","0.3580516576766968","0.3580516576766968","0.5813190340995789","0.5813190340995789","0.5813190340995789","0.07443161308765411","0.07443161308765411","0.07443161308765411"
"4460","0.07030868530273438","0.07030868530273438","0.07030868530273438","0.36443445086479187","0.36443445086479187","0.36443445086479187","0.5085655450820923","0.5085655450820923","0.5085655450820923","0.07451820373535156","0.07451820373535156","0.07451820373535156"
"4470","0.07254981994628906","0.07254981994628906","0.07254981994628906","0.3569747805595398","0.3569747805595398","0.3569747805595398","0.5225162506103516","0.5225162506103516","0.5225162506103516","0.07838936150074005","0.07838936150074005","0.07838936150074005"
"4480","0.07708282768726349","0.07708282768726349","0.07708282768726349","0.3494457006454468","0.3494457006454468","0.3494457006454468","0.5298572778701782","0.5298572778701782","0.5298572778701782","0.08150787651538849","0.08150787651538849","0.08150787651538849"
"4490","0.0776573196053505","0.0776573196053505","0.0776573196053505","0.34579962491989136","0.34579962491989136","0.34579962491989136","0.5331791043281555","0.5331791043281555","0.5331791043281555","0.08321113139390945","0.08321113139390945","0.08321113139390945"
"4500","0.08154334872961044","0.08154334872961044","0.08154334872961044","0.35908353328704834","0.35908353328704834","0.35908353328704834","0.5401851534843445","0.5401851534843445","0.5401851534843445","0.08635444939136505","0.08635444939136505","0.08635444939136505"
"4510","0.08489303290843964","0.08489303290843964","0.08489303290843964","0.3663768768310547","0.3663768768310547","0.3663768768310547","0.5477138757705688","0.5477138757705688","0.5477138757705688","0.09001541137695312","0.09001541137695312","0.09001541137695312"
"4520","0.08445015549659729","0.08445015549659729","0.08445015549659729","0.3648662269115448","0.3648662269115448","0.3648662269115448","0.5870739221572876","0.5870739221572876","0.5870739221572876","0.08856964111328125","0.08856964111328125","0.08856964111328125"
"4530","0.08755646646022797","0.08755646646022797","0.08755646646022797","0.36967164278030396","0.36967164278030396","0.36967164278030396","0.5398826599121094","0.5398826599121094","0.5398826599121094","0.09231185913085938","0.09231185913085938","0.09231185913085938"
"4540","0.08327140659093857","0.08327140659093857","0.08327140659093857","0.3577755093574524","0.3577755093574524","0.3577755093574524","0.5538501739501953","0.5538501739501953","0.5538501739501953","0.08920478820800781","0.08920478820800781","0.08920478820800781"
"4550","0.08609580993652344","0.08609580993652344","0.08609580993652344","0.357931524515152","0.357931524515152","0.357931524515152","0.5467594265937805","0.5467594265937805","0.5467594265937805","0.09160538017749786","0.09160538017749786","0.09160538017749786"
"4560","0.0942787155508995","0.0942787155508995","0.0942787155508995","0.36824339628219604","0.36824339628219604","0.36824339628219604","0.5173954367637634","0.5173954367637634","0.5173954367637634","0.10100097954273224","0.10100097954273224","0.10100097954273224"
"4570","0.09714202582836151","0.09714202582836151","0.09714202582836151","0.3534698486328125","0.3534698486328125","0.3534698486328125","0.5354740619659424","0.5354740619659424","0.5354740619659424","0.10371895134449005","0.10371895134449005","0.10371895134449005"
"4580","0.0953010618686676","0.0953010618686676","0.0953010618686676","0.36322176456451416","0.36322176456451416","0.36322176456451416","0.5281173586845398","0.5281173586845398","0.5281173586845398","0.10150718688964844","0.10150718688964844","0.10150718688964844"
"4590","0.10155029594898224","0.10155029594898224","0.10155029594898224","0.36753273010253906","0.36753273010253906","0.36753273010253906","0.5855571627616882","0.5855571627616882","0.5855571627616882","0.10809287428855896","0.10809287428855896","0.10809287428855896"
"4600","0.10387725383043289","0.10387725383043289","0.10387725383043289","0.3631107211112976","0.3631107211112976","0.3631107211112976","0.5354518890380859","0.5354518890380859","0.5354518890380859","0.11051521450281143","0.11051521450281143","0.11051521450281143"
"4610","0.10091552138328552","0.10091552138328552","0.10091552138328552","0.36181679368019104","0.36181679368019104","0.36181679368019104","0.5318279266357422","0.5318279266357422","0.5318279266357422","0.10715445876121521","0.10715445876121521","0.10715445876121521"
"4620","0.1016414612531662","0.1016414612531662","0.1016414612531662","0.3665942847728729","0.3665942847728729","0.3665942847728729","0.5653873682022095","0.5653873682022095","0.5653873682022095","0.10788306593894958","0.10788306593894958","0.10788306593894958"
"4630","0.10885009169578552","0.10885009169578552","0.10885009169578552","0.3658428490161896","0.3658428490161896","0.3658428490161896","0.5368045568466187","0.5368045568466187","0.5368045568466187","0.11581764370203018","0.11581764370203018","0.11581764370203018"
"4640","0.10995406657457352","0.10995406657457352","0.10995406657457352","0.3720744848251343","0.3720744848251343","0.3720744848251343","0.550707221031189","0.550707221031189","0.550707221031189","0.11697502434253693","0.11697502434253693","0.11697502434253693"
"4650","0.11400604248046875","0.11400604248046875","0.11400604248046875","0.36723634600639343","0.36723634600639343","0.36723634600639343","0.5856643915176392","0.5856643915176392","0.5856643915176392","0.12249908596277237","0.12249908596277237","0.12249908596277237"
"4660","0.11710242927074432","0.11710242927074432","0.11710242927074432","0.3622630834579468","0.3622630834579468","0.3622630834579468","0.573342502117157","0.573342502117157","0.573342502117157","0.12568244338035583","0.12568244338035583","0.12568244338035583"
"4670","0.11995887756347656","0.11995887756347656","0.11995887756347656","0.3648490905761719","0.3648490905761719","0.3648490905761719","0.5123752355575562","0.5123752355575562","0.5123752355575562","0.1289592683315277","0.1289592683315277","0.1289592683315277"
"4680","0.11921844631433487","0.11921844631433487","0.11921844631433487","0.355142205953598","0.355142205953598","0.355142205953598","0.5485080480575562","0.5485080480575562","0.5485080480575562","0.12852782011032104","0.12852782011032104","0.12852782011032104"
"4690","0.11138419806957245","0.11138419806957245","0.11138419806957245","0.3707820773124695","0.3707820773124695","0.3707820773124695","0.5449722409248352","0.5449722409248352","0.5449722409248352","0.11967658996582031","0.11967658996582031","0.11967658996582031"
"4700","0.11609801650047302","0.11609801650047302","0.11609801650047302","0.3629905581474304","0.3629905581474304","0.3629905581474304","0.551675021648407","0.551675021648407","0.551675021648407","0.12681198120117188","0.12681198120117188","0.12681198120117188"
"4710","0.12770996987819672","0.12770996987819672","0.12770996987819672","0.37404173612594604","0.37404173612594604","0.37404173612594604","0.5258357524871826","0.5258357524871826","0.5258357524871826","0.1380176544189453","0.1380176544189453","0.1380176544189453"
"4720","0.11713027954101562","0.11713027954101562","0.11713027954101562","0.357635498046875","0.357635498046875","0.357635498046875","0.5324832797050476","0.5324832797050476","0.5324832797050476","0.12627945840358734","0.12627945840358734","0.12627945840358734"
"4730","0.1319561004638672","0.1319561004638672","0.1319561004638672","0.36314356327056885","0.36314356327056885","0.36314356327056885","0.545160710811615","0.545160710811615","0.545160710811615","0.14272958040237427","0.14272958040237427","0.14272958040237427"
"4740","0.1297050565481186","0.1297050565481186","0.1297050565481186","0.35866203904151917","0.35866203904151917","0.35866203904151917","0.5450645685195923","0.5450645685195923","0.5450645685195923","0.1409587860107422","0.1409587860107422","0.1409587860107422"
"4750","0.1386924833059311","0.1386924833059311","0.1386924833059311","0.3570877015590668","0.3570877015590668","0.3570877015590668","0.5536216497421265","0.5536216497421265","0.5536216497421265","0.14915046095848083","0.14915046095848083","0.14915046095848083"
"4760","0.1338985562324524","0.1338985562324524","0.1338985562324524","0.3705863952636719","0.3705863952636719","0.3705863952636719","0.5924224853515625","0.5924224853515625","0.5924224853515625","0.14775657653808594","0.14775657653808594","0.14775657653808594"
"4770","0.14212685823440552","0.14212685823440552","0.14212685823440552","0.3648368716239929","0.3648368716239929","0.3648368716239929","0.5197830200195312","0.5197830200195312","0.5197830200195312","0.15550881624221802","0.15550881624221802","0.15550881624221802"
"4780","0.14324110746383667","0.14324110746383667","0.14324110746383667","0.3689377009868622","0.3689377009868622","0.3689377009868622","0.5533828735351562","0.5533828735351562","0.5533828735351562","0.15659064054489136","0.15659064054489136","0.15659064054489136"
"4790","0.14433632791042328","0.14433632791042328","0.14433632791042328","0.3539879024028778","0.3539879024028778","0.3539879024028778","0.5755172967910767","0.5755172967910767","0.5755172967910767","0.15775185823440552","0.15775185823440552","0.15775185823440552"
"4800","0.14724883437156677","0.14724883437156677","0.14724883437156677","0.3670787811279297","0.3670787811279297","0.3670787811279297","0.5181080102920532","0.5181080102920532","0.5181080102920532","0.16280899941921234","0.16280899941921234","0.16280899941921234"
"4810","0.14679718017578125","0.14679718017578125","0.14679718017578125","0.35272371768951416","0.35272371768951416","0.35272371768951416","0.580704927444458","0.580704927444458","0.580704927444458","0.16280974447727203","0.16280974447727203","0.16280974447727203"
"4820","0.15253333747386932","0.15253333747386932","0.15253333747386932","0.3701469302177429","0.3701469302177429","0.3701469302177429","0.5828437805175781","0.5828437805175781","0.5828437805175781","0.16948166489601135","0.16948166489601135","0.16948166489601135"
"4830","0.1452987641096115","0.1452987641096115","0.1452987641096115","0.37189751863479614","0.37189751863479614","0.37189751863479614","0.5333805084228516","0.5333805084228516","0.5333805084228516","0.1618328094482422","0.1618328094482422","0.1618328094482422"
"4840","0.15885964035987854","0.15885964035987854","0.15885964035987854","0.31828537583351135","0.31828537583351135","0.31828537583351135","0.5473834872245789","0.5473834872245789","0.5473834872245789","0.17691534757614136","0.17691534757614136","0.17691534757614136"
"4850","0.15752488374710083","0.15752488374710083","0.15752488374710083","0.3664032220840454","0.3664032220840454","0.3664032220840454","0.5317455530166626","0.5317455530166626","0.5317455530166626","0.1767524778842926","0.1767524778842926","0.1767524778842926"
"4860","0.15660667419433594","0.15660667419433594","0.15660667419433594","0.36767882108688354","0.36767882108688354","0.36767882108688354","0.5387665033340454","0.5387665033340454","0.5387665033340454","0.17543715238571167","0.17543715238571167","0.17543715238571167"
"4870","0.16077080368995667","0.16077080368995667","0.16077080368995667","0.37152594327926636","0.37152594327926636","0.37152594327926636","0.5782157778739929","0.5782157778739929","0.5782157778739929","0.1809108853340149","0.1809108853340149","0.1809108853340149"
"4880","0.1667354553937912","0.1667354553937912","0.1667354553937912","0.3665825128555298","0.3665825128555298","0.3665825128555298","0.5458148717880249","0.5458148717880249","0.5458148717880249","0.18635712563991547","0.18635712563991547","0.18635712563991547"
"4890","0.16803818941116333","0.16803818941116333","0.16803818941116333","0.3559219241142273","0.3559219241142273","0.3559219241142273","0.5385360717773438","0.5385360717773438","0.5385360717773438","0.1877468079328537","0.1877468079328537","0.1877468079328537"
"4900","0.17418746650218964","0.17418746650218964","0.17418746650218964","0.3677253723144531","0.3677253723144531","0.3677253723144531","0.5317115783691406","0.5317115783691406","0.5317115783691406","0.19401320815086365","0.19401320815086365","0.19401320815086365"
"4910","0.16348914802074432","0.16348914802074432","0.16348914802074432","0.36891287565231323","0.36891287565231323","0.36891287565231323","0.5564883947372437","0.5564883947372437","0.5564883947372437","0.18913231790065765","0.18913231790065765","0.18913231790065765"
"4920","0.16871681809425354","0.16871681809425354","0.16871681809425354","0.3746074438095093","0.3746074438095093","0.3746074438095093","0.5631374716758728","0.5631374716758728","0.5631374716758728","0.18944968283176422","0.18944968283176422","0.18944968283176422"
"4930","0.1820930540561676","0.1820930540561676","0.1820930540561676","0.3649337887763977","0.3649337887763977","0.3649337887763977","0.5441597104072571","0.5441597104072571","0.5441597104072571","0.20339050889015198","0.20339050889015198","0.20339050889015198"
"4940","0.18223877251148224","0.18223877251148224","0.18223877251148224","0.3689972162246704","0.3689972162246704","0.3689972162246704","0.5330230593681335","0.5330230593681335","0.5330230593681335","0.20201262831687927","0.20201262831687927","0.20201262831687927"
"4950","0.18069572746753693","0.18069572746753693","0.18069572746753693","0.35914039611816406","0.35914039611816406","0.35914039611816406","0.540118396282196","0.540118396282196","0.540118396282196","0.20260314643383026","0.20260314643383026","0.20260314643383026"
"4960","0.18370896577835083","0.18370896577835083","0.18370896577835083","0.36400413513183594","0.36400413513183594","0.36400413513183594","0.541482150554657","0.541482150554657","0.541482150554657","0.2029552459716797","0.2029552459716797","0.2029552459716797"
"4970","0.19210700690746307","0.19210700690746307","0.19210700690746307","0.3647270202636719","0.3647270202636719","0.3647270202636719","0.5404545068740845","0.5404545068740845","0.5404545068740845","0.20951461791992188","0.20951461791992188","0.20951461791992188"
"4980","0.1875995546579361","0.1875995546579361","0.1875995546579361","0.36595267057418823","0.36595267057418823","0.36595267057418823","0.5865058898925781","0.5865058898925781","0.5865058898925781","0.20484009385108948","0.20484009385108948","0.20484009385108948"
"4990","0.19324608147144318","0.19324608147144318","0.19324608147144318","0.367868036031723","0.367868036031723","0.367868036031723","0.5818694829940796","0.5818694829940796","0.5818694829940796","0.21056900918483734","0.21056900918483734","0.21056900918483734"
"5000","0.19395676255226135","0.19395676255226135","0.19395676255226135","0.37592583894729614","0.37592583894729614","0.37592583894729614","0.5393279790878296","0.5393279790878296","0.5393279790878296","0.21087989211082458","0.21087989211082458","0.21087989211082458"
"5010","0.19552040100097656","0.19552040100097656","0.19552040100097656","0.3511207699775696","0.3511207699775696","0.3511207699775696","0.5672889947891235","0.5672889947891235","0.5672889947891235","0.21089059114456177","0.21089059114456177","0.21089059114456177"
"5020","0.20415917038917542","0.20415917038917542","0.20415917038917542","0.36995887756347656","0.36995887756347656","0.36995887756347656","0.5473358035087585","0.5473358035087585","0.5473358035087585","0.21991883218288422","0.21991883218288422","0.21991883218288422"
"5030","0.19626006484031677","0.19626006484031677","0.19626006484031677","0.36494410037994385","0.36494410037994385","0.36494410037994385","0.5404403209686279","0.5404403209686279","0.5404403209686279","0.2111824005842209","0.2111824005842209","0.2111824005842209"
"5040","0.20102234184741974","0.20102234184741974","0.20102234184741974","0.3720802068710327","0.3720802068710327","0.3720802068710327","0.5497452020645142","0.5497452020645142","0.5497452020645142","0.21484869718551636","0.21484869718551636","0.21484869718551636"
"5050","0.20965233445167542","0.20965233445167542","0.20965233445167542","0.37067529559135437","0.37067529559135437","0.37067529559135437","0.5517722964286804","0.5517722964286804","0.5517722964286804","0.2238060086965561","0.2238060086965561","0.2238060086965561"
"5060","0.20309296250343323","0.20309296250343323","0.20309296250343323","0.3766193389892578","0.3766193389892578","0.3766193389892578","0.5341503024101257","0.5341503024101257","0.5341503024101257","0.21700629591941833","0.21700629591941833","0.21700629591941833"
"5070","0.21649551391601562","0.21649551391601562","0.21649551391601562","0.36716538667678833","0.36716538667678833","0.36716538667678833","0.5646247863769531","0.5646247863769531","0.5646247863769531","0.2311500608921051","0.2311500608921051","0.2311500608921051"
"5080","0.2111232727766037","0.2111232727766037","0.2111232727766037","0.352408230304718","0.352408230304718","0.352408230304718","0.5477558374404907","0.5477558374404907","0.5477558374404907","0.22402039170265198","0.22402039170265198","0.22402039170265198"
"5090","0.21500015258789062","0.21500015258789062","0.21500015258789062","0.37367019057273865","0.37367019057273865","0.37367019057273865","0.5466564297676086","0.5466564297676086","0.5466564297676086","0.22866326570510864","0.22866326570510864","0.22866326570510864"
"5100","0.21853791177272797","0.21853791177272797","0.21853791177272797","0.37417489290237427","0.37417489290237427","0.37417489290237427","0.5494155883789062","0.5494155883789062","0.5494155883789062","0.23151589930057526","0.23151589930057526","0.23151589930057526"
"5110","0.22221487760543823","0.22221487760543823","0.22221487760543823","0.37361451983451843","0.37361451983451843","0.37361451983451843","0.5434761047363281","0.5434761047363281","0.5434761047363281","0.23527106642723083","0.23527106642723083","0.23527106642723083"
"5120","0.2182842344045639","0.2182842344045639","0.2182842344045639","0.3633907437324524","0.3633907437324524","0.3633907437324524","0.5549873113632202","0.5549873113632202","0.5549873113632202","0.23042219877243042","0.23042219877243042","0.23042219877243042"
"5130","0.22504881024360657","0.22504881024360657","0.22504881024360657","0.37310028076171875","0.37310028076171875","0.37310028076171875","0.551840603351593","0.551840603351593","0.551840603351593","0.2371261566877365","0.2371261566877365","0.2371261566877365"
"5140","0.22817841172218323","0.22817841172218323","0.22817841172218323","0.36558419466018677","0.36558419466018677","0.36558419466018677","0.5393577814102173","0.5393577814102173","0.5393577814102173","0.24016457796096802","0.24016457796096802","0.24016457796096802"
"5150","0.2285533845424652","0.2285533845424652","0.2285533845424652","0.3756859004497528","0.3756859004497528","0.3756859004497528","0.5339523553848267","0.5339523553848267","0.5339523553848267","0.24003182351589203","0.24003182351589203","0.24003182351589203"
"5160","0.2316257506608963","0.2316257506608963","0.2316257506608963","0.3767242133617401","0.3767242133617401","0.3767242133617401","0.5395889282226562","0.5395889282226562","0.5395889282226562","0.2435733675956726","0.2435733675956726","0.2435733675956726"
"5170","0.2193065583705902","0.2193065583705902","0.2193065583705902","0.3741912841796875","0.3741912841796875","0.3741912841796875","0.5401138067245483","0.5401138067245483","0.5401138067245483","0.23028907179832458","0.23028907179832458","0.23028907179832458"
"5180","0.22735977172851562","0.22735977172851562","0.22735977172851562","0.3752368986606598","0.3752368986606598","0.3752368986606598","0.556749701499939","0.556749701499939","0.556749701499939","0.23710975050926208","0.23710975050926208","0.23710975050926208"
"5190","0.23769530653953552","0.23769530653953552","0.23769530653953552","0.36456072330474854","0.36456072330474854","0.36456072330474854","0.5558292269706726","0.5558292269706726","0.5558292269706726","0.2488178163766861","0.2488178163766861","0.2488178163766861"
"5200","0.23756715655326843","0.23756715655326843","0.23756715655326843","0.37398260831832886","0.37398260831832886","0.37398260831832886","0.5562393069267273","0.5562393069267273","0.5562393069267273","0.24737587571144104","0.24737587571144104","0.24737587571144104"
"5210","0.243540957570076","0.243540957570076","0.243540957570076","0.37369346618652344","0.37369346618652344","0.37369346618652344","0.5236229300498962","0.5236229300498962","0.5236229300498962","0.2552390992641449","0.2552390992641449","0.2552390992641449"
"5220","0.2383800595998764","0.2383800595998764","0.2383800595998764","0.36462631821632385","0.36462631821632385","0.36462631821632385","0.6007080078125","0.6007080078125","0.6007080078125","0.24887198209762573","0.24887198209762573","0.24887198209762573"
"5230","0.23591271042823792","0.23591271042823792","0.23591271042823792","0.35926324129104614","0.35926324129104614","0.35926324129104614","0.6039577126502991","0.6039577126502991","0.6039577126502991","0.24530258774757385","0.24530258774757385","0.24530258774757385"
"5240","0.24117545783519745","0.24117545783519745","0.24117545783519745","0.3713432252407074","0.3713432252407074","0.3713432252407074","0.5541054010391235","0.5541054010391235","0.5541054010391235","0.2508186101913452","0.2508186101913452","0.2508186101913452"
"5250","0.24476508796215057","0.24476508796215057","0.24476508796215057","0.36928021907806396","0.36928021907806396","0.36928021907806396","0.529768705368042","0.529768705368042","0.529768705368042","0.2542930841445923","0.2542930841445923","0.2542930841445923"
"5260","0.2326579988002777","0.2326579988002777","0.2326579988002777","0.36849021911621094","0.36849021911621094","0.36849021911621094","0.5665534734725952","0.5665534734725952","0.5665534734725952","0.24092598259449005","0.24092598259449005","0.24092598259449005"
"5270","0.2105567902326584","0.2105567902326584","0.2105567902326584","0.34841233491897583","0.34841233491897583","0.34841233491897583","0.5290168523788452","0.5290168523788452","0.5290168523788452","0.21908721327781677","0.21908721327781677","0.21908721327781677"
"5280","0.2203109711408615","0.2203109711408615","0.2203109711408615","0.36447030305862427","0.36447030305862427","0.36447030305862427","0.5395431518554688","0.5395431518554688","0.5395431518554688","0.22967147827148438","0.22967147827148438","0.22967147827148438"
"5290","0.24896544218063354","0.24896544218063354","0.24896544218063354","0.37742921710014343","0.37742921710014343","0.37742921710014343","0.5543754696846008","0.5543754696846008","0.5543754696846008","0.25746574997901917","0.25746574997901917","0.25746574997901917"
"5300","0.25094640254974365","0.25094640254974365","0.25094640254974365","0.3777492344379425","0.3777492344379425","0.3777492344379425","0.5400634407997131","0.5400634407997131","0.5400634407997131","0.2605300843715668","0.2605300843715668","0.2605300843715668"
"5310","0.2528800964355469","0.2528800964355469","0.2528800964355469","0.381784051656723","0.381784051656723","0.381784051656723","0.5503902435302734","0.5503902435302734","0.5503902435302734","0.26228561997413635","0.26228561997413635","0.26228561997413635"
"5320","0.2537338137626648","0.2537338137626648","0.2537338137626648","0.37140733003616333","0.37140733003616333","0.37140733003616333","0.5241023898124695","0.5241023898124695","0.5241023898124695","0.2627967894077301","0.2627967894077301","0.2627967894077301"
"5330","0.259024441242218","0.259024441242218","0.259024441242218","0.37881243228912354","0.37881243228912354","0.37881243228912354","0.5974922180175781","0.5974922180175781","0.5974922180175781","0.26780015230178833","0.26780015230178833","0.26780015230178833"
"5340","0.2441181242465973","0.2441181242465973","0.2441181242465973","0.37131232023239136","0.37131232023239136","0.37131232023239136","0.5485329031944275","0.5485329031944275","0.5485329031944275","0.251626193523407","0.251626193523407","0.251626193523407"
"5350","0.2581043243408203","0.2581043243408203","0.2581043243408203","0.3744819462299347","0.3744819462299347","0.3744819462299347","0.5414073467254639","0.5414073467254639","0.5414073467254639","0.2670601010322571","0.2670601010322571","0.2670601010322571"
"5360","0.2586708068847656","0.2586708068847656","0.2586708068847656","0.36715543270111084","0.36715543270111084","0.36715543270111084","0.5567291378974915","0.5567291378974915","0.5567291378974915","0.2673099637031555","0.2673099637031555","0.2673099637031555"
"5370","0.257760614156723","0.257760614156723","0.257760614156723","0.37595900893211365","0.37595900893211365","0.37595900893211365","0.537890613079071","0.537890613079071","0.537890613079071","0.2673755884170532","0.2673755884170532","0.2673755884170532"
"5380","0.2546764314174652","0.2546764314174652","0.2546764314174652","0.3615550994873047","0.3615550994873047","0.3615550994873047","0.5412311553955078","0.5412311553955078","0.5412311553955078","0.2632266879081726","0.2632266879081726","0.2632266879081726"
"5390","0.2579837739467621","0.2579837739467621","0.2579837739467621","0.37605130672454834","0.37605130672454834","0.37605130672454834","0.5580704212188721","0.5580704212188721","0.5580704212188721","0.267791748046875","0.267791748046875","0.267791748046875"
"5400","0.26463812589645386","0.26463812589645386","0.26463812589645386","0.37283363938331604","0.37283363938331604","0.37283363938331604","0.5611293911933899","0.5611293911933899","0.5611293911933899","0.27177315950393677","0.27177315950393677","0.27177315950393677"
"5410","0.265567421913147","0.265567421913147","0.265567421913147","0.3636547327041626","0.3636547327041626","0.3636547327041626","0.5560386776924133","0.5560386776924133","0.5560386776924133","0.2735561430454254","0.2735561430454254","0.2735561430454254"
"5420","0.2602008581161499","0.2602008581161499","0.2602008581161499","0.3716438412666321","0.3716438412666321","0.3716438412666321","0.5404727458953857","0.5404727458953857","0.5404727458953857","0.2683071196079254","0.2683071196079254","0.2683071196079254"
"5430","0.270925909280777","0.270925909280777","0.270925909280777","0.3801833987236023","0.3801833987236023","0.3801833987236023","0.5471011996269226","0.5471011996269226","0.5471011996269226","0.2792114317417145","0.2792114317417145","0.2792114317417145"
"5440","0.2684471011161804","0.2684471011161804","0.2684471011161804","0.3685562014579773","0.3685562014579773","0.3685562014579773","0.5787250995635986","0.5787250995635986","0.5787250995635986","0.27693748474121094","0.27693748474121094","0.27693748474121094"
"5450","0.26985475420951843","0.26985475420951843","0.26985475420951843","0.36824947595596313","0.36824947595596313","0.36824947595596313","0.5702270269393921","0.5702270269393921","0.5702270269393921","0.2773265838623047","0.2773265838623047","0.2773265838623047"
"5460","0.2649959623813629","0.2649959623813629","0.2649959623813629","0.3796424865722656","0.3796424865722656","0.3796424865722656","0.5559147000312805","0.5559147000312805","0.5559147000312805","0.2721214294433594","0.2721214294433594","0.2721214294433594"
"5470","0.26664161682128906","0.26664161682128906","0.26664161682128906","0.37586480379104614","0.37586480379104614","0.37586480379104614","0.5871769189834595","0.5871769189834595","0.5871769189834595","0.2729358673095703","0.2729358673095703","0.2729358673095703"
"5480","0.2700618803501129","0.2700618803501129","0.2700618803501129","0.37540626525878906","0.37540626525878906","0.37540626525878906","0.5656063556671143","0.5656063556671143","0.5656063556671143","0.2768321931362152","0.2768321931362152","0.2768321931362152"
"5490","0.27077141404151917","0.27077141404151917","0.27077141404151917","0.35321730375289917","0.35321730375289917","0.35321730375289917","0.5600879192352295","0.5600879192352295","0.5600879192352295","0.2785724699497223","0.2785724699497223","0.2785724699497223"
"5500","0.27441978454589844","0.27441978454589844","0.27441978454589844","0.3776596188545227","0.3776596188545227","0.3776596188545227","0.5527553558349609","0.5527553558349609","0.5527553558349609","0.28143423795700073","0.28143423795700073","0.28143423795700073"
"5510","0.2709308862686157","0.2709308862686157","0.2709308862686157","0.3775642514228821","0.3775642514228821","0.3775642514228821","0.5471096038818359","0.5471096038818359","0.5471096038818359","0.2767845094203949","0.2767845094203949","0.2767845094203949"
"5520","0.2761470675468445","0.2761470675468445","0.2761470675468445","0.37309229373931885","0.37309229373931885","0.37309229373931885","0.5158432126045227","0.5158432126045227","0.5158432126045227","0.28215253353118896","0.28215253353118896","0.28215253353118896"
"5530","0.27653923630714417","0.27653923630714417","0.27653923630714417","0.36958542466163635","0.36958542466163635","0.36958542466163635","0.5814968347549438","0.5814968347549438","0.5814968347549438","0.2830669581890106","0.2830669581890106","0.2830669581890106"
"5540","0.2631271481513977","0.2631271481513977","0.2631271481513977","0.37373998761177063","0.37373998761177063","0.37373998761177063","0.6453406810760498","0.6453406810760498","0.6453406810760498","0.27019235491752625","0.27019235491752625","0.27019235491752625"
"5550","0.26185643672943115","0.26185643672943115","0.26185643672943115","0.3747272491455078","0.3747272491455078","0.3747272491455078","0.5932723879814148","0.5932723879814148","0.5932723879814148","0.26865196228027344","0.26865196228027344","0.26865196228027344"
"5560","0.2668941617012024","0.2668941617012024","0.2668941617012024","0.383248895406723","0.383248895406723","0.383248895406723","0.5577419400215149","0.5577419400215149","0.5577419400215149","0.2725082337856293","0.2725082337856293","0.2725082337856293"
"5570","0.2732101380825043","0.2732101380825043","0.2732101380825043","0.37647169828414917","0.37647169828414917","0.37647169828414917","0.5507656335830688","0.5507656335830688","0.5507656335830688","0.2798164486885071","0.2798164486885071","0.2798164486885071"
"5580","0.27358436584472656","0.27358436584472656","0.27358436584472656","0.37165945768356323","0.37165945768356323","0.37165945768356323","0.5431060791015625","0.5431060791015625","0.5431060791015625","0.2797790765762329","0.2797790765762329","0.2797790765762329"
"5590","0.27694663405418396","0.27694663405418396","0.27694663405418396","0.37819594144821167","0.37819594144821167","0.37819594144821167","0.5920516848564148","0.5920516848564148","0.5920516848564148","0.28377342224121094","0.28377342224121094","0.28377342224121094"
"5600","0.2735775113105774","0.2735775113105774","0.2735775113105774","0.3759784698486328","0.3759784698486328","0.3759784698486328","0.5592929720878601","0.5592929720878601","0.5592929720878601","0.2800437808036804","0.2800437808036804","0.2800437808036804"
"5610","0.2755161225795746","0.2755161225795746","0.2755161225795746","0.3605877161026001","0.3605877161026001","0.3605877161026001","0.5732104778289795","0.5732104778289795","0.5732104778289795","0.281198114156723","0.281198114156723","0.281198114156723"
"5620","0.2777126431465149","0.2777126431465149","0.2777126431465149","0.37714922428131104","0.37714922428131104","0.37714922428131104","0.5450763702392578","0.5450763702392578","0.5450763702392578","0.2831348478794098","0.2831348478794098","0.2831348478794098"
"5630","0.2807815372943878","0.2807815372943878","0.2807815372943878","0.3773994445800781","0.3773994445800781","0.3773994445800781","0.5451446771621704","0.5451446771621704","0.5451446771621704","0.28643760085105896","0.28643760085105896","0.28643760085105896"
"5640","0.273855984210968","0.273855984210968","0.273855984210968","0.3504154086112976","0.3504154086112976","0.3504154086112976","0.5496292114257812","0.5496292114257812","0.5496292114257812","0.27949258685112","0.27949258685112","0.27949258685112"
"5650","0.2780570983886719","0.2780570983886719","0.2780570983886719","0.36494332551956177","0.36494332551956177","0.36494332551956177","0.5749629735946655","0.5749629735946655","0.5749629735946655","0.2841961085796356","0.2841961085796356","0.2841961085796356"
"5660","0.2843460142612457","0.2843460142612457","0.2843460142612457","0.377724826335907","0.377724826335907","0.377724826335907","0.5383381247520447","0.5383381247520447","0.5383381247520447","0.29126548767089844","0.29126548767089844","0.29126548767089844"
"5670","0.280587762594223","0.280587762594223","0.280587762594223","0.3773326575756073","0.3773326575756073","0.3773326575756073","0.5479618310928345","0.5479618310928345","0.5479618310928345","0.2865726351737976","0.2865726351737976","0.2865726351737976"
"5680","0.2861694395542145","0.2861694395542145","0.2861694395542145","0.37834322452545166","0.37834322452545166","0.37834322452545166","0.5596610903739929","0.5596610903739929","0.5596610903739929","0.2909359037876129","0.2909359037876129","0.2909359037876129"
"5690","0.273629754781723","0.273629754781723","0.273629754781723","0.3815780580043793","0.3815780580043793","0.3815780580043793","0.5956119298934937","0.5956119298934937","0.5956119298934937","0.27873915433883667","0.27873915433883667","0.27873915433883667"
"5700","0.2760002017021179","0.2760002017021179","0.2760002017021179","0.37918394804000854","0.37918394804000854","0.37918394804000854","0.6403469443321228","0.6403469443321228","0.6403469443321228","0.2810588777065277","0.2810588777065277","0.2810588777065277"
"5710","0.29526329040527344","0.29526329040527344","0.29526329040527344","0.3699645698070526","0.3699645698070526","0.3699645698070526","0.5508415102958679","0.5508415102958679","0.5508415102958679","0.30065613985061646","0.30065613985061646","0.30065613985061646"
"5720","0.2938728332519531","0.2938728332519531","0.2938728332519531","0.36306992173194885","0.36306992173194885","0.36306992173194885","0.5449309945106506","0.5449309945106506","0.5449309945106506","0.2991359829902649","0.2991359829902649","0.2991359829902649"
"5730","0.28042373061180115","0.28042373061180115","0.28042373061180115","0.3800014555454254","0.3800014555454254","0.3800014555454254","0.570844292640686","0.570844292640686","0.570844292640686","0.28673669695854187","0.28673669695854187","0.28673669695854187"
"5740","0.27250441908836365","0.27250441908836365","0.27250441908836365","0.3629310727119446","0.3629310727119446","0.3629310727119446","0.5524387359619141","0.5524387359619141","0.5524387359619141","0.2781616151332855","0.2781616151332855","0.2781616151332855"
"5750","0.2840442657470703","0.2840442657470703","0.2840442657470703","0.37640878558158875","0.37640878558158875","0.37640878558158875","0.5525954961776733","0.5525954961776733","0.5525954961776733","0.2892826199531555","0.2892826199531555","0.2892826199531555"
"5760","0.2839580476284027","0.2839580476284027","0.2839580476284027","0.36883121728897095","0.36883121728897095","0.36883121728897095","0.5105133056640625","0.5105133056640625","0.5105133056640625","0.28936880826950073","0.28936880826950073","0.28936880826950073"
"5770","0.27759742736816406","0.27759742736816406","0.27759742736816406","0.3780597448348999","0.3780597448348999","0.3780597448348999","0.5425246953964233","0.5425246953964233","0.5425246953964233","0.28196030855178833","0.28196030855178833","0.28196030855178833"
"5780","0.2918933629989624","0.2918933629989624","0.2918933629989624","0.37776410579681396","0.37776410579681396","0.37776410579681396","0.5519722104072571","0.5519722104072571","0.5519722104072571","0.2969219386577606","0.2969219386577606","0.2969219386577606"
"5790","0.2797950804233551","0.2797950804233551","0.2797950804233551","0.3562290370464325","0.3562290370464325","0.3562290370464325","0.557891845703125","0.557891845703125","0.557891845703125","0.28391188383102417","0.28391188383102417","0.28391188383102417"
"5800","0.2857128083705902","0.2857128083705902","0.2857128083705902","0.3551959991455078","0.3551959991455078","0.3551959991455078","0.5490318536758423","0.5490318536758423","0.5490318536758423","0.2896385192871094","0.2896385192871094","0.2896385192871094"
"5810","0.2745898962020874","0.2745898962020874","0.2745898962020874","0.3806350827217102","0.3806350827217102","0.3806350827217102","0.5440322756767273","0.5440322756767273","0.5440322756767273","0.2787899076938629","0.2787899076938629","0.2787899076938629"
"5820","0.28930893540382385","0.28930893540382385","0.28930893540382385","0.3776504397392273","0.3776504397392273","0.3776504397392273","0.5998244881629944","0.5998244881629944","0.5998244881629944","0.29349249601364136","0.29349249601364136","0.29349249601364136"
"5830","0.2764244079589844","0.2764244079589844","0.2764244079589844","0.373379111289978","0.373379111289978","0.373379111289978","0.5532451868057251","0.5532451868057251","0.5532451868057251","0.28036078810691833","0.28036078810691833","0.28036078810691833"
"5840","0.2862056493759155","0.2862056493759155","0.2862056493759155","0.3827953338623047","0.3827953338623047","0.3827953338623047","0.5613921880722046","0.5613921880722046","0.5613921880722046","0.29090309143066406","0.29090309143066406","0.29090309143066406"
"5850","0.28744471073150635","0.28744471073150635","0.28744471073150635","0.37295228242874146","0.37295228242874146","0.37295228242874146","0.5767596960067749","0.5767596960067749","0.5767596960067749","0.29316824674606323","0.29316824674606323","0.29316824674606323"
"5860","0.2949424982070923","0.2949424982070923","0.2949424982070923","0.381661593914032","0.381661593914032","0.381661593914032","0.5826209783554077","0.5826209783554077","0.5826209783554077","0.3000560700893402","0.3000560700893402","0.3000560700893402"
"5870","0.29538118839263916","0.29538118839263916","0.29538118839263916","0.3805431127548218","0.3805431127548218","0.3805431127548218","0.5701152682304382","0.5701152682304382","0.5701152682304382","0.29936522245407104","0.29936522245407104","0.29936522245407104"
"5880","0.296966552734375","0.296966552734375","0.296966552734375","0.36875152587890625","0.36875152587890625","0.36875152587890625","0.5534335970878601","0.5534335970878601","0.5534335970878601","0.3015422821044922","0.3015422821044922","0.3015422821044922"
"5890","0.297812283039093","0.297812283039093","0.297812283039093","0.36399346590042114","0.36399346590042114","0.36399346590042114","0.5884391665458679","0.5884391665458679","0.5884391665458679","0.30175894498825073","0.30175894498825073","0.30175894498825073"
"5900","0.2913249731063843","0.2913249731063843","0.2913249731063843","0.3818100094795227","0.3818100094795227","0.3818100094795227","0.5781700015068054","0.5781700015068054","0.5781700015068054","0.2951671779155731","0.2951671779155731","0.2951671779155731"
"5910","0.2766544222831726","0.2766544222831726","0.2766544222831726","0.38085973262786865","0.38085973262786865","0.38085973262786865","0.6012771129608154","0.6012771129608154","0.6012771129608154","0.2811054289340973","0.2811054289340973","0.2811054289340973"
"5920","0.29070359468460083","0.29070359468460083","0.29070359468460083","0.3728817105293274","0.3728817105293274","0.3728817105293274","0.5491340756416321","0.5491340756416321","0.5491340756416321","0.2943580746650696","0.2943580746650696","0.2943580746650696"
"5930","0.2962520718574524","0.2962520718574524","0.2962520718574524","0.36935386061668396","0.36935386061668396","0.36935386061668396","0.5853973627090454","0.5853973627090454","0.5853973627090454","0.2994239926338196","0.2994239926338196","0.2994239926338196"
"5940","0.3030349612236023","0.3030349612236023","0.3030349612236023","0.3868774175643921","0.3868774175643921","0.3868774175643921","0.5699321627616882","0.5699321627616882","0.5699321627616882","0.30710142850875854","0.30710142850875854","0.30710142850875854"
"5950","0.2913638949394226","0.2913638949394226","0.2913638949394226","0.36656609177589417","0.36656609177589417","0.36656609177589417","0.5846474170684814","0.5846474170684814","0.5846474170684814","0.2951732873916626","0.2951732873916626","0.2951732873916626"
"5960","0.3001682162284851","0.3001682162284851","0.3001682162284851","0.3659011721611023","0.3659011721611023","0.3659011721611023","0.5667011141777039","0.5667011141777039","0.5667011141777039","0.30359727144241333","0.30359727144241333","0.30359727144241333"
"5970","0.30064964294433594","0.30064964294433594","0.30064964294433594","0.3299289643764496","0.3299289643764496","0.3299289643764496","0.547366738319397","0.547366738319397","0.547366738319397","0.30399590730667114","0.30399590730667114","0.30399590730667114"
"5980","0.30215948820114136","0.30215948820114136","0.30215948820114136","0.3721187710762024","0.3721187710762024","0.3721187710762024","0.5406681299209595","0.5406681299209595","0.5406681299209595","0.30624428391456604","0.30624428391456604","0.30624428391456604"
"5990","0.29638826847076416","0.29638826847076416","0.29638826847076416","0.3739436864852905","0.3739436864852905","0.3739436864852905","0.571044921875","0.571044921875","0.571044921875","0.29970550537109375","0.29970550537109375","0.29970550537109375"
"6000","0.3011054992675781","0.3011054992675781","0.3011054992675781","0.37785375118255615","0.37785375118255615","0.37785375118255615","0.6087806820869446","0.6087806820869446","0.6087806820869446","0.3037998080253601","0.3037998080253601","0.3037998080253601"
"6010","0.29783934354782104","0.29783934354782104","0.29783934354782104","0.380214661359787","0.380214661359787","0.380214661359787","0.5866817235946655","0.5866817235946655","0.5866817235946655","0.3009365200996399","0.3009365200996399","0.3009365200996399"
"6020","0.30068665742874146","0.30068665742874146","0.30068665742874146","0.3855113983154297","0.3855113983154297","0.3855113983154297","0.5888168811798096","0.5888168811798096","0.5888168811798096","0.3039173185825348","0.3039173185825348","0.3039173185825348"
"6030","0.3125987648963928","0.3125987648963928","0.3125987648963928","0.37972602248191833","0.37972602248191833","0.37972602248191833","0.5585708618164062","0.5585708618164062","0.5585708618164062","0.316000759601593","0.316000759601593","0.316000759601593"
"6040","0.30687063932418823","0.30687063932418823","0.30687063932418823","0.3800720274448395","0.3800720274448395","0.3800720274448395","0.5571686029434204","0.5571686029434204","0.5571686029434204","0.30990639328956604","0.30990639328956604","0.30990639328956604"
"6050","0.3086563050746918","0.3086563050746918","0.3086563050746918","0.38674396276474","0.38674396276474","0.38674396276474","0.5436965227127075","0.5436965227127075","0.5436965227127075","0.31289902329444885","0.31289902329444885","0.31289902329444885"
"6060","0.303079217672348","0.303079217672348","0.303079217672348","0.3677135407924652","0.3677135407924652","0.3677135407924652","0.5502288937568665","0.5502288937568665","0.5502288937568665","0.3068382441997528","0.3068382441997528","0.3068382441997528"
"6070","0.3105926513671875","0.3105926513671875","0.3105926513671875","0.38101309537887573","0.38101309537887573","0.38101309537887573","0.549835205078125","0.549835205078125","0.549835205078125","0.31402474641799927","0.31402474641799927","0.31402474641799927"
"6080","0.3074386417865753","0.3074386417865753","0.3074386417865753","0.3798023462295532","0.3798023462295532","0.3798023462295532","0.544694185256958","0.544694185256958","0.544694185256958","0.31059303879737854","0.31059303879737854","0.31059303879737854"
"6090","0.3063243627548218","0.3063243627548218","0.3063243627548218","0.38612860441207886","0.38612860441207886","0.38612860441207886","0.5530766248703003","0.5530766248703003","0.5530766248703003","0.3081287145614624","0.3081287145614624","0.3081287145614624"
"6100","0.2729412019252777","0.2729412019252777","0.2729412019252777","0.3836715817451477","0.3836715817451477","0.3836715817451477","0.5513641834259033","0.5513641834259033","0.5513641834259033","0.2758232355117798","0.2758232355117798","0.2758232355117798"
"6110","0.30295103788375854","0.30295103788375854","0.30295103788375854","0.36982762813568115","0.36982762813568115","0.36982762813568115","0.5968211889266968","0.5968211889266968","0.5968211889266968","0.30630263686180115","0.30630263686180115","0.30630263686180115"
"6120","0.30664634704589844","0.30664634704589844","0.30664634704589844","0.380758672952652","0.380758672952652","0.380758672952652","0.5513442754745483","0.5513442754745483","0.5513442754745483","0.31010130047798157","0.31010130047798157","0.31010130047798157"
"6130","0.30602455139160156","0.30602455139160156","0.30602455139160156","0.3831062316894531","0.3831062316894531","0.3831062316894531","0.5606415271759033","0.5606415271759033","0.5606415271759033","0.3089035153388977","0.3089035153388977","0.3089035153388977"
"6140","0.31632155179977417","0.31632155179977417","0.31632155179977417","0.37949293851852417","0.37949293851852417","0.37949293851852417","0.5610160827636719","0.5610160827636719","0.5610160827636719","0.3190685212612152","0.3190685212612152","0.3190685212612152"
"6150","0.3221275210380554","0.3221275210380554","0.3221275210380554","0.368243008852005","0.368243008852005","0.368243008852005","0.5842506885528564","0.5842506885528564","0.5842506885528564","0.3251934051513672","0.3251934051513672","0.3251934051513672"
"6160","0.25854796171188354","0.25854796171188354","0.25854796171188354","0.3480629026889801","0.3480629026889801","0.3480629026889801","0.5713943839073181","0.5713943839073181","0.5713943839073181","0.26008719205856323","0.26008719205856323","0.26008719205856323"
"6170","0.30689430236816406","0.30689430236816406","0.30689430236816406","0.3855167627334595","0.3855167627334595","0.3855167627334595","0.5787982940673828","0.5787982940673828","0.5787982940673828","0.3084357976913452","0.3084357976913452","0.3084357976913452"
"6180","0.31723135709762573","0.31723135709762573","0.31723135709762573","0.3773078918457031","0.3773078918457031","0.3773078918457031","0.5348644256591797","0.5348644256591797","0.5348644256591797","0.31973111629486084","0.31973111629486084","0.31973111629486084"
"6190","0.29756850004196167","0.29756850004196167","0.29756850004196167","0.383083701133728","0.383083701133728","0.383083701133728","0.5408657789230347","0.5408657789230347","0.5408657789230347","0.30035513639450073","0.30035513639450073","0.30035513639450073"
"6200","0.30124932527542114","0.30124932527542114","0.30124932527542114","0.3840770721435547","0.3840770721435547","0.3840770721435547","0.5886833071708679","0.5886833071708679","0.5886833071708679","0.304269015789032","0.304269015789032","0.304269015789032"
"6210","0.308022677898407","0.308022677898407","0.308022677898407","0.37951624393463135","0.37951624393463135","0.37951624393463135","0.5567219257354736","0.5567219257354736","0.5567219257354736","0.31075364351272583","0.31075364351272583","0.31075364351272583"
"6220","0.31140977144241333","0.31140977144241333","0.31140977144241333","0.38274192810058594","0.38274192810058594","0.38274192810058594","0.5317302942276001","0.5317302942276001","0.5317302942276001","0.3151928186416626","0.3151928186416626","0.3151928186416626"
"6230","0.3105712831020355","0.3105712831020355","0.3105712831020355","0.3855144679546356","0.3855144679546356","0.3855144679546356","0.5608596801757812","0.5608596801757812","0.5608596801757812","0.3140975832939148","0.3140975832939148","0.3140975832939148"
"6240","0.31180840730667114","0.31180840730667114","0.31180840730667114","0.384033203125","0.384033203125","0.384033203125","0.5442302227020264","0.5442302227020264","0.5442302227020264","0.3140670657157898","0.3140670657157898","0.3140670657157898"
"6250","0.31663477420806885","0.31663477420806885","0.31663477420806885","0.38979873061180115","0.38979873061180115","0.38979873061180115","0.5798969268798828","0.5798969268798828","0.5798969268798828","0.3185562193393707","0.3185562193393707","0.3185562193393707"
"6260","0.3192710876464844","0.3192710876464844","0.3192710876464844","0.36830902099609375","0.36830902099609375","0.36830902099609375","0.5738414525985718","0.5738414525985718","0.5738414525985718","0.32118910551071167","0.32118910551071167","0.32118910551071167"
"6270","0.3244098424911499","0.3244098424911499","0.3244098424911499","0.3688651919364929","0.3688651919364929","0.3688651919364929","0.5495750904083252","0.5495750904083252","0.5495750904083252","0.32690733671188354","0.32690733671188354","0.32690733671188354"
"6280","0.31828612089157104","0.31828612089157104","0.31828612089157104","0.37850266695022583","0.37850266695022583","0.37850266695022583","0.5932140350341797","0.5932140350341797","0.5932140350341797","0.32108575105667114","0.32108575105667114","0.32108575105667114"
"6290","0.31602251529693604","0.31602251529693604","0.31602251529693604","0.3892894685268402","0.3892894685268402","0.3892894685268402","0.5686855316162109","0.5686855316162109","0.5686855316162109","0.3184780180454254","0.3184780180454254","0.3184780180454254"
"6300","0.3253895044326782","0.3253895044326782","0.3253895044326782","0.3534965515136719","0.3534965515136719","0.3534965515136719","0.6210529208183289","0.6210529208183289","0.6210529208183289","0.32784461975097656","0.32784461975097656","0.32784461975097656"
"6310","0.31607016921043396","0.31607016921043396","0.31607016921043396","0.37544670701026917","0.37544670701026917","0.37544670701026917","0.5786339044570923","0.5786339044570923","0.5786339044570923","0.31773683428764343","0.31773683428764343","0.31773683428764343"
"6320","0.3104743957519531","0.3104743957519531","0.3104743957519531","0.38271522521972656","0.38271522521972656","0.38271522521972656","0.5494945645332336","0.5494945645332336","0.5494945645332336","0.3129695951938629","0.3129695951938629","0.3129695951938629"
"6330","0.3107433319091797","0.3107433319091797","0.3107433319091797","0.3884941339492798","0.3884941339492798","0.3884941339492798","0.5652923583984375","0.5652923583984375","0.5652923583984375","0.3134380280971527","0.3134380280971527","0.3134380280971527"
"6340","0.31758880615234375","0.31758880615234375","0.31758880615234375","0.386666476726532","0.386666476726532","0.386666476726532","0.6261547207832336","0.6261547207832336","0.6261547207832336","0.31974563002586365","0.31974563002586365","0.31974563002586365"
"6350","0.3136047422885895","0.3136047422885895","0.3136047422885895","0.388113796710968","0.388113796710968","0.388113796710968","0.586778998374939","0.586778998374939","0.586778998374939","0.3153454065322876","0.3153454065322876","0.3153454065322876"
"6360","0.3235718011856079","0.3235718011856079","0.3235718011856079","0.37908935546875","0.37908935546875","0.37908935546875","0.5002048015594482","0.5002048015594482","0.5002048015594482","0.32574042677879333","0.32574042677879333","0.32574042677879333"
"6370","0.3278846740722656","0.3278846740722656","0.3278846740722656","0.381570428609848","0.381570428609848","0.381570428609848","0.5509029626846313","0.5509029626846313","0.5509029626846313","0.3297595977783203","0.3297595977783203","0.3297595977783203"
"6380","0.322622686624527","0.322622686624527","0.322622686624527","0.38316571712493896","0.38316571712493896","0.38316571712493896","0.5591686367988586","0.5591686367988586","0.5591686367988586","0.3249492645263672","0.3249492645263672","0.3249492645263672"
"6390","0.31934624910354614","0.31934624910354614","0.31934624910354614","0.38916856050491333","0.38916856050491333","0.38916856050491333","0.5333534479141235","0.5333534479141235","0.5333534479141235","0.3215492069721222","0.3215492069721222","0.3215492069721222"
"6400","0.32008057832717896","0.32008057832717896","0.32008057832717896","0.3867260217666626","0.3867260217666626","0.3867260217666626","0.5533157587051392","0.5533157587051392","0.5533157587051392","0.3227260708808899","0.3227260708808899","0.3227260708808899"
"6410","0.3136482238769531","0.3136482238769531","0.3136482238769531","0.38088417053222656","0.38088417053222656","0.38088417053222656","0.6063529849052429","0.6063529849052429","0.6063529849052429","0.3160373568534851","0.3160373568534851","0.3160373568534851"
"6420","0.32294654846191406","0.32294654846191406","0.32294654846191406","0.3844802677631378","0.3844802677631378","0.3844802677631378","0.568756103515625","0.568756103515625","0.568756103515625","0.32509881258010864","0.32509881258010864","0.32509881258010864"
"6430","0.3193550109863281","0.3193550109863281","0.3193550109863281","0.38508719205856323","0.38508719205856323","0.38508719205856323","0.5712486505508423","0.5712486505508423","0.5712486505508423","0.32163581252098083","0.32163581252098083","0.32163581252098083"
"6440","0.32325324416160583","0.32325324416160583","0.32325324416160583","0.3807743191719055","0.3807743191719055","0.3807743191719055","0.553997814655304","0.553997814655304","0.553997814655304","0.3250247836112976","0.3250247836112976","0.3250247836112976"
"6450","0.3238945007324219","0.3238945007324219","0.3238945007324219","0.38127976655960083","0.38127976655960083","0.38127976655960083","0.5594890713691711","0.5594890713691711","0.5594890713691711","0.3262062072753906","0.3262062072753906","0.3262062072753906"
"6460","0.3252132534980774","0.3252132534980774","0.3252132534980774","0.38054007291793823","0.38054007291793823","0.38054007291793823","0.5529396533966064","0.5529396533966064","0.5529396533966064","0.3271537721157074","0.3271537721157074","0.3271537721157074"
"6470","0.32087862491607666","0.32087862491607666","0.32087862491607666","0.38325613737106323","0.38325613737106323","0.38325613737106323","0.5557152032852173","0.5557152032852173","0.5557152032852173","0.3223426938056946","0.3223426938056946","0.3223426938056946"
"6480","0.3242248594760895","0.3242248594760895","0.3242248594760895","0.3800014555454254","0.3800014555454254","0.3800014555454254","0.5543934106826782","0.5543934106826782","0.5543934106826782","0.3261691927909851","0.3261691927909851","0.3261691927909851"
"6490","0.3262138366699219","0.3262138366699219","0.3262138366699219","0.3855384886264801","0.3855384886264801","0.3855384886264801","0.5473724603652954","0.5473724603652954","0.5473724603652954","0.32784804701805115","0.32784804701805115","0.32784804701805115"
"6500","0.3302718997001648","0.3302718997001648","0.3302718997001648","0.37817955017089844","0.37817955017089844","0.37817955017089844","0.5552459955215454","0.5552459955215454","0.5552459955215454","0.33155059814453125","0.33155059814453125","0.33155059814453125"
"6510","0.3195514678955078","0.3195514678955078","0.3195514678955078","0.380893349647522","0.380893349647522","0.380893349647522","0.6132797598838806","0.6132797598838806","0.6132797598838806","0.320944607257843","0.320944607257843","0.320944607257843"
"6520","0.3232601284980774","0.3232601284980774","0.3232601284980774","0.3853893280029297","0.3853893280029297","0.3853893280029297","0.5480201840400696","0.5480201840400696","0.5480201840400696","0.3246406614780426","0.3246406614780426","0.3246406614780426"
"6530","0.3260784149169922","0.3260784149169922","0.3260784149169922","0.374167263507843","0.374167263507843","0.374167263507843","0.5508114099502563","0.5508114099502563","0.5508114099502563","0.32777443528175354","0.32777443528175354","0.32777443528175354"
"6540","0.3331001400947571","0.3331001400947571","0.3331001400947571","0.3727496862411499","0.3727496862411499","0.3727496862411499","0.5563755035400391","0.5563755035400391","0.5563755035400391","0.3352222442626953","0.3352222442626953","0.3352222442626953"
"6550","0.3275253176689148","0.3275253176689148","0.3275253176689148","0.39107590913772583","0.39107590913772583","0.39107590913772583","0.49055516719818115","0.49055516719818115","0.49055516719818115","0.32919806241989136","0.32919806241989136","0.32919806241989136"
"6560","0.3250167965888977","0.3250167965888977","0.3250167965888977","0.3794746398925781","0.3794746398925781","0.3794746398925781","0.5258437991142273","0.5258437991142273","0.5258437991142273","0.3265228271484375","0.3265228271484375","0.3265228271484375"
"6570","0.3234970271587372","0.3234970271587372","0.3234970271587372","0.3901573121547699","0.3901573121547699","0.3901573121547699","0.5800678133964539","0.5800678133964539","0.5800678133964539","0.32493627071380615","0.32493627071380615","0.32493627071380615"
"6580","0.3135772943496704","0.3135772943496704","0.3135772943496704","0.38328590989112854","0.38328590989112854","0.38328590989112854","0.642743706703186","0.642743706703186","0.642743706703186","0.3150535523891449","0.3150535523891449","0.3150535523891449"
"6590","0.32862168550491333","0.32862168550491333","0.32862168550491333","0.37951239943504333","0.37951239943504333","0.37951239943504333","0.5627158880233765","0.5627158880233765","0.5627158880233765","0.33020591735839844","0.33020591735839844","0.33020591735839844"
"6600","0.32070884108543396","0.32070884108543396","0.32070884108543396","0.3805496096611023","0.3805496096611023","0.3805496096611023","0.5516529083251953","0.5516529083251953","0.5516529083251953","0.3224029541015625","0.3224029541015625","0.3224029541015625"
"6610","0.3263908624649048","0.3263908624649048","0.3263908624649048","0.37728041410446167","0.37728041410446167","0.37728041410446167","0.5692310333251953","0.5692310333251953","0.5692310333251953","0.32832565903663635","0.32832565903663635","0.32832565903663635"
"6620","0.3214855194091797","0.3214855194091797","0.3214855194091797","0.3829177916049957","0.3829177916049957","0.3829177916049957","0.5618335604667664","0.5618335604667664","0.5618335604667664","0.32291603088378906","0.32291603088378906","0.32291603088378906"
"6630","0.33046454191207886","0.33046454191207886","0.33046454191207886","0.38925284147262573","0.38925284147262573","0.38925284147262573","0.5583255887031555","0.5583255887031555","0.5583255887031555","0.3318668603897095","0.3318668603897095","0.3318668603897095"
"6640","0.3285961151123047","0.3285961151123047","0.3285961151123047","0.38533440232276917","0.38533440232276917","0.38533440232276917","0.5308154821395874","0.5308154821395874","0.5308154821395874","0.3302425146102905","0.3302425146102905","0.3302425146102905"
"6650","0.3288288116455078","0.3288288116455078","0.3288288116455078","0.3911662995815277","0.3911662995815277","0.3911662995815277","0.5732868313789368","0.5732868313789368","0.5732868313789368","0.3303768038749695","0.3303768038749695","0.3303768038749695"
"6660","0.331167608499527","0.331167608499527","0.331167608499527","0.3891277313232422","0.3891277313232422","0.3891277313232422","0.587014377117157","0.587014377117157","0.587014377117157","0.332497775554657","0.332497775554657","0.332497775554657"
"6670","0.3353073000907898","0.3353073000907898","0.3353073000907898","0.38391607999801636","0.38391607999801636","0.38391607999801636","0.547463595867157","0.547463595867157","0.547463595867157","0.33736956119537354","0.33736956119537354","0.33736956119537354"
"6680","0.3303653597831726","0.3303653597831726","0.3303653597831726","0.3755897581577301","0.3755897581577301","0.3755897581577301","0.5787417888641357","0.5787417888641357","0.5787417888641357","0.33242836594581604","0.33242836594581604","0.33242836594581604"
"6690","0.3386608064174652","0.3386608064174652","0.3386608064174652","0.3860160708427429","0.3860160708427429","0.3860160708427429","0.5464290380477905","0.5464290380477905","0.5464290380477905","0.34075430035591125","0.34075430035591125","0.34075430035591125"
"6700","0.329232394695282","0.329232394695282","0.329232394695282","0.3808784484863281","0.3808784484863281","0.3808784484863281","0.5577713251113892","0.5577713251113892","0.5577713251113892","0.33111000061035156","0.33111000061035156","0.33111000061035156"
"6710","0.3341484069824219","0.3341484069824219","0.3341484069824219","0.3772827386856079","0.3772827386856079","0.3772827386856079","0.5539611577987671","0.5539611577987671","0.5539611577987671","0.3357177972793579","0.3357177972793579","0.3357177972793579"
"6720","0.33055001497268677","0.33055001497268677","0.33055001497268677","0.3836345672607422","0.3836345672607422","0.3836345672607422","0.5775806307792664","0.5775806307792664","0.5775806307792664","0.33240318298339844","0.33240318298339844","0.33240318298339844"
"6730","0.33331453800201416","0.33331453800201416","0.33331453800201416","0.3787654638290405","0.3787654638290405","0.3787654638290405","0.5791561007499695","0.5791561007499695","0.5791561007499695","0.3351879119873047","0.3351879119873047","0.3351879119873047"
"6740","0.33170318603515625","0.33170318603515625","0.33170318603515625","0.38912999629974365","0.38912999629974365","0.38912999629974365","0.6214225888252258","0.6214225888252258","0.6214225888252258","0.33267515897750854","0.33267515897750854","0.33267515897750854"
"6750","0.33561402559280396","0.33561402559280396","0.33561402559280396","0.38962021470069885","0.38962021470069885","0.38962021470069885","0.5652042031288147","0.5652042031288147","0.5652042031288147","0.3369983732700348","0.3369983732700348","0.3369983732700348"
"6760","0.32869988679885864","0.32869988679885864","0.32869988679885864","0.38775673508644104","0.38775673508644104","0.38775673508644104","0.5526332855224609","0.5526332855224609","0.5526332855224609","0.3305126130580902","0.3305126130580902","0.3305126130580902"
"6770","0.3295387029647827","0.3295387029647827","0.3295387029647827","0.38554611802101135","0.38554611802101135","0.38554611802101135","0.5116127133369446","0.5116127133369446","0.5116127133369446","0.3313876986503601","0.3313876986503601","0.3313876986503601"
"6780","0.3298538327217102","0.3298538327217102","0.3298538327217102","0.38264161348342896","0.38264161348342896","0.38264161348342896","0.5633544921875","0.5633544921875","0.5633544921875","0.3317798376083374","0.3317798376083374","0.3317798376083374"
"6790","0.331787109375","0.331787109375","0.331787109375","0.3817543089389801","0.3817543089389801","0.3817543089389801","0.5572658777236938","0.5572658777236938","0.5572658777236938","0.3335689604282379","0.3335689604282379","0.3335689604282379"
"6800","0.3168037533760071","0.3168037533760071","0.3168037533760071","0.3932567536830902","0.3932567536830902","0.3932567536830902","0.5739749670028687","0.5739749670028687","0.5739749670028687","0.3191555142402649","0.3191555142402649","0.3191555142402649"
"6810","0.335562139749527","0.335562139749527","0.335562139749527","0.38825684785842896","0.38825684785842896","0.38825684785842896","0.5511070489883423","0.5511070489883423","0.5511070489883423","0.3382553160190582","0.3382553160190582","0.3382553160190582"
"6820","0.3459205627441406","0.3459205627441406","0.3459205627441406","0.3753303587436676","0.3753303587436676","0.3753303587436676","0.6004379391670227","0.6004379391670227","0.6004379391670227","0.3476550877094269","0.3476550877094269","0.3476550877094269"
"6830","0.33087462186813354","0.33087462186813354","0.33087462186813354","0.3851360082626343","0.3851360082626343","0.3851360082626343","0.6057617664337158","0.6057617664337158","0.6057617664337158","0.33208122849464417","0.33208122849464417","0.33208122849464417"
"6840","0.3335041105747223","0.3335041105747223","0.3335041105747223","0.39412766695022583","0.39412766695022583","0.39412766695022583","0.5631523132324219","0.5631523132324219","0.5631523132324219","0.3354049623012543","0.3354049623012543","0.3354049623012543"
"6850","0.35227468609809875","0.35227468609809875","0.35227468609809875","0.3928348422050476","0.3928348422050476","0.3928348422050476","0.6174396276473999","0.6174396276473999","0.6174396276473999","0.35420647263526917","0.35420647263526917","0.35420647263526917"
"6860","0.33301621675491333","0.33301621675491333","0.33301621675491333","0.3750503659248352","0.3750503659248352","0.3750503659248352","0.5912322998046875","0.5912322998046875","0.5912322998046875","0.33483314514160156","0.33483314514160156","0.33483314514160156"
"6870","0.3400005102157593","0.3400005102157593","0.3400005102157593","0.3837917447090149","0.3837917447090149","0.3837917447090149","0.5248115658760071","0.5248115658760071","0.5248115658760071","0.3413757085800171","0.3413757085800171","0.3413757085800171"
"6880","0.3366127014160156","0.3366127014160156","0.3366127014160156","0.37921905517578125","0.37921905517578125","0.37921905517578125","0.5569705963134766","0.5569705963134766","0.5569705963134766","0.3384586274623871","0.3384586274623871","0.3384586274623871"
"6890","0.33920174837112427","0.33920174837112427","0.33920174837112427","0.3704414367675781","0.3704414367675781","0.3704414367675781","0.5729915499687195","0.5729915499687195","0.5729915499687195","0.34142035245895386","0.34142035245895386","0.34142035245895386"
"6900","0.33823126554489136","0.33823126554489136","0.33823126554489136","0.390262246131897","0.390262246131897","0.390262246131897","0.6202728748321533","0.6202728748321533","0.6202728748321533","0.3397407531738281","0.3397407531738281","0.3397407531738281"
"6910","0.33695945143699646","0.33695945143699646","0.33695945143699646","0.3832584321498871","0.3832584321498871","0.3832584321498871","0.5398921966552734","0.5398921966552734","0.5398921966552734","0.3383529782295227","0.3383529782295227","0.3383529782295227"
"6920","0.3395271301269531","0.3395271301269531","0.3395271301269531","0.38353845477104187","0.38353845477104187","0.38353845477104187","0.5325229167938232","0.5325229167938232","0.5325229167938232","0.34121400117874146","0.34121400117874146","0.34121400117874146"
"6930","0.34013140201568604","0.34013140201568604","0.34013140201568604","0.3836662471294403","0.3836662471294403","0.3836662471294403","0.5792534351348877","0.5792534351348877","0.5792534351348877","0.34149399399757385","0.34149399399757385","0.34149399399757385"
"6940","0.3333984613418579","0.3333984613418579","0.3333984613418579","0.38931846618652344","0.38931846618652344","0.38931846618652344","0.5700286626815796","0.5700286626815796","0.5700286626815796","0.33533746004104614","0.33533746004104614","0.33533746004104614"
"6950","0.3425002992153168","0.3425002992153168","0.3425002992153168","0.38933563232421875","0.38933563232421875","0.38933563232421875","0.5844128131866455","0.5844128131866455","0.5844128131866455","0.34437334537506104","0.34437334537506104","0.34437334537506104"
"6960","0.32614707946777344","0.32614707946777344","0.32614707946777344","0.38294410705566406","0.38294410705566406","0.38294410705566406","0.5754299163818359","0.5754299163818359","0.5754299163818359","0.3280952572822571","0.3280952572822571","0.3280952572822571"
"6970","0.3377090394496918","0.3377090394496918","0.3377090394496918","0.3831768035888672","0.3831768035888672","0.3831768035888672","0.5810863375663757","0.5810863375663757","0.5810863375663757","0.33945924043655396","0.33945924043655396","0.33945924043655396"
"6980","0.3100380003452301","0.3100380003452301","0.3100380003452301","0.3860248327255249","0.3860248327255249","0.3860248327255249","0.6104347109794617","0.6104347109794617","0.6104347109794617","0.3116920590400696","0.3116920590400696","0.3116920590400696"
"6990","0.32747727632522583","0.32747727632522583","0.32747727632522583","0.38628846406936646","0.38628846406936646","0.38628846406936646","0.5626510381698608","0.5626510381698608","0.5626510381698608","0.3293941617012024","0.3293941617012024","0.3293941617012024"
"7000","0.334463506937027","0.334463506937027","0.334463506937027","0.3905002474784851","0.3905002474784851","0.3905002474784851","0.5703609585762024","0.5703609585762024","0.5703609585762024","0.336382657289505","0.336382657289505","0.336382657289505"
"7010","0.32814520597457886","0.32814520597457886","0.32814520597457886","0.36795157194137573","0.36795157194137573","0.36795157194137573","0.5726089477539062","0.5726089477539062","0.5726089477539062","0.3298133611679077","0.3298133611679077","0.3298133611679077"
"7020","0.32902029156684875","0.32902029156684875","0.32902029156684875","0.2936023473739624","0.2936023473739624","0.2936023473739624","0.5564342737197876","0.5564342737197876","0.5564342737197876","0.33104515075683594","0.33104515075683594","0.33104515075683594"
"7030","0.34294432401657104","0.34294432401657104","0.34294432401657104","0.3843364715576172","0.3843364715576172","0.3843364715576172","0.6086082458496094","0.6086082458496094","0.6086082458496094","0.3447940945625305","0.3447940945625305","0.3447940945625305"
"7040","0.34650421142578125","0.34650421142578125","0.34650421142578125","0.38859137892723083","0.38859137892723083","0.38859137892723083","0.5607543587684631","0.5607543587684631","0.5607543587684631","0.34863701462745667","0.34863701462745667","0.34863701462745667"
"7050","0.3244251310825348","0.3244251310825348","0.3244251310825348","0.38162878155708313","0.38162878155708313","0.38162878155708313","0.5502811074256897","0.5502811074256897","0.5502811074256897","0.3262123167514801","0.3262123167514801","0.3262123167514801"
"7060","0.3232009708881378","0.3232009708881378","0.3232009708881378","0.3937702178955078","0.3937702178955078","0.3937702178955078","0.6089076995849609","0.6089076995849609","0.6089076995849609","0.32429200410842896","0.32429200410842896","0.32429200410842896"
"7070","0.34651145339012146","0.34651145339012146","0.34651145339012146","0.380331814289093","0.380331814289093","0.380331814289093","0.6026675701141357","0.6026675701141357","0.6026675701141357","0.3488048315048218","0.3488048315048218","0.3488048315048218"
"7080","0.34527701139450073","0.34527701139450073","0.34527701139450073","0.3930862545967102","0.3930862545967102","0.3930862545967102","0.5592174530029297","0.5592174530029297","0.5592174530029297","0.34723472595214844","0.34723472595214844","0.34723472595214844"
"7090","0.3428470492362976","0.3428470492362976","0.3428470492362976","0.3918125331401825","0.3918125331401825","0.3918125331401825","0.5714565515518188","0.5714565515518188","0.5714565515518188","0.34481507539749146","0.34481507539749146","0.34481507539749146"
"7100","0.3379623591899872","0.3379623591899872","0.3379623591899872","0.3942474126815796","0.3942474126815796","0.3942474126815796","0.556601345539093","0.556601345539093","0.556601345539093","0.33954963088035583","0.33954963088035583","0.33954963088035583"
"7110","0.34125444293022156","0.34125444293022156","0.34125444293022156","0.37615853548049927","0.37615853548049927","0.37615853548049927","0.5537204742431641","0.5537204742431641","0.5537204742431641","0.343292236328125","0.343292236328125","0.343292236328125"
"7120","0.3383159637451172","0.3383159637451172","0.3383159637451172","0.3369560241699219","0.3369560241699219","0.3369560241699219","0.5421890020370483","0.5421890020370483","0.5421890020370483","0.33973997831344604","0.33973997831344604","0.33973997831344604"
"7130","0.33539658784866333","0.33539658784866333","0.33539658784866333","0.39460715651512146","0.39460715651512146","0.39460715651512146","0.5671283602714539","0.5671283602714539","0.5671283602714539","0.33745115995407104","0.33745115995407104","0.33745115995407104"
"7140","0.33484572172164917","0.33484572172164917","0.33484572172164917","0.39143067598342896","0.39143067598342896","0.39143067598342896","0.5612643957138062","0.5612643957138062","0.5612643957138062","0.33632582426071167","0.33632582426071167","0.33632582426071167"
"7150","0.34591981768608093","0.34591981768608093","0.34591981768608093","0.39090806245803833","0.39090806245803833","0.39090806245803833","0.5612495541572571","0.5612495541572571","0.5612495541572571","0.3482730984687805","0.3482730984687805","0.3482730984687805"
"7160","0.3431800901889801","0.3431800901889801","0.3431800901889801","0.3879081904888153","0.3879081904888153","0.3879081904888153","0.5548755526542664","0.5548755526542664","0.5548755526542664","0.34496423602104187","0.34496423602104187","0.34496423602104187"
"7170","0.34640273451805115","0.34640273451805115","0.34640273451805115","0.3896297216415405","0.3896297216415405","0.3896297216415405","0.5824310183525085","0.5824310183525085","0.5824310183525085","0.3490959107875824","0.3490959107875824","0.3490959107875824"
"7180","0.35117530822753906","0.35117530822753906","0.35117530822753906","0.381247341632843","0.381247341632843","0.381247341632843","0.5699558258056641","0.5699558258056641","0.5699558258056641","0.35354650020599365","0.35354650020599365","0.35354650020599365"
"7190","0.3431404232978821","0.3431404232978821","0.3431404232978821","0.3852870762348175","0.3852870762348175","0.3852870762348175","0.5713035464286804","0.5713035464286804","0.5713035464286804","0.34523582458496094","0.34523582458496094","0.34523582458496094"
"7200","0.3376323878765106","0.3376323878765106","0.3376323878765106","0.38667070865631104","0.38667070865631104","0.38667070865631104","0.5634292364120483","0.5634292364120483","0.5634292364120483","0.3399738371372223","0.3399738371372223","0.3399738371372223"
"7210","0.3468421697616577","0.3468421697616577","0.3468421697616577","0.38998985290527344","0.38998985290527344","0.38998985290527344","0.5604778528213501","0.5604778528213501","0.5604778528213501","0.3489147424697876","0.3489147424697876","0.3489147424697876"
"7220","0.3485260009765625","0.3485260009765625","0.3485260009765625","0.38889771699905396","0.38889771699905396","0.38889771699905396","0.5498035550117493","0.5498035550117493","0.5498035550117493","0.3511291444301605","0.3511291444301605","0.3511291444301605"
"7230","0.3365108370780945","0.3365108370780945","0.3365108370780945","0.3890209197998047","0.3890209197998047","0.3890209197998047","0.5962364077568054","0.5962364077568054","0.5962364077568054","0.3383968472480774","0.3383968472480774","0.3383968472480774"
"7240","0.3492298424243927","0.3492298424243927","0.3492298424243927","0.38954201340675354","0.38954201340675354","0.38954201340675354","0.555101752281189","0.555101752281189","0.555101752281189","0.35087892413139343","0.35087892413139343","0.35087892413139343"
"7250","0.34058988094329834","0.34058988094329834","0.34058988094329834","0.40008658170700073","0.40008658170700073","0.40008658170700073","0.5726505517959595","0.5726505517959595","0.5726505517959595","0.34241563081741333","0.34241563081741333","0.34241563081741333"
"7260","0.3510238528251648","0.3510238528251648","0.3510238528251648","0.3853999972343445","0.3853999972343445","0.3853999972343445","0.5682766437530518","0.5682766437530518","0.5682766437530518","0.3520461916923523","0.3520461916923523","0.3520461916923523"
"7270","0.34220007061958313","0.34220007061958313","0.34220007061958313","0.3902580142021179","0.3902580142021179","0.3902580142021179","0.5644325017929077","0.5644325017929077","0.5644325017929077","0.3441276550292969","0.3441276550292969","0.3441276550292969"
"7280","0.3400699496269226","0.3400699496269226","0.3400699496269226","0.39538154006004333","0.39538154006004333","0.39538154006004333","0.5572292804718018","0.5572292804718018","0.5572292804718018","0.34197884798049927","0.34197884798049927","0.34197884798049927"
"7290","0.3441352844238281","0.3441352844238281","0.3441352844238281","0.3892318904399872","0.3892318904399872","0.3892318904399872","0.560412585735321","0.560412585735321","0.560412585735321","0.34621235728263855","0.34621235728263855","0.34621235728263855"
"7300","0.3436450958251953","0.3436450958251953","0.3436450958251953","0.40271416306495667","0.40271416306495667","0.40271416306495667","0.5580570101737976","0.5580570101737976","0.5580570101737976","0.3455413579940796","0.3455413579940796","0.3455413579940796"
"7310","0.35150831937789917","0.35150831937789917","0.35150831937789917","0.3955799341201782","0.3955799341201782","0.3955799341201782","0.5532463192939758","0.5532463192939758","0.5532463192939758","0.3530113101005554","0.3530113101005554","0.3530113101005554"
"7320","0.3489818572998047","0.3489818572998047","0.3489818572998047","0.3944370448589325","0.3944370448589325","0.3944370448589325","0.5937305688858032","0.5937305688858032","0.5937305688858032","0.351260781288147","0.351260781288147","0.351260781288147"
"7330","0.3398635983467102","0.3398635983467102","0.3398635983467102","0.39383623003959656","0.39383623003959656","0.39383623003959656","0.58804851770401","0.58804851770401","0.58804851770401","0.341666042804718","0.341666042804718","0.341666042804718"
"7340","0.34741514921188354","0.34741514921188354","0.34741514921188354","0.39146190881729126","0.39146190881729126","0.39146190881729126","0.5664443969726562","0.5664443969726562","0.5664443969726562","0.34905165433883667","0.34905165433883667","0.34905165433883667"
"7350","0.3464767336845398","0.3464767336845398","0.3464767336845398","0.39443206787109375","0.39443206787109375","0.39443206787109375","0.5581005215644836","0.5581005215644836","0.5581005215644836","0.34817084670066833","0.34817084670066833","0.34817084670066833"
"7360","0.3541206419467926","0.3541206419467926","0.3541206419467926","0.386330783367157","0.386330783367157","0.386330783367157","0.604050874710083","0.604050874710083","0.604050874710083","0.35580942034721375","0.35580942034721375","0.35580942034721375"
"7370","0.35293275117874146","0.35293275117874146","0.35293275117874146","0.3812068998813629","0.3812068998813629","0.3812068998813629","0.5659167766571045","0.5659167766571045","0.5659167766571045","0.3545764982700348","0.3545764982700348","0.3545764982700348"
"7380","0.3471103608608246","0.3471103608608246","0.3471103608608246","0.38760679960250854","0.38760679960250854","0.38760679960250854","0.5468395352363586","0.5468395352363586","0.5468395352363586","0.3494396209716797","0.3494396209716797","0.3494396209716797"
"7390","0.3514846861362457","0.3514846861362457","0.3514846861362457","0.39211612939834595","0.39211612939834595","0.39211612939834595","0.6168559789657593","0.6168559789657593","0.6168559789657593","0.35325929522514343","0.35325929522514343","0.35325929522514343"
"7400","0.3503730595111847","0.3503730595111847","0.3503730595111847","0.38770368695259094","0.38770368695259094","0.38770368695259094","0.5544185638427734","0.5544185638427734","0.5544185638427734","0.3523982763290405","0.3523982763290405","0.3523982763290405"
"7410","0.3419746458530426","0.3419746458530426","0.3419746458530426","0.38911741971969604","0.38911741971969604","0.38911741971969604","0.5649738311767578","0.5649738311767578","0.5649738311767578","0.3437465727329254","0.3437465727329254","0.3437465727329254"
"7420","0.357571005821228","0.357571005821228","0.357571005821228","0.3829803466796875","0.3829803466796875","0.3829803466796875","0.5790863037109375","0.5790863037109375","0.5790863037109375","0.3596431612968445","0.3596431612968445","0.3596431612968445"
"7430","0.34555742144584656","0.34555742144584656","0.34555742144584656","0.3828304409980774","0.3828304409980774","0.3828304409980774","0.6020927429199219","0.6020927429199219","0.6020927429199219","0.3475681245326996","0.3475681245326996","0.3475681245326996"
"7440","0.3470260500907898","0.3470260500907898","0.3470260500907898","0.3915119171142578","0.3915119171142578","0.3915119171142578","0.5882007479667664","0.5882007479667664","0.5882007479667664","0.3487873077392578","0.3487873077392578","0.3487873077392578"
"7450","0.3560073971748352","0.3560073971748352","0.3560073971748352","0.37970390915870667","0.37970390915870667","0.37970390915870667","0.555010199546814","0.555010199546814","0.555010199546814","0.3584880828857422","0.3584880828857422","0.3584880828857422"
"7460","0.304909884929657","0.304909884929657","0.304909884929657","0.3977867364883423","0.3977867364883423","0.3977867364883423","0.5593600869178772","0.5593600869178772","0.5593600869178772","0.30692026019096375","0.30692026019096375","0.30692026019096375"
"7470","0.35741308331489563","0.35741308331489563","0.35741308331489563","0.3977928161621094","0.3977928161621094","0.3977928161621094","0.5699111819267273","0.5699111819267273","0.5699111819267273","0.35949400067329407","0.35949400067329407","0.35949400067329407"
"7480","0.34673383831977844","0.34673383831977844","0.34673383831977844","0.39015084505081177","0.39015084505081177","0.39015084505081177","0.5593913793563843","0.5593913793563843","0.5593913793563843","0.3489910364151001","0.3489910364151001","0.3489910364151001"
"7490","0.34467583894729614","0.34467583894729614","0.34467583894729614","0.3981502652168274","0.3981502652168274","0.3981502652168274","0.5534607172012329","0.5534607172012329","0.5534607172012329","0.3471202850341797","0.3471202850341797","0.3471202850341797"
"7500","0.3513958156108856","0.3513958156108856","0.3513958156108856","0.39001500606536865","0.39001500606536865","0.39001500606536865","0.5661659240722656","0.5661659240722656","0.5661659240722656","0.3535419702529907","0.3535419702529907","0.3535419702529907"
"7510","0.33749425411224365","0.33749425411224365","0.33749425411224365","0.39452019333839417","0.39452019333839417","0.39452019333839417","0.5669853091239929","0.5669853091239929","0.5669853091239929","0.33977243304252625","0.33977243304252625","0.33977243304252625"
"7520","0.3529529571533203","0.3529529571533203","0.3529529571533203","0.391440212726593","0.391440212726593","0.391440212726593","0.5567489862442017","0.5567489862442017","0.5567489862442017","0.35590821504592896","0.35590821504592896","0.35590821504592896"
"7530","0.34891510009765625","0.34891510009765625","0.34891510009765625","0.39766883850097656","0.39766883850097656","0.39766883850097656","0.5547199249267578","0.5547199249267578","0.5547199249267578","0.3515247106552124","0.3515247106552124","0.3515247106552124"
"7540","0.34865301847457886","0.34865301847457886","0.34865301847457886","0.3989841341972351","0.3989841341972351","0.3989841341972351","0.5628925561904907","0.5628925561904907","0.5628925561904907","0.3511730432510376","0.3511730432510376","0.3511730432510376"
"7550","0.35011786222457886","0.35011786222457886","0.35011786222457886","0.3890083432197571","0.3890083432197571","0.3890083432197571","0.5882026553153992","0.5882026553153992","0.5882026553153992","0.3524825870990753","0.3524825870990753","0.3524825870990753"
"7560","0.3472709655761719","0.3472709655761719","0.3472709655761719","0.3902553617954254","0.3902553617954254","0.3902553617954254","0.573495090007782","0.573495090007782","0.573495090007782","0.3495952785015106","0.3495952785015106","0.3495952785015106"
"7570","0.3515663146972656","0.3515663146972656","0.3515663146972656","0.3874458372592926","0.3874458372592926","0.3874458372592926","0.5573444366455078","0.5573444366455078","0.5573444366455078","0.35362356901168823","0.35362356901168823","0.35362356901168823"
"7580","0.35256803035736084","0.35256803035736084","0.35256803035736084","0.39048004150390625","0.39048004150390625","0.39048004150390625","0.5657417178153992","0.5657417178153992","0.5657417178153992","0.3547111451625824","0.3547111451625824","0.3547111451625824"
"7590","0.33267709612846375","0.33267709612846375","0.33267709612846375","0.39719122648239136","0.39719122648239136","0.39719122648239136","0.5471580624580383","0.5471580624580383","0.5471580624580383","0.334481418132782","0.334481418132782","0.334481418132782"
"7600","0.3450511693954468","0.3450511693954468","0.3450511693954468","0.3836822509765625","0.3836822509765625","0.3836822509765625","0.618130087852478","0.618130087852478","0.618130087852478","0.34713441133499146","0.34713441133499146","0.34713441133499146"
"7610","0.3489567041397095","0.3489567041397095","0.3489567041397095","0.3882129490375519","0.3882129490375519","0.3882129490375519","0.551242470741272","0.551242470741272","0.551242470741272","0.3513363003730774","0.3513363003730774","0.3513363003730774"
"7620","0.34478721022605896","0.34478721022605896","0.34478721022605896","0.38565558195114136","0.38565558195114136","0.38565558195114136","0.562320351600647","0.562320351600647","0.562320351600647","0.3485244810581207","0.3485244810581207","0.3485244810581207"
"7630","0.3556247651576996","0.3556247651576996","0.3556247651576996","0.3670772314071655","0.3670772314071655","0.3670772314071655","0.5732292532920837","0.5732292532920837","0.5732292532920837","0.3577537536621094","0.3577537536621094","0.3577537536621094"
"7640","0.35138243436813354","0.35138243436813354","0.35138243436813354","0.36501502990722656","0.36501502990722656","0.36501502990722656","0.5514297485351562","0.5514297485351562","0.5514297485351562","0.35310059785842896","0.35310059785842896","0.35310059785842896"
"7650","0.3523784875869751","0.3523784875869751","0.3523784875869751","0.3967006802558899","0.3967006802558899","0.3967006802558899","0.5882408022880554","0.5882408022880554","0.5882408022880554","0.35490304231643677","0.35490304231643677","0.35490304231643677"
"7660","0.3540119230747223","0.3540119230747223","0.3540119230747223","0.3922084867954254","0.3922084867954254","0.3922084867954254","0.6144512295722961","0.6144512295722961","0.6144512295722961","0.3562942445278168","0.3562942445278168","0.3562942445278168"
"7670","0.35557252168655396","0.35557252168655396","0.35557252168655396","0.39843979477882385","0.39843979477882385","0.39843979477882385","0.56427001953125","0.56427001953125","0.56427001953125","0.357744961977005","0.357744961977005","0.357744961977005"
"7680","0.35616761445999146","0.35616761445999146","0.35616761445999146","0.39181938767433167","0.39181938767433167","0.39181938767433167","0.5963447690010071","0.5963447690010071","0.5963447690010071","0.3587181270122528","0.3587181270122528","0.3587181270122528"
"7690","0.3533954620361328","0.3533954620361328","0.3533954620361328","0.39461901783943176","0.39461901783943176","0.39461901783943176","0.4797099828720093","0.4797099828720093","0.4797099828720093","0.3556762635707855","0.3556762635707855","0.3556762635707855"
"7700","0.3484821319580078","0.3484821319580078","0.3484821319580078","0.39776498079299927","0.39776498079299927","0.39776498079299927","0.5936805605888367","0.5936805605888367","0.5936805605888367","0.35061952471733093","0.35061952471733093","0.35061952471733093"
"7710","0.3576992154121399","0.3576992154121399","0.3576992154121399","0.3956470489501953","0.3956470489501953","0.3956470489501953","0.5567145943641663","0.5567145943641663","0.5567145943641663","0.3600956201553345","0.3600956201553345","0.3600956201553345"
"7720","0.36145859956741333","0.36145859956741333","0.36145859956741333","0.3939071595668793","0.3939071595668793","0.3939071595668793","0.5555763244628906","0.5555763244628906","0.5555763244628906","0.36424219608306885","0.36424219608306885","0.36424219608306885"
"7730","0.35163766145706177","0.35163766145706177","0.35163766145706177","0.3803054988384247","0.3803054988384247","0.3803054988384247","0.5173031091690063","0.5173031091690063","0.5173031091690063","0.3537479341030121","0.3537479341030121","0.3537479341030121"
"7740","0.36247518658638","0.36247518658638","0.36247518658638","0.39187091588974","0.39187091588974","0.39187091588974","0.5691143274307251","0.5691143274307251","0.5691143274307251","0.36606672406196594","0.36606672406196594","0.36606672406196594"
"7750","0.36318129301071167","0.36318129301071167","0.36318129301071167","0.3942706882953644","0.3942706882953644","0.3942706882953644","0.5985591411590576","0.5985591411590576","0.5985591411590576","0.36579054594039917","0.36579054594039917","0.36579054594039917"
"7760","0.34746360778808594","0.34746360778808594","0.34746360778808594","0.38608017563819885","0.38608017563819885","0.38608017563819885","0.5718173980712891","0.5718173980712891","0.5718173980712891","0.3496902287006378","0.3496902287006378","0.3496902287006378"
"7770","0.3551334738731384","0.3551334738731384","0.3551334738731384","0.39227715134620667","0.39227715134620667","0.39227715134620667","0.5606167316436768","0.5606167316436768","0.5606167316436768","0.3573299050331116","0.3573299050331116","0.3573299050331116"
"7780","0.36392250657081604","0.36392250657081604","0.36392250657081604","0.38196906447410583","0.38196906447410583","0.38196906447410583","0.5717331171035767","0.5717331171035767","0.5717331171035767","0.36600226163864136","0.36600226163864136","0.36600226163864136"
"7790","0.3579055666923523","0.3579055666923523","0.3579055666923523","0.3966018557548523","0.3966018557548523","0.3966018557548523","0.5684615969657898","0.5684615969657898","0.5684615969657898","0.3602176904678345","0.3602176904678345","0.3602176904678345"
"7800","0.35701292753219604","0.35701292753219604","0.35701292753219604","0.3814399838447571","0.3814399838447571","0.3814399838447571","0.5949547290802002","0.5949547290802002","0.5949547290802002","0.35996246337890625","0.35996246337890625","0.35996246337890625"
"7810","0.3524951934814453","0.3524951934814453","0.3524951934814453","0.3931301236152649","0.3931301236152649","0.3931301236152649","0.5931282043457031","0.5931282043457031","0.5931282043457031","0.3549346923828125","0.3549346923828125","0.3549346923828125"
"7820","0.36046332120895386","0.36046332120895386","0.36046332120895386","0.4018184542655945","0.4018184542655945","0.4018184542655945","0.5668418407440186","0.5668418407440186","0.5668418407440186","0.3628852665424347","0.3628852665424347","0.3628852665424347"
"7830","0.3496513366699219","0.3496513366699219","0.3496513366699219","0.39514654874801636","0.39514654874801636","0.39514654874801636","0.572338879108429","0.572338879108429","0.572338879108429","0.35255202651023865","0.35255202651023865","0.35255202651023865"
"7840","0.3563194274902344","0.3563194274902344","0.3563194274902344","0.39259833097457886","0.39259833097457886","0.39259833097457886","0.5301510095596313","0.5301510095596313","0.5301510095596313","0.3586066961288452","0.3586066961288452","0.3586066961288452"
"7850","0.36375921964645386","0.36375921964645386","0.36375921964645386","0.3925933837890625","0.3925933837890625","0.3925933837890625","0.5928508639335632","0.5928508639335632","0.5928508639335632","0.36596184968948364","0.36596184968948364","0.36596184968948364"
"7860","0.3583740293979645","0.3583740293979645","0.3583740293979645","0.4002200961112976","0.4002200961112976","0.4002200961112976","0.5649642944335938","0.5649642944335938","0.5649642944335938","0.36049309372901917","0.36049309372901917","0.36049309372901917"
"7870","0.3580509126186371","0.3580509126186371","0.3580509126186371","0.4074668884277344","0.4074668884277344","0.4074668884277344","0.5637264251708984","0.5637264251708984","0.5637264251708984","0.3601909875869751","0.3601909875869751","0.3601909875869751"
"7880","0.3563217222690582","0.3563217222690582","0.3563217222690582","0.3856712579727173","0.3856712579727173","0.3856712579727173","0.5685825347900391","0.5685825347900391","0.5685825347900391","0.3575565218925476","0.3575565218925476","0.3575565218925476"
"7890","0.3562251925468445","0.3562251925468445","0.3562251925468445","0.3998188078403473","0.3998188078403473","0.3998188078403473","0.5826236605644226","0.5826236605644226","0.5826236605644226","0.3582870364189148","0.3582870364189148","0.3582870364189148"
"7900","0.3551070988178253","0.3551070988178253","0.3551070988178253","0.39731866121292114","0.39731866121292114","0.39731866121292114","0.5677635669708252","0.5677635669708252","0.5677635669708252","0.3574711084365845","0.3574711084365845","0.3574711084365845"
"7910","0.3583885133266449","0.3583885133266449","0.3583885133266449","0.3955085873603821","0.3955085873603821","0.3955085873603821","0.5732028484344482","0.5732028484344482","0.5732028484344482","0.3605690002441406","0.3605690002441406","0.3605690002441406"
"7920","0.360739141702652","0.360739141702652","0.360739141702652","0.3942249119281769","0.3942249119281769","0.3942249119281769","0.5945122241973877","0.5945122241973877","0.5945122241973877","0.36290815472602844","0.36290815472602844","0.36290815472602844"
"7930","0.3578498959541321","0.3578498959541321","0.3578498959541321","0.38538438081741333","0.38538438081741333","0.38538438081741333","0.586901843547821","0.586901843547821","0.586901843547821","0.3608596920967102","0.3608596920967102","0.3608596920967102"
"7940","0.3486210107803345","0.3486210107803345","0.3486210107803345","0.3959457278251648","0.3959457278251648","0.3959457278251648","0.5639858245849609","0.5639858245849609","0.5639858245849609","0.35087281465530396","0.35087281465530396","0.35087281465530396"
"7950","0.35633620619773865","0.35633620619773865","0.35633620619773865","0.3983951508998871","0.3983951508998871","0.3983951508998871","0.5634475350379944","0.5634475350379944","0.5634475350379944","0.35860785841941833","0.35860785841941833","0.35860785841941833"
"7960","0.3585464358329773","0.3585464358329773","0.3585464358329773","0.3861961364746094","0.3861961364746094","0.3861961364746094","0.5655628442764282","0.5655628442764282","0.5655628442764282","0.36075401306152344","0.36075401306152344","0.36075401306152344"
"7970","0.35316354036331177","0.35316354036331177","0.35316354036331177","0.3897174894809723","0.3897174894809723","0.3897174894809723","0.5919040441513062","0.5919040441513062","0.5919040441513062","0.35554465651512146","0.35554465651512146","0.35554465651512146"
"7980","0.3558822572231293","0.3558822572231293","0.3558822572231293","0.401894748210907","0.401894748210907","0.401894748210907","0.6029907464981079","0.6029907464981079","0.6029907464981079","0.35907822847366333","0.35907822847366333","0.35907822847366333"
"7990","0.362392783164978","0.362392783164978","0.362392783164978","0.39568519592285156","0.39568519592285156","0.39568519592285156","0.6141395568847656","0.6141395568847656","0.6141395568847656","0.36488378047943115","0.36488378047943115","0.36488378047943115"
"8000","0.3604286313056946","0.3604286313056946","0.3604286313056946","0.40367811918258667","0.40367811918258667","0.40367811918258667","0.5562499761581421","0.5562499761581421","0.5562499761581421","0.36242711544036865","0.36242711544036865","0.36242711544036865"
"8010","0.0001644134463276714","0.0001644134463276714","0.0001644134463276714","0.4053939878940582","0.4053939878940582","0.4053939878940582","0.5645942687988281","0.5645942687988281","0.5645942687988281","0.029578018933534622","0.029578018933534622","0.029578018933534622"
"8020","0.00048027036245912313","0.00048027036245912313","0.00048027036245912313","0.39755475521087646","0.39755475521087646","0.39755475521087646","0.6005309820175171","0.6005309820175171","0.6005309820175171","0.00023117066302802414","0.00023117066302802414","0.00023117066302802414"
"8030","0.0005039215320721269","0.0005039215320721269","0.0005039215320721269","0.40125539898872375","0.40125539898872375","0.40125539898872375","0.577915608882904","0.577915608882904","0.577915608882904","0.0004169463936705142","0.0004169463936705142","0.0004169463936705142"
"8040","0.0010772704845294356","0.0010772704845294356","0.0010772704845294356","0.3990306854248047","0.3990306854248047","0.3990306854248047","0.5603287220001221","0.5603287220001221","0.5603287220001221","0.001456451485864818","0.001456451485864818","0.001456451485864818"
"8050","0.00686721783131361","0.00686721783131361","0.00686721783131361","0.3987274169921875","0.3987274169921875","0.3987274169921875","0.5993468761444092","0.5993468761444092","0.5993468761444092","0.0023857117630541325","0.0023857117630541325","0.0023857117630541325"
"8060","0.008315658196806908","0.008315658196806908","0.008315658196806908","0.39933279156684875","0.39933279156684875","0.39933279156684875","0.5763438940048218","0.5763438940048218","0.5763438940048218","0.003396606305614114","0.003396606305614114","0.003396606305614114"
"8070","0.009543990716338158","0.009543990716338158","0.009543990716338158","0.361288845539093","0.361288845539093","0.361288845539093","0.6020069122314453","0.6020069122314453","0.6020069122314453","0.0034999847412109375","0.0034999847412109375","0.0034999847412109375"
"8080","0.006899642758071423","0.006899642758071423","0.006899642758071423","0.39632606506347656","0.39632606506347656","0.39632606506347656","0.5836860537528992","0.5836860537528992","0.5836860537528992","0.0035617826506495476","0.0035617826506495476","0.0035617826506495476"
"8090","0.01164474431425333","0.01164474431425333","0.01164474431425333","0.39656490087509155","0.39656490087509155","0.39656490087509155","0.6263248920440674","0.6263248920440674","0.6263248920440674","0.01004486158490181","0.01004486158490181","0.01004486158490181"
"8100","0.00733261089771986","0.00733261089771986","0.00733261089771986","0.3934093415737152","0.3934093415737152","0.3934093415737152","0.5908771753311157","0.5908771753311157","0.5908771753311157","0.00915069505572319","0.00915069505572319","0.00915069505572319"
"8110","0.010064315050840378","0.010064315050840378","0.010064315050840378","0.3974456787109375","0.3974456787109375","0.3974456787109375","0.5414215326309204","0.5414215326309204","0.5414215326309204","0.010084152221679688","0.010084152221679688","0.010084152221679688"
"8120","0.008252715691924095","0.008252715691924095","0.008252715691924095","0.39826011657714844","0.39826011657714844","0.39826011657714844","0.5666923522949219","0.5666923522949219","0.5666923522949219","0.010230256244540215","0.010230256244540215","0.010230256244540215"
"8130","0.0074783326126635075","0.0074783326126635075","0.0074783326126635075","0.39982759952545166","0.39982759952545166","0.39982759952545166","0.5772476196289062","0.5772476196289062","0.5772476196289062","0.008914565667510033","0.008914565667510033","0.008914565667510033"
"8140","0.00887832697480917","0.00887832697480917","0.00887832697480917","0.39388999342918396","0.39388999342918396","0.39388999342918396","0.5664093494415283","0.5664093494415283","0.5664093494415283","0.007799530401825905","0.007799530401825905","0.007799530401825905"
"8150","0.008889389224350452","0.008889389224350452","0.008889389224350452","0.3898414671421051","0.3898414671421051","0.3898414671421051","0.5690280795097351","0.5690280795097351","0.5690280795097351","0.0069786072708666325","0.0069786072708666325","0.0069786072708666325"
"8160","0.009487533941864967","0.009487533941864967","0.009487533941864967","0.40127408504486084","0.40127408504486084","0.40127408504486084","0.5755801796913147","0.5755801796913147","0.5755801796913147","0.008197021670639515","0.008197021670639515","0.008197021670639515"
"8170","0.009177017956972122","0.009177017956972122","0.009177017956972122","0.3997360169887543","0.3997360169887543","0.3997360169887543","0.5644534826278687","0.5644534826278687","0.5644534826278687","0.0076271058060228825","0.0076271058060228825","0.0076271058060228825"
"8180","0.009457397274672985","0.009457397274672985","0.009457397274672985","0.40095406770706177","0.40095406770706177","0.40095406770706177","0.5536590814590454","0.5536590814590454","0.5536590814590454","0.007270049769431353","0.007270049769431353","0.007270049769431353"
"8190","0.007918930612504482","0.007918930612504482","0.007918930612504482","0.4006004333496094","0.4006004333496094","0.4006004333496094","0.5671688318252563","0.5671688318252563","0.5671688318252563","0.007603073492646217","0.007603073492646217","0.007603073492646217"
"8200","0.007824706844985485","0.007824706844985485","0.007824706844985485","0.4017764925956726","0.4017764925956726","0.4017764925956726","0.5781715512275696","0.5781715512275696","0.5781715512275696","0.01103973388671875","0.01103973388671875","0.01103973388671875"
"8210","0.00745811453089118","0.00745811453089118","0.00745811453089118","0.3938339352607727","0.3938339352607727","0.3938339352607727","0.5872077941894531","0.5872077941894531","0.5872077941894531","0.01078872662037611","0.01078872662037611","0.01078872662037611"
"8220","0.00925369281321764","0.00925369281321764","0.00925369281321764","0.3940231204032898","0.3940231204032898","0.3940231204032898","0.5596565008163452","0.5596565008163452","0.5596565008163452","0.007503509521484375","0.007503509521484375","0.007503509521484375"
"8230","0.010943985544145107","0.010943985544145107","0.010943985544145107","0.3982303738594055","0.3982303738594055","0.3982303738594055","0.5740516781806946","0.5740516781806946","0.5740516781806946","0.01321258582174778","0.01321258582174778","0.01321258582174778"
"8240","0.011928558349609375","0.011928558349609375","0.011928558349609375","0.4035915434360504","0.4035915434360504","0.4035915434360504","0.5936782360076904","0.5936782360076904","0.5936782360076904","0.014154434204101562","0.014154434204101562","0.014154434204101562"
"8250","0.014319991692900658","0.014319991692900658","0.014319991692900658","0.4061073362827301","0.4061073362827301","0.4061073362827301","0.5765796899795532","0.5765796899795532","0.5765796899795532","0.01239089947193861","0.01239089947193861","0.01239089947193861"
"8260","0.012195587158203125","0.012195587158203125","0.012195587158203125","0.3981151580810547","0.3981151580810547","0.3981151580810547","0.5643146634101868","0.5643146634101868","0.5643146634101868","0.016160201281309128","0.016160201281309128","0.016160201281309128"
"8270","0.015139388851821423","0.015139388851821423","0.015139388851821423","0.3978828489780426","0.3978828489780426","0.3978828489780426","0.5615081787109375","0.5615081787109375","0.5615081787109375","0.01557464525103569","0.01557464525103569","0.01557464525103569"
"8280","0.016956329345703125","0.016956329345703125","0.016956329345703125","0.3947986364364624","0.3947986364364624","0.3947986364364624","0.5801063776016235","0.5801063776016235","0.5801063776016235","0.017516709864139557","0.017516709864139557","0.017516709864139557"
"8290","0.017873382195830345","0.017873382195830345","0.017873382195830345","0.3915439546108246","0.3915439546108246","0.3915439546108246","0.6141303777694702","0.6141303777694702","0.6141303777694702","0.018531035631895065","0.018531035631895065","0.018531035631895065"
"8300","0.017566680908203125","0.017566680908203125","0.017566680908203125","0.394308477640152","0.394308477640152","0.394308477640152","0.6222335696220398","0.6222335696220398","0.6222335696220398","0.018672943115234375","0.018672943115234375","0.018672943115234375"
"8310","0.018436050042510033","0.018436050042510033","0.018436050042510033","0.39593544602394104","0.39593544602394104","0.39593544602394104","0.5769321322441101","0.5769321322441101","0.5769321322441101","0.02059021033346653","0.02059021033346653","0.02059021033346653"
"8320","0.018918991088867188","0.018918991088867188","0.018918991088867188","0.40398597717285156","0.40398597717285156","0.40398597717285156","0.5994678735733032","0.5994678735733032","0.5994678735733032","0.0218658447265625","0.0218658447265625","0.0218658447265625"
"8330","0.02400360070168972","0.02400360070168972","0.02400360070168972","0.397891640663147","0.397891640663147","0.397891640663147","0.5957565307617188","0.5957565307617188","0.5957565307617188","0.024579621851444244","0.024579621851444244","0.024579621851444244"
"8340","0.026371000334620476","0.026371000334620476","0.026371000334620476","0.40181848406791687","0.40181848406791687","0.40181848406791687","0.59844970703125","0.59844970703125","0.59844970703125","0.024890899658203125","0.024890899658203125","0.024890899658203125"
"8350","0.029039762914180756","0.029039762914180756","0.029039762914180756","0.39710161089897156","0.39710161089897156","0.39710161089897156","0.6207454800605774","0.6207454800605774","0.6207454800605774","0.024240493774414062","0.024240493774414062","0.024240493774414062"
"8360","0.02800750732421875","0.02800750732421875","0.02800750732421875","0.4023105502128601","0.4023105502128601","0.4023105502128601","0.5604785680770874","0.5604785680770874","0.5604785680770874","0.02143402025103569","0.02143402025103569","0.02143402025103569"
"8370","0.030847931280732155","0.030847931280732155","0.030847931280732155","0.40255051851272583","0.40255051851272583","0.40255051851272583","0.5656082034111023","0.5656082034111023","0.5656082034111023","0.0240478515625","0.0240478515625","0.0240478515625"
"8380","0.034354016184806824","0.034354016184806824","0.034354016184806824","0.3976116180419922","0.3976116180419922","0.3976116180419922","0.5731490850448608","0.5731490850448608","0.5731490850448608","0.027083586901426315","0.027083586901426315","0.027083586901426315"
"8390","0.03764381259679794","0.03764381259679794","0.03764381259679794","0.39500734210014343","0.39500734210014343","0.39500734210014343","0.5796798467636108","0.5796798467636108","0.5796798467636108","0.030539320781826973","0.030539320781826973","0.030539320781826973"
"8400","0.0387905091047287","0.0387905091047287","0.0387905091047287","0.39417994022369385","0.39417994022369385","0.39417994022369385","0.5358802676200867","0.5358802676200867","0.5358802676200867","0.03162536770105362","0.03162536770105362","0.03162536770105362"
"8410","0.04095306247472763","0.04095306247472763","0.04095306247472763","0.4029102325439453","0.4029102325439453","0.4029102325439453","0.5638511776924133","0.5638511776924133","0.5638511776924133","0.03469352796673775","0.03469352796673775","0.03469352796673775"
"8420","0.04383392259478569","0.04383392259478569","0.04383392259478569","0.40579262375831604","0.40579262375831604","0.40579262375831604","0.6092944741249084","0.6092944741249084","0.6092944741249084","0.03726959228515625","0.03726959228515625","0.03726959228515625"
"8430","0.04404754936695099","0.04404754936695099","0.04404754936695099","0.38802796602249146","0.38802796602249146","0.38802796602249146","0.5677471160888672","0.5677471160888672","0.5677471160888672","0.03832397237420082","0.03832397237420082","0.03832397237420082"
"8440","0.04281310737133026","0.04281310737133026","0.04281310737133026","0.39877015352249146","0.39877015352249146","0.39877015352249146","0.574737548828125","0.574737548828125","0.574737548828125","0.03875122219324112","0.03875122219324112","0.03875122219324112"
"8450","0.04599342495203018","0.04599342495203018","0.04599342495203018","0.405862420797348","0.405862420797348","0.405862420797348","0.5629222393035889","0.5629222393035889","0.5629222393035889","0.03996429592370987","0.03996429592370987","0.03996429592370987"
"8460","0.04767150804400444","0.04767150804400444","0.04767150804400444","0.4011878967285156","0.4011878967285156","0.4011878967285156","0.6130229830741882","0.6130229830741882","0.6130229830741882","0.04091377556324005","0.04091377556324005","0.04091377556324005"
"8470","0.05035553127527237","0.05035553127527237","0.05035553127527237","0.39806634187698364","0.39806634187698364","0.39806634187698364","0.5568550229072571","0.5568550229072571","0.5568550229072571","0.043453216552734375","0.043453216552734375","0.043453216552734375"
"8480","0.05219993740320206","0.05219993740320206","0.05219993740320206","0.4024238586425781","0.4024238586425781","0.4024238586425781","0.5606021881103516","0.5606021881103516","0.5606021881103516","0.04415741190314293","0.04415741190314293","0.04415741190314293"
"8490","0.05577125400304794","0.05577125400304794","0.05577125400304794","0.4029468595981598","0.4029468595981598","0.4029468595981598","0.5616504549980164","0.5616504549980164","0.5616504549980164","0.04697761684656143","0.04697761684656143","0.04697761684656143"
"8500","0.05869293212890625","0.05869293212890625","0.05869293212890625","0.4071025848388672","0.4071025848388672","0.4071025848388672","0.5677047967910767","0.5677047967910767","0.5677047967910767","0.05006904900074005","0.05006904900074005","0.05006904900074005"
"8510","0.05991515889763832","0.05991515889763832","0.05991515889763832","0.4091018736362457","0.4091018736362457","0.4091018736362457","0.5589233636856079","0.5589233636856079","0.5589233636856079","0.04993400350213051","0.04993400350213051","0.04993400350213051"
"8520","0.0641273483633995","0.0641273483633995","0.0641273483633995","0.3950328826904297","0.3950328826904297","0.3950328826904297","0.5855125188827515","0.5855125188827515","0.5855125188827515","0.05326537787914276","0.05326537787914276","0.05326537787914276"
"8530","0.05870475620031357","0.05870475620031357","0.05870475620031357","0.3991386294364929","0.3991386294364929","0.3991386294364929","0.5578899383544922","0.5578899383544922","0.5578899383544922","0.04953040927648544","0.04953040927648544","0.04953040927648544"
"8540","0.06418494880199432","0.06418494880199432","0.06418494880199432","0.4048694372177124","0.4048694372177124","0.4048694372177124","0.5666179656982422","0.5666179656982422","0.5666179656982422","0.05528373643755913","0.05528373643755913","0.05528373643755913"
"8550","0.06838226318359375","0.06838226318359375","0.06838226318359375","0.3995674252510071","0.3995674252510071","0.3995674252510071","0.6012115478515625","0.6012115478515625","0.6012115478515625","0.05844840779900551","0.05844840779900551","0.05844840779900551"
"8560","0.07345428317785263","0.07345428317785263","0.07345428317785263","0.3951820433139801","0.3951820433139801","0.3951820433139801","0.6584335565567017","0.6584335565567017","0.6584335565567017","0.06245231628417969","0.06245231628417969","0.06245231628417969"
"8570","0.07232666015625","0.07232666015625","0.07232666015625","0.39734765887260437","0.39734765887260437","0.39734765887260437","0.5719661712646484","0.5719661712646484","0.5719661712646484","0.06232757493853569","0.06232757493853569","0.06232757493853569"
"8580","0.07569541782140732","0.07569541782140732","0.07569541782140732","0.39786797761917114","0.39786797761917114","0.39786797761917114","0.5616180300712585","0.5616180300712585","0.5616180300712585","0.06460075080394745","0.06460075080394745","0.06460075080394745"
"8590","0.07873763889074326","0.07873763889074326","0.07873763889074326","0.39742279052734375","0.39742279052734375","0.39742279052734375","0.5704898834228516","0.5704898834228516","0.5704898834228516","0.06739234924316406","0.06739234924316406","0.06739234924316406"
"8600","0.08074378967285156","0.08074378967285156","0.08074378967285156","0.4053962826728821","0.4053962826728821","0.4053962826728821","0.6059116125106812","0.6059116125106812","0.6059116125106812","0.06940841674804688","0.06940841674804688","0.06940841674804688"
"8610","0.07764358073472977","0.07764358073472977","0.07764358073472977","0.39392125606536865","0.39392125606536865","0.39392125606536865","0.6169178485870361","0.6169178485870361","0.6169178485870361","0.06746330857276917","0.06746330857276917","0.06746330857276917"
"8620","0.08585777133703232","0.08585777133703232","0.08585777133703232","0.39119952917099","0.39119952917099","0.39119952917099","0.5948226451873779","0.5948226451873779","0.5948226451873779","0.074066162109375","0.074066162109375","0.074066162109375"
"8630","0.08473701775074005","0.08473701775074005","0.08473701775074005","0.40569037199020386","0.40569037199020386","0.40569037199020386","0.588409423828125","0.588409423828125","0.588409423828125","0.07361336052417755","0.07361336052417755","0.07361336052417755"
"8640","0.09088516235351562","0.09088516235351562","0.09088516235351562","0.4035995602607727","0.4035995602607727","0.4035995602607727","0.5926529169082642","0.5926529169082642","0.5926529169082642","0.07876281440258026","0.07876281440258026","0.07876281440258026"
"8650","0.09247207641601562","0.09247207641601562","0.09247207641601562","0.3946472108364105","0.3946472108364105","0.3946472108364105","0.573040783405304","0.573040783405304","0.573040783405304","0.08002662658691406","0.08002662658691406","0.08002662658691406"
"8660","0.0956752747297287","0.0956752747297287","0.0956752747297287","0.40705448389053345","0.40705448389053345","0.40705448389053345","0.5662273168563843","0.5662273168563843","0.5662273168563843","0.08334197849035263","0.08334197849035263","0.08334197849035263"
"8670","0.09663963317871094","0.09663963317871094","0.09663963317871094","0.3884044587612152","0.3884044587612152","0.3884044587612152","0.5869674682617188","0.5869674682617188","0.5869674682617188","0.0840831771492958","0.0840831771492958","0.0840831771492958"
"8680","0.09519539028406143","0.09519539028406143","0.09519539028406143","0.40059852600097656","0.40059852600097656","0.40059852600097656","0.5810806155204773","0.5810806155204773","0.5810806155204773","0.08234100788831711","0.08234100788831711","0.08234100788831711"
"8690","0.09128876030445099","0.09128876030445099","0.09128876030445099","0.409567654132843","0.409567654132843","0.409567654132843","0.565014660358429","0.565014660358429","0.565014660358429","0.07974395900964737","0.07974395900964737","0.07974395900964737"
"8700","0.104547880589962","0.104547880589962","0.104547880589962","0.40187299251556396","0.40187299251556396","0.40187299251556396","0.5597599148750305","0.5597599148750305","0.5597599148750305","0.09135589748620987","0.09135589748620987","0.09135589748620987"
"8710","0.09570655226707458","0.09570655226707458","0.09570655226707458","0.38980865478515625","0.38980865478515625","0.38980865478515625","0.5764983892440796","0.5764983892440796","0.5764983892440796","0.08452987670898438","0.08452987670898438","0.08452987670898438"
"8720","0.107386015355587","0.107386015355587","0.107386015355587","0.3950637876987457","0.3950637876987457","0.3950637876987457","0.5664283633232117","0.5664283633232117","0.5664283633232117","0.09435920417308807","0.09435920417308807","0.09435920417308807"
"8730","0.10830917209386826","0.10830917209386826","0.10830917209386826","0.41050148010253906","0.41050148010253906","0.41050148010253906","0.5551616549491882","0.5551616549491882","0.5551616549491882","0.09543152153491974","0.09543152153491974","0.09543152153491974"
"8740","0.11369895935058594","0.11369895935058594","0.11369895935058594","0.3969455659389496","0.3969455659389496","0.3969455659389496","0.6112010478973389","0.6112010478973389","0.6112010478973389","0.10017013549804688","0.10017013549804688","0.10017013549804688"
"8750","0.11588478088378906","0.11588478088378906","0.11588478088378906","0.41900062561035156","0.41900062561035156","0.41900062561035156","0.631583034992218","0.631583034992218","0.631583034992218","0.1027759537100792","0.1027759537100792","0.1027759537100792"
"8760","0.11872521042823792","0.11872521042823792","0.11872521042823792","0.4021068811416626","0.4021068811416626","0.4021068811416626","0.6931712627410889","0.6931712627410889","0.6931712627410889","0.10556525737047195","0.10556525737047195","0.10556525737047195"
"8770","0.11898307502269745","0.11898307502269745","0.11898307502269745","0.40918540954589844","0.40918540954589844","0.40918540954589844","0.6518920660018921","0.6518920660018921","0.6518920660018921","0.10608024150133133","0.10608024150133133","0.10608024150133133"
"8780","0.12296141684055328","0.12296141684055328","0.12296141684055328","0.41044387221336365","0.41044387221336365","0.41044387221336365","0.5721874237060547","0.5721874237060547","0.5721874237060547","0.10920143127441406","0.10920143127441406","0.10920143127441406"
"8790","0.11988525092601776","0.11988525092601776","0.11988525092601776","0.4069511294364929","0.4069511294364929","0.4069511294364929","0.5649513006210327","0.5649513006210327","0.5649513006210327","0.10645675659179688","0.10645675659179688","0.10645675659179688"
"8800","0.12555274367332458","0.12555274367332458","0.12555274367332458","0.4046478271484375","0.4046478271484375","0.4046478271484375","0.5640400052070618","0.5640400052070618","0.5640400052070618","0.11127128452062607","0.11127128452062607","0.11127128452062607"
"8810","0.12813110649585724","0.12813110649585724","0.12813110649585724","0.40099984407424927","0.40099984407424927","0.40099984407424927","0.5616191625595093","0.5616191625595093","0.5616191625595093","0.11442794650793076","0.11442794650793076","0.11442794650793076"
"8820","0.12575186789035797","0.12575186789035797","0.12575186789035797","0.39403989911079407","0.39403989911079407","0.39403989911079407","0.5774673223495483","0.5774673223495483","0.5774673223495483","0.1120784729719162","0.1120784729719162","0.1120784729719162"
"8830","0.13219299912452698","0.13219299912452698","0.13219299912452698","0.40241739153862","0.40241739153862","0.40241739153862","0.5719512701034546","0.5719512701034546","0.5719512701034546","0.11846160888671875","0.11846160888671875","0.11846160888671875"
"8840","0.13537940382957458","0.13537940382957458","0.13537940382957458","0.4031505584716797","0.4031505584716797","0.4031505584716797","0.5703018307685852","0.5703018307685852","0.5703018307685852","0.12095222622156143","0.12095222622156143","0.12095222622156143"
"8850","0.13262861967086792","0.13262861967086792","0.13262861967086792","0.41114845871925354","0.41114845871925354","0.41114845871925354","0.5354984402656555","0.5354984402656555","0.5354984402656555","0.1187339797616005","0.1187339797616005","0.1187339797616005"
"8860","0.1379692107439041","0.1379692107439041","0.1379692107439041","0.40667957067489624","0.40667957067489624","0.40667957067489624","0.5674499869346619","0.5674499869346619","0.5674499869346619","0.12349891662597656","0.12349891662597656","0.12349891662597656"
"8870","0.14053764939308167","0.14053764939308167","0.14053764939308167","0.3998790979385376","0.3998790979385376","0.3998790979385376","0.5690456628799438","0.5690456628799438","0.5690456628799438","0.12541313469409943","0.12541313469409943","0.12541313469409943"
"8880","0.14373207092285156","0.14373207092285156","0.14373207092285156","0.3998081088066101","0.3998081088066101","0.3998081088066101","0.5811885595321655","0.5811885595321655","0.5811885595321655","0.12895165383815765","0.12895165383815765","0.12895165383815765"
"8890","0.13951225578784943","0.13951225578784943","0.13951225578784943","0.3975910246372223","0.3975910246372223","0.3975910246372223","0.5746933221817017","0.5746933221817017","0.5746933221817017","0.12554511427879333","0.12554511427879333","0.12554511427879333"
"8900","0.1460895538330078","0.1460895538330078","0.1460895538330078","0.40471574664115906","0.40471574664115906","0.40471574664115906","0.584272027015686","0.584272027015686","0.584272027015686","0.13087348639965057","0.13087348639965057","0.13087348639965057"
"8910","0.14459343254566193","0.14459343254566193","0.14459343254566193","0.4048579931259155","0.4048579931259155","0.4048579931259155","0.611926257610321","0.611926257610321","0.611926257610321","0.13084830343723297","0.13084830343723297","0.13084830343723297"
"8920","0.15140609443187714","0.15140609443187714","0.15140609443187714","0.399331271648407","0.399331271648407","0.399331271648407","0.5998744964599609","0.5998744964599609","0.5998744964599609","0.13669471442699432","0.13669471442699432","0.13669471442699432"
"8930","0.15342484414577484","0.15342484414577484","0.15342484414577484","0.39066240191459656","0.39066240191459656","0.39066240191459656","0.6014595031738281","0.6014595031738281","0.6014595031738281","0.13897056877613068","0.13897056877613068","0.13897056877613068"
"8940","0.1546558439731598","0.1546558439731598","0.1546558439731598","0.40413475036621094","0.40413475036621094","0.40413475036621094","0.5871914029121399","0.5871914029121399","0.5871914029121399","0.13991965353488922","0.13991965353488922","0.13991965353488922"
"8950","0.15522995591163635","0.15522995591163635","0.15522995591163635","0.38610610365867615","0.38610610365867615","0.38610610365867615","0.5761439800262451","0.5761439800262451","0.5761439800262451","0.14128723740577698","0.14128723740577698","0.14128723740577698"
"8960","0.15811768174171448","0.15811768174171448","0.15811768174171448","0.4036785066127777","0.4036785066127777","0.4036785066127777","0.5844475030899048","0.5844475030899048","0.5844475030899048","0.14335519075393677","0.14335519075393677","0.14335519075393677"
"8970","0.15769919753074646","0.15769919753074646","0.15769919753074646","0.403896689414978","0.403896689414978","0.403896689414978","0.6433811187744141","0.6433811187744141","0.6433811187744141","0.1434917449951172","0.1434917449951172","0.1434917449951172"
"8980","0.16385383903980255","0.16385383903980255","0.16385383903980255","0.4103832244873047","0.4103832244873047","0.4103832244873047","0.5737183094024658","0.5737183094024658","0.5737183094024658","0.14995726943016052","0.14995726943016052","0.14995726943016052"
"8990","0.16279524564743042","0.16279524564743042","0.16279524564743042","0.4019489288330078","0.4019489288330078","0.4019489288330078","0.6084720492362976","0.6084720492362976","0.6084720492362976","0.14878502488136292","0.14878502488136292","0.14878502488136292"
"9000","0.16587448120117188","0.16587448120117188","0.16587448120117188","0.4063979983329773","0.4063979983329773","0.4063979983329773","0.6284862756729126","0.6284862756729126","0.6284862756729126","0.15081787109375","0.15081787109375","0.15081787109375"
"9010","0.16929855942726135","0.16929855942726135","0.16929855942726135","0.40147629380226135","0.40147629380226135","0.40147629380226135","0.5722824335098267","0.5722824335098267","0.5722824335098267","0.15440063178539276","0.15440063178539276","0.15440063178539276"
"9020","0.16637496650218964","0.16637496650218964","0.16637496650218964","0.3919822871685028","0.3919822871685028","0.3919822871685028","0.5652751922607422","0.5652751922607422","0.5652751922607422","0.1513286530971527","0.1513286530971527","0.1513286530971527"
"9030","0.16931761801242828","0.16931761801242828","0.16931761801242828","0.4036880135536194","0.4036880135536194","0.4036880135536194","0.6109542846679688","0.6109542846679688","0.6109542846679688","0.15486487746238708","0.15486487746238708","0.15486487746238708"
"9040","0.1728138029575348","0.1728138029575348","0.1728138029575348","0.4050430655479431","0.4050430655479431","0.4050430655479431","0.5723453760147095","0.5723453760147095","0.5723453760147095","0.1570407897233963","0.1570407897233963","0.1570407897233963"
"9050","0.17598381638526917","0.17598381638526917","0.17598381638526917","0.4095279574394226","0.4095279574394226","0.4095279574394226","0.6185864210128784","0.6185864210128784","0.6185864210128784","0.16096916794776917","0.16096916794776917","0.16096916794776917"
"9060","0.17978020012378693","0.17978020012378693","0.17978020012378693","0.40429919958114624","0.40429919958114624","0.40429919958114624","0.612073540687561","0.612073540687561","0.612073540687561","0.163899227976799","0.163899227976799","0.163899227976799"
"9070","0.18007200956344604","0.18007200956344604","0.18007200956344604","0.4037361443042755","0.4037361443042755","0.4037361443042755","0.5686668157577515","0.5686668157577515","0.5686668157577515","0.1640033721923828","0.1640033721923828","0.1640033721923828"
"9080","0.1847831904888153","0.1847831904888153","0.1847831904888153","0.39704054594039917","0.39704054594039917","0.39704054594039917","0.5824081301689148","0.5824081301689148","0.5824081301689148","0.16927413642406464","0.16927413642406464","0.16927413642406464"
"9090","0.18705902993679047","0.18705902993679047","0.18705902993679047","0.4072303771972656","0.4072303771972656","0.4072303771972656","0.5767623782157898","0.5767623782157898","0.5767623782157898","0.1715778261423111","0.1715778261423111","0.1715778261423111"
"9100","0.1826171875","0.1826171875","0.1826171875","0.40843963623046875","0.40843963623046875","0.40843963623046875","0.6011748909950256","0.6011748909950256","0.6011748909950256","0.16775894165039062","0.16775894165039062","0.16775894165039062"
"9110","0.19267922639846802","0.19267922639846802","0.19267922639846802","0.40505218505859375","0.40505218505859375","0.40505218505859375","0.5801136493682861","0.5801136493682861","0.5801136493682861","0.17706298828125","0.17706298828125","0.17706298828125"
"9120","0.19516296684741974","0.19516296684741974","0.19516296684741974","0.4111167788505554","0.4111167788505554","0.4111167788505554","0.558929443359375","0.558929443359375","0.558929443359375","0.17856788635253906","0.17856788635253906","0.17856788635253906"
"9130","0.1959308683872223","0.1959308683872223","0.1959308683872223","0.4022834599018097","0.4022834599018097","0.4022834599018097","0.5687103271484375","0.5687103271484375","0.5687103271484375","0.18054237961769104","0.18054237961769104","0.18054237961769104"
"9140","0.1980670988559723","0.1980670988559723","0.1980670988559723","0.3992587924003601","0.3992587924003601","0.3992587924003601","0.5976024866104126","0.5976024866104126","0.5976024866104126","0.18269003927707672","0.18269003927707672","0.18269003927707672"
"9150","0.19197463989257812","0.19197463989257812","0.19197463989257812","0.3995174169540405","0.3995174169540405","0.3995174169540405","0.5869884490966797","0.5869884490966797","0.5869884490966797","0.17827758193016052","0.17827758193016052","0.17827758193016052"
"9160","0.19188880920410156","0.19188880920410156","0.19188880920410156","0.40514257550239563","0.40514257550239563","0.40514257550239563","0.574225664138794","0.574225664138794","0.574225664138794","0.17777863144874573","0.17777863144874573","0.17777863144874573"
"9170","0.20429039001464844","0.20429039001464844","0.20429039001464844","0.3918643891811371","0.3918643891811371","0.3918643891811371","0.5732170343399048","0.5732170343399048","0.5732170343399048","0.19020767509937286","0.19020767509937286","0.19020767509937286"
"9180","0.2061901092529297","0.2061901092529297","0.2061901092529297","0.409476101398468","0.409476101398468","0.409476101398468","0.5653095245361328","0.5653095245361328","0.5653095245361328","0.19132499396800995","0.19132499396800995","0.19132499396800995"
"9190","0.2130458801984787","0.2130458801984787","0.2130458801984787","0.4023796021938324","0.4023796021938324","0.4023796021938324","0.5780597925186157","0.5780597925186157","0.5780597925186157","0.19796332716941833","0.19796332716941833","0.19796332716941833"
"9200","0.20878639817237854","0.20878639817237854","0.20878639817237854","0.3898018002510071","0.3898018002510071","0.3898018002510071","0.5735114812850952","0.5735114812850952","0.5735114812850952","0.19457702338695526","0.19457702338695526","0.19457702338695526"
"9210","0.2053096741437912","0.2053096741437912","0.2053096741437912","0.3463810086250305","0.3463810086250305","0.3463810086250305","0.6307941675186157","0.6307941675186157","0.6307941675186157","0.1916145384311676","0.1916145384311676","0.1916145384311676"
"9220","0.2128070741891861","0.2128070741891861","0.2128070741891861","0.4071621000766754","0.4071621000766754","0.4071621000766754","0.5740928649902344","0.5740928649902344","0.5740928649902344","0.1999942660331726","0.1999942660331726","0.1999942660331726"
"9230","0.21512755751609802","0.21512755751609802","0.21512755751609802","0.40695154666900635","0.40695154666900635","0.40695154666900635","0.5819568634033203","0.5819568634033203","0.5819568634033203","0.2017112672328949","0.2017112672328949","0.2017112672328949"
"9240","0.20872536301612854","0.20872536301612854","0.20872536301612854","0.3783363103866577","0.3783363103866577","0.3783363103866577","0.5859115719795227","0.5859115719795227","0.5859115719795227","0.19592896103858948","0.19592896103858948","0.19592896103858948"
"9250","0.18330803513526917","0.18330803513526917","0.18330803513526917","0.4165363311767578","0.4165363311767578","0.4165363311767578","0.6115115880966187","0.6115115880966187","0.6115115880966187","0.17478713393211365","0.17478713393211365","0.17478713393211365"
"9260","0.20282325148582458","0.20282325148582458","0.20282325148582458","0.41015625","0.41015625","0.41015625","0.6502139568328857","0.6502139568328857","0.6502139568328857","0.1922653168439865","0.1922653168439865","0.1922653168439865"
"9270","0.21976278722286224","0.21976278722286224","0.21976278722286224","0.40572816133499146","0.40572816133499146","0.40572816133499146","0.6078392267227173","0.6078392267227173","0.6078392267227173","0.20737037062644958","0.20737037062644958","0.20737037062644958"
"9280","0.2226741760969162","0.2226741760969162","0.2226741760969162","0.4017372131347656","0.4017372131347656","0.4017372131347656","0.6178573369979858","0.6178573369979858","0.6178573369979858","0.21096572279930115","0.21096572279930115","0.21096572279930115"
"9290","0.22516556084156036","0.22516556084156036","0.22516556084156036","0.40608978271484375","0.40608978271484375","0.40608978271484375","0.560229480266571","0.560229480266571","0.560229480266571","0.21370849013328552","0.21370849013328552","0.21370849013328552"
"9300","0.22925643622875214","0.22925643622875214","0.22925643622875214","0.41621628403663635","0.41621628403663635","0.41621628403663635","0.5772972106933594","0.5772972106933594","0.5772972106933594","0.21780242025852203","0.21780242025852203","0.21780242025852203"
"9310","0.22854843735694885","0.22854843735694885","0.22854843735694885","0.40557172894477844","0.40557172894477844","0.40557172894477844","0.5883640646934509","0.5883640646934509","0.5883640646934509","0.2172214388847351","0.2172214388847351","0.2172214388847351"
"9320","0.21792525053024292","0.21792525053024292","0.21792525053024292","0.40340882539749146","0.40340882539749146","0.40340882539749146","0.6224788427352905","0.6224788427352905","0.6224788427352905","0.20647773146629333","0.20647773146629333","0.20647773146629333"
"9330","0.22839660942554474","0.22839660942554474","0.22839660942554474","0.4039520025253296","0.4039520025253296","0.4039520025253296","0.5679748058319092","0.5679748058319092","0.5679748058319092","0.21683424711227417","0.21683424711227417","0.21683424711227417"
"9340","0.23284491896629333","0.23284491896629333","0.23284491896629333","0.4004424810409546","0.4004424810409546","0.4004424810409546","0.5734970569610596","0.5734970569610596","0.5734970569610596","0.22179298102855682","0.22179298102855682","0.22179298102855682"
"9350","0.23141251504421234","0.23141251504421234","0.23141251504421234","0.4075443148612976","0.4075443148612976","0.4075443148612976","0.6238677501678467","0.6238677501678467","0.6238677501678467","0.22207756340503693","0.22207756340503693","0.22207756340503693"
"9360","0.22958412766456604","0.22958412766456604","0.22958412766456604","0.4174339175224304","0.4174339175224304","0.4174339175224304","0.5896183252334595","0.5896183252334595","0.5896183252334595","0.2206745147705078","0.2206745147705078","0.2206745147705078"
"9370","0.23180504143238068","0.23180504143238068","0.23180504143238068","0.39727479219436646","0.39727479219436646","0.39727479219436646","0.5753154754638672","0.5753154754638672","0.5753154754638672","0.2222541719675064","0.2222541719675064","0.2222541719675064"
"9380","0.24030150473117828","0.24030150473117828","0.24030150473117828","0.4043838679790497","0.4043838679790497","0.4043838679790497","0.5800941586494446","0.5800941586494446","0.5800941586494446","0.22998543083667755","0.22998543083667755","0.22998543083667755"
"9390","0.2375820130109787","0.2375820130109787","0.2375820130109787","0.37477606534957886","0.37477606534957886","0.37477606534957886","0.582248330116272","0.582248330116272","0.582248330116272","0.22693443298339844","0.22693443298339844","0.22693443298339844"
"9400","0.23878973722457886","0.23878973722457886","0.23878973722457886","0.401336669921875","0.401336669921875","0.401336669921875","0.57626873254776","0.57626873254776","0.57626873254776","0.22963294386863708","0.22963294386863708","0.22963294386863708"
"9410","0.2451190948486328","0.2451190948486328","0.2451190948486328","0.40760383009910583","0.40760383009910583","0.40760383009910583","0.565660834312439","0.565660834312439","0.565660834312439","0.23533973097801208","0.23533973097801208","0.23533973097801208"
"9420","0.2421237975358963","0.2421237975358963","0.2421237975358963","0.40848425030708313","0.40848425030708313","0.40848425030708313","0.5817615389823914","0.5817615389823914","0.5817615389823914","0.23288995027542114","0.23288995027542114","0.23288995027542114"
"9430","0.23755110800266266","0.23755110800266266","0.23755110800266266","0.4073036313056946","0.4073036313056946","0.4073036313056946","0.5648899078369141","0.5648899078369141","0.5648899078369141","0.22836457192897797","0.22836457192897797","0.22836457192897797"
"9440","0.24435119330883026","0.24435119330883026","0.24435119330883026","0.41431084275245667","0.41431084275245667","0.41431084275245667","0.6051349639892578","0.6051349639892578","0.6051349639892578","0.23466795682907104","0.23466795682907104","0.23466795682907104"
"9450","0.2459968626499176","0.2459968626499176","0.2459968626499176","0.41002732515335083","0.41002732515335083","0.41002732515335083","0.5668166875839233","0.5668166875839233","0.5668166875839233","0.23631399869918823","0.23631399869918823","0.23631399869918823"
"9460","0.24515075981616974","0.24515075981616974","0.24515075981616974","0.39641910791397095","0.39641910791397095","0.39641910791397095","0.565155029296875","0.565155029296875","0.565155029296875","0.2352726012468338","0.2352726012468338","0.2352726012468338"
"9470","0.24547766149044037","0.24547766149044037","0.24547766149044037","0.4065406918525696","0.4065406918525696","0.4065406918525696","0.6162769794464111","0.6162769794464111","0.6162769794464111","0.23410147428512573","0.23410147428512573","0.23410147428512573"
"9480","0.24785956740379333","0.24785956740379333","0.24785956740379333","0.4105827510356903","0.4105827510356903","0.4105827510356903","0.5740180611610413","0.5740180611610413","0.5740180611610413","0.23856163024902344","0.23856163024902344","0.23856163024902344"
"9490","0.2510337829589844","0.2510337829589844","0.2510337829589844","0.3968494236469269","0.3968494236469269","0.3968494236469269","0.5659580230712891","0.5659580230712891","0.5659580230712891","0.2422313690185547","0.2422313690185547","0.2422313690185547"
"9500","0.2513492703437805","0.2513492703437805","0.2513492703437805","0.41117820143699646","0.41117820143699646","0.41117820143699646","0.6200923919677734","0.6200923919677734","0.6200923919677734","0.24187926948070526","0.24187926948070526","0.24187926948070526"
"9510","0.24766959249973297","0.24766959249973297","0.24766959249973297","0.39681512117385864","0.39681512117385864","0.39681512117385864","0.5682815313339233","0.5682815313339233","0.5682815313339233","0.23888853192329407","0.23888853192329407","0.23888853192329407"
"9520","0.24332620203495026","0.24332620203495026","0.24332620203495026","0.4113975465297699","0.4113975465297699","0.4113975465297699","0.5755726099014282","0.5755726099014282","0.5755726099014282","0.23481522500514984","0.23481522500514984","0.23481522500514984"
"9530","0.24136656522750854","0.24136656522750854","0.24136656522750854","0.40987396240234375","0.40987396240234375","0.40987396240234375","0.5634632110595703","0.5634632110595703","0.5634632110595703","0.2326221466064453","0.2326221466064453","0.2326221466064453"
"9540","0.24523162841796875","0.24523162841796875","0.24523162841796875","0.35627248883247375","0.35627248883247375","0.35627248883247375","0.5801612734794617","0.5801612734794617","0.5801612734794617","0.23710060119628906","0.23710060119628906","0.23710060119628906"
"9550","0.2543784976005554","0.2543784976005554","0.2543784976005554","0.4060455560684204","0.4060455560684204","0.4060455560684204","0.5701606273651123","0.5701606273651123","0.5701606273651123","0.2462840974330902","0.2462840974330902","0.2462840974330902"
"9560","0.2498699426651001","0.2498699426651001","0.2498699426651001","0.40242043137550354","0.40242043137550354","0.40242043137550354","0.6147121787071228","0.6147121787071228","0.6147121787071228","0.2420024871826172","0.2420024871826172","0.2420024871826172"
"9570","0.2513061463832855","0.2513061463832855","0.2513061463832855","0.3980747163295746","0.3980747163295746","0.3980747163295746","0.5724529027938843","0.5724529027938843","0.5724529027938843","0.24334031343460083","0.24334031343460083","0.24334031343460083"
"9580","0.2547977566719055","0.2547977566719055","0.2547977566719055","0.4065353572368622","0.4065353572368622","0.4065353572368622","0.6190662384033203","0.6190662384033203","0.6190662384033203","0.24633902311325073","0.24633902311325073","0.24633902311325073"
"9590","0.25813063979148865","0.25813063979148865","0.25813063979148865","0.41407814621925354","0.41407814621925354","0.41407814621925354","0.60687255859375","0.60687255859375","0.60687255859375","0.2500205934047699","0.2500205934047699","0.2500205934047699"
"9600","0.254974365234375","0.254974365234375","0.254974365234375","0.40328294038772583","0.40328294038772583","0.40328294038772583","0.6239639520645142","0.6239639520645142","0.6239639520645142","0.24658165872097015","0.24658165872097015","0.24658165872097015"
"9610","0.25612297654151917","0.25612297654151917","0.25612297654151917","0.41095390915870667","0.41095390915870667","0.41095390915870667","0.5687503814697266","0.5687503814697266","0.5687503814697266","0.24860648810863495","0.24860648810863495","0.24860648810863495"
"9620","0.2503681182861328","0.2503681182861328","0.2503681182861328","0.39979666471481323","0.39979666471481323","0.39979666471481323","0.6231849789619446","0.6231849789619446","0.6231849789619446","0.24258041381835938","0.24258041381835938","0.24258041381835938"
"9630","0.26246488094329834","0.26246488094329834","0.26246488094329834","0.40623778104782104","0.40623778104782104","0.40623778104782104","0.570590615272522","0.570590615272522","0.570590615272522","0.25482064485549927","0.25482064485549927","0.25482064485549927"
"9640","0.25694695115089417","0.25694695115089417","0.25694695115089417","0.40840834379196167","0.40840834379196167","0.40840834379196167","0.5903255343437195","0.5903255343437195","0.5903255343437195","0.24975813925266266","0.24975813925266266","0.24975813925266266"
"9650","0.26100921630859375","0.26100921630859375","0.26100921630859375","0.4035682678222656","0.4035682678222656","0.4035682678222656","0.6185379028320312","0.6185379028320312","0.6185379028320312","0.2539054751396179","0.2539054751396179","0.2539054751396179"
"9660","0.2611003816127777","0.2611003816127777","0.2611003816127777","0.4024292230606079","0.4024292230606079","0.4024292230606079","0.6690731048583984","0.6690731048583984","0.6690731048583984","0.2535648047924042","0.2535648047924042","0.2535648047924042"
"9670","0.2521911859512329","0.2521911859512329","0.2521911859512329","0.40871888399124146","0.40871888399124146","0.40871888399124146","0.5759330987930298","0.5759330987930298","0.5759330987930298","0.2444835603237152","0.2444835603237152","0.2444835603237152"
"9680","0.2644553780555725","0.2644553780555725","0.2644553780555725","0.4130210876464844","0.4130210876464844","0.4130210876464844","0.6340278387069702","0.6340278387069702","0.6340278387069702","0.25580519437789917","0.25580519437789917","0.25580519437789917"
"9690","0.2692684233188629","0.2692684233188629","0.2692684233188629","0.4021545350551605","0.4021545350551605","0.4021545350551605","0.619737982749939","0.619737982749939","0.619737982749939","0.2610965669155121","0.2610965669155121","0.2610965669155121"
"9700","0.2728389799594879","0.2728389799594879","0.2728389799594879","0.4107853174209595","0.4107853174209595","0.4107853174209595","0.5829921960830688","0.5829921960830688","0.5829921960830688","0.2647640109062195","0.2647640109062195","0.2647640109062195"
"9710","0.2494148164987564","0.2494148164987564","0.2494148164987564","0.393710732460022","0.393710732460022","0.393710732460022","0.5575187802314758","0.5575187802314758","0.5575187802314758","0.24149057269096375","0.24149057269096375","0.24149057269096375"
"9720","0.25920525193214417","0.25920525193214417","0.25920525193214417","0.35507315397262573","0.35507315397262573","0.35507315397262573","0.5965415239334106","0.5965415239334106","0.5965415239334106","0.25295865535736084","0.25295865535736084","0.25295865535736084"
"9730","0.27066802978515625","0.27066802978515625","0.27066802978515625","0.40209123492240906","0.40209123492240906","0.40209123492240906","0.577235758304596","0.577235758304596","0.577235758304596","0.26342087984085083","0.26342087984085083","0.26342087984085083"
"9740","0.2551284730434418","0.2551284730434418","0.2551284730434418","0.3934372067451477","0.3934372067451477","0.3934372067451477","0.5684638619422913","0.5684638619422913","0.5684638619422913","0.2481941282749176","0.2481941282749176","0.2481941282749176"
"9750","0.2622974216938019","0.2622974216938019","0.2622974216938019","0.4032421112060547","0.4032421112060547","0.4032421112060547","0.5807819366455078","0.5807819366455078","0.5807819366455078","0.25540924072265625","0.25540924072265625","0.25540924072265625"
"9760","0.26620522141456604","0.26620522141456604","0.26620522141456604","0.3912399411201477","0.3912399411201477","0.3912399411201477","0.5807346701622009","0.5807346701622009","0.5807346701622009","0.25933876633644104","0.25933876633644104","0.25933876633644104"
"9770","0.25882986187934875","0.25882986187934875","0.25882986187934875","0.41769179701805115","0.41769179701805115","0.41769179701805115","0.5761814117431641","0.5761814117431641","0.5761814117431641","0.2518623471260071","0.2518623471260071","0.2518623471260071"
"9780","0.25366249680519104","0.25366249680519104","0.25366249680519104","0.40570908784866333","0.40570908784866333","0.40570908784866333","0.5679073333740234","0.5679073333740234","0.5679073333740234","0.24650801718235016","0.24650801718235016","0.24650801718235016"
"9790","0.2783374786376953","0.2783374786376953","0.2783374786376953","0.40273401141166687","0.40273401141166687","0.40273401141166687","0.569958508014679","0.569958508014679","0.569958508014679","0.2707851529121399","0.2707851529121399","0.2707851529121399"
"9800","0.24986839294433594","0.24986839294433594","0.24986839294433594","0.39921534061431885","0.39921534061431885","0.39921534061431885","0.5703868865966797","0.5703868865966797","0.5703868865966797","0.2430500090122223","0.2430500090122223","0.2430500090122223"
"9810","0.2745197117328644","0.2745197117328644","0.2745197117328644","0.4085887670516968","0.4085887670516968","0.4085887670516968","0.5752410888671875","0.5752410888671875","0.5752410888671875","0.26930007338523865","0.26930007338523865","0.26930007338523865"
"9820","0.26044654846191406","0.26044654846191406","0.26044654846191406","0.40812718868255615","0.40812718868255615","0.40812718868255615","0.5924628973007202","0.5924628973007202","0.5924628973007202","0.25232160091400146","0.25232160091400146","0.25232160091400146"
"9830","0.274239718914032","0.274239718914032","0.274239718914032","0.4102676510810852","0.4102676510810852","0.4102676510810852","0.6173617839813232","0.6173617839813232","0.6173617839813232","0.2667255401611328","0.2667255401611328","0.2667255401611328"
"9840","0.26956862211227417","0.26956862211227417","0.26956862211227417","0.40787965059280396","0.40787965059280396","0.40787965059280396","0.5603706240653992","0.5603706240653992","0.5603706240653992","0.26247063279151917","0.26247063279151917","0.26247063279151917"
"9850","0.2749958038330078","0.2749958038330078","0.2749958038330078","0.4130287170410156","0.4130287170410156","0.4130287170410156","0.5975024700164795","0.5975024700164795","0.5975024700164795","0.26796799898147583","0.26796799898147583","0.26796799898147583"
"9860","0.2758186459541321","0.2758186459541321","0.2758186459541321","0.4077823758125305","0.4077823758125305","0.4077823758125305","0.5828930139541626","0.5828930139541626","0.5828930139541626","0.2689838409423828","0.2689838409423828","0.2689838409423828"
"9870","0.2742164731025696","0.2742164731025696","0.2742164731025696","0.4109432101249695","0.4109432101249695","0.4109432101249695","0.637555718421936","0.637555718421936","0.637555718421936","0.26733970642089844","0.26733970642089844","0.26733970642089844"
"9880","0.26939621567726135","0.26939621567726135","0.26939621567726135","0.4089008569717407","0.4089008569717407","0.4089008569717407","0.5838127136230469","0.5838127136230469","0.5838127136230469","0.26303938031196594","0.26303938031196594","0.26303938031196594"
"9890","0.25437164306640625","0.25437164306640625","0.25437164306640625","0.4168891906738281","0.4168891906738281","0.4168891906738281","0.5982048511505127","0.5982048511505127","0.5982048511505127","0.2482604831457138","0.2482604831457138","0.2482604831457138"
"9900","0.275491327047348","0.275491327047348","0.275491327047348","0.375540554523468","0.375540554523468","0.375540554523468","0.5751296877861023","0.5751296877861023","0.5751296877861023","0.2689632475376129","0.2689632475376129","0.2689632475376129"
"9910","0.28296738862991333","0.28296738862991333","0.28296738862991333","0.3774387240409851","0.3774387240409851","0.3774387240409851","0.6180790066719055","0.6180790066719055","0.6180790066719055","0.27596205472946167","0.27596205472946167","0.27596205472946167"
"9920","0.27380675077438354","0.27380675077438354","0.27380675077438354","0.3720000982284546","0.3720000982284546","0.3720000982284546","0.5968406200408936","0.5968406200408936","0.5968406200408936","0.26706236600875854","0.26706236600875854","0.26706236600875854"
"9930","0.27870598435401917","0.27870598435401917","0.27870598435401917","0.40349388122558594","0.40349388122558594","0.40349388122558594","0.5795272588729858","0.5795272588729858","0.5795272588729858","0.27152442932128906","0.27152442932128906","0.27152442932128906"
"9940","0.28236618638038635","0.28236618638038635","0.28236618638038635","0.4205474853515625","0.4205474853515625","0.4205474853515625","0.5971221923828125","0.5971221923828125","0.5971221923828125","0.27540549635887146","0.27540549635887146","0.27540549635887146"
"9950","0.2788883149623871","0.2788883149623871","0.2788883149623871","0.4093124568462372","0.4093124568462372","0.4093124568462372","0.6000019311904907","0.6000019311904907","0.6000019311904907","0.2724670469760895","0.2724670469760895","0.2724670469760895"
"9960","0.27532538771629333","0.27532538771629333","0.27532538771629333","0.39085692167282104","0.39085692167282104","0.39085692167282104","0.586587131023407","0.586587131023407","0.586587131023407","0.26881104707717896","0.26881104707717896","0.26881104707717896"
"9970","0.2836116850376129","0.2836116850376129","0.2836116850376129","0.4051498770713806","0.4051498770713806","0.4051498770713806","0.5893718004226685","0.5893718004226685","0.5893718004226685","0.27738988399505615","0.27738988399505615","0.27738988399505615"
"9980","0.2788337767124176","0.2788337767124176","0.2788337767124176","0.40680694580078125","0.40680694580078125","0.40680694580078125","0.5894401669502258","0.5894401669502258","0.5894401669502258","0.27295607328414917","0.27295607328414917","0.27295607328414917"
"9990","0.2809116244316101","0.2809116244316101","0.2809116244316101","0.412301629781723","0.412301629781723","0.412301629781723","0.5797813534736633","0.5797813534736633","0.5797813534736633","0.2753005921840668","0.2753005921840668","0.2753005921840668"
"10000","0.2900814116001129","0.2900814116001129","0.2900814116001129","0.4144554138183594","0.4144554138183594","0.4144554138183594","0.6223888397216797","0.6223888397216797","0.6223888397216797","0.2839633822441101","0.2839633822441101","0.2839633822441101"
"10010","0.2866641879081726","0.2866641879081726","0.2866641879081726","0.4061519503593445","0.4061519503593445","0.4061519503593445","0.6327254772186279","0.6327254772186279","0.6327254772186279","0.280331015586853","0.280331015586853","0.280331015586853"
"10020","0.28957289457321167","0.28957289457321167","0.28957289457321167","0.41090163588523865","0.41090163588523865","0.41090163588523865","0.5911834836006165","0.5911834836006165","0.5911834836006165","0.282657265663147","0.282657265663147","0.282657265663147"
"10030","0.28312987089157104","0.28312987089157104","0.28312987089157104","0.41268423199653625","0.41268423199653625","0.41268423199653625","0.5843544006347656","0.5843544006347656","0.5843544006347656","0.27723389863967896","0.27723389863967896","0.27723389863967896"
"10040","0.2899456024169922","0.2899456024169922","0.2899456024169922","0.41464537382125854","0.41464537382125854","0.41464537382125854","0.621416449546814","0.621416449546814","0.621416449546814","0.2836654782295227","0.2836654782295227","0.2836654782295227"
"10050","0.2836059629917145","0.2836059629917145","0.2836059629917145","0.4119560122489929","0.4119560122489929","0.4119560122489929","0.5833080410957336","0.5833080410957336","0.5833080410957336","0.2777549624443054","0.2777549624443054","0.2777549624443054"
"10060","0.2897491455078125","0.2897491455078125","0.2897491455078125","0.4081832766532898","0.4081832766532898","0.4081832766532898","0.5887222290039062","0.5887222290039062","0.5887222290039062","0.2834583520889282","0.2834583520889282","0.2834583520889282"
"10070","0.2507781982421875","0.2507781982421875","0.2507781982421875","0.4102642238140106","0.4102642238140106","0.4102642238140106","0.5880237817764282","0.5880237817764282","0.5880237817764282","0.2453605681657791","0.2453605681657791","0.2453605681657791"
"10080","0.284768283367157","0.284768283367157","0.284768283367157","0.4080444276332855","0.4080444276332855","0.4080444276332855","0.5758228302001953","0.5758228302001953","0.5758228302001953","0.27900850772857666","0.27900850772857666","0.27900850772857666"
"10090","0.28450432419776917","0.28450432419776917","0.28450432419776917","0.34586524963378906","0.34586524963378906","0.34586524963378906","0.5140266418457031","0.5140266418457031","0.5140266418457031","0.27795904874801636","0.27795904874801636","0.27795904874801636"
"10100","0.2889366149902344","0.2889366149902344","0.2889366149902344","0.4170417785644531","0.4170417785644531","0.4170417785644531","0.5789947509765625","0.5789947509765625","0.5789947509765625","0.28273123502731323","0.28273123502731323","0.28273123502731323"
"10110","0.29738807678222656","0.29738807678222656","0.29738807678222656","0.409445583820343","0.409445583820343","0.409445583820343","0.570758044719696","0.570758044719696","0.570758044719696","0.2913360595703125","0.2913360595703125","0.2913360595703125"
"10120","0.2915946841239929","0.2915946841239929","0.2915946841239929","0.40685731172561646","0.40685731172561646","0.40685731172561646","0.6214587688446045","0.6214587688446045","0.6214587688446045","0.2858634889125824","0.2858634889125824","0.2858634889125824"
"10130","0.2466297149658203","0.2466297149658203","0.2466297149658203","0.4123310148715973","0.4123310148715973","0.4123310148715973","0.5825099945068359","0.5825099945068359","0.5825099945068359","0.24163171648979187","0.24163171648979187","0.24163171648979187"
"10140","0.2897098660469055","0.2897098660469055","0.2897098660469055","0.4175761938095093","0.4175761938095093","0.4175761938095093","0.5732243061065674","0.5732243061065674","0.5732243061065674","0.284332275390625","0.284332275390625","0.284332275390625"
"10150","0.2936302423477173","0.2936302423477173","0.2936302423477173","0.40795326232910156","0.40795326232910156","0.40795326232910156","0.5686442852020264","0.5686442852020264","0.5686442852020264","0.28777313232421875","0.28777313232421875","0.28777313232421875"
"10160","0.28162652254104614","0.28162652254104614","0.28162652254104614","0.41431885957717896","0.41431885957717896","0.41431885957717896","0.5390678644180298","0.5390678644180298","0.5390678644180298","0.2767353057861328","0.2767353057861328","0.2767353057861328"
"10170","0.2809063196182251","0.2809063196182251","0.2809063196182251","0.4188419282436371","0.4188419282436371","0.4188419282436371","0.5895630121231079","0.5895630121231079","0.5895630121231079","0.2764514684677124","0.2764514684677124","0.2764514684677124"
"10180","0.2913585901260376","0.2913585901260376","0.2913585901260376","0.41159898042678833","0.41159898042678833","0.41159898042678833","0.5884643793106079","0.5884643793106079","0.5884643793106079","0.2865276336669922","0.2865276336669922","0.2865276336669922"
"10190","0.2930935025215149","0.2930935025215149","0.2930935025215149","0.3795200288295746","0.3795200288295746","0.3795200288295746","0.6568782329559326","0.6568782329559326","0.6568782329559326","0.2874908447265625","0.2874908447265625","0.2874908447265625"
"10200","0.2935153841972351","0.2935153841972351","0.2935153841972351","0.3852161169052124","0.3852161169052124","0.3852161169052124","0.6225887537002563","0.6225887537002563","0.6225887537002563","0.2888496518135071","0.2888496518135071","0.2888496518135071"
"10210","0.29039880633354187","0.29039880633354187","0.29039880633354187","0.4107009768486023","0.4107009768486023","0.4107009768486023","0.5842826962471008","0.5842826962471008","0.5842826962471008","0.2851112484931946","0.2851112484931946","0.2851112484931946"
"10220","0.29778367280960083","0.29778367280960083","0.29778367280960083","0.417913019657135","0.417913019657135","0.417913019657135","0.5591312646865845","0.5591312646865845","0.5591312646865845","0.29243582487106323","0.29243582487106323","0.29243582487106323"
"10230","0.30308836698532104","0.30308836698532104","0.30308836698532104","0.41165581345558167","0.41165581345558167","0.41165581345558167","0.635941743850708","0.635941743850708","0.635941743850708","0.29734688997268677","0.29734688997268677","0.29734688997268677"
"10240","0.3023033142089844","0.3023033142089844","0.3023033142089844","0.4085613489151001","0.4085613489151001","0.4085613489151001","0.6133826971054077","0.6133826971054077","0.6133826971054077","0.29727017879486084","0.29727017879486084","0.29727017879486084"
"10250","0.2999618649482727","0.2999618649482727","0.2999618649482727","0.4181537628173828","0.4181537628173828","0.4181537628173828","0.5724445581436157","0.5724445581436157","0.5724445581436157","0.29447442293167114","0.29447442293167114","0.29447442293167114"
"10260","0.29753953218460083","0.29753953218460083","0.29753953218460083","0.4178222715854645","0.4178222715854645","0.4178222715854645","0.5837738513946533","0.5837738513946533","0.5837738513946533","0.29234886169433594","0.29234886169433594","0.29234886169433594"
"10270","0.29872703552246094","0.29872703552246094","0.29872703552246094","0.4114559292793274","0.4114559292793274","0.4114559292793274","0.5755031108856201","0.5755031108856201","0.5755031108856201","0.29333457350730896","0.29333457350730896","0.29333457350730896"
"10280","0.29766884446144104","0.29766884446144104","0.29766884446144104","0.4023635983467102","0.4023635983467102","0.4023635983467102","0.575417697429657","0.575417697429657","0.575417697429657","0.2927059233188629","0.2927059233188629","0.2927059233188629"
"10290","0.28737756609916687","0.28737756609916687","0.28737756609916687","0.40859681367874146","0.40859681367874146","0.40859681367874146","0.5905731320381165","0.5905731320381165","0.5905731320381165","0.28232231736183167","0.28232231736183167","0.28232231736183167"
"10300","0.2952560484409332","0.2952560484409332","0.2952560484409332","0.41494789719581604","0.41494789719581604","0.41494789719581604","0.5268096923828125","0.5268096923828125","0.5268096923828125","0.29046136140823364","0.29046136140823364","0.29046136140823364"
"10310","0.3037540316581726","0.3037540316581726","0.3037540316581726","0.421164333820343","0.421164333820343","0.421164333820343","0.5829989910125732","0.5829989910125732","0.5829989910125732","0.29902154207229614","0.29902154207229614","0.29902154207229614"
"10320","0.2955161929130554","0.2955161929130554","0.2955161929130554","0.4174777865409851","0.4174777865409851","0.4174777865409851","0.5745117664337158","0.5745117664337158","0.5745117664337158","0.2910095453262329","0.2910095453262329","0.2910095453262329"
"10330","0.30459097027778625","0.30459097027778625","0.30459097027778625","0.4039020538330078","0.4039020538330078","0.4039020538330078","0.5748603343963623","0.5748603343963623","0.5748603343963623","0.29930534958839417","0.29930534958839417","0.29930534958839417"
"10340","0.3044857084751129","0.3044857084751129","0.3044857084751129","0.41163939237594604","0.41163939237594604","0.41163939237594604","0.630657970905304","0.630657970905304","0.630657970905304","0.298697292804718","0.298697292804718","0.298697292804718"
"10350","0.303109347820282","0.303109347820282","0.303109347820282","0.4195877015590668","0.4195877015590668","0.4195877015590668","0.5789718627929688","0.5789718627929688","0.5789718627929688","0.2980732023715973","0.2980732023715973","0.2980732023715973"
"10360","0.30143624544143677","0.30143624544143677","0.30143624544143677","0.41175803542137146","0.41175803542137146","0.41175803542137146","0.5938659906387329","0.5938659906387329","0.5938659906387329","0.29619333148002625","0.29619333148002625","0.29619333148002625"
"10370","0.30181390047073364","0.30181390047073364","0.30181390047073364","0.4138587713241577","0.4138587713241577","0.4138587713241577","0.6015274524688721","0.6015274524688721","0.6015274524688721","0.2970573306083679","0.2970573306083679","0.2970573306083679"
"10380","0.29240530729293823","0.29240530729293823","0.29240530729293823","0.40684735774993896","0.40684735774993896","0.40684735774993896","0.6248520016670227","0.6248520016670227","0.6248520016670227","0.287710577249527","0.287710577249527","0.287710577249527"
"10390","0.2991611659526825","0.2991611659526825","0.2991611659526825","0.4159080386161804","0.4159080386161804","0.4159080386161804","0.5740593075752258","0.5740593075752258","0.5740593075752258","0.2947727143764496","0.2947727143764496","0.2947727143764496"
"10400","0.3029407560825348","0.3029407560825348","0.3029407560825348","0.4131282866001129","0.4131282866001129","0.4131282866001129","0.627737820148468","0.627737820148468","0.627737820148468","0.2985263764858246","0.2985263764858246","0.2985263764858246"
"10410","0.30185621976852417","0.30185621976852417","0.30185621976852417","0.41270676255226135","0.41270676255226135","0.41270676255226135","0.6477718353271484","0.6477718353271484","0.6477718353271484","0.2965347468852997","0.2965347468852997","0.2965347468852997"
"10420","0.3084762394428253","0.3084762394428253","0.3084762394428253","0.41457635164260864","0.41457635164260864","0.41457635164260864","0.590593695640564","0.590593695640564","0.590593695640564","0.30325430631637573","0.30325430631637573","0.30325430631637573"
"10430","0.3051280975341797","0.3051280975341797","0.3051280975341797","0.4115158021450043","0.4115158021450043","0.4115158021450043","0.5886707305908203","0.5886707305908203","0.5886707305908203","0.3006843328475952","0.3006843328475952","0.3006843328475952"
"10440","0.30213242769241333","0.30213242769241333","0.30213242769241333","0.41588935256004333","0.41588935256004333","0.41588935256004333","0.600616455078125","0.600616455078125","0.600616455078125","0.29747503995895386","0.29747503995895386","0.29747503995895386"
"10450","0.3038555085659027","0.3038555085659027","0.3038555085659027","0.40893250703811646","0.40893250703811646","0.40893250703811646","0.6098186373710632","0.6098186373710632","0.6098186373710632","0.2993461489677429","0.2993461489677429","0.2993461489677429"
"10460","0.3107543885707855","0.3107543885707855","0.3107543885707855","0.414785772562027","0.414785772562027","0.414785772562027","0.622724175453186","0.622724175453186","0.622724175453186","0.3062782287597656","0.3062782287597656","0.3062782287597656"
"10470","0.30265963077545166","0.30265963077545166","0.30265963077545166","0.4164470434188843","0.4164470434188843","0.4164470434188843","0.5562446117401123","0.5562446117401123","0.5562446117401123","0.29820138216018677","0.29820138216018677","0.29820138216018677"
"10480","0.3038608729839325","0.3038608729839325","0.3038608729839325","0.39599648118019104","0.39599648118019104","0.39599648118019104","0.5485439300537109","0.5485439300537109","0.5485439300537109","0.29946401715278625","0.29946401715278625","0.29946401715278625"
"10490","0.303903192281723","0.303903192281723","0.303903192281723","0.4094635248184204","0.4094635248184204","0.4094635248184204","0.5815052390098572","0.5815052390098572","0.5815052390098572","0.2993476688861847","0.2993476688861847","0.2993476688861847"
"10500","0.31099623441696167","0.31099623441696167","0.31099623441696167","0.4141010046005249","0.4141010046005249","0.4141010046005249","0.5677059292793274","0.5677059292793274","0.5677059292793274","0.30643653869628906","0.30643653869628906","0.30643653869628906"
"10510","0.3061676025390625","0.3061676025390625","0.3061676025390625","0.4064266085624695","0.4064266085624695","0.4064266085624695","0.5902431011199951","0.5902431011199951","0.5902431011199951","0.3012699484825134","0.3012699484825134","0.3012699484825134"
"10520","0.30721014738082886","0.30721014738082886","0.30721014738082886","0.3839614689350128","0.3839614689350128","0.3839614689350128","0.6063896417617798","0.6063896417617798","0.6063896417617798","0.3027629852294922","0.3027629852294922","0.3027629852294922"
"10530","0.3010067045688629","0.3010067045688629","0.3010067045688629","0.41376152634620667","0.41376152634620667","0.41376152634620667","0.5541736483573914","0.5541736483573914","0.5541736483573914","0.2965106964111328","0.2965106964111328","0.2965106964111328"
"10540","0.3019443452358246","0.3019443452358246","0.3019443452358246","0.40549391508102417","0.40549391508102417","0.40549391508102417","0.566699206829071","0.566699206829071","0.566699206829071","0.2973678708076477","0.2973678708076477","0.2973678708076477"
"10550","0.3006473481655121","0.3006473481655121","0.3006473481655121","0.4121593236923218","0.4121593236923218","0.4121593236923218","0.5781657695770264","0.5781657695770264","0.5781657695770264","0.29593509435653687","0.29593509435653687","0.29593509435653687"
"10560","0.3009384274482727","0.3009384274482727","0.3009384274482727","0.41269147396087646","0.41269147396087646","0.41269147396087646","0.563328206539154","0.563328206539154","0.563328206539154","0.2957000732421875","0.2957000732421875","0.2957000732421875"
"10570","0.31276094913482666","0.31276094913482666","0.31276094913482666","0.402286171913147","0.402286171913147","0.402286171913147","0.5959876775741577","0.5959876775741577","0.5959876775741577","0.30798184871673584","0.30798184871673584","0.30798184871673584"
"10580","0.30211716890335083","0.30211716890335083","0.30211716890335083","0.4014236330986023","0.4014236330986023","0.4014236330986023","0.6378529071807861","0.6378529071807861","0.6378529071807861","0.29771384596824646","0.29771384596824646","0.29771384596824646"
"10590","0.30624693632125854","0.30624693632125854","0.30624693632125854","0.41224250197410583","0.41224250197410583","0.41224250197410583","0.6176350116729736","0.6176350116729736","0.6176350116729736","0.3013370633125305","0.3013370633125305","0.3013370633125305"
"10600","0.3062809109687805","0.3062809109687805","0.3062809109687805","0.4075607359409332","0.4075607359409332","0.4075607359409332","0.5847400426864624","0.5847400426864624","0.5847400426864624","0.3012828826904297","0.3012828826904297","0.3012828826904297"
"10610","0.3110847473144531","0.3110847473144531","0.3110847473144531","0.418460488319397","0.418460488319397","0.418460488319397","0.5720046758651733","0.5720046758651733","0.5720046758651733","0.3071117401123047","0.3071117401123047","0.3071117401123047"
"10620","0.3127269744873047","0.3127269744873047","0.3127269744873047","0.4180046021938324","0.4180046021938324","0.4180046021938324","0.6156811118125916","0.6156811118125916","0.6156811118125916","0.30942457914352417","0.30942457914352417","0.30942457914352417"
"10630","0.310281366109848","0.310281366109848","0.310281366109848","0.42154884338378906","0.42154884338378906","0.42154884338378906","0.6114124059677124","0.6114124059677124","0.6114124059677124","0.30624082684516907","0.30624082684516907","0.30624082684516907"
"10640","0.3124202787876129","0.3124202787876129","0.3124202787876129","0.4211433231830597","0.4211433231830597","0.4211433231830597","0.5696842074394226","0.5696842074394226","0.5696842074394226","0.3077949285507202","0.3077949285507202","0.3077949285507202"
"10650","0.31980401277542114","0.31980401277542114","0.31980401277542114","0.403738409280777","0.403738409280777","0.403738409280777","0.5712226629257202","0.5712226629257202","0.5712226629257202","0.3159797489643097","0.3159797489643097","0.3159797489643097"
"10660","0.30689164996147156","0.30689164996147156","0.30689164996147156","0.3918907344341278","0.3918907344341278","0.3918907344341278","0.5794052481651306","0.5794052481651306","0.5794052481651306","0.30306702852249146","0.30306702852249146","0.30306702852249146"
"10670","0.31681329011917114","0.31681329011917114","0.31681329011917114","0.4155094027519226","0.4155094027519226","0.4155094027519226","0.624066948890686","0.624066948890686","0.624066948890686","0.3123348355293274","0.3123348355293274","0.3123348355293274"
"10680","0.31021881103515625","0.31021881103515625","0.31021881103515625","0.42201268672943115","0.42201268672943115","0.42201268672943115","0.569390058517456","0.569390058517456","0.569390058517456","0.30570757389068604","0.30570757389068604","0.30570757389068604"
"10690","0.31483155488967896","0.31483155488967896","0.31483155488967896","0.4169040620326996","0.4169040620326996","0.4169040620326996","0.5951564908027649","0.5951564908027649","0.5951564908027649","0.31100425124168396","0.31100425124168396","0.31100425124168396"
"10700","0.3121322691440582","0.3121322691440582","0.3121322691440582","0.4172782897949219","0.4172782897949219","0.4172782897949219","0.5627399682998657","0.5627399682998657","0.5627399682998657","0.30752527713775635","0.30752527713775635","0.30752527713775635"
"10710","0.3142295777797699","0.3142295777797699","0.3142295777797699","0.4147526025772095","0.4147526025772095","0.4147526025772095","0.5632522702217102","0.5632522702217102","0.5632522702217102","0.31027257442474365","0.31027257442474365","0.31027257442474365"
"10720","0.31169623136520386","0.31169623136520386","0.31169623136520386","0.4166320860385895","0.4166320860385895","0.4166320860385895","0.5526218414306641","0.5526218414306641","0.5526218414306641","0.307574063539505","0.307574063539505","0.307574063539505"
"10730","0.30879440903663635","0.30879440903663635","0.30879440903663635","0.40401992201805115","0.40401992201805115","0.40401992201805115","0.6106956005096436","0.6106956005096436","0.6106956005096436","0.3046203553676605","0.3046203553676605","0.3046203553676605"
"10740","0.31028518080711365","0.31028518080711365","0.31028518080711365","0.4138622283935547","0.4138622283935547","0.4138622283935547","0.5835593938827515","0.5835593938827515","0.5835593938827515","0.30563774704933167","0.30563774704933167","0.30563774704933167"
"10750","0.3000167906284332","0.3000167906284332","0.3000167906284332","0.40517690777778625","0.40517690777778625","0.40517690777778625","0.5634738802909851","0.5634738802909851","0.5634738802909851","0.2956352233886719","0.2956352233886719","0.2956352233886719"
"10760","0.3105236291885376","0.3105236291885376","0.3105236291885376","0.4028892517089844","0.4028892517089844","0.4028892517089844","0.5862628817558289","0.5862628817558289","0.5862628817558289","0.306265264749527","0.306265264749527","0.306265264749527"
"10770","0.3189617097377777","0.3189617097377777","0.3189617097377777","0.42190855741500854","0.42190855741500854","0.42190855741500854","0.5905193090438843","0.5905193090438843","0.5905193090438843","0.3148811459541321","0.3148811459541321","0.3148811459541321"
"10780","0.3259860873222351","0.3259860873222351","0.3259860873222351","0.4172317385673523","0.4172317385673523","0.4172317385673523","0.579647421836853","0.579647421836853","0.579647421836853","0.32175445556640625","0.32175445556640625","0.32175445556640625"
"10790","0.30973511934280396","0.30973511934280396","0.30973511934280396","0.410012423992157","0.410012423992157","0.410012423992157","0.5753502249717712","0.5753502249717712","0.5753502249717712","0.3059989809989929","0.3059989809989929","0.3059989809989929"
"10800","0.3153122067451477","0.3153122067451477","0.3153122067451477","0.41192591190338135","0.41192591190338135","0.41192591190338135","0.5726292133331299","0.5726292133331299","0.5726292133331299","0.3115406036376953","0.3115406036376953","0.3115406036376953"
"10810","0.3239807188510895","0.3239807188510895","0.3239807188510895","0.4201393127441406","0.4201393127441406","0.4201393127441406","0.5736644864082336","0.5736644864082336","0.5736644864082336","0.3200179934501648","0.3200179934501648","0.3200179934501648"
"10820","0.31561124324798584","0.31561124324798584","0.31561124324798584","0.40629690885543823","0.40629690885543823","0.40629690885543823","0.5832668542861938","0.5832668542861938","0.5832668542861938","0.3114425539970398","0.3114425539970398","0.3114425539970398"
"10830","0.32267266511917114","0.32267266511917114","0.32267266511917114","0.41525954008102417","0.41525954008102417","0.41525954008102417","0.6139759421348572","0.6139759421348572","0.6139759421348572","0.3190063238143921","0.3190063238143921","0.3190063238143921"
"10840","0.3150733709335327","0.3150733709335327","0.3150733709335327","0.40587955713272095","0.40587955713272095","0.40587955713272095","0.6008498668670654","0.6008498668670654","0.6008498668670654","0.3109397888183594","0.3109397888183594","0.3109397888183594"
"10850","0.3191814422607422","0.3191814422607422","0.3191814422607422","0.42287445068359375","0.42287445068359375","0.42287445068359375","0.6008769869804382","0.6008769869804382","0.6008769869804382","0.31540489196777344","0.31540489196777344","0.31540489196777344"
"10860","0.3200485110282898","0.3200485110282898","0.3200485110282898","0.41204148530960083","0.41204148530960083","0.41204148530960083","0.5746170282363892","0.5746170282363892","0.5746170282363892","0.31608277559280396","0.31608277559280396","0.31608277559280396"
"10870","0.31745681166648865","0.31745681166648865","0.31745681166648865","0.4242095947265625","0.4242095947265625","0.4242095947265625","0.6211704015731812","0.6211704015731812","0.6211704015731812","0.3133834898471832","0.3133834898471832","0.3133834898471832"
"10880","0.3257736265659332","0.3257736265659332","0.3257736265659332","0.41530531644821167","0.41530531644821167","0.41530531644821167","0.6115974187850952","0.6115974187850952","0.6115974187850952","0.3213386535644531","0.3213386535644531","0.3213386535644531"
"10890","0.3143344819545746","0.3143344819545746","0.3143344819545746","0.4177436828613281","0.4177436828613281","0.4177436828613281","0.6210792660713196","0.6210792660713196","0.6210792660713196","0.31044769287109375","0.31044769287109375","0.31044769287109375"
"10900","0.3160743713378906","0.3160743713378906","0.3160743713378906","0.4123092591762543","0.4123092591762543","0.4123092591762543","0.5852481722831726","0.5852481722831726","0.5852481722831726","0.3122371435165405","0.3122371435165405","0.3122371435165405"
"10910","0.32128220796585083","0.32128220796585083","0.32128220796585083","0.41739004850387573","0.41739004850387573","0.41739004850387573","0.6162738800048828","0.6162738800048828","0.6162738800048828","0.31740838289260864","0.31740838289260864","0.31740838289260864"
"10920","0.3091464936733246","0.3091464936733246","0.3091464936733246","0.40618324279785156","0.40618324279785156","0.40618324279785156","0.552634060382843","0.552634060382843","0.552634060382843","0.3054324984550476","0.3054324984550476","0.3054324984550476"
"10930","0.31849366426467896","0.31849366426467896","0.31849366426467896","0.4101974368095398","0.4101974368095398","0.4101974368095398","0.5676567554473877","0.5676567554473877","0.5676567554473877","0.314178466796875","0.314178466796875","0.314178466796875"
"10940","0.28882065415382385","0.28882065415382385","0.28882065415382385","0.41487008333206177","0.41487008333206177","0.41487008333206177","0.5757335424423218","0.5757335424423218","0.5757335424423218","0.28473320603370667","0.28473320603370667","0.28473320603370667"
"10950","0.30787962675094604","0.30787962675094604","0.30787962675094604","0.4170127809047699","0.4170127809047699","0.4170127809047699","0.6205482482910156","0.6205482482910156","0.6205482482910156","0.3037918210029602","0.3037918210029602","0.3037918210029602"
"10960","0.31076163053512573","0.31076163053512573","0.31076163053512573","0.38854867219924927","0.38854867219924927","0.38854867219924927","0.5721408724784851","0.5721408724784851","0.5721408724784851","0.30693015456199646","0.30693015456199646","0.30693015456199646"
"10970","0.3107563257217407","0.3107563257217407","0.3107563257217407","0.4121154546737671","0.4121154546737671","0.4121154546737671","0.6152992248535156","0.6152992248535156","0.6152992248535156","0.30634385347366333","0.30634385347366333","0.30634385347366333"
"10980","0.3213348388671875","0.3213348388671875","0.3213348388671875","0.4094795286655426","0.4094795286655426","0.4094795286655426","0.6226463317871094","0.6226463317871094","0.6226463317871094","0.3166828155517578","0.3166828155517578","0.3166828155517578"
"10990","0.3291950225830078","0.3291950225830078","0.3291950225830078","0.4149593412876129","0.4149593412876129","0.4149593412876129","0.5653603076934814","0.5653603076934814","0.5653603076934814","0.32469940185546875","0.32469940185546875","0.32469940185546875"
"11000","0.3148689270019531","0.3148689270019531","0.3148689270019531","0.4192172884941101","0.4192172884941101","0.4192172884941101","0.6217605471611023","0.6217605471611023","0.6217605471611023","0.3106742799282074","0.3106742799282074","0.3106742799282074"
"11010","0.3150833249092102","0.3150833249092102","0.3150833249092102","0.41446763277053833","0.41446763277053833","0.41446763277053833","0.6108306646347046","0.6108306646347046","0.6108306646347046","0.3107776641845703","0.3107776641845703","0.3107776641845703"
"11020","0.3000137209892273","0.3000137209892273","0.3000137209892273","0.4231170415878296","0.4231170415878296","0.4231170415878296","0.5961017608642578","0.5961017608642578","0.5961017608642578","0.29659804701805115","0.29659804701805115","0.29659804701805115"
"11030","0.32580795884132385","0.32580795884132385","0.32580795884132385","0.42445868253707886","0.42445868253707886","0.42445868253707886","0.6113204956054688","0.6113204956054688","0.6113204956054688","0.3221713900566101","0.3221713900566101","0.3221713900566101"
"11040","0.3320114016532898","0.3320114016532898","0.3320114016532898","0.42020341753959656","0.42020341753959656","0.42020341753959656","0.589651882648468","0.589651882648468","0.589651882648468","0.3284553289413452","0.3284553289413452","0.3284553289413452"
"11050","0.3104110658168793","0.3104110658168793","0.3104110658168793","0.4183277189731598","0.4183277189731598","0.4183277189731598","0.5749222040176392","0.5749222040176392","0.5749222040176392","0.30691033601760864","0.30691033601760864","0.30691033601760864"
"11060","0.3273109495639801","0.3273109495639801","0.3273109495639801","0.4195098876953125","0.4195098876953125","0.4195098876953125","0.5802715420722961","0.5802715420722961","0.5802715420722961","0.32350578904151917","0.32350578904151917","0.32350578904151917"
"11070","0.3178566098213196","0.3178566098213196","0.3178566098213196","0.40529710054397583","0.40529710054397583","0.40529710054397583","0.5512630343437195","0.5512630343437195","0.5512630343437195","0.31399041414260864","0.31399041414260864","0.31399041414260864"
"11080","0.31479567289352417","0.31479567289352417","0.31479567289352417","0.3617088198661804","0.3617088198661804","0.3617088198661804","0.6085250973701477","0.6085250973701477","0.6085250973701477","0.31125181913375854","0.31125181913375854","0.31125181913375854"
"11090","0.31793707609176636","0.31793707609176636","0.31793707609176636","0.386605441570282","0.386605441570282","0.386605441570282","0.6054946780204773","0.6054946780204773","0.6054946780204773","0.3136604428291321","0.3136604428291321","0.3136604428291321"
"11100","0.32507094740867615","0.32507094740867615","0.32507094740867615","0.3991733491420746","0.3991733491420746","0.3991733491420746","0.5873187780380249","0.5873187780380249","0.5873187780380249","0.32128867506980896","0.32128867506980896","0.32128867506980896"
"11110","0.32582589983940125","0.32582589983940125","0.32582589983940125","0.4139835238456726","0.4139835238456726","0.4139835238456726","0.5841053128242493","0.5841053128242493","0.5841053128242493","0.3224075436592102","0.3224075436592102","0.3224075436592102"
"11120","0.32808494567871094","0.32808494567871094","0.32808494567871094","0.4229007959365845","0.4229007959365845","0.4229007959365845","0.5724315643310547","0.5724315643310547","0.5724315643310547","0.3245304226875305","0.3245304226875305","0.3245304226875305"
"11130","0.3285118341445923","0.3285118341445923","0.3285118341445923","0.4202880561351776","0.4202880561351776","0.4202880561351776","0.5851482152938843","0.5851482152938843","0.5851482152938843","0.32481613755226135","0.32481613755226135","0.32481613755226135"
"11140","0.32308846712112427","0.32308846712112427","0.32308846712112427","0.41607171297073364","0.41607171297073364","0.41607171297073364","0.5274593234062195","0.5274593234062195","0.5274593234062195","0.3196827173233032","0.3196827173233032","0.3196827173233032"
"11150","0.3231468200683594","0.3231468200683594","0.3231468200683594","0.41169166564941406","0.41169166564941406","0.41169166564941406","0.6072067618370056","0.6072067618370056","0.6072067618370056","0.3193778991699219","0.3193778991699219","0.3193778991699219"
"11160","0.32296597957611084","0.32296597957611084","0.32296597957611084","0.4165622591972351","0.4165622591972351","0.4165622591972351","0.5897822976112366","0.5897822976112366","0.5897822976112366","0.319601446390152","0.319601446390152","0.319601446390152"
"11170","0.32703208923339844","0.32703208923339844","0.32703208923339844","0.4229999780654907","0.4229999780654907","0.4229999780654907","0.587619423866272","0.587619423866272","0.587619423866272","0.3234710693359375","0.3234710693359375","0.3234710693359375"
"11180","0.32438963651657104","0.32438963651657104","0.32438963651657104","0.400350958108902","0.400350958108902","0.400350958108902","0.5524280667304993","0.5524280667304993","0.5524280667304993","0.3211696743965149","0.3211696743965149","0.3211696743965149"
"11190","0.3298027217388153","0.3298027217388153","0.3298027217388153","0.40316998958587646","0.40316998958587646","0.40316998958587646","0.6373656988143921","0.6373656988143921","0.6373656988143921","0.3262050449848175","0.3262050449848175","0.3262050449848175"
"11200","0.32440605759620667","0.32440605759620667","0.32440605759620667","0.4121463894844055","0.4121463894844055","0.4121463894844055","0.6349762082099915","0.6349762082099915","0.6349762082099915","0.32104071974754333","0.32104071974754333","0.32104071974754333"
"11210","0.32969701290130615","0.32969701290130615","0.32969701290130615","0.4148101806640625","0.4148101806640625","0.4148101806640625","0.5997443795204163","0.5997443795204163","0.5997443795204163","0.3259620666503906","0.3259620666503906","0.3259620666503906"
"11220","0.3217048645019531","0.3217048645019531","0.3217048645019531","0.4291496276855469","0.4291496276855469","0.4291496276855469","0.6033355593681335","0.6033355593681335","0.6033355593681335","0.3177223205566406","0.3177223205566406","0.3177223205566406"
"11230","0.3255050480365753","0.3255050480365753","0.3255050480365753","0.42001837491989136","0.42001837491989136","0.42001837491989136","0.5725803375244141","0.5725803375244141","0.5725803375244141","0.32198792695999146","0.32198792695999146","0.32198792695999146"
"11240","0.32374992966651917","0.32374992966651917","0.32374992966651917","0.4166725277900696","0.4166725277900696","0.4166725277900696","0.5491901636123657","0.5491901636123657","0.5491901636123657","0.32032281160354614","0.32032281160354614","0.32032281160354614"
"11250","0.327200710773468","0.327200710773468","0.327200710773468","0.40886765718460083","0.40886765718460083","0.40886765718460083","0.5656181573867798","0.5656181573867798","0.5656181573867798","0.3242168426513672","0.3242168426513672","0.3242168426513672"
"11260","0.32982176542282104","0.32982176542282104","0.32982176542282104","0.42541277408599854","0.42541277408599854","0.42541277408599854","0.6400428414344788","0.6400428414344788","0.6400428414344788","0.32657280564308167","0.32657280564308167","0.32657280564308167"
"11270","0.3294757902622223","0.3294757902622223","0.3294757902622223","0.4235649108886719","0.4235649108886719","0.4235649108886719","0.5986168384552002","0.5986168384552002","0.5986168384552002","0.32619935274124146","0.32619935274124146","0.32619935274124146"
"11280","0.3242824673652649","0.3242824673652649","0.3242824673652649","0.4156108796596527","0.4156108796596527","0.4156108796596527","0.5794998407363892","0.5794998407363892","0.5794998407363892","0.32055091857910156","0.32055091857910156","0.32055091857910156"
"11290","0.3282302916049957","0.3282302916049957","0.3282302916049957","0.4190799593925476","0.4190799593925476","0.4190799593925476","0.5882042050361633","0.5882042050361633","0.5882042050361633","0.3247177004814148","0.3247177004814148","0.3247177004814148"
"11300","0.3294059932231903","0.3294059932231903","0.3294059932231903","0.41992074251174927","0.41992074251174927","0.41992074251174927","0.6596481204032898","0.6596481204032898","0.6596481204032898","0.3253471255302429","0.3253471255302429","0.3253471255302429"
"11310","0.3333049714565277","0.3333049714565277","0.3333049714565277","0.4240058660507202","0.4240058660507202","0.4240058660507202","0.5833873748779297","0.5833873748779297","0.5833873748779297","0.3297038972377777","0.3297038972377777","0.3297038972377777"
"11320","0.33244287967681885","0.33244287967681885","0.33244287967681885","0.4274974763393402","0.4274974763393402","0.4274974763393402","0.5931812524795532","0.5931812524795532","0.5931812524795532","0.32938843965530396","0.32938843965530396","0.32938843965530396"
"11330","0.32516324520111084","0.32516324520111084","0.32516324520111084","0.4257064759731293","0.4257064759731293","0.4257064759731293","0.5919536352157593","0.5919536352157593","0.5919536352157593","0.32183799147605896","0.32183799147605896","0.32183799147605896"
"11340","0.3374652564525604","0.3374652564525604","0.3374652564525604","0.41873398423194885","0.41873398423194885","0.41873398423194885","0.5657241344451904","0.5657241344451904","0.5657241344451904","0.33355140686035156","0.33355140686035156","0.33355140686035156"
"11350","0.32588231563568115","0.32588231563568115","0.32588231563568115","0.4148433804512024","0.4148433804512024","0.4148433804512024","0.5800796747207642","0.5800796747207642","0.5800796747207642","0.32294198870658875","0.32294198870658875","0.32294198870658875"
"11360","0.32639390230178833","0.32639390230178833","0.32639390230178833","0.41782453656196594","0.41782453656196594","0.41782453656196594","0.6206893920898438","0.6206893920898438","0.6206893920898438","0.32384490966796875","0.32384490966796875","0.32384490966796875"
"11370","0.33661460876464844","0.33661460876464844","0.33661460876464844","0.4289669096469879","0.4289669096469879","0.4289669096469879","0.5855991244316101","0.5855991244316101","0.5855991244316101","0.3335796594619751","0.3335796594619751","0.3335796594619751"
"11380","0.3249114751815796","0.3249114751815796","0.3249114751815796","0.41847914457321167","0.41847914457321167","0.41847914457321167","0.5752475261688232","0.5752475261688232","0.5752475261688232","0.32161712646484375","0.32161712646484375","0.32161712646484375"
"11390","0.3327278196811676","0.3327278196811676","0.3327278196811676","0.41151392459869385","0.41151392459869385","0.41151392459869385","0.6387794017791748","0.6387794017791748","0.6387794017791748","0.32947617769241333","0.32947617769241333","0.32947617769241333"
"11400","0.3304046392440796","0.3304046392440796","0.3304046392440796","0.41416051983833313","0.41416051983833313","0.41416051983833313","0.5878883600234985","0.5878883600234985","0.5878883600234985","0.32697373628616333","0.32697373628616333","0.32697373628616333"
"11410","0.29572105407714844","0.29572105407714844","0.29572105407714844","0.4208553433418274","0.4208553433418274","0.4208553433418274","0.603964626789093","0.603964626789093","0.603964626789093","0.29272574186325073","0.29272574186325073","0.29272574186325073"
"11420","0.32923126220703125","0.32923126220703125","0.32923126220703125","0.4215805232524872","0.4215805232524872","0.4215805232524872","0.6143649816513062","0.6143649816513062","0.6143649816513062","0.32607078552246094","0.32607078552246094","0.32607078552246094"
"11430","0.32822686433792114","0.32822686433792114","0.32822686433792114","0.4165073335170746","0.4165073335170746","0.4165073335170746","0.579708456993103","0.579708456993103","0.579708456993103","0.32521551847457886","0.32521551847457886","0.32521551847457886"
"11440","0.33156049251556396","0.33156049251556396","0.33156049251556396","0.4190826416015625","0.4190826416015625","0.4190826416015625","0.6221805810928345","0.6221805810928345","0.6221805810928345","0.32840192317962646","0.32840192317962646","0.32840192317962646"
"11450","0.33250731229782104","0.33250731229782104","0.33250731229782104","0.4215087890625","0.4215087890625","0.4215087890625","0.5950496792793274","0.5950496792793274","0.5950496792793274","0.32966384291648865","0.32966384291648865","0.32966384291648865"
"11460","0.32079923152923584","0.32079923152923584","0.32079923152923584","0.41159361600875854","0.41159361600875854","0.41159361600875854","0.5780555605888367","0.5780555605888367","0.5780555605888367","0.31735190749168396","0.31735190749168396","0.31735190749168396"
"11470","0.3367210328578949","0.3367210328578949","0.3367210328578949","0.416726291179657","0.416726291179657","0.416726291179657","0.5989665985107422","0.5989665985107422","0.5989665985107422","0.33305472135543823","0.33305472135543823","0.33305472135543823"
"11480","0.3252449035644531","0.3252449035644531","0.3252449035644531","0.4052787721157074","0.4052787721157074","0.4052787721157074","0.6371082067489624","0.6371082067489624","0.6371082067489624","0.3220970034599304","0.3220970034599304","0.3220970034599304"
"11490","0.33251383900642395","0.33251383900642395","0.33251383900642395","0.39754220843315125","0.39754220843315125","0.39754220843315125","0.5835064053535461","0.5835064053535461","0.5835064053535461","0.32956621050834656","0.32956621050834656","0.32956621050834656"
"11500","0.32743531465530396","0.32743531465530396","0.32743531465530396","0.4087356925010681","0.4087356925010681","0.4087356925010681","0.589481770992279","0.589481770992279","0.589481770992279","0.32495155930519104","0.32495155930519104","0.32495155930519104"
"11510","0.3315868377685547","0.3315868377685547","0.3315868377685547","0.41246339678764343","0.41246339678764343","0.41246339678764343","0.583340048789978","0.583340048789978","0.583340048789978","0.3280605375766754","0.3280605375766754","0.3280605375766754"
"11520","0.3370407223701477","0.3370407223701477","0.3370407223701477","0.4188385009765625","0.4188385009765625","0.4188385009765625","0.5466846227645874","0.5466846227645874","0.5466846227645874","0.3334522247314453","0.3334522247314453","0.3334522247314453"
"11530","0.3323051333427429","0.3323051333427429","0.3323051333427429","0.41054001450538635","0.41054001450538635","0.41054001450538635","0.634566068649292","0.634566068649292","0.634566068649292","0.32910382747650146","0.32910382747650146","0.32910382747650146"
"11540","0.3200184106826782","0.3200184106826782","0.3200184106826782","0.4051933288574219","0.4051933288574219","0.4051933288574219","0.5768120288848877","0.5768120288848877","0.5768120288848877","0.3167724609375","0.3167724609375","0.3167724609375"
"11550","0.3239215910434723","0.3239215910434723","0.3239215910434723","0.412802517414093","0.412802517414093","0.412802517414093","0.5749572515487671","0.5749572515487671","0.5749572515487671","0.3209419250488281","0.3209419250488281","0.3209419250488281"
"11560","0.3262508511543274","0.3262508511543274","0.3262508511543274","0.4180629849433899","0.4180629849433899","0.4180629849433899","0.5664581060409546","0.5664581060409546","0.5664581060409546","0.32313650846481323","0.32313650846481323","0.32313650846481323"
"11570","0.32880592346191406","0.32880592346191406","0.32880592346191406","0.4063442051410675","0.4063442051410675","0.4063442051410675","0.5780067443847656","0.5780067443847656","0.5780067443847656","0.3271724581718445","0.3271724581718445","0.3271724581718445"
"11580","0.3424087464809418","0.3424087464809418","0.3424087464809418","0.42323988676071167","0.42323988676071167","0.42323988676071167","0.6215026378631592","0.6215026378631592","0.6215026378631592","0.3389514684677124","0.3389514684677124","0.3389514684677124"
"11590","0.3266746401786804","0.3266746401786804","0.3266746401786804","0.4187641143798828","0.4187641143798828","0.4187641143798828","0.6399116516113281","0.6399116516113281","0.6399116516113281","0.3238460421562195","0.3238460421562195","0.3238460421562195"
"11600","0.3401741087436676","0.3401741087436676","0.3401741087436676","0.40781936049461365","0.40781936049461365","0.40781936049461365","0.554421603679657","0.554421603679657","0.554421603679657","0.3369766175746918","0.3369766175746918","0.3369766175746918"
"11610","0.33235207200050354","0.33235207200050354","0.33235207200050354","0.4167686402797699","0.4167686402797699","0.4167686402797699","0.5868908166885376","0.5868908166885376","0.5868908166885376","0.32909849286079407","0.32909849286079407","0.32909849286079407"
"11620","0.33972471952438354","0.33972471952438354","0.33972471952438354","0.41570472717285156","0.41570472717285156","0.41570472717285156","0.5406379699707031","0.5406379699707031","0.5406379699707031","0.33676376938819885","0.33676376938819885","0.33676376938819885"
"11630","0.33467215299606323","0.33467215299606323","0.33467215299606323","0.4249213933944702","0.4249213933944702","0.4249213933944702","0.6275222897529602","0.6275222897529602","0.6275222897529602","0.3315509855747223","0.3315509855747223","0.3315509855747223"
"11640","0.33108824491500854","0.33108824491500854","0.33108824491500854","0.40785980224609375","0.40785980224609375","0.40785980224609375","0.605242133140564","0.605242133140564","0.605242133140564","0.32756349444389343","0.32756349444389343","0.32756349444389343"
"11650","0.331643283367157","0.331643283367157","0.331643283367157","0.3712581694126129","0.3712581694126129","0.3712581694126129","0.5780627727508545","0.5780627727508545","0.5780627727508545","0.32891273498535156","0.32891273498535156","0.32891273498535156"
"11660","0.3395439088344574","0.3395439088344574","0.3395439088344574","0.4064220190048218","0.4064220190048218","0.4064220190048218","0.6281749606132507","0.6281749606132507","0.6281749606132507","0.33638954162597656","0.33638954162597656","0.33638954162597656"
"11670","0.3374057710170746","0.3374057710170746","0.3374057710170746","0.4174301326274872","0.4174301326274872","0.4174301326274872","0.6004447937011719","0.6004447937011719","0.6004447937011719","0.33422622084617615","0.33422622084617615","0.33422622084617615"
"11680","0.3367713987827301","0.3367713987827301","0.3367713987827301","0.4068668484687805","0.4068668484687805","0.4068668484687805","0.5377060174942017","0.5377060174942017","0.5377060174942017","0.3339279294013977","0.3339279294013977","0.3339279294013977"
"11690","0.34638139605522156","0.34638139605522156","0.34638139605522156","0.4126442074775696","0.4126442074775696","0.4126442074775696","0.6229888796806335","0.6229888796806335","0.6229888796806335","0.34352147579193115","0.34352147579193115","0.34352147579193115"
"11700","0.34162938594818115","0.34162938594818115","0.34162938594818115","0.41710472106933594","0.41710472106933594","0.41710472106933594","0.6007877588272095","0.6007877588272095","0.6007877588272095","0.33843573927879333","0.33843573927879333","0.33843573927879333"
"11710","0.33054009079933167","0.33054009079933167","0.33054009079933167","0.41718217730522156","0.41718217730522156","0.41718217730522156","0.5876113772392273","0.5876113772392273","0.5876113772392273","0.3274780213832855","0.3274780213832855","0.3274780213832855"
"11720","0.33977434039115906","0.33977434039115906","0.33977434039115906","0.4189414978027344","0.4189414978027344","0.4189414978027344","0.6256057620048523","0.6256057620048523","0.6256057620048523","0.33704644441604614","0.33704644441604614","0.33704644441604614"
"11730","0.3425716161727905","0.3425716161727905","0.3425716161727905","0.4199157655239105","0.4199157655239105","0.4199157655239105","0.6287598013877869","0.6287598013877869","0.6287598013877869","0.3396492004394531","0.3396492004394531","0.3396492004394531"
"11740","0.33829307556152344","0.33829307556152344","0.33829307556152344","0.41391217708587646","0.41391217708587646","0.41391217708587646","0.5801575183868408","0.5801575183868408","0.5801575183868408","0.33575859665870667","0.33575859665870667","0.33575859665870667"
"11750","0.33594053983688354","0.33594053983688354","0.33594053983688354","0.41319045424461365","0.41319045424461365","0.41319045424461365","0.5901721715927124","0.5901721715927124","0.5901721715927124","0.3333362638950348","0.3333362638950348","0.3333362638950348"
"11760","0.342110812664032","0.342110812664032","0.342110812664032","0.4150630831718445","0.4150630831718445","0.4150630831718445","0.5963748693466187","0.5963748693466187","0.5963748693466187","0.33920860290527344","0.33920860290527344","0.33920860290527344"
"11770","0.32835501432418823","0.32835501432418823","0.32835501432418823","0.41194385290145874","0.41194385290145874","0.41194385290145874","0.5850456357002258","0.5850456357002258","0.5850456357002258","0.325339138507843","0.325339138507843","0.325339138507843"
"11780","0.3404369354248047","0.3404369354248047","0.3404369354248047","0.4211845397949219","0.4211845397949219","0.4211845397949219","0.5900211334228516","0.5900211334228516","0.5900211334228516","0.3370693325996399","0.3370693325996399","0.3370693325996399"
"11790","0.3414020538330078","0.3414020538330078","0.3414020538330078","0.4234447479248047","0.4234447479248047","0.4234447479248047","0.6244701743125916","0.6244701743125916","0.6244701743125916","0.3385917544364929","0.3385917544364929","0.3385917544364929"
"11800","0.3460102081298828","0.3460102081298828","0.3460102081298828","0.4183719754219055","0.4183719754219055","0.4183719754219055","0.5816456079483032","0.5816456079483032","0.5816456079483032","0.34313124418258667","0.34313124418258667","0.34313124418258667"
"11810","0.3371772766113281","0.3371772766113281","0.3371772766113281","0.4198150634765625","0.4198150634765625","0.4198150634765625","0.5872726440429688","0.5872726440429688","0.5872726440429688","0.33491823077201843","0.33491823077201843","0.33491823077201843"
"11820","0.33212167024612427","0.33212167024612427","0.33212167024612427","0.4129844903945923","0.4129844903945923","0.4129844903945923","0.5723281502723694","0.5723281502723694","0.5723281502723694","0.32919996976852417","0.32919996976852417","0.32919996976852417"
"11830","0.3450615108013153","0.3450615108013153","0.3450615108013153","0.42100828886032104","0.42100828886032104","0.42100828886032104","0.5779586434364319","0.5779586434364319","0.5779586434364319","0.3421482443809509","0.3421482443809509","0.3421482443809509"
"11840","0.33470267057418823","0.33470267057418823","0.33470267057418823","0.40664446353912354","0.40664446353912354","0.40664446353912354","0.6254829168319702","0.6254829168319702","0.6254829168319702","0.3315978944301605","0.3315978944301605","0.3315978944301605"
"11850","0.338592529296875","0.338592529296875","0.338592529296875","0.4036300778388977","0.4036300778388977","0.4036300778388977","0.5919559597969055","0.5919559597969055","0.5919559597969055","0.335885614156723","0.335885614156723","0.335885614156723"
"11860","0.34118688106536865","0.34118688106536865","0.34118688106536865","0.417031466960907","0.417031466960907","0.417031466960907","0.6215491890907288","0.6215491890907288","0.6215491890907288","0.338897705078125","0.338897705078125","0.338897705078125"
"11870","0.33698806166648865","0.33698806166648865","0.33698806166648865","0.4244041442871094","0.4244041442871094","0.4244041442871094","0.5696189999580383","0.5696189999580383","0.5696189999580383","0.3342167139053345","0.3342167139053345","0.3342167139053345"
"11880","0.33888739347457886","0.33888739347457886","0.33888739347457886","0.42341843247413635","0.42341843247413635","0.42341843247413635","0.5916732549667358","0.5916732549667358","0.5916732549667358","0.3359993100166321","0.3359993100166321","0.3359993100166321"
"11890","0.33213233947753906","0.33213233947753906","0.33213233947753906","0.4196769893169403","0.4196769893169403","0.4196769893169403","0.5924568176269531","0.5924568176269531","0.5924568176269531","0.3291481137275696","0.3291481137275696","0.3291481137275696"
"11900","0.3389129638671875","0.3389129638671875","0.3389129638671875","0.41990506649017334","0.41990506649017334","0.41990506649017334","0.591448962688446","0.591448962688446","0.591448962688446","0.3359489440917969","0.3359489440917969","0.3359489440917969"
"11910","0.33602216839790344","0.33602216839790344","0.33602216839790344","0.41696929931640625","0.41696929931640625","0.41696929931640625","0.6596843600273132","0.6596843600273132","0.6596843600273132","0.3331306576728821","0.3331306576728821","0.3331306576728821"
"11920","0.33991509675979614","0.33991509675979614","0.33991509675979614","0.42330512404441833","0.42330512404441833","0.42330512404441833","0.6483879089355469","0.6483879089355469","0.6483879089355469","0.3372398614883423","0.3372398614883423","0.3372398614883423"
"11930","0.3416118621826172","0.3416118621826172","0.3416118621826172","0.4265376925468445","0.4265376925468445","0.4265376925468445","0.6145729422569275","0.6145729422569275","0.6145729422569275","0.33854904770851135","0.33854904770851135","0.33854904770851135"
"11940","0.34375837445259094","0.34375837445259094","0.34375837445259094","0.41805267333984375","0.41805267333984375","0.41805267333984375","0.5796149969100952","0.5796149969100952","0.5796149969100952","0.3412815034389496","0.3412815034389496","0.3412815034389496"
"11950","0.33996009826660156","0.33996009826660156","0.33996009826660156","0.4252895414829254","0.4252895414829254","0.4252895414829254","0.5762939453125","0.5762939453125","0.5762939453125","0.3371483087539673","0.3371483087539673","0.3371483087539673"
"11960","0.3435016870498657","0.3435016870498657","0.3435016870498657","0.4192031919956207","0.4192031919956207","0.4192031919956207","0.5819835662841797","0.5819835662841797","0.5819835662841797","0.3409542441368103","0.3409542441368103","0.3409542441368103"
"11970","0.29752886295318604","0.29752886295318604","0.29752886295318604","0.42833974957466125","0.42833974957466125","0.42833974957466125","0.5905392169952393","0.5905392169952393","0.5905392169952393","0.2948455810546875","0.2948455810546875","0.2948455810546875"
"11980","0.3464294672012329","0.3464294672012329","0.3464294672012329","0.41779977083206177","0.41779977083206177","0.41779977083206177","0.6097095608711243","0.6097095608711243","0.6097095608711243","0.3434978425502777","0.3434978425502777","0.3434978425502777"
"11990","0.34665220975875854","0.34665220975875854","0.34665220975875854","0.414767861366272","0.414767861366272","0.414767861366272","0.5873196125030518","0.5873196125030518","0.5873196125030518","0.3450561463832855","0.3450561463832855","0.3450561463832855"
"12000","0.34195709228515625","0.34195709228515625","0.34195709228515625","0.4239627718925476","0.4239627718925476","0.4239627718925476","0.5830696225166321","0.5830696225166321","0.5830696225166321","0.33904650807380676","0.33904650807380676","0.33904650807380676"
"12010","0.00021858215040992945","0.00021858215040992945","0.00021858215040992945","0.4303157925605774","0.4303157925605774","0.4303157925605774","0.0005352020380087197","0.0005352020380087197","0.0005352020380087197","0.03190956264734268","0.03190956264734268","0.03190956264734268"
"12020","0.00018806458683684468","0.00018806458683684468","0.00018806458683684468","0.4267692565917969","0.4267692565917969","0.4267692565917969","0.000156402587890625","0.000156402587890625","0.000156402587890625","0.0003517150762490928","0.0003517150762490928","0.0003517150762490928"
"12030","0.0003273010370321572","0.0003273010370321572","0.0003273010370321572","0.4195823669433594","0.4195823669433594","0.4195823669433594","0.0004623412969522178","0.0004623412969522178","0.0004623412969522178","0.000476837158203125","0.000476837158203125","0.000476837158203125"
"12040","0.0011703490745276213","0.0011703490745276213","0.0011703490745276213","0.42120590806007385","0.42120590806007385","0.42120590806007385","0.0011459350353106856","0.0011459350353106856","0.0011459350353106856","0.0006092071416787803","0.0006092071416787803","0.0006092071416787803"
"12050","0.0017696379218250513","0.0017696379218250513","0.0017696379218250513","0.41930654644966125","0.41930654644966125","0.41930654644966125","0.0010078430641442537","0.0010078430641442537","0.0010078430641442537","0.0008834839100018144","0.0008834839100018144","0.0008834839100018144"
"12060","0.0021530152298510075","0.0021530152298510075","0.0021530152298510075","0.4206489324569702","0.4206489324569702","0.4206489324569702","0.001922226045280695","0.001922226045280695","0.001922226045280695","0.0006282806280069053","0.0006282806280069053","0.0006282806280069053"
"12070","0.00278472900390625","0.00278472900390625","0.00278472900390625","0.42343294620513916","0.42343294620513916","0.42343294620513916","0.00575332622975111","0.00575332622975111","0.00575332622975111","0.00471572857350111","0.00471572857350111","0.00471572857350111"
"12080","0.005788040347397327","0.005788040347397327","0.005788040347397327","0.4189460873603821","0.4189460873603821","0.4189460873603821","0.008619308471679688","0.008619308471679688","0.008619308471679688","0.00856704730540514","0.00856704730540514","0.00856704730540514"
"12090","0.01171035785228014","0.01171035785228014","0.01171035785228014","0.42209893465042114","0.42209893465042114","0.42209893465042114","0.012082671746611595","0.012082671746611595","0.012082671746611595","0.007851028814911842","0.007851028814911842","0.007851028814911842"
"12100","0.013394927605986595","0.013394927605986595","0.013394927605986595","0.4100998044013977","0.4100998044013977","0.4100998044013977","0.009183883666992188","0.009183883666992188","0.009183883666992188","0.0075325011275708675","0.0075325011275708675","0.0075325011275708675"
"12110","0.012942123226821423","0.012942123226821423","0.012942123226821423","0.4253513216972351","0.4253513216972351","0.4253513216972351","0.005924987606704235","0.005924987606704235","0.005924987606704235","0.009950637817382812","0.009950637817382812","0.009950637817382812"
"12120","0.01016998291015625","0.01016998291015625","0.01016998291015625","0.4182758331298828","0.4182758331298828","0.4182758331298828","0.009465407580137253","0.009465407580137253","0.009465407580137253","0.007085418328642845","0.007085418328642845","0.007085418328642845"
"12130","0.012701798230409622","0.012701798230409622","0.012701798230409622","0.4244377017021179","0.4244377017021179","0.4244377017021179","0.010362625122070312","0.010362625122070312","0.010362625122070312","0.00656623812392354","0.00656623812392354","0.00656623812392354"
"12140","0.014176558703184128","0.014176558703184128","0.014176558703184128","0.41660577058792114","0.41660577058792114","0.41660577058792114","0.008615493774414062","0.008615493774414062","0.008615493774414062","0.009418869391083717","0.009418869391083717","0.009418869391083717"
"12150","0.01246185414493084","0.01246185414493084","0.01246185414493084","0.4236770570278168","0.4236770570278168","0.4236770570278168","0.01018676720559597","0.01018676720559597","0.01018676720559597","0.00749130267649889","0.00749130267649889","0.00749130267649889"
"12160","0.01400528009980917","0.01400528009980917","0.01400528009980917","0.3835132420063019","0.3835132420063019","0.3835132420063019","0.013820648193359375","0.013820648193359375","0.013820648193359375","0.012142944149672985","0.012142944149672985","0.012142944149672985"
"12170","0.013159941881895065","0.013159941881895065","0.013159941881895065","0.4213733673095703","0.4213733673095703","0.4213733673095703","0.0064865113236010075","0.0064865113236010075","0.0064865113236010075","0.010132980532944202","0.010132980532944202","0.010132980532944202"
"12180","0.011007308959960938","0.011007308959960938","0.011007308959960938","0.41739577054977417","0.41739577054977417","0.41739577054977417","0.010467529296875","0.010467529296875","0.010467529296875","0.01172790490090847","0.01172790490090847","0.01172790490090847"
"12190","0.015627669170498848","0.015627669170498848","0.015627669170498848","0.3635703921318054","0.3635703921318054","0.3635703921318054","0.010911177843809128","0.010911177843809128","0.010911177843809128","0.012094498611986637","0.012094498611986637","0.012094498611986637"
"12200","0.017576981335878372","0.017576981335878372","0.017576981335878372","0.4306316375732422","0.4306316375732422","0.4306316375732422","0.012685775756835938","0.012685775756835938","0.012685775756835938","0.011739730834960938","0.011739730834960938","0.011739730834960938"
"12210","0.018850326538085938","0.018850326538085938","0.018850326538085938","0.42588382959365845","0.42588382959365845","0.42588382959365845","0.013055037707090378","0.013055037707090378","0.013055037707090378","0.011764144524931908","0.011764144524931908","0.011764144524931908"
"12220","0.01970977708697319","0.01970977708697319","0.01970977708697319","0.42761534452438354","0.42761534452438354","0.42761534452438354","0.016054535284638405","0.016054535284638405","0.016054535284638405","0.014392852783203125","0.014392852783203125","0.014392852783203125"
"12230","0.022218704223632812","0.022218704223632812","0.022218704223632812","0.41980287432670593","0.41980287432670593","0.41980287432670593","0.01546554546803236","0.01546554546803236","0.01546554546803236","0.012828826904296875","0.012828826904296875","0.012828826904296875"
"12240","0.025484846904873848","0.025484846904873848","0.025484846904873848","0.42672425508499146","0.42672425508499146","0.42672425508499146","0.018024826422333717","0.018024826422333717","0.018024826422333717","0.015398788265883923","0.015398788265883923","0.015398788265883923"
"12250","0.027823256328701973","0.027823256328701973","0.027823256328701973","0.4227428436279297","0.4227428436279297","0.4227428436279297","0.020175551995635033","0.020175551995635033","0.020175551995635033","0.01551895122975111","0.01551895122975111","0.01551895122975111"
"12260","0.02871856652200222","0.02871856652200222","0.02871856652200222","0.42182767391204834","0.42182767391204834","0.42182767391204834","0.021201705560088158","0.021201705560088158","0.021201705560088158","0.016896437853574753","0.016896437853574753","0.016896437853574753"
"12270","0.030739212408661842","0.030739212408661842","0.030739212408661842","0.40568506717681885","0.40568506717681885","0.40568506717681885","0.02321472391486168","0.02321472391486168","0.02321472391486168","0.018869781866669655","0.018869781866669655","0.018869781866669655"
"12280","0.03347931057214737","0.03347931057214737","0.03347931057214737","0.42076531052589417","0.42076531052589417","0.42076531052589417","0.025313569232821465","0.025313569232821465","0.025313569232821465","0.020224761217832565","0.020224761217832565","0.020224761217832565"
"12290","0.03504791483283043","0.03504791483283043","0.03504791483283043","0.42342492938041687","0.42342492938041687","0.42342492938041687","0.027767563238739967","0.027767563238739967","0.027767563238739967","0.01955261081457138","0.01955261081457138","0.01955261081457138"
"12300","0.036196134984493256","0.036196134984493256","0.036196134984493256","0.420022577047348","0.420022577047348","0.420022577047348","0.030302047729492188","0.030302047729492188","0.030302047729492188","0.021581269800662994","0.021581269800662994","0.021581269800662994"
"12310","0.03768959268927574","0.03768959268927574","0.03768959268927574","0.4161575436592102","0.4161575436592102","0.4161575436592102","0.03270263597369194","0.03270263597369194","0.03270263597369194","0.022488020360469818","0.022488020360469818","0.022488020360469818"
"12320","0.03883056342601776","0.03883056342601776","0.03883056342601776","0.41550636291503906","0.41550636291503906","0.41550636291503906","0.03426399081945419","0.03426399081945419","0.03426399081945419","0.023663710802793503","0.023663710802793503","0.023663710802793503"
"12330","0.041402436792850494","0.041402436792850494","0.041402436792850494","0.4182083010673523","0.4182083010673523","0.4182083010673523","0.03650321811437607","0.03650321811437607","0.03650321811437607","0.027576064690947533","0.027576064690947533","0.027576064690947533"
"12340","0.04332695156335831","0.04332695156335831","0.04332695156335831","0.4183906316757202","0.4183906316757202","0.4183906316757202","0.038632582873106","0.038632582873106","0.038632582873106","0.030656814575195312","0.030656814575195312","0.030656814575195312"
"12350","0.041428375989198685","0.041428375989198685","0.041428375989198685","0.4076351523399353","0.4076351523399353","0.4076351523399353","0.03630256652832031","0.03630256652832031","0.03630256652832031","0.029025651514530182","0.029025651514530182","0.029025651514530182"
"12360","0.044333647936582565","0.044333647936582565","0.044333647936582565","0.41141319274902344","0.41141319274902344","0.41141319274902344","0.03983917087316513","0.03983917087316513","0.03983917087316513","0.030935287475585938","0.030935287475585938","0.030935287475585938"
"12370","0.04689063876867294","0.04689063876867294","0.04689063876867294","0.4217468202114105","0.4217468202114105","0.4217468202114105","0.04219512641429901","0.04219512641429901","0.04219512641429901","0.03409919887781143","0.03409919887781143","0.03409919887781143"
"12380","0.04795951768755913","0.04795951768755913","0.04795951768755913","0.41533929109573364","0.41533929109573364","0.41533929109573364","0.043796539306640625","0.043796539306640625","0.043796539306640625","0.03460998833179474","0.03460998833179474","0.03460998833179474"
"12390","0.05109748616814613","0.05109748616814613","0.05109748616814613","0.42473679780960083","0.42473679780960083","0.42473679780960083","0.04574546962976456","0.04574546962976456","0.04574546962976456","0.0368984192609787","0.0368984192609787","0.0368984192609787"
"12400","0.05371017009019852","0.05371017009019852","0.05371017009019852","0.4162139892578125","0.4162139892578125","0.4162139892578125","0.048673249781131744","0.048673249781131744","0.048673249781131744","0.03899994120001793","0.03899994120001793","0.03899994120001793"
"12410","0.05433960258960724","0.05433960258960724","0.05433960258960724","0.421261191368103","0.421261191368103","0.421261191368103","0.05042266473174095","0.05042266473174095","0.05042266473174095","0.04115943983197212","0.04115943983197212","0.04115943983197212"
"12420","0.057248685508966446","0.057248685508966446","0.057248685508966446","0.42679327726364136","0.42679327726364136","0.42679327726364136","0.053112030029296875","0.053112030029296875","0.053112030029296875","0.04276733845472336","0.04276733845472336","0.04276733845472336"
"12430","0.05671196058392525","0.05671196058392525","0.05671196058392525","0.4244624972343445","0.4244624972343445","0.4244624972343445","0.05303535610437393","0.05303535610437393","0.05303535610437393","0.042142104357481","0.042142104357481","0.042142104357481"
"12440","0.05976295471191406","0.05976295471191406","0.05976295471191406","0.4259902834892273","0.4259902834892273","0.4259902834892273","0.05635109171271324","0.05635109171271324","0.05635109171271324","0.04478263854980469","0.04478263854980469","0.04478263854980469"
"12450","0.059626005589962006","0.059626005589962006","0.059626005589962006","0.4287075102329254","0.4287075102329254","0.4287075102329254","0.05660209804773331","0.05660209804773331","0.05660209804773331","0.04414176940917969","0.04414176940917969","0.04414176940917969"
"12460","0.06282424926757812","0.06282424926757812","0.06282424926757812","0.4186653196811676","0.4186653196811676","0.4186653196811676","0.05872001871466637","0.05872001871466637","0.05872001871466637","0.047360993921756744","0.047360993921756744","0.047360993921756744"
"12470","0.06572723388671875","0.06572723388671875","0.06572723388671875","0.4195052981376648","0.4195052981376648","0.4195052981376648","0.06065826490521431","0.06065826490521431","0.06065826490521431","0.049062348902225494","0.049062348902225494","0.049062348902225494"
"12480","0.06748771667480469","0.06748771667480469","0.06748771667480469","0.42716333270072937","0.42716333270072937","0.42716333270072937","0.06306953728199005","0.06306953728199005","0.06306953728199005","0.05041465908288956","0.05041465908288956","0.05041465908288956"
"12490","0.07051201164722443","0.07051201164722443","0.07051201164722443","0.41637951135635376","0.41637951135635376","0.41637951135635376","0.0649288147687912","0.0649288147687912","0.0649288147687912","0.05332222208380699","0.05332222208380699","0.05332222208380699"
"12500","0.07106895744800568","0.07106895744800568","0.07106895744800568","0.4280105531215668","0.4280105531215668","0.4280105531215668","0.06682281196117401","0.06682281196117401","0.06682281196117401","0.05397338420152664","0.05397338420152664","0.05397338420152664"
"12510","0.07340507954359055","0.07340507954359055","0.07340507954359055","0.4279319643974304","0.4279319643974304","0.4279319643974304","0.06947364658117294","0.06947364658117294","0.06947364658117294","0.05605354160070419","0.05605354160070419","0.05605354160070419"
"12520","0.06893958896398544","0.06893958896398544","0.06893958896398544","0.4302993714809418","0.4302993714809418","0.4302993714809418","0.06562881171703339","0.06562881171703339","0.06562881171703339","0.052608489990234375","0.052608489990234375","0.052608489990234375"
"12530","0.07406158745288849","0.07406158745288849","0.07406158745288849","0.4200168550014496","0.4200168550014496","0.4200168550014496","0.07010269165039062","0.07010269165039062","0.07010269165039062","0.05707092583179474","0.05707092583179474","0.05707092583179474"
"12540","0.07692718505859375","0.07692718505859375","0.07692718505859375","0.4050140380859375","0.4050140380859375","0.4050140380859375","0.072718046605587","0.072718046605587","0.072718046605587","0.05887183919548988","0.05887183919548988","0.05887183919548988"
"12550","0.08065184950828552","0.08065184950828552","0.08065184950828552","0.423392117023468","0.423392117023468","0.423392117023468","0.07657471299171448","0.07657471299171448","0.07657471299171448","0.0626094862818718","0.0626094862818718","0.0626094862818718"
"12560","0.08095741271972656","0.08095741271972656","0.08095741271972656","0.42544975876808167","0.42544975876808167","0.42544975876808167","0.07650108635425568","0.07650108635425568","0.07650108635425568","0.06393471360206604","0.06393471360206604","0.06393471360206604"
"12570","0.0835292786359787","0.0835292786359787","0.0835292786359787","0.4186699092388153","0.4186699092388153","0.4186699092388153","0.07885856926441193","0.07885856926441193","0.07885856926441193","0.06543044745922089","0.06543044745922089","0.06543044745922089"
"12580","0.08725319057703018","0.08725319057703018","0.08725319057703018","0.4176383912563324","0.4176383912563324","0.4176383912563324","0.0833614319562912","0.0833614319562912","0.0833614319562912","0.06952552497386932","0.06952552497386932","0.06952552497386932"
"12590","0.08728751540184021","0.08728751540184021","0.08728751540184021","0.43023645877838135","0.43023645877838135","0.43023645877838135","0.08358268439769745","0.08358268439769745","0.08358268439769745","0.07021979987621307","0.07021979987621307","0.07021979987621307"
"12600","0.08378296345472336","0.08378296345472336","0.08378296345472336","0.42986220121383667","0.42986220121383667","0.42986220121383667","0.08013077080249786","0.08013077080249786","0.08013077080249786","0.06763724982738495","0.06763724982738495","0.06763724982738495"
"12610","0.0915122926235199","0.0915122926235199","0.0915122926235199","0.42166098952293396","0.42166098952293396","0.42166098952293396","0.08742102980613708","0.08742102980613708","0.08742102980613708","0.07439689338207245","0.07439689338207245","0.07439689338207245"
"12620","0.09343452751636505","0.09343452751636505","0.09343452751636505","0.4212619662284851","0.4212619662284851","0.4212619662284851","0.08951149135828018","0.08951149135828018","0.08951149135828018","0.07651710510253906","0.07651710510253906","0.07651710510253906"
"12630","0.09183312207460403","0.09183312207460403","0.09183312207460403","0.43012773990631104","0.43012773990631104","0.43012773990631104","0.08856773376464844","0.08856773376464844","0.08856773376464844","0.0764312744140625","0.0764312744140625","0.0764312744140625"
"12640","0.09921646118164062","0.09921646118164062","0.09921646118164062","0.4221550226211548","0.4221550226211548","0.4221550226211548","0.09540138393640518","0.09540138393640518","0.09540138393640518","0.0812835693359375","0.0812835693359375","0.0812835693359375"
"12650","0.09854469448328018","0.09854469448328018","0.09854469448328018","0.4234287142753601","0.4234287142753601","0.4234287142753601","0.09528694301843643","0.09528694301843643","0.09528694301843643","0.08196410536766052","0.08196410536766052","0.08196410536766052"
"12660","0.10105744004249573","0.10105744004249573","0.10105744004249573","0.43292731046676636","0.43292731046676636","0.43292731046676636","0.0979129821062088","0.0979129821062088","0.0979129821062088","0.08375053107738495","0.08375053107738495","0.08375053107738495"
"12670","0.10201148688793182","0.10201148688793182","0.10201148688793182","0.4038803279399872","0.4038803279399872","0.4038803279399872","0.09851226955652237","0.09851226955652237","0.09851226955652237","0.08485641330480576","0.08485641330480576","0.08485641330480576"
"12680","0.09097328782081604","0.09097328782081604","0.09097328782081604","0.4131484925746918","0.4131484925746918","0.4131484925746918","0.08715896308422089","0.08715896308422089","0.08715896308422089","0.07564010471105576","0.07564010471105576","0.07564010471105576"
"12690","0.10770988464355469","0.10770988464355469","0.10770988464355469","0.42242661118507385","0.42242661118507385","0.42242661118507385","0.10374603420495987","0.10374603420495987","0.10374603420495987","0.09000778198242188","0.09000778198242188","0.09000778198242188"
"12700","0.09807472676038742","0.09807472676038742","0.09807472676038742","0.4233631193637848","0.4233631193637848","0.4233631193637848","0.09388045966625214","0.09388045966625214","0.09388045966625214","0.08193282783031464","0.08193282783031464","0.08193282783031464"
"12710","0.10966262966394424","0.10966262966394424","0.10966262966394424","0.4248027801513672","0.4248027801513672","0.4248027801513672","0.10540007799863815","0.10540007799863815","0.10540007799863815","0.09157943725585938","0.09157943725585938","0.09157943725585938"
"12720","0.10820122063159943","0.10820122063159943","0.10820122063159943","0.4125446677207947","0.4125446677207947","0.4125446677207947","0.10452842712402344","0.10452842712402344","0.10452842712402344","0.09151648730039597","0.09151648730039597","0.09151648730039597"
"12730","0.11423377692699432","0.11423377692699432","0.11423377692699432","0.42612534761428833","0.42612534761428833","0.42612534761428833","0.1101146712899208","0.1101146712899208","0.1101146712899208","0.09701118618249893","0.09701118618249893","0.09701118618249893"
"12740","0.11341476440429688","0.11341476440429688","0.11341476440429688","0.4285491704940796","0.4285491704940796","0.4285491704940796","0.10866851359605789","0.10866851359605789","0.10866851359605789","0.09594802558422089","0.09594802558422089","0.09594802558422089"
"12750","0.11794090270996094","0.11794090270996094","0.11794090270996094","0.42064017057418823","0.42064017057418823","0.42064017057418823","0.11340675503015518","0.11340675503015518","0.11340675503015518","0.0994747132062912","0.0994747132062912","0.0994747132062912"
"12760","0.11868400871753693","0.11868400871753693","0.11868400871753693","0.42760545015335083","0.42760545015335083","0.42760545015335083","0.11435394734144211","0.11435394734144211","0.11435394734144211","0.10129089653491974","0.10129089653491974","0.10129089653491974"
"12770","0.12022437900304794","0.12022437900304794","0.12022437900304794","0.4294551908969879","0.4294551908969879","0.4294551908969879","0.11561699211597443","0.11561699211597443","0.11561699211597443","0.10323067009449005","0.10323067009449005","0.10323067009449005"
"12780","0.12107429653406143","0.12107429653406143","0.12107429653406143","0.42733800411224365","0.42733800411224365","0.42733800411224365","0.11649970710277557","0.11649970710277557","0.11649970710277557","0.10393333435058594","0.10393333435058594","0.10393333435058594"
"12790","0.1196010559797287","0.1196010559797287","0.1196010559797287","0.42602235078811646","0.42602235078811646","0.42602235078811646","0.11570930480957031","0.11570930480957031","0.11570930480957031","0.10345229506492615","0.10345229506492615","0.10345229506492615"
"12800","0.12515754997730255","0.12515754997730255","0.12515754997730255","0.4211918115615845","0.4211918115615845","0.4211918115615845","0.12152175605297089","0.12152175605297089","0.12152175605297089","0.1088184341788292","0.1088184341788292","0.1088184341788292"
"12810","0.12071990221738815","0.12071990221738815","0.12071990221738815","0.4225654602050781","0.4225654602050781","0.4225654602050781","0.11663780361413956","0.11663780361413956","0.11663780361413956","0.1048152968287468","0.1048152968287468","0.1048152968287468"
"12820","0.12755432724952698","0.12755432724952698","0.12755432724952698","0.42857664823532104","0.42857664823532104","0.42857664823532104","0.12345162034034729","0.12345162034034729","0.12345162034034729","0.11039237678050995","0.11039237678050995","0.11039237678050995"
"12830","0.1293872892856598","0.1293872892856598","0.1293872892856598","0.4235004782676697","0.4235004782676697","0.4235004782676697","0.12581977248191833","0.12581977248191833","0.12581977248191833","0.11320648342370987","0.11320648342370987","0.11320648342370987"
"12840","0.1269180327653885","0.1269180327653885","0.1269180327653885","0.4271804690361023","0.4271804690361023","0.4271804690361023","0.12294387817382812","0.12294387817382812","0.12294387817382812","0.11122779548168182","0.11122779548168182","0.11122779548168182"
"12850","0.1298908293247223","0.1298908293247223","0.1298908293247223","0.4217647612094879","0.4217647612094879","0.4217647612094879","0.1256427764892578","0.1256427764892578","0.1256427764892578","0.11432380974292755","0.11432380974292755","0.11432380974292755"
"12860","0.1302974671125412","0.1302974671125412","0.1302974671125412","0.427054226398468","0.427054226398468","0.427054226398468","0.1266227662563324","0.1266227662563324","0.1266227662563324","0.11485137790441513","0.11485137790441513","0.11485137790441513"
"12870","0.13376198709011078","0.13376198709011078","0.13376198709011078","0.4193054139614105","0.4193054139614105","0.4193054139614105","0.13024941086769104","0.13024941086769104","0.13024941086769104","0.11835899204015732","0.11835899204015732","0.11835899204015732"
"12880","0.130116268992424","0.130116268992424","0.130116268992424","0.4269905090332031","0.4269905090332031","0.4269905090332031","0.12662926316261292","0.12662926316261292","0.12662926316261292","0.11488456279039383","0.11488456279039383","0.11488456279039383"
"12890","0.13593710958957672","0.13593710958957672","0.13593710958957672","0.4196113646030426","0.4196113646030426","0.4196113646030426","0.13213463127613068","0.13213463127613068","0.13213463127613068","0.1205623596906662","0.1205623596906662","0.1205623596906662"
"12900","0.13450966775417328","0.13450966775417328","0.13450966775417328","0.4243171513080597","0.4243171513080597","0.4243171513080597","0.13118591904640198","0.13118591904640198","0.13118591904640198","0.1202419325709343","0.1202419325709343","0.1202419325709343"
"12910","0.1389492154121399","0.1389492154121399","0.1389492154121399","0.434051513671875","0.434051513671875","0.434051513671875","0.13513106107711792","0.13513106107711792","0.13513106107711792","0.12434730678796768","0.12434730678796768","0.12434730678796768"
"12920","0.13953858613967896","0.13953858613967896","0.13953858613967896","0.4259631931781769","0.4259631931781769","0.4259631931781769","0.1353653073310852","0.1353653073310852","0.1353653073310852","0.12446136772632599","0.12446136772632599","0.12446136772632599"
"12930","0.1403324007987976","0.1403324007987976","0.1403324007987976","0.42957842350006104","0.42957842350006104","0.42957842350006104","0.13613471388816833","0.13613471388816833","0.13613471388816833","0.12504425644874573","0.12504425644874573","0.12504425644874573"
"12940","0.14000701904296875","0.14000701904296875","0.14000701904296875","0.42344093322753906","0.42344093322753906","0.42344093322753906","0.13620643317699432","0.13620643317699432","0.13620643317699432","0.12544937431812286","0.12544937431812286","0.12544937431812286"
"12950","0.1426444947719574","0.1426444947719574","0.1426444947719574","0.4238605499267578","0.4238605499267578","0.4238605499267578","0.1390247344970703","0.1390247344970703","0.1390247344970703","0.1285659670829773","0.1285659670829773","0.1285659670829773"
"12960","0.14226189255714417","0.14226189255714417","0.14226189255714417","0.4218292236328125","0.4218292236328125","0.4218292236328125","0.13812600076198578","0.13812600076198578","0.13812600076198578","0.1278560608625412","0.1278560608625412","0.1278560608625412"
"12970","0.14777374267578125","0.14777374267578125","0.14777374267578125","0.42226141691207886","0.42226141691207886","0.42226141691207886","0.14335060119628906","0.14335060119628906","0.14335060119628906","0.1331813931465149","0.1331813931465149","0.1331813931465149"
"12980","0.14590072631835938","0.14590072631835938","0.14590072631835938","0.42911338806152344","0.42911338806152344","0.42911338806152344","0.14206275343894958","0.14206275343894958","0.14206275343894958","0.13200339674949646","0.13200339674949646","0.13200339674949646"
"12990","0.1480121612548828","0.1480121612548828","0.1480121612548828","0.42790335416793823","0.42790335416793823","0.42790335416793823","0.14347496628761292","0.14347496628761292","0.14347496628761292","0.13333244621753693","0.13333244621753693","0.13333244621753693"
"13000","0.14842909574508667","0.14842909574508667","0.14842909574508667","0.40679892897605896","0.40679892897605896","0.40679892897605896","0.14416731894016266","0.14416731894016266","0.14416731894016266","0.13416671752929688","0.13416671752929688","0.13416671752929688"
"13010","0.1471477448940277","0.1471477448940277","0.1471477448940277","0.41538047790527344","0.41538047790527344","0.41538047790527344","0.1432037353515625","0.1432037353515625","0.1432037353515625","0.13318176567554474","0.13318176567554474","0.13318176567554474"
"13020","0.149760439991951","0.149760439991951","0.149760439991951","0.4238910973072052","0.4238910973072052","0.4238910973072052","0.1457473784685135","0.1457473784685135","0.1457473784685135","0.1363544464111328","0.1363544464111328","0.1363544464111328"
"13030","0.1501537263393402","0.1501537263393402","0.1501537263393402","0.4211578369140625","0.4211578369140625","0.4211578369140625","0.1455894410610199","0.1455894410610199","0.1455894410610199","0.1360492706298828","0.1360492706298828","0.1360492706298828"
"13040","0.15391235053539276","0.15391235053539276","0.15391235053539276","0.3998717963695526","0.3998717963695526","0.3998717963695526","0.15034866333007812","0.15034866333007812","0.15034866333007812","0.14062461256980896","0.14062461256980896","0.14062461256980896"
"13050","0.15463104844093323","0.15463104844093323","0.15463104844093323","0.38111114501953125","0.38111114501953125","0.38111114501953125","0.1504535675048828","0.1504535675048828","0.1504535675048828","0.14099274575710297","0.14099274575710297","0.14099274575710297"
"13060","0.15435637533664703","0.15435637533664703","0.15435637533664703","0.4284607172012329","0.4284607172012329","0.4284607172012329","0.15004730224609375","0.15004730224609375","0.15004730224609375","0.14062422513961792","0.14062422513961792","0.14062422513961792"
"13070","0.15642014145851135","0.15642014145851135","0.15642014145851135","0.42443349957466125","0.42443349957466125","0.42443349957466125","0.1526138335466385","0.1526138335466385","0.1526138335466385","0.14290542900562286","0.14290542900562286","0.14290542900562286"
"13080","0.15762671828269958","0.15762671828269958","0.15762671828269958","0.4228378236293793","0.4228378236293793","0.4228378236293793","0.15242385864257812","0.15242385864257812","0.15242385864257812","0.1437225341796875","0.1437225341796875","0.1437225341796875"
"13090","0.15746574103832245","0.15746574103832245","0.15746574103832245","0.4207630157470703","0.4207630157470703","0.4207630157470703","0.15298309922218323","0.15298309922218323","0.15298309922218323","0.14367753267288208","0.14367753267288208","0.14367753267288208"
"13100","0.1630481779575348","0.1630481779575348","0.1630481779575348","0.4263797998428345","0.4263797998428345","0.4263797998428345","0.1587757170200348","0.1587757170200348","0.1587757170200348","0.14934387803077698","0.14934387803077698","0.14934387803077698"
"13110","0.16454926133155823","0.16454926133155823","0.16454926133155823","0.4202224612236023","0.4202224612236023","0.4202224612236023","0.15999145805835724","0.15999145805835724","0.15999145805835724","0.1510295867919922","0.1510295867919922","0.1510295867919922"
"13120","0.16320648789405823","0.16320648789405823","0.16320648789405823","0.4289916753768921","0.4289916753768921","0.4289916753768921","0.1590862274169922","0.1590862274169922","0.1590862274169922","0.14988058805465698","0.14988058805465698","0.14988058805465698"
"13130","0.1621749848127365","0.1621749848127365","0.1621749848127365","0.42839890718460083","0.42839890718460083","0.42839890718460083","0.15822486579418182","0.15822486579418182","0.15822486579418182","0.1490909606218338","0.1490909606218338","0.1490909606218338"
"13140","0.16012954711914062","0.16012954711914062","0.16012954711914062","0.38017386198043823","0.38017386198043823","0.38017386198043823","0.15557174384593964","0.15557174384593964","0.15557174384593964","0.14712028205394745","0.14712028205394745","0.14712028205394745"
"13150","0.16195106506347656","0.16195106506347656","0.16195106506347656","0.4119827151298523","0.4119827151298523","0.4119827151298523","0.15755271911621094","0.15755271911621094","0.15755271911621094","0.14826354384422302","0.14826354384422302","0.14826354384422302"
"13160","0.16813431680202484","0.16813431680202484","0.16813431680202484","0.42223891615867615","0.42223891615867615","0.42223891615867615","0.1638202667236328","0.1638202667236328","0.1638202667236328","0.15444259345531464","0.15444259345531464","0.15444259345531464"
"13170","0.16992682218551636","0.16992682218551636","0.16992682218551636","0.4207862615585327","0.4207862615585327","0.4207862615585327","0.16539078950881958","0.16539078950881958","0.16539078950881958","0.1566627472639084","0.1566627472639084","0.1566627472639084"
"13180","0.1720966398715973","0.1720966398715973","0.1720966398715973","0.42924806475639343","0.42924806475639343","0.42924806475639343","0.16808243095874786","0.16808243095874786","0.16808243095874786","0.15826338529586792","0.15826338529586792","0.15826338529586792"
"13190","0.16930466890335083","0.16930466890335083","0.16930466890335083","0.4241665005683899","0.4241665005683899","0.4241665005683899","0.16486358642578125","0.16486358642578125","0.16486358642578125","0.15541954338550568","0.15541954338550568","0.15541954338550568"
"13200","0.1687595248222351","0.1687595248222351","0.1687595248222351","0.4291221499443054","0.4291221499443054","0.4291221499443054","0.16430360078811646","0.16430360078811646","0.16430360078811646","0.15475043654441833","0.15475043654441833","0.15475043654441833"
"13210","0.17343902587890625","0.17343902587890625","0.17343902587890625","0.42921411991119385","0.42921411991119385","0.42921411991119385","0.1691814512014389","0.1691814512014389","0.1691814512014389","0.1593341827392578","0.1593341827392578","0.1593341827392578"
"13220","0.17481383681297302","0.17481383681297302","0.17481383681297302","0.4243892729282379","0.4243892729282379","0.4243892729282379","0.17022819817066193","0.17022819817066193","0.17022819817066193","0.16117744147777557","0.16117744147777557","0.16117744147777557"
"13230","0.1684391051530838","0.1684391051530838","0.1684391051530838","0.42902490496635437","0.42902490496635437","0.42902490496635437","0.16385650634765625","0.16385650634765625","0.16385650634765625","0.15482330322265625","0.15482330322265625","0.15482330322265625"
"13240","0.14822158217430115","0.14822158217430115","0.14822158217430115","0.42234575748443604","0.42234575748443604","0.42234575748443604","0.14541473984718323","0.14541473984718323","0.14541473984718323","0.1378166228532791","0.1378166228532791","0.1378166228532791"
"13250","0.16718368232250214","0.16718368232250214","0.16718368232250214","0.4242210388183594","0.4242210388183594","0.4242210388183594","0.1630859375","0.1630859375","0.1630859375","0.15488165616989136","0.15488165616989136","0.15488165616989136"
"13260","0.1827373504638672","0.1827373504638672","0.1827373504638672","0.429312139749527","0.429312139749527","0.429312139749527","0.17835617065429688","0.17835617065429688","0.17835617065429688","0.1682380735874176","0.1682380735874176","0.1682380735874176"
"13270","0.17875252664089203","0.17875252664089203","0.17875252664089203","0.41759148240089417","0.41759148240089417","0.41759148240089417","0.17440147697925568","0.17440147697925568","0.17440147697925568","0.16544762253761292","0.16544762253761292","0.16544762253761292"
"13280","0.18570822477340698","0.18570822477340698","0.18570822477340698","0.424770712852478","0.424770712852478","0.424770712852478","0.18106842041015625","0.18106842041015625","0.18106842041015625","0.1715385466814041","0.1715385466814041","0.1715385466814041"
"13290","0.18547095358371735","0.18547095358371735","0.18547095358371735","0.4274837374687195","0.4274837374687195","0.4274837374687195","0.18081359565258026","0.18081359565258026","0.18081359565258026","0.1718013733625412","0.1718013733625412","0.1718013733625412"
"13300","0.176829531788826","0.176829531788826","0.176829531788826","0.41933900117874146","0.41933900117874146","0.41933900117874146","0.17278137803077698","0.17278137803077698","0.17278137803077698","0.1644599884748459","0.1644599884748459","0.1644599884748459"
"13310","0.18528708815574646","0.18528708815574646","0.18528708815574646","0.42192840576171875","0.42192840576171875","0.42192840576171875","0.18053358793258667","0.18053358793258667","0.18053358793258667","0.17187348008155823","0.17187348008155823","0.17187348008155823"
"13320","0.1843944489955902","0.1843944489955902","0.1843944489955902","0.42082709074020386","0.42082709074020386","0.42082709074020386","0.18016472458839417","0.18016472458839417","0.18016472458839417","0.17118605971336365","0.17118605971336365","0.17118605971336365"
"13330","0.1897125244140625","0.1897125244140625","0.1897125244140625","0.4266044497489929","0.4266044497489929","0.4266044497489929","0.18528175354003906","0.18528175354003906","0.18528175354003906","0.17659416794776917","0.17659416794776917","0.17659416794776917"
"13340","0.1886848360300064","0.1886848360300064","0.1886848360300064","0.41938668489456177","0.41938668489456177","0.41938668489456177","0.18452148139476776","0.18452148139476776","0.18452148139476776","0.17635804414749146","0.17635804414749146","0.17635804414749146"
"13350","0.18862037360668182","0.18862037360668182","0.18862037360668182","0.4284606873989105","0.4284606873989105","0.4284606873989105","0.18381498754024506","0.18381498754024506","0.18381498754024506","0.17543679475784302","0.17543679475784302","0.17543679475784302"
"13360","0.1908031404018402","0.1908031404018402","0.1908031404018402","0.40494537353515625","0.40494537353515625","0.40494537353515625","0.18587112426757812","0.18587112426757812","0.18587112426757812","0.17758788168430328","0.17758788168430328","0.17758788168430328"
"13370","0.19712409377098083","0.19712409377098083","0.19712409377098083","0.392910361289978","0.392910361289978","0.392910361289978","0.19212493300437927","0.19212493300437927","0.19212493300437927","0.1839572936296463","0.1839572936296463","0.1839572936296463"
"13380","0.19194182753562927","0.19194182753562927","0.19194182753562927","0.403799444437027","0.403799444437027","0.403799444437027","0.18715286254882812","0.18715286254882812","0.18715286254882812","0.1796821653842926","0.1796821653842926","0.1796821653842926"
"13390","0.19528618454933167","0.19528618454933167","0.19528618454933167","0.42937353253364563","0.42937353253364563","0.42937353253364563","0.19042091071605682","0.19042091071605682","0.19042091071605682","0.18312913179397583","0.18312913179397583","0.18312913179397583"
"13400","0.1973903626203537","0.1973903626203537","0.1973903626203537","0.4290187954902649","0.4290187954902649","0.4290187954902649","0.19237442314624786","0.19237442314624786","0.19237442314624786","0.18522527813911438","0.18522527813911438","0.18522527813911438"
"13410","0.1940658688545227","0.1940658688545227","0.1940658688545227","0.42496299743652344","0.42496299743652344","0.42496299743652344","0.1889064759016037","0.1889064759016037","0.1889064759016037","0.18171273171901703","0.18171273171901703","0.18171273171901703"
"13420","0.19635239243507385","0.19635239243507385","0.19635239243507385","0.41837847232818604","0.41837847232818604","0.41837847232818604","0.1916252076625824","0.1916252076625824","0.1916252076625824","0.1845111846923828","0.1845111846923828","0.1845111846923828"
"13430","0.19808539748191833","0.19808539748191833","0.19808539748191833","0.43126678466796875","0.43126678466796875","0.43126678466796875","0.19279785454273224","0.19279785454273224","0.19279785454273224","0.18602943420410156","0.18602943420410156","0.18602943420410156"
"13440","0.20050430297851562","0.20050430297851562","0.20050430297851562","0.4278251528739929","0.4278251528739929","0.4278251528739929","0.19542084634304047","0.19542084634304047","0.19542084634304047","0.18823890388011932","0.18823890388011932","0.18823890388011932"
"13450","0.19906044006347656","0.19906044006347656","0.19906044006347656","0.41559869050979614","0.41559869050979614","0.41559869050979614","0.19370536506175995","0.19370536506175995","0.19370536506175995","0.18718871474266052","0.18718871474266052","0.18718871474266052"
"13460","0.20158424973487854","0.20158424973487854","0.20158424973487854","0.4325885772705078","0.4325885772705078","0.4325885772705078","0.19651374220848083","0.19651374220848083","0.19651374220848083","0.18976783752441406","0.18976783752441406","0.18976783752441406"
"13470","0.206462100148201","0.206462100148201","0.206462100148201","0.42846909165382385","0.42846909165382385","0.42846909165382385","0.20098991692066193","0.20098991692066193","0.20098991692066193","0.19466742873191833","0.19466742873191833","0.19466742873191833"
"13480","0.20286445319652557","0.20286445319652557","0.20286445319652557","0.42442208528518677","0.42442208528518677","0.42442208528518677","0.19767074286937714","0.19767074286937714","0.19767074286937714","0.19131508469581604","0.19131508469581604","0.19131508469581604"
"13490","0.2022686004638672","0.2022686004638672","0.2022686004638672","0.4216575622558594","0.4216575622558594","0.4216575622558594","0.19744910299777985","0.19744910299777985","0.19744910299777985","0.19113501906394958","0.19113501906394958","0.19113501906394958"
"13500","0.19671934843063354","0.19671934843063354","0.19671934843063354","0.43219563364982605","0.43219563364982605","0.43219563364982605","0.19145163893699646","0.19145163893699646","0.19145163893699646","0.18536606431007385","0.18536606431007385","0.18536606431007385"
"13510","0.19960251450538635","0.19960251450538635","0.19960251450538635","0.4176529049873352","0.4176529049873352","0.4176529049873352","0.1944129914045334","0.1944129914045334","0.1944129914045334","0.18815268576145172","0.18815268576145172","0.18815268576145172"
"13520","0.19907721877098083","0.19907721877098083","0.19907721877098083","0.42830121517181396","0.42830121517181396","0.42830121517181396","0.1935264617204666","0.1935264617204666","0.1935264617204666","0.18808823823928833","0.18808823823928833","0.18808823823928833"
"13530","0.2062980681657791","0.2062980681657791","0.2062980681657791","0.4313594698905945","0.4313594698905945","0.4313594698905945","0.2006862610578537","0.2006862610578537","0.2006862610578537","0.19483107328414917","0.19483107328414917","0.19483107328414917"
"13540","0.20283430814743042","0.20283430814743042","0.20283430814743042","0.4299556612968445","0.4299556612968445","0.4299556612968445","0.19679641723632812","0.19679641723632812","0.19679641723632812","0.19099196791648865","0.19099196791648865","0.19099196791648865"
"13550","0.2070743590593338","0.2070743590593338","0.2070743590593338","0.41199609637260437","0.41199609637260437","0.41199609637260437","0.20142973959445953","0.20142973959445953","0.20142973959445953","0.19584426283836365","0.19584426283836365","0.19584426283836365"
"13560","0.20845641195774078","0.20845641195774078","0.20845641195774078","0.42025527358055115","0.42025527358055115","0.42025527358055115","0.2034507691860199","0.2034507691860199","0.2034507691860199","0.19743117690086365","0.19743117690086365","0.19743117690086365"
"13570","0.21019059419631958","0.21019059419631958","0.21019059419631958","0.42855605483055115","0.42855605483055115","0.42855605483055115","0.2045905888080597","0.2045905888080597","0.2045905888080597","0.19860267639160156","0.19860267639160156","0.19860267639160156"
"13580","0.2101512849330902","0.2101512849330902","0.2101512849330902","0.413870245218277","0.413870245218277","0.413870245218277","0.2048027068376541","0.2048027068376541","0.2048027068376541","0.19941024482250214","0.19941024482250214","0.19941024482250214"
"13590","0.2095382660627365","0.2095382660627365","0.2095382660627365","0.4376182556152344","0.4376182556152344","0.4376182556152344","0.20412102341651917","0.20412102341651917","0.20412102341651917","0.19879265129566193","0.19879265129566193","0.19879265129566193"
"13600","0.20632821321487427","0.20632821321487427","0.20632821321487427","0.42801323533058167","0.42801323533058167","0.42801323533058167","0.20005720853805542","0.20005720853805542","0.20005720853805542","0.1956554353237152","0.1956554353237152","0.1956554353237152"
"13610","0.20968666672706604","0.20968666672706604","0.20968666672706604","0.42278099060058594","0.42278099060058594","0.42278099060058594","0.2036411166191101","0.2036411166191101","0.2036411166191101","0.1987960934638977","0.1987960934638977","0.1987960934638977"
"13620","0.21412049233913422","0.21412049233913422","0.21412049233913422","0.42320555448532104","0.42320555448532104","0.42320555448532104","0.20809249579906464","0.20809249579906464","0.20809249579906464","0.20275306701660156","0.20275306701660156","0.20275306701660156"
"13630","0.21208494901657104","0.21208494901657104","0.21208494901657104","0.4263194799423218","0.4263194799423218","0.4263194799423218","0.20619812607765198","0.20619812607765198","0.20619812607765198","0.20151862502098083","0.20151862502098083","0.20151862502098083"
"13640","0.21461448073387146","0.21461448073387146","0.21461448073387146","0.42532920837402344","0.42532920837402344","0.42532920837402344","0.2085140198469162","0.2085140198469162","0.2085140198469162","0.2038448303937912","0.2038448303937912","0.2038448303937912"
"13650","0.2070949673652649","0.2070949673652649","0.2070949673652649","0.4235461950302124","0.4235461950302124","0.4235461950302124","0.20109254121780396","0.20109254121780396","0.20109254121780396","0.1969657838344574","0.1969657838344574","0.1969657838344574"
"13660","0.21366386115550995","0.21366386115550995","0.21366386115550995","0.4258613586425781","0.4258613586425781","0.4258613586425781","0.20774728059768677","0.20774728059768677","0.20774728059768677","0.2031993865966797","0.2031993865966797","0.2031993865966797"
"13670","0.22258111834526062","0.22258111834526062","0.22258111834526062","0.4282119870185852","0.4282119870185852","0.4282119870185852","0.21661758422851562","0.21661758422851562","0.21661758422851562","0.2120998352766037","0.2120998352766037","0.2120998352766037"
"13680","0.22256430983543396","0.22256430983543396","0.22256430983543396","0.4338504672050476","0.4338504672050476","0.4338504672050476","0.21610680222511292","0.21610680222511292","0.21610680222511292","0.2118000090122223","0.2118000090122223","0.2118000090122223"
"13690","0.20682603120803833","0.20682603120803833","0.20682603120803833","0.42645034193992615","0.42645034193992615","0.42645034193992615","0.2007221132516861","0.2007221132516861","0.2007221132516861","0.19667166471481323","0.19667166471481323","0.19667166471481323"
"13700","0.21354255080223083","0.21354255080223083","0.21354255080223083","0.3989132046699524","0.3989132046699524","0.3989132046699524","0.20721320807933807","0.20721320807933807","0.20721320807933807","0.20396728813648224","0.20396728813648224","0.20396728813648224"
"13710","0.22185516357421875","0.22185516357421875","0.22185516357421875","0.42393648624420166","0.42393648624420166","0.42393648624420166","0.21564902365207672","0.21564902365207672","0.21564902365207672","0.2112625241279602","0.2112625241279602","0.2112625241279602"
"13720","0.2098514586687088","0.2098514586687088","0.2098514586687088","0.42794838547706604","0.42794838547706604","0.42794838547706604","0.20432738959789276","0.20432738959789276","0.20432738959789276","0.20037499070167542","0.20037499070167542","0.20037499070167542"
"13730","0.21802635490894318","0.21802635490894318","0.21802635490894318","0.4112297296524048","0.4112297296524048","0.4112297296524048","0.2118881195783615","0.2118881195783615","0.2118881195783615","0.2081378847360611","0.2081378847360611","0.2081378847360611"
"13740","0.2183326780796051","0.2183326780796051","0.2183326780796051","0.42818716168403625","0.42818716168403625","0.42818716168403625","0.2115711122751236","0.2115711122751236","0.2115711122751236","0.2080562710762024","0.2080562710762024","0.2080562710762024"
"13750","0.21679648756980896","0.21679648756980896","0.21679648756980896","0.4294601380825043","0.4294601380825043","0.4294601380825043","0.21030081808567047","0.21030081808567047","0.21030081808567047","0.20633012056350708","0.20633012056350708","0.20633012056350708"
"13760","0.20876199007034302","0.20876199007034302","0.20876199007034302","0.4129375219345093","0.4129375219345093","0.4129375219345093","0.20374488830566406","0.20374488830566406","0.20374488830566406","0.19951248168945312","0.19951248168945312","0.19951248168945312"
"13770","0.22669219970703125","0.22669219970703125","0.22669219970703125","0.42399293184280396","0.42399293184280396","0.42399293184280396","0.22019653022289276","0.22019653022289276","0.22019653022289276","0.21612396836280823","0.21612396836280823","0.21612396836280823"
"13780","0.2040962129831314","0.2040962129831314","0.2040962129831314","0.42454949021339417","0.42454949021339417","0.42454949021339417","0.19814032316207886","0.19814032316207886","0.19814032316207886","0.19323576986789703","0.19323576986789703","0.19323576986789703"
"13790","0.22729873657226562","0.22729873657226562","0.22729873657226562","0.4311214089393616","0.4311214089393616","0.4311214089393616","0.21867598593235016","0.21867598593235016","0.21867598593235016","0.2166694551706314","0.2166694551706314","0.2166694551706314"
"13800","0.22022590041160583","0.22022590041160583","0.22022590041160583","0.42239534854888916","0.42239534854888916","0.42239534854888916","0.2131607085466385","0.2131607085466385","0.2131607085466385","0.21024666726589203","0.21024666726589203","0.21024666726589203"
"13810","0.224428191781044","0.224428191781044","0.224428191781044","0.4193679690361023","0.4193679690361023","0.4193679690361023","0.21808472275733948","0.21808472275733948","0.21808472275733948","0.2147064208984375","0.2147064208984375","0.2147064208984375"
"13820","0.21995888650417328","0.21995888650417328","0.21995888650417328","0.4275459349155426","0.4275459349155426","0.4275459349155426","0.21326026320457458","0.21326026320457458","0.21326026320457458","0.20986708998680115","0.20986708998680115","0.20986708998680115"
"13830","0.22981184720993042","0.22981184720993042","0.22981184720993042","0.417929470539093","0.417929470539093","0.417929470539093","0.2232585847377777","0.2232585847377777","0.2232585847377777","0.21941033005714417","0.21941033005714417","0.21941033005714417"
"13840","0.22644539177417755","0.22644539177417755","0.22644539177417755","0.4275707006454468","0.4275707006454468","0.4275707006454468","0.21937179565429688","0.21937179565429688","0.21937179565429688","0.21631202101707458","0.21631202101707458","0.21631202101707458"
"13850","0.2293323576450348","0.2293323576450348","0.2293323576450348","0.4275344908237457","0.4275344908237457","0.4275344908237457","0.22266465425491333","0.22266465425491333","0.22266465425491333","0.21917152404785156","0.21917152404785156","0.21917152404785156"
"13860","0.2083454132080078","0.2083454132080078","0.2083454132080078","0.4294113218784332","0.4294113218784332","0.4294113218784332","0.20198020339012146","0.20198020339012146","0.20198020339012146","0.19926071166992188","0.19926071166992188","0.19926071166992188"
"13870","0.22541388869285583","0.22541388869285583","0.22541388869285583","0.42452695965766907","0.42452695965766907","0.42452695965766907","0.2186710387468338","0.2186710387468338","0.2186710387468338","0.21573296189308167","0.21573296189308167","0.21573296189308167"
"13880","0.22693175077438354","0.22693175077438354","0.22693175077438354","0.4247802495956421","0.4247802495956421","0.4247802495956421","0.21939927339553833","0.21939927339553833","0.21939927339553833","0.2165840119123459","0.2165840119123459","0.2165840119123459"
"13890","0.23231543600559235","0.23231543600559235","0.23231543600559235","0.42599526047706604","0.42599526047706604","0.42599526047706604","0.22532959282398224","0.22532959282398224","0.22532959282398224","0.22166137397289276","0.22166137397289276","0.22166137397289276"
"13900","0.22754517197608948","0.22754517197608948","0.22754517197608948","0.42779579758644104","0.42779579758644104","0.42779579758644104","0.22076301276683807","0.22076301276683807","0.22076301276683807","0.21799926459789276","0.21799926459789276","0.21799926459789276"
"13910","0.2323043793439865","0.2323043793439865","0.2323043793439865","0.42239072918891907","0.42239072918891907","0.42239072918891907","0.22598877549171448","0.22598877549171448","0.22598877549171448","0.2226543426513672","0.2226543426513672","0.2226543426513672"
"13920","0.23284456133842468","0.23284456133842468","0.23284456133842468","0.42268866300582886","0.42268866300582886","0.42268866300582886","0.22613412141799927","0.22613412141799927","0.22613412141799927","0.2229534089565277","0.2229534089565277","0.2229534089565277"
"13930","0.2328006625175476","0.2328006625175476","0.2328006625175476","0.42891502380371094","0.42891502380371094","0.42891502380371094","0.2255016267299652","0.2255016267299652","0.2255016267299652","0.22265547513961792","0.22265547513961792","0.22265547513961792"
"13940","0.2278468906879425","0.2278468906879425","0.2278468906879425","0.42820319533348083","0.42820319533348083","0.42820319533348083","0.2211482971906662","0.2211482971906662","0.2211482971906662","0.21857833862304688","0.21857833862304688","0.21857833862304688"
"13950","0.2339405119419098","0.2339405119419098","0.2339405119419098","0.4307609498500824","0.4307609498500824","0.4307609498500824","0.2269332855939865","0.2269332855939865","0.2269332855939865","0.22416840493679047","0.22416840493679047","0.22416840493679047"
"13960","0.23336142301559448","0.23336142301559448","0.23336142301559448","0.4152301847934723","0.4152301847934723","0.4152301847934723","0.225758358836174","0.225758358836174","0.225758358836174","0.22342415153980255","0.22342415153980255","0.22342415153980255"
"13970","0.23583412170410156","0.23583412170410156","0.23583412170410156","0.42145270109176636","0.42145270109176636","0.42145270109176636","0.22962723672389984","0.22962723672389984","0.22962723672389984","0.22663649916648865","0.22663649916648865","0.22663649916648865"
"13980","0.24076691269874573","0.24076691269874573","0.24076691269874573","0.4181510806083679","0.4181510806083679","0.4181510806083679","0.23323670029640198","0.23323670029640198","0.23323670029640198","0.23101919889450073","0.23101919889450073","0.23101919889450073"
"13990","0.23462525010108948","0.23462525010108948","0.23462525010108948","0.4247894287109375","0.4247894287109375","0.4247894287109375","0.22804869711399078","0.22804869711399078","0.22804869711399078","0.22530785202980042","0.22530785202980042","0.22530785202980042"
"14000","0.23955801129341125","0.23955801129341125","0.23955801129341125","0.4249798059463501","0.4249798059463501","0.4249798059463501","0.23265303671360016","0.23265303671360016","0.23265303671360016","0.23005065321922302","0.23005065321922302","0.23005065321922302"
"14010","0.2356925904750824","0.2356925904750824","0.2356925904750824","0.4245201051235199","0.4245201051235199","0.4245201051235199","0.22840538620948792","0.22840538620948792","0.22840538620948792","0.22634772956371307","0.22634772956371307","0.22634772956371307"
"14020","0.23697319626808167","0.23697319626808167","0.23697319626808167","0.4278205633163452","0.4278205633163452","0.4278205633163452","0.22962912917137146","0.22962912917137146","0.22962912917137146","0.22748413681983948","0.22748413681983948","0.22748413681983948"
"14030","0.24080277979373932","0.24080277979373932","0.24080277979373932","0.4200637936592102","0.4200637936592102","0.4200637936592102","0.2336452603340149","0.2336452603340149","0.2336452603340149","0.23097267746925354","0.23097267746925354","0.23097267746925354"
"14040","0.24115905165672302","0.24115905165672302","0.24115905165672302","0.4180629849433899","0.4180629849433899","0.4180629849433899","0.23465728759765625","0.23465728759765625","0.23465728759765625","0.23227271437644958","0.23227271437644958","0.23227271437644958"
"14050","0.2082572877407074","0.2082572877407074","0.2082572877407074","0.4133625030517578","0.4133625030517578","0.4133625030517578","0.20219382643699646","0.20219382643699646","0.20219382643699646","0.19997939467430115","0.19997939467430115","0.19997939467430115"
"14060","0.23474615812301636","0.23474615812301636","0.23474615812301636","0.42823368310928345","0.42823368310928345","0.42823368310928345","0.2283199280500412","0.2283199280500412","0.2283199280500412","0.22530898451805115","0.22530898451805115","0.22530898451805115"
"14070","0.2336559295654297","0.2336559295654297","0.2336559295654297","0.4137805700302124","0.4137805700302124","0.4137805700302124","0.22813835740089417","0.22813835740089417","0.22813835740089417","0.22478562593460083","0.22478562593460083","0.22478562593460083"
"14080","0.24524269998073578","0.24524269998073578","0.24524269998073578","0.42259442806243896","0.42259442806243896","0.42259442806243896","0.2390296906232834","0.2390296906232834","0.2390296906232834","0.23513031005859375","0.23513031005859375","0.23513031005859375"
"14090","0.24444083869457245","0.24444083869457245","0.24444083869457245","0.4374229609966278","0.4374229609966278","0.4374229609966278","0.2370963990688324","0.2370963990688324","0.2370963990688324","0.23489417135715485","0.23489417135715485","0.23489417135715485"
"14100","0.24137915670871735","0.24137915670871735","0.24137915670871735","0.43271178007125854","0.43271178007125854","0.43271178007125854","0.23490141332149506","0.23490141332149506","0.23490141332149506","0.23182716965675354","0.23182716965675354","0.23182716965675354"
"14110","0.20536461472511292","0.20536461472511292","0.20536461472511292","0.4375556707382202","0.4375556707382202","0.4375556707382202","0.20111235976219177","0.20111235976219177","0.20111235976219177","0.19762077927589417","0.19762077927589417","0.19762077927589417"
"14120","0.24180106818675995","0.24180106818675995","0.24180106818675995","0.4256618618965149","0.4256618618965149","0.4256618618965149","0.23651276528835297","0.23651276528835297","0.23651276528835297","0.23302382230758667","0.23302382230758667","0.23302382230758667"
"14130","0.2388134002685547","0.2388134002685547","0.2388134002685547","0.42989081144332886","0.42989081144332886","0.42989081144332886","0.2323509305715561","0.2323509305715561","0.2323509305715561","0.22971534729003906","0.22971534729003906","0.22971534729003906"
"14140","0.2347286343574524","0.2347286343574524","0.2347286343574524","0.43493497371673584","0.43493497371673584","0.43493497371673584","0.2283676117658615","0.2283676117658615","0.2283676117658615","0.22588272392749786","0.22588272392749786","0.22588272392749786"
"14150","0.24086418747901917","0.24086418747901917","0.24086418747901917","0.431296169757843","0.431296169757843","0.431296169757843","0.2340778261423111","0.2340778261423111","0.2340778261423111","0.23189887404441833","0.23189887404441833","0.23189887404441833"
"14160","0.24486465752124786","0.24486465752124786","0.24486465752124786","0.4234466552734375","0.4234466552734375","0.4234466552734375","0.23868101835250854","0.23868101835250854","0.23868101835250854","0.2360687255859375","0.2360687255859375","0.2360687255859375"
"14170","0.242350772023201","0.242350772023201","0.242350772023201","0.42341768741607666","0.42341768741607666","0.42341768741607666","0.23591843247413635","0.23591843247413635","0.23591843247413635","0.23303070664405823","0.23303070664405823","0.23303070664405823"
"14180","0.24318504333496094","0.24318504333496094","0.24318504333496094","0.4183158576488495","0.4183158576488495","0.4183158576488495","0.23700827360153198","0.23700827360153198","0.23700827360153198","0.23439902067184448","0.23439902067184448","0.23439902067184448"
"14190","0.24731102585792542","0.24731102585792542","0.24731102585792542","0.3842514157295227","0.3842514157295227","0.3842514157295227","0.241252139210701","0.241252139210701","0.241252139210701","0.23868483304977417","0.23868483304977417","0.23868483304977417"
"14200","0.24602051079273224","0.24602051079273224","0.24602051079273224","0.40151447057724","0.40151447057724","0.40151447057724","0.23998108506202698","0.23998108506202698","0.23998108506202698","0.23680534958839417","0.23680534958839417","0.23680534958839417"
"14210","0.25296974182128906","0.25296974182128906","0.25296974182128906","0.4372692108154297","0.4372692108154297","0.4372692108154297","0.24665451049804688","0.24665451049804688","0.24665451049804688","0.2438812255859375","0.2438812255859375","0.2438812255859375"
"14220","0.25380897521972656","0.25380897521972656","0.25380897521972656","0.42626532912254333","0.42626532912254333","0.42626532912254333","0.24716109037399292","0.24716109037399292","0.24716109037399292","0.24465790390968323","0.24465790390968323","0.24465790390968323"
"14230","0.24938811361789703","0.24938811361789703","0.24938811361789703","0.42489778995513916","0.42489778995513916","0.42489778995513916","0.2428131103515625","0.2428131103515625","0.2428131103515625","0.2404041290283203","0.2404041290283203","0.2404041290283203"
"14240","0.2518150210380554","0.2518150210380554","0.2518150210380554","0.3721332550048828","0.3721332550048828","0.3721332550048828","0.24516676366329193","0.24516676366329193","0.24516676366329193","0.2426433563232422","0.2426433563232422","0.2426433563232422"
"14250","0.24915122985839844","0.24915122985839844","0.24915122985839844","0.4293884038925171","0.4293884038925171","0.4293884038925171","0.24315300583839417","0.24315300583839417","0.24315300583839417","0.24046745896339417","0.24046745896339417","0.24046745896339417"
"14260","0.2471870481967926","0.2471870481967926","0.2471870481967926","0.42327460646629333","0.42327460646629333","0.42327460646629333","0.24099618196487427","0.24099618196487427","0.24099618196487427","0.23856505751609802","0.23856505751609802","0.23856505751609802"
"14270","0.2431972622871399","0.2431972622871399","0.2431972622871399","0.4327366054058075","0.4327366054058075","0.4327366054058075","0.23709145188331604","0.23709145188331604","0.23709145188331604","0.2352825105190277","0.2352825105190277","0.2352825105190277"
"14280","0.249298095703125","0.249298095703125","0.249298095703125","0.42474251985549927","0.42474251985549927","0.42474251985549927","0.24395065009593964","0.24395065009593964","0.24395065009593964","0.24058571457862854","0.24058571457862854","0.24058571457862854"
"14290","0.2586356997489929","0.2586356997489929","0.2586356997489929","0.4359554350376129","0.4359554350376129","0.4359554350376129","0.25270575284957886","0.25270575284957886","0.25270575284957886","0.24987907707691193","0.24987907707691193","0.24987907707691193"
"14300","0.245485320687294","0.245485320687294","0.245485320687294","0.43418386578559875","0.43418386578559875","0.43418386578559875","0.23958167433738708","0.23958167433738708","0.23958167433738708","0.2369869202375412","0.2369869202375412","0.2369869202375412"
"14310","0.2555069029331207","0.2555069029331207","0.2555069029331207","0.4261032044887543","0.4261032044887543","0.4261032044887543","0.24960365891456604","0.24960365891456604","0.24960365891456604","0.24695663154125214","0.24695663154125214","0.24695663154125214"
"14320","0.2510734796524048","0.2510734796524048","0.2510734796524048","0.4154403507709503","0.4154403507709503","0.4154403507709503","0.2453998625278473","0.2453998625278473","0.2453998625278473","0.24203108251094818","0.24203108251094818","0.24203108251094818"
"14330","0.2536250948905945","0.2536250948905945","0.2536250948905945","0.4270915985107422","0.4270915985107422","0.4270915985107422","0.2474391907453537","0.2474391907453537","0.2474391907453537","0.2448631376028061","0.2448631376028061","0.2448631376028061"
"14340","0.2506095767021179","0.2506095767021179","0.2506095767021179","0.43615761399269104","0.43615761399269104","0.43615761399269104","0.24473419785499573","0.24473419785499573","0.24473419785499573","0.2422657012939453","0.2422657012939453","0.2422657012939453"
"14350","0.24696579575538635","0.24696579575538635","0.24696579575538635","0.4299003481864929","0.4299003481864929","0.4299003481864929","0.24111786484718323","0.24111786484718323","0.24111786484718323","0.2388790249824524","0.2388790249824524","0.2388790249824524"
"14360","0.2497711181640625","0.2497711181640625","0.2497711181640625","0.42989614605903625","0.42989614605903625","0.42989614605903625","0.2441352754831314","0.2441352754831314","0.2441352754831314","0.24132078886032104","0.24132078886032104","0.24132078886032104"
"14370","0.2549850344657898","0.2549850344657898","0.2549850344657898","0.4249286651611328","0.4249286651611328","0.4249286651611328","0.24940642714500427","0.24940642714500427","0.24940642714500427","0.24668008089065552","0.24668008089065552","0.24668008089065552"
"14380","0.252716064453125","0.252716064453125","0.252716064453125","0.42155951261520386","0.42155951261520386","0.42155951261520386","0.24706953763961792","0.24706953763961792","0.24706953763961792","0.2447383850812912","0.2447383850812912","0.2447383850812912"
"14390","0.25628358125686646","0.25628358125686646","0.25628358125686646","0.4256771206855774","0.4256771206855774","0.4256771206855774","0.25077784061431885","0.25077784061431885","0.25077784061431885","0.24798700213432312","0.24798700213432312","0.24798700213432312"
"14400","0.2591991424560547","0.2591991424560547","0.2591991424560547","0.4204906225204468","0.4204906225204468","0.4204906225204468","0.25362318754196167","0.25362318754196167","0.25362318754196167","0.25082626938819885","0.25082626938819885","0.25082626938819885"
"14410","0.25031548738479614","0.25031548738479614","0.25031548738479614","0.42478373646736145","0.42478373646736145","0.42478373646736145","0.24454613029956818","0.24454613029956818","0.24454613029956818","0.24242669343948364","0.24242669343948364","0.24242669343948364"
"14420","0.2570262551307678","0.2570262551307678","0.2570262551307678","0.4318302273750305","0.4318302273750305","0.4318302273750305","0.25162315368652344","0.25162315368652344","0.25162315368652344","0.24895590543746948","0.24895590543746948","0.24895590543746948"
"14430","0.25789105892181396","0.25789105892181396","0.25789105892181396","0.4303680658340454","0.4303680658340454","0.4303680658340454","0.25251007080078125","0.25251007080078125","0.25251007080078125","0.25030821561813354","0.25030821561813354","0.25030821561813354"
"14440","0.2586444914340973","0.2586444914340973","0.2586444914340973","0.4311691224575043","0.4311691224575043","0.4311691224575043","0.2526184320449829","0.2526184320449829","0.2526184320449829","0.2499183714389801","0.2499183714389801","0.2499183714389801"
"14450","0.2503315210342407","0.2503315210342407","0.2503315210342407","0.4045955538749695","0.4045955538749695","0.4045955538749695","0.24390220642089844","0.24390220642089844","0.24390220642089844","0.24148672819137573","0.24148672819137573","0.24148672819137573"
"14460","0.2565360963344574","0.2565360963344574","0.2565360963344574","0.40413323044776917","0.40413323044776917","0.40413323044776917","0.250741571187973","0.250741571187973","0.250741571187973","0.2490924745798111","0.2490924745798111","0.2490924745798111"
"14470","0.2625057101249695","0.2625057101249695","0.2625057101249695","0.4307331144809723","0.4307331144809723","0.4307331144809723","0.2566947937011719","0.2566947937011719","0.2566947937011719","0.2540210783481598","0.2540210783481598","0.2540210783481598"
"14480","0.25400617718696594","0.25400617718696594","0.25400617718696594","0.40708082914352417","0.40708082914352417","0.40708082914352417","0.2487235963344574","0.2487235963344574","0.2487235963344574","0.24623756110668182","0.24623756110668182","0.24623756110668182"
"14490","0.26272353529930115","0.26272353529930115","0.26272353529930115","0.42818182706832886","0.42818182706832886","0.42818182706832886","0.2574794888496399","0.2574794888496399","0.2574794888496399","0.2548469305038452","0.2548469305038452","0.2548469305038452"
"14500","0.2509639859199524","0.2509639859199524","0.2509639859199524","0.4281471371650696","0.4281471371650696","0.4281471371650696","0.2454582154750824","0.2454582154750824","0.2454582154750824","0.2428760528564453","0.2428760528564453","0.2428760528564453"
"14510","0.2595466673374176","0.2595466673374176","0.2595466673374176","0.4234817624092102","0.4234817624092102","0.4234817624092102","0.2539089322090149","0.2539089322090149","0.2539089322090149","0.2516281008720398","0.2516281008720398","0.2516281008720398"
"14520","0.24437369406223297","0.24437369406223297","0.24437369406223297","0.4183555543422699","0.4183555543422699","0.4183555543422699","0.23881950974464417","0.23881950974464417","0.23881950974464417","0.2366718202829361","0.2366718202829361","0.2366718202829361"
"14530","0.2544879913330078","0.2544879913330078","0.2544879913330078","0.42814064025878906","0.42814064025878906","0.42814064025878906","0.2487567812204361","0.2487567812204361","0.2487567812204361","0.24599610269069672","0.24599610269069672","0.24599610269069672"
"14540","0.26369211077690125","0.26369211077690125","0.26369211077690125","0.4322509765625","0.4322509765625","0.4322509765625","0.2584567964076996","0.2584567964076996","0.2584567964076996","0.255636990070343","0.255636990070343","0.255636990070343"
"14550","0.2612033784389496","0.2612033784389496","0.2612033784389496","0.42676010727882385","0.42676010727882385","0.42676010727882385","0.2555336058139801","0.2555336058139801","0.2555336058139801","0.25311505794525146","0.25311505794525146","0.25311505794525146"
"14560","0.2485881745815277","0.2485881745815277","0.2485881745815277","0.4314842224121094","0.4314842224121094","0.4314842224121094","0.2428596466779709","0.2428596466779709","0.2428596466779709","0.24058836698532104","0.24058836698532104","0.24058836698532104"
"14570","0.25726622343063354","0.25726622343063354","0.25726622343063354","0.4267875552177429","0.4267875552177429","0.4267875552177429","0.2521720826625824","0.2521720826625824","0.2521720826625824","0.24950218200683594","0.24950218200683594","0.24950218200683594"
"14580","0.2631557583808899","0.2631557583808899","0.2631557583808899","0.42142295837402344","0.42142295837402344","0.42142295837402344","0.25828057527542114","0.25828057527542114","0.25828057527542114","0.25552329421043396","0.25552329421043396","0.25552329421043396"
"14590","0.2616962492465973","0.2616962492465973","0.2616962492465973","0.4281436800956726","0.4281436800956726","0.4281436800956726","0.2564552426338196","0.2564552426338196","0.2564552426338196","0.25416868925094604","0.25416868925094604","0.25416868925094604"
"14600","0.2623172700405121","0.2623172700405121","0.2623172700405121","0.42381516098976135","0.42381516098976135","0.42381516098976135","0.25675201416015625","0.25675201416015625","0.25675201416015625","0.25460928678512573","0.25460928678512573","0.25460928678512573"
"14610","0.2639080286026001","0.2639080286026001","0.2639080286026001","0.4233066439628601","0.4233066439628601","0.4233066439628601","0.2589004635810852","0.2589004635810852","0.2589004635810852","0.256020724773407","0.256020724773407","0.256020724773407"
"14620","0.26741865277290344","0.26741865277290344","0.26741865277290344","0.4164421260356903","0.4164421260356903","0.4164421260356903","0.26211321353912354","0.26211321353912354","0.26211321353912354","0.25997886061668396","0.25997886061668396","0.25997886061668396"
"14630","0.2587638795375824","0.2587638795375824","0.2587638795375824","0.4307537078857422","0.4307537078857422","0.4307537078857422","0.25376397371292114","0.25376397371292114","0.25376397371292114","0.2515300512313843","0.2515300512313843","0.2515300512313843"
"14640","0.2694156765937805","0.2694156765937805","0.2694156765937805","0.4364921748638153","0.4364921748638153","0.4364921748638153","0.26394882798194885","0.26394882798194885","0.26394882798194885","0.2616542875766754","0.2616542875766754","0.2616542875766754"
"14650","0.26189500093460083","0.26189500093460083","0.26189500093460083","0.42735520005226135","0.42735520005226135","0.42735520005226135","0.25656700134277344","0.25656700134277344","0.25656700134277344","0.2541671693325043","0.2541671693325043","0.2541671693325043"
"14660","0.26741868257522583","0.26741868257522583","0.26741868257522583","0.4240734279155731","0.4240734279155731","0.4240734279155731","0.26176223158836365","0.26176223158836365","0.26176223158836365","0.2600780427455902","0.2600780427455902","0.2600780427455902"
"14670","0.2585609555244446","0.2585609555244446","0.2585609555244446","0.41852912306785583","0.41852912306785583","0.41852912306785583","0.25367507338523865","0.25367507338523865","0.25367507338523865","0.25107115507125854","0.25107115507125854","0.25107115507125854"
"14680","0.26169854402542114","0.26169854402542114","0.26169854402542114","0.4274276793003082","0.4274276793003082","0.4274276793003082","0.2568206787109375","0.2568206787109375","0.2568206787109375","0.2546325922012329","0.2546325922012329","0.2546325922012329"
"14690","0.2660056948661804","0.2660056948661804","0.2660056948661804","0.42680472135543823","0.42680472135543823","0.42680472135543823","0.2606002688407898","0.2606002688407898","0.2606002688407898","0.25840455293655396","0.25840455293655396","0.25840455293655396"
"14700","0.261898398399353","0.261898398399353","0.261898398399353","0.42508697509765625","0.42508697509765625","0.42508697509765625","0.2564285099506378","0.2564285099506378","0.2564285099506378","0.25401991605758667","0.25401991605758667","0.25401991605758667"
"14710","0.2598434388637543","0.2598434388637543","0.2598434388637543","0.4307060241699219","0.4307060241699219","0.4307060241699219","0.25445517897605896","0.25445517897605896","0.25445517897605896","0.25238457322120667","0.25238457322120667","0.25238457322120667"
"14720","0.253103643655777","0.253103643655777","0.253103643655777","0.4278751611709595","0.4278751611709595","0.4278751611709595","0.24818381667137146","0.24818381667137146","0.24818381667137146","0.2461196929216385","0.2461196929216385","0.2461196929216385"
"14730","0.25966987013816833","0.25966987013816833","0.25966987013816833","0.43351709842681885","0.43351709842681885","0.43351709842681885","0.25517043471336365","0.25517043471336365","0.25517043471336365","0.2530067563056946","0.2530067563056946","0.2530067563056946"
"14740","0.2688842713832855","0.2688842713832855","0.2688842713832855","0.41531065106391907","0.41531065106391907","0.41531065106391907","0.2633991241455078","0.2633991241455078","0.2633991241455078","0.26122820377349854","0.26122820377349854","0.26122820377349854"
"14750","0.270938515663147","0.270938515663147","0.270938515663147","0.42317429184913635","0.42317429184913635","0.42317429184913635","0.2661590576171875","0.2661590576171875","0.2661590576171875","0.26331254839897156","0.26331254839897156","0.26331254839897156"
"14760","0.26357001066207886","0.26357001066207886","0.26357001066207886","0.4325828552246094","0.4325828552246094","0.4325828552246094","0.2583431303501129","0.2583431303501129","0.2583431303501129","0.2564849853515625","0.2564849853515625","0.2564849853515625"
"14770","0.26974526047706604","0.26974526047706604","0.26974526047706604","0.4260047972202301","0.4260047972202301","0.4260047972202301","0.26481133699417114","0.26481133699417114","0.26481133699417114","0.26239585876464844","0.26239585876464844","0.26239585876464844"
"14780","0.26644057035446167","0.26644057035446167","0.26644057035446167","0.419921875","0.419921875","0.419921875","0.26058539748191833","0.26058539748191833","0.26058539748191833","0.258292019367218","0.258292019367218","0.258292019367218"
"14790","0.27015113830566406","0.27015113830566406","0.27015113830566406","0.4340972900390625","0.4340972900390625","0.4340972900390625","0.265084445476532","0.265084445476532","0.265084445476532","0.2629844546318054","0.2629844546318054","0.2629844546318054"
"14800","0.2660415470600128","0.2660415470600128","0.2660415470600128","0.42360496520996094","0.42360496520996094","0.42360496520996094","0.2606048583984375","0.2606048583984375","0.2606048583984375","0.2593116760253906","0.2593116760253906","0.2593116760253906"
"14810","0.26953810453414917","0.26953810453414917","0.26953810453414917","0.43677255511283875","0.43677255511283875","0.43677255511283875","0.26410141587257385","0.26410141587257385","0.26410141587257385","0.26234322786331177","0.26234322786331177","0.26234322786331177"
"14820","0.26924362778663635","0.26924362778663635","0.26924362778663635","0.43315619230270386","0.43315619230270386","0.43315619230270386","0.2645603120326996","0.2645603120326996","0.2645603120326996","0.26257437467575073","0.26257437467575073","0.26257437467575073"
"14830","0.27011415362358093","0.27011415362358093","0.27011415362358093","0.4304656982421875","0.4304656982421875","0.4304656982421875","0.26470452547073364","0.26470452547073364","0.26470452547073364","0.26313516497612","0.26313516497612","0.26313516497612"
"14840","0.27120664715766907","0.27120664715766907","0.27120664715766907","0.4239566922187805","0.4239566922187805","0.4239566922187805","0.2660011351108551","0.2660011351108551","0.2660011351108551","0.26393240690231323","0.26393240690231323","0.26393240690231323"
"14850","0.2708030939102173","0.2708030939102173","0.2708030939102173","0.42691460251808167","0.42691460251808167","0.42691460251808167","0.2657325863838196","0.2657325863838196","0.2657325863838196","0.26375389099121094","0.26375389099121094","0.26375389099121094"
"14860","0.2676345705986023","0.2676345705986023","0.2676345705986023","0.41231459379196167","0.41231459379196167","0.41231459379196167","0.2623435854911804","0.2623435854911804","0.2623435854911804","0.2603229582309723","0.2603229582309723","0.2603229582309723"
"14870","0.2711162567138672","0.2711162567138672","0.2711162567138672","0.4303848147392273","0.4303848147392273","0.4303848147392273","0.266335666179657","0.266335666179657","0.266335666179657","0.26402968168258667","0.26402968168258667","0.26402968168258667"
"14880","0.2715553045272827","0.2715553045272827","0.2715553045272827","0.42600709199905396","0.42600709199905396","0.42600709199905396","0.266745001077652","0.266745001077652","0.266745001077652","0.2645847499370575","0.2645847499370575","0.2645847499370575"
"14890","0.26105499267578125","0.26105499267578125","0.26105499267578125","0.42051658034324646","0.42051658034324646","0.42051658034324646","0.25626373291015625","0.25626373291015625","0.25626373291015625","0.25497129559516907","0.25497129559516907","0.25497129559516907"
"14900","0.25358542799949646","0.25358542799949646","0.25358542799949646","0.4237949252128601","0.4237949252128601","0.4237949252128601","0.24859963357448578","0.24859963357448578","0.24859963357448578","0.24739493429660797","0.24739493429660797","0.24739493429660797"
"14910","0.25908201932907104","0.25908201932907104","0.25908201932907104","0.41877520084381104","0.41877520084381104","0.41877520084381104","0.25432243943214417","0.25432243943214417","0.25432243943214417","0.2529190182685852","0.2529190182685852","0.2529190182685852"
"14920","0.2584327757358551","0.2584327757358551","0.2584327757358551","0.42433393001556396","0.42433393001556396","0.42433393001556396","0.25386810302734375","0.25386810302734375","0.25386810302734375","0.2519550323486328","0.2519550323486328","0.2519550323486328"
"14930","0.26467400789260864","0.26467400789260864","0.26467400789260864","0.4336585998535156","0.4336585998535156","0.4336585998535156","0.25997278094291687","0.25997278094291687","0.25997278094291687","0.25837135314941406","0.25837135314941406","0.25837135314941406"
"14940","0.2672767639160156","0.2672767639160156","0.2672767639160156","0.43733978271484375","0.43733978271484375","0.43733978271484375","0.26273536682128906","0.26273536682128906","0.26273536682128906","0.2611095607280731","0.2611095607280731","0.2611095607280731"
"14950","0.26938551664352417","0.26938551664352417","0.26938551664352417","0.43150633573532104","0.43150633573532104","0.43150633573532104","0.2645603120326996","0.2645603120326996","0.2645603120326996","0.26316148042678833","0.26316148042678833","0.26316148042678833"
"14960","0.2781074643135071","0.2781074643135071","0.2781074643135071","0.4318901002407074","0.4318901002407074","0.4318901002407074","0.27287137508392334","0.27287137508392334","0.27287137508392334","0.271506130695343","0.271506130695343","0.271506130695343"
"14970","0.26656991243362427","0.26656991243362427","0.26656991243362427","0.43318670988082886","0.43318670988082886","0.43318670988082886","0.2617977261543274","0.2617977261543274","0.2617977261543274","0.26012343168258667","0.26012343168258667","0.26012343168258667"
"14980","0.2665153443813324","0.2665153443813324","0.2665153443813324","0.4283214807510376","0.4283214807510376","0.4283214807510376","0.2612975835800171","0.2612975835800171","0.2612975835800171","0.26012420654296875","0.26012420654296875","0.26012420654296875"
"14990","0.25248679518699646","0.25248679518699646","0.25248679518699646","0.42851144075393677","0.42851144075393677","0.42851144075393677","0.2480243742465973","0.2480243742465973","0.2480243742465973","0.2467784881591797","0.2467784881591797","0.2467784881591797"
"15000","0.2764167785644531","0.2764167785644531","0.2764167785644531","0.41799506545066833","0.41799506545066833","0.41799506545066833","0.2717735171318054","0.2717735171318054","0.2717735171318054","0.2700366973876953","0.2700366973876953","0.2700366973876953"
"15010","0.27587777376174927","0.27587777376174927","0.27587777376174927","0.43658486008644104","0.43658486008644104","0.43658486008644104","0.27098768949508667","0.27098768949508667","0.27098768949508667","0.2688320279121399","0.2688320279121399","0.2688320279121399"
"15020","0.2643619477748871","0.2643619477748871","0.2643619477748871","0.4364795684814453","0.4364795684814453","0.4364795684814453","0.26029127836227417","0.26029127836227417","0.26029127836227417","0.2574112117290497","0.2574112117290497","0.2574112117290497"
"15030","0.2748340666294098","0.2748340666294098","0.2748340666294098","0.4287784695625305","0.4287784695625305","0.4287784695625305","0.2705455720424652","0.2705455720424652","0.2705455720424652","0.2682209014892578","0.2682209014892578","0.2682209014892578"
"15040","0.27034300565719604","0.27034300565719604","0.27034300565719604","0.38146018981933594","0.38146018981933594","0.38146018981933594","0.2648906707763672","0.2648906707763672","0.2648906707763672","0.2637367248535156","0.2637367248535156","0.2637367248535156"
"15050","0.26459234952926636","0.26459234952926636","0.26459234952926636","0.43490105867385864","0.43490105867385864","0.43490105867385864","0.2597164213657379","0.2597164213657379","0.2597164213657379","0.25830763578414917","0.25830763578414917","0.25830763578414917"
"15060","0.26909178495407104","0.26909178495407104","0.26909178495407104","0.42908138036727905","0.42908138036727905","0.42908138036727905","0.26415136456489563","0.26415136456489563","0.26415136456489563","0.2624473571777344","0.2624473571777344","0.2624473571777344"
"15070","0.27811697125434875","0.27811697125434875","0.27811697125434875","0.43426358699798584","0.43426358699798584","0.43426358699798584","0.2735496461391449","0.2735496461391449","0.2735496461391449","0.27166786789894104","0.27166786789894104","0.27166786789894104"
"15080","0.2766822874546051","0.2766822874546051","0.2766822874546051","0.4274345338344574","0.4274345338344574","0.4274345338344574","0.2716503143310547","0.2716503143310547","0.2716503143310547","0.27007216215133667","0.27007216215133667","0.27007216215133667"
"15090","0.2777279019355774","0.2777279019355774","0.2777279019355774","0.4279651939868927","0.4279651939868927","0.4279651939868927","0.2727939486503601","0.2727939486503601","0.2727939486503601","0.2708454132080078","0.2708454132080078","0.2708454132080078"
"15100","0.27636414766311646","0.27636414766311646","0.27636414766311646","0.43458783626556396","0.43458783626556396","0.43458783626556396","0.27108535170555115","0.27108535170555115","0.27108535170555115","0.26993370056152344","0.26993370056152344","0.26993370056152344"
"15110","0.2718704342842102","0.2718704342842102","0.2718704342842102","0.4275047183036804","0.4275047183036804","0.4275047183036804","0.26673051714897156","0.26673051714897156","0.26673051714897156","0.2650131285190582","0.2650131285190582","0.2650131285190582"
"15120","0.27352944016456604","0.27352944016456604","0.27352944016456604","0.419351190328598","0.419351190328598","0.419351190328598","0.269278347492218","0.269278347492218","0.269278347492218","0.2676769196987152","0.2676769196987152","0.2676769196987152"
"15130","0.27473753690719604","0.27473753690719604","0.27473753690719604","0.41524699330329895","0.41524699330329895","0.41524699330329895","0.2702651917934418","0.2702651917934418","0.2702651917934418","0.2681724727153778","0.2681724727153778","0.2681724727153778"
"15140","0.2742118835449219","0.2742118835449219","0.2742118835449219","0.4345054626464844","0.4345054626464844","0.4345054626464844","0.26937025785446167","0.26937025785446167","0.26937025785446167","0.2676071226596832","0.2676071226596832","0.2676071226596832"
"15150","0.27437248826026917","0.27437248826026917","0.27437248826026917","0.4275287687778473","0.4275287687778473","0.4275287687778473","0.26936912536621094","0.26936912536621094","0.26936912536621094","0.26775282621383667","0.26775282621383667","0.26775282621383667"
"15160","0.28262558579444885","0.28262558579444885","0.28262558579444885","0.4129959046840668","0.4129959046840668","0.4129959046840668","0.2780681848526001","0.2780681848526001","0.2780681848526001","0.27622872591018677","0.27622872591018677","0.27622872591018677"
"15170","0.2750198543071747","0.2750198543071747","0.2750198543071747","0.4281543493270874","0.4281543493270874","0.4281543493270874","0.2706264555454254","0.2706264555454254","0.2706264555454254","0.2687664031982422","0.2687664031982422","0.2687664031982422"
"15180","0.2775123715400696","0.2775123715400696","0.2775123715400696","0.4322860538959503","0.4322860538959503","0.4322860538959503","0.2723884582519531","0.2723884582519531","0.2723884582519531","0.2710949182510376","0.2710949182510376","0.2710949182510376"
"15190","0.2725578546524048","0.2725578546524048","0.2725578546524048","0.4268382787704468","0.4268382787704468","0.4268382787704468","0.26777684688568115","0.26777684688568115","0.26777684688568115","0.26639556884765625","0.26639556884765625","0.26639556884765625"
"15200","0.27714577317237854","0.27714577317237854","0.27714577317237854","0.4045448303222656","0.4045448303222656","0.4045448303222656","0.2722301483154297","0.2722301483154297","0.2722301483154297","0.27078360319137573","0.27078360319137573","0.27078360319137573"
"15210","0.27610284090042114","0.27610284090042114","0.27610284090042114","0.4280162751674652","0.4280162751674652","0.4280162751674652","0.27157706022262573","0.27157706022262573","0.27157706022262573","0.2698219418525696","0.2698219418525696","0.2698219418525696"
"15220","0.2760787904262543","0.2760787904262543","0.2760787904262543","0.4236587584018707","0.4236587584018707","0.4236587584018707","0.27086713910102844","0.27086713910102844","0.27086713910102844","0.2698551118373871","0.2698551118373871","0.2698551118373871"
"15230","0.2813659608364105","0.2813659608364105","0.2813659608364105","0.4384757876396179","0.4384757876396179","0.4384757876396179","0.2763859033584595","0.2763859033584595","0.2763859033584595","0.2752845883369446","0.2752845883369446","0.2752845883369446"
"15240","0.27688026428222656","0.27688026428222656","0.27688026428222656","0.43682631850242615","0.43682631850242615","0.43682631850242615","0.2719188928604126","0.2719188928604126","0.2719188928604126","0.270712673664093","0.270712673664093","0.270712673664093"
"15250","0.27550506591796875","0.27550506591796875","0.27550506591796875","0.4196346402168274","0.4196346402168274","0.4196346402168274","0.27015915513038635","0.27015915513038635","0.27015915513038635","0.2692424952983856","0.2692424952983856","0.2692424952983856"
"15260","0.2772861421108246","0.2772861421108246","0.2772861421108246","0.3973045349121094","0.3973045349121094","0.3973045349121094","0.2724365293979645","0.2724365293979645","0.2724365293979645","0.27060967683792114","0.27060967683792114","0.27060967683792114"
"15270","0.27726173400878906","0.27726173400878906","0.27726173400878906","0.43475762009620667","0.43475762009620667","0.43475762009620667","0.27202147245407104","0.27202147245407104","0.27202147245407104","0.2709411382675171","0.2709411382675171","0.2709411382675171"
"15280","0.28474387526512146","0.28474387526512146","0.28474387526512146","0.4311290979385376","0.4311290979385376","0.4311290979385376","0.27989768981933594","0.27989768981933594","0.27989768981933594","0.2784404754638672","0.2784404754638672","0.2784404754638672"
"15290","0.2825073301792145","0.2825073301792145","0.2825073301792145","0.38207128643989563","0.38207128643989563","0.38207128643989563","0.277535617351532","0.277535617351532","0.277535617351532","0.27662962675094604","0.27662962675094604","0.27662962675094604"
"15300","0.2780410647392273","0.2780410647392273","0.2780410647392273","0.4239036738872528","0.4239036738872528","0.4239036738872528","0.2729373872280121","0.2729373872280121","0.2729373872280121","0.27185022830963135","0.27185022830963135","0.27185022830963135"
"15310","0.2799099087715149","0.2799099087715149","0.2799099087715149","0.42773741483688354","0.42773741483688354","0.42773741483688354","0.27535170316696167","0.27535170316696167","0.27535170316696167","0.2739265561103821","0.2739265561103821","0.2739265561103821"
"15320","0.27879104018211365","0.27879104018211365","0.27879104018211365","0.42491722106933594","0.42491722106933594","0.42491722106933594","0.273764431476593","0.273764431476593","0.273764431476593","0.27285802364349365","0.27285802364349365","0.27285802364349365"
"15330","0.28084221482276917","0.28084221482276917","0.28084221482276917","0.42642173171043396","0.42642173171043396","0.42642173171043396","0.2756507992744446","0.2756507992744446","0.2756507992744446","0.2747081518173218","0.2747081518173218","0.2747081518173218"
"15340","0.28257712721824646","0.28257712721824646","0.28257712721824646","0.43229371309280396","0.43229371309280396","0.43229371309280396","0.27762261033058167","0.27762261033058167","0.27762261033058167","0.2756633758544922","0.2756633758544922","0.2756633758544922"
"15350","0.277099609375","0.277099609375","0.277099609375","0.4312213659286499","0.4312213659286499","0.4312213659286499","0.27204591035842896","0.27204591035842896","0.27204591035842896","0.2708473205566406","0.2708473205566406","0.2708473205566406"
"15360","0.2805347442626953","0.2805347442626953","0.2805347442626953","0.4215797185897827","0.4215797185897827","0.4215797185897827","0.2754470705986023","0.2754470705986023","0.2754470705986023","0.2741455137729645","0.2741455137729645","0.2741455137729645"
"15370","0.2521018981933594","0.2521018981933594","0.2521018981933594","0.4328208863735199","0.4328208863735199","0.4328208863735199","0.247813418507576","0.247813418507576","0.247813418507576","0.24690018594264984","0.24690018594264984","0.24690018594264984"
"15380","0.27931708097457886","0.27931708097457886","0.27931708097457886","0.4376987814903259","0.4376987814903259","0.4376987814903259","0.2739509642124176","0.2739509642124176","0.2739509642124176","0.27370262145996094","0.27370262145996094","0.27370262145996094"
"15390","0.277469277381897","0.277469277381897","0.277469277381897","0.43081510066986084","0.43081510066986084","0.43081510066986084","0.27255553007125854","0.27255553007125854","0.27255553007125854","0.27155226469039917","0.27155226469039917","0.27155226469039917"
"15400","0.2862483859062195","0.2862483859062195","0.2862483859062195","0.43343544006347656","0.43343544006347656","0.43343544006347656","0.28120651841163635","0.28120651841163635","0.28120651841163635","0.27987897396087646","0.27987897396087646","0.27987897396087646"
"15410","0.27734869718551636","0.27734869718551636","0.27734869718551636","0.42654916644096375","0.42654916644096375","0.42654916644096375","0.2725479006767273","0.2725479006767273","0.2725479006767273","0.27165907621383667","0.27165907621383667","0.27165907621383667"
"15420","0.2756332457065582","0.2756332457065582","0.2756332457065582","0.42777594923973083","0.42777594923973083","0.42777594923973083","0.2708194851875305","0.2708194851875305","0.2708194851875305","0.2696937322616577","0.2696937322616577","0.2696937322616577"
"15430","0.27802354097366333","0.27802354097366333","0.27802354097366333","0.4163398742675781","0.4163398742675781","0.4163398742675781","0.2727390229701996","0.2727390229701996","0.2727390229701996","0.271755576133728","0.271755576133728","0.271755576133728"
"15440","0.27828750014305115","0.27828750014305115","0.27828750014305115","0.4388660490512848","0.4388660490512848","0.4388660490512848","0.27332228422164917","0.27332228422164917","0.27332228422164917","0.27223318815231323","0.27223318815231323","0.27223318815231323"
"15450","0.2838127017021179","0.2838127017021179","0.2838127017021179","0.42954981327056885","0.42954981327056885","0.42954981327056885","0.2785778045654297","0.2785778045654297","0.2785778045654297","0.2774883508682251","0.2774883508682251","0.2774883508682251"
"15460","0.27274930477142334","0.27274930477142334","0.27274930477142334","0.4317215085029602","0.4317215085029602","0.4317215085029602","0.26755067706108093","0.26755067706108093","0.26755067706108093","0.2669433653354645","0.2669433653354645","0.2669433653354645"
"15470","0.2822605073451996","0.2822605073451996","0.2822605073451996","0.43013229966163635","0.43013229966163635","0.43013229966163635","0.2768512964248657","0.2768512964248657","0.2768512964248657","0.2765377163887024","0.2765377163887024","0.2765377163887024"
"15480","0.2868229150772095","0.2868229150772095","0.2868229150772095","0.4234176576137543","0.4234176576137543","0.4234176576137543","0.2819412350654602","0.2819412350654602","0.2819412350654602","0.28102415800094604","0.28102415800094604","0.28102415800094604"
"15490","0.2833869755268097","0.2833869755268097","0.2833869755268097","0.4358326196670532","0.4358326196670532","0.4358326196670532","0.2781139612197876","0.2781139612197876","0.2781139612197876","0.27710607647895813","0.27710607647895813","0.27710607647895813"
"15500","0.28547707200050354","0.28547707200050354","0.28547707200050354","0.4374282956123352","0.4374282956123352","0.4374282956123352","0.28006666898727417","0.28006666898727417","0.28006666898727417","0.27939146757125854","0.27939146757125854","0.27939146757125854"
"15510","0.26227760314941406","0.26227760314941406","0.26227760314941406","0.43100547790527344","0.43100547790527344","0.43100547790527344","0.25752830505371094","0.25752830505371094","0.25752830505371094","0.25710371136665344","0.25710371136665344","0.25710371136665344"
"15520","0.27744370698928833","0.27744370698928833","0.27744370698928833","0.4360191226005554","0.4360191226005554","0.4360191226005554","0.27253568172454834","0.27253568172454834","0.27253568172454834","0.2715992033481598","0.2715992033481598","0.2715992033481598"
"15530","0.27504920959472656","0.27504920959472656","0.27504920959472656","0.42719078063964844","0.42719078063964844","0.42719078063964844","0.2675361633300781","0.2675361633300781","0.2675361633300781","0.2695426940917969","0.2695426940917969","0.2695426940917969"
"15540","0.2866676449775696","0.2866676449775696","0.2866676449775696","0.42379188537597656","0.42379188537597656","0.42379188537597656","0.2811485230922699","0.2811485230922699","0.2811485230922699","0.2801380157470703","0.2801380157470703","0.2801380157470703"
"15550","0.2834949493408203","0.2834949493408203","0.2834949493408203","0.4192264676094055","0.4192264676094055","0.4192264676094055","0.2781131863594055","0.2781131863594055","0.2781131863594055","0.27730828523635864","0.27730828523635864","0.27730828523635864"
"15560","0.2830062806606293","0.2830062806606293","0.2830062806606293","0.43287697434425354","0.43287697434425354","0.43287697434425354","0.2777809202671051","0.2777809202671051","0.2777809202671051","0.2772117555141449","0.2772117555141449","0.2772117555141449"
"15570","0.28503304719924927","0.28503304719924927","0.28503304719924927","0.43372881412506104","0.43372881412506104","0.43372881412506104","0.2794181704521179","0.2794181704521179","0.2794181704521179","0.2791641354560852","0.2791641354560852","0.2791641354560852"
"15580","0.2879055142402649","0.2879055142402649","0.2879055142402649","0.4364059567451477","0.4364059567451477","0.4364059567451477","0.28244590759277344","0.28244590759277344","0.28244590759277344","0.28186798095703125","0.28186798095703125","0.28186798095703125"
"15590","0.2856220602989197","0.2856220602989197","0.2856220602989197","0.4284614324569702","0.4284614324569702","0.4284614324569702","0.2804126739501953","0.2804126739501953","0.2804126739501953","0.2794693112373352","0.2794693112373352","0.2794693112373352"
"15600","0.27730560302734375","0.27730560302734375","0.27730560302734375","0.43576735258102417","0.43576735258102417","0.43576735258102417","0.27168846130371094","0.27168846130371094","0.27168846130371094","0.27061349153518677","0.27061349153518677","0.27061349153518677"
"15610","0.2819152772426605","0.2819152772426605","0.2819152772426605","0.43650856614112854","0.43650856614112854","0.43650856614112854","0.2771488130092621","0.2771488130092621","0.2771488130092621","0.2759517431259155","0.2759517431259155","0.2759517431259155"
"15620","0.28859901428222656","0.28859901428222656","0.28859901428222656","0.43591004610061646","0.43591004610061646","0.43591004610061646","0.2830844819545746","0.2830844819545746","0.2830844819545746","0.28240203857421875","0.28240203857421875","0.28240203857421875"
"15630","0.28773272037506104","0.28773272037506104","0.28773272037506104","0.4291263818740845","0.4291263818740845","0.4291263818740845","0.28250694274902344","0.28250694274902344","0.28250694274902344","0.28192976117134094","0.28192976117134094","0.28192976117134094"
"15640","0.284878134727478","0.284878134727478","0.284878134727478","0.436239629983902","0.436239629983902","0.436239629983902","0.2790641784667969","0.2790641784667969","0.2790641784667969","0.27832067012786865","0.27832067012786865","0.27832067012786865"
"15650","0.29441678524017334","0.29441678524017334","0.29441678524017334","0.4350730776786804","0.4350730776786804","0.4350730776786804","0.2895187437534332","0.2895187437534332","0.2895187437534332","0.2886810302734375","0.2886810302734375","0.2886810302734375"
"15660","0.28676682710647583","0.28676682710647583","0.28676682710647583","0.42752379179000854","0.42752379179000854","0.42752379179000854","0.28103676438331604","0.28103676438331604","0.28103676438331604","0.2804504632949829","0.2804504632949829","0.2804504632949829"
"15670","0.28419533371925354","0.28419533371925354","0.28419533371925354","0.421622097492218","0.421622097492218","0.421622097492218","0.2789245545864105","0.2789245545864105","0.2789245545864105","0.2784668207168579","0.2784668207168579","0.2784668207168579"
"15680","0.28934288024902344","0.28934288024902344","0.28934288024902344","0.4341297447681427","0.4341297447681427","0.4341297447681427","0.28456687927246094","0.28456687927246094","0.28456687927246094","0.2836898863315582","0.2836898863315582","0.2836898863315582"
"15690","0.29131048917770386","0.29131048917770386","0.29131048917770386","0.4280494749546051","0.4280494749546051","0.4280494749546051","0.28624990582466125","0.28624990582466125","0.28624990582466125","0.285714715719223","0.285714715719223","0.285714715719223"
"15700","0.2859676480293274","0.2859676480293274","0.2859676480293274","0.43278807401657104","0.43278807401657104","0.43278807401657104","0.2810489535331726","0.2810489535331726","0.2810489535331726","0.28011396527290344","0.28011396527290344","0.28011396527290344"
"15710","0.2881355285644531","0.2881355285644531","0.2881355285644531","0.4285915493965149","0.4285915493965149","0.4285915493965149","0.2833995819091797","0.2833995819091797","0.2833995819091797","0.28248023986816406","0.28248023986816406","0.28248023986816406"
"15720","0.2893417477607727","0.2893417477607727","0.2893417477607727","0.4392662048339844","0.4392662048339844","0.4392662048339844","0.28436279296875","0.28436279296875","0.28436279296875","0.28364449739456177","0.28364449739456177","0.28364449739456177"
"15730","0.2784298062324524","0.2784298062324524","0.2784298062324524","0.43319278955459595","0.43319278955459595","0.43319278955459595","0.27346116304397583","0.27346116304397583","0.27346116304397583","0.27285271883010864","0.27285271883010864","0.27285271883010864"
"15740","0.29286688566207886","0.29286688566207886","0.29286688566207886","0.4267452359199524","0.4267452359199524","0.4267452359199524","0.28822022676467896","0.28822022676467896","0.28822022676467896","0.28691864013671875","0.28691864013671875","0.28691864013671875"
"15750","0.28752782940864563","0.28752782940864563","0.28752782940864563","0.41621133685112","0.41621133685112","0.41621133685112","0.2827129364013672","0.2827129364013672","0.2827129364013672","0.2815974950790405","0.2815974950790405","0.2815974950790405"
"15760","0.2947219908237457","0.2947219908237457","0.2947219908237457","0.4120780825614929","0.4120780825614929","0.4120780825614929","0.2892036437988281","0.2892036437988281","0.2892036437988281","0.28852081298828125","0.28852081298828125","0.28852081298828125"
"15770","0.2881641387939453","0.2881641387939453","0.2881641387939453","0.42728880047798157","0.42728880047798157","0.42728880047798157","0.2827087342739105","0.2827087342739105","0.2827087342739105","0.2822086215019226","0.2822086215019226","0.2822086215019226"
"15780","0.28285256028175354","0.28285256028175354","0.28285256028175354","0.4286911189556122","0.4286911189556122","0.4286911189556122","0.27801513671875","0.27801513671875","0.27801513671875","0.2770504057407379","0.2770504057407379","0.2770504057407379"
"15790","0.28973084688186646","0.28973084688186646","0.28973084688186646","0.43536072969436646","0.43536072969436646","0.43536072969436646","0.28428345918655396","0.28428345918655396","0.28428345918655396","0.28378868103027344","0.28378868103027344","0.28378868103027344"
"15800","0.28901559114456177","0.28901559114456177","0.28901559114456177","0.4116867184638977","0.4116867184638977","0.4116867184638977","0.2838134765625","0.2838134765625","0.2838134765625","0.2829170227050781","0.2829170227050781","0.2829170227050781"
"15810","0.28692397475242615","0.28692397475242615","0.28692397475242615","0.4320293664932251","0.4320293664932251","0.4320293664932251","0.2815902829170227","0.2815902829170227","0.2815902829170227","0.2807784974575043","0.2807784974575043","0.2807784974575043"
"15820","0.2927742004394531","0.2927742004394531","0.2927742004394531","0.42999154329299927","0.42999154329299927","0.42999154329299927","0.28694114089012146","0.28694114089012146","0.28694114089012146","0.2864246368408203","0.2864246368408203","0.2864246368408203"
"15830","0.2889137268066406","0.2889137268066406","0.2889137268066406","0.4332939386367798","0.4332939386367798","0.4332939386367798","0.2841781675815582","0.2841781675815582","0.2841781675815582","0.2833736538887024","0.2833736538887024","0.2833736538887024"
"15840","0.2871066927909851","0.2871066927909851","0.2871066927909851","0.43356478214263916","0.43356478214263916","0.43356478214263916","0.28140830993652344","0.28140830993652344","0.28140830993652344","0.28106269240379333","0.28106269240379333","0.28106269240379333"
"15850","0.28017768263816833","0.28017768263816833","0.28017768263816833","0.43391382694244385","0.43391382694244385","0.43391382694244385","0.27465057373046875","0.27465057373046875","0.27465057373046875","0.27444952726364136","0.27444952726364136","0.27444952726364136"
"15860","0.2901943325996399","0.2901943325996399","0.2901943325996399","0.4328143894672394","0.4328143894672394","0.4328143894672394","0.2850196957588196","0.2850196957588196","0.2850196957588196","0.2845466434955597","0.2845466434955597","0.2845466434955597"
"15870","0.2852424681186676","0.2852424681186676","0.2852424681186676","0.41445237398147583","0.41445237398147583","0.41445237398147583","0.2799423336982727","0.2799423336982727","0.2799423336982727","0.2794117033481598","0.2794117033481598","0.2794117033481598"
"15880","0.29083481431007385","0.29083481431007385","0.29083481431007385","0.4421340823173523","0.4421340823173523","0.4421340823173523","0.2851482331752777","0.2851482331752777","0.2851482331752777","0.2844894528388977","0.2844894528388977","0.2844894528388977"
"15890","0.2916034758090973","0.2916034758090973","0.2916034758090973","0.4250316321849823","0.4250316321849823","0.4250316321849823","0.28610342741012573","0.28610342741012573","0.28610342741012573","0.2855743169784546","0.2855743169784546","0.2855743169784546"
"15900","0.29249346256256104","0.29249346256256104","0.29249346256256104","0.42498284578323364","0.42498284578323364","0.42498284578323364","0.286873996257782","0.286873996257782","0.286873996257782","0.28646546602249146","0.28646546602249146","0.28646546602249146"
"15910","0.2914436459541321","0.2914436459541321","0.2914436459541321","0.4203113317489624","0.4203113317489624","0.4203113317489624","0.2857036590576172","0.2857036590576172","0.2857036590576172","0.2853507995605469","0.2853507995605469","0.2853507995605469"
"15920","0.2904850244522095","0.2904850244522095","0.2904850244522095","0.42683297395706177","0.42683297395706177","0.42683297395706177","0.28535041213035583","0.28535041213035583","0.28535041213035583","0.28472787141799927","0.28472787141799927","0.28472787141799927"
"15930","0.25576478242874146","0.25576478242874146","0.25576478242874146","0.42863884568214417","0.42863884568214417","0.42863884568214417","0.25183144211769104","0.25183144211769104","0.25183144211769104","0.2504722476005554","0.2504722476005554","0.2504722476005554"
"15940","0.2925792932510376","0.2925792932510376","0.2925792932510376","0.431963711977005","0.431963711977005","0.431963711977005","0.2877773344516754","0.2877773344516754","0.2877773344516754","0.2859664857387543","0.2859664857387543","0.2859664857387543"
"15950","0.29426687955856323","0.29426687955856323","0.29426687955856323","0.43349647521972656","0.43349647521972656","0.43349647521972656","0.28910940885543823","0.28910940885543823","0.28910940885543823","0.2883308529853821","0.2883308529853821","0.2883308529853821"
"15960","0.2919086515903473","0.2919086515903473","0.2919086515903473","0.4338691830635071","0.4338691830635071","0.4338691830635071","0.28689804673194885","0.28689804673194885","0.28689804673194885","0.286141574382782","0.286141574382782","0.286141574382782"
"15970","0.29001694917678833","0.29001694917678833","0.29001694917678833","0.44146040081977844","0.44146040081977844","0.44146040081977844","0.2846115231513977","0.2846115231513977","0.2846115231513977","0.2840103209018707","0.2840103209018707","0.2840103209018707"
"15980","0.2950771450996399","0.2950771450996399","0.2950771450996399","0.41991573572158813","0.41991573572158813","0.41991573572158813","0.28999975323677063","0.28999975323677063","0.28999975323677063","0.289394736289978","0.289394736289978","0.289394736289978"
"15990","0.29428520798683167","0.29428520798683167","0.29428520798683167","0.41966134309768677","0.41966134309768677","0.41966134309768677","0.28918686509132385","0.28918686509132385","0.28918686509132385","0.2886463403701782","0.2886463403701782","0.2886463403701782"
"16000","0.28877219557762146","0.28877219557762146","0.28877219557762146","0.4221324920654297","0.4221324920654297","0.4221324920654297","0.2834186553955078","0.2834186553955078","0.2834186553955078","0.2824699282646179","0.2824699282646179","0.2824699282646179"