"Step","zip2zip_Phi-150M_decompress_ms4_scratch_3993 - direction/decompress_acc","zip2zip_Phi-150M_decompress_ms4_scratch_3993 - direction/decompress_acc__MIN","zip2zip_Phi-150M_decompress_ms4_scratch_3993 - direction/decompress_acc__MAX","zip2zip_Phi-50M_decompress_ms4_scratch_fd78 - direction/decompress_acc","zip2zip_Phi-50M_decompress_ms4_scratch_fd78 - direction/decompress_acc__MIN","zip2zip_Phi-50M_decompress_ms4_scratch_fd78 - direction/decompress_acc__MAX","zip2zip_Phi-1B_decompress_ms4_scratch_b4ef - direction/decompress_acc","zip2zip_Phi-1B_decompress_ms4_scratch_b4ef - direction/decompress_acc__MIN","zip2zip_Phi-1B_decompress_ms4_scratch_b4ef - direction/decompress_acc__MAX","zip2zip_Phi-7M_decompress_ms4_scratch_1104 - direction/decompress_acc","zip2zip_Phi-7M_decompress_ms4_scratch_1104 - direction/decompress_acc__MIN","zip2zip_Phi-7M_decompress_ms4_scratch_1104 - direction/decompress_acc__MAX","zip2zip_Phi-20M_decompress_ms4_scratch_r1_c8fe - direction/decompress_acc","zip2zip_Phi-20M_decompress_ms4_scratch_r1_c8fe - direction/decompress_acc__MIN","zip2zip_Phi-20M_decompress_ms4_scratch_r1_c8fe - direction/decompress_acc__MAX"
"10","0.029068710390185985","0.029068710390185985","0.029068710390185985","0","0","0","0.03447392343801054","0.03447392343801054","0.03447392343801054","0","0","0","0","0","0"
"20","0.06128334812584351","0.06128334812584351","0.06128334812584351","0.017236964461395398","0.017236964461395398","0.017236964461395398","0.06614658639563964","0.06614658639563964","0.06614658639563964","0","0","0","0","0","0"
"30","0.07563869344006863","0.07563869344006863","0.07563869344006863","0.05588745248720287","0.05588745248720287","0.05588745248720287","0.07307410058371942","0.07307410058371942","0.07307410058371942","0","0","0","0","0","0"
"40","0.08584201644487927","0.08584201644487927","0.08584201644487927","0.07376892949978311","0.07376892949978311","0.07376892949978311","0.07689833239932498","0.07689833239932498","0.07689833239932498","0","0","0","0.0038557131232922685","0.0038557131232922685","0.0038557131232922685"
"50","0.0906231115332506","0.0906231115332506","0.0906231115332506","0.08440855971210547","0.08440855971210547","0.08440855971210547","0.08611084871173408","0.08611084871173408","0.08611084871173408","0","0","0","0.04056507454227125","0.04056507454227125","0.04056507454227125"
"60","0.09630845060040957","0.09630845060040957","0.09630845060040957","0.0893785031903268","0.0893785031903268","0.0893785031903268","0.09145133429689428","0.09145133429689428","0.09145133429689428","0","0","0","0.05882251143293904","0.05882251143293904","0.05882251143293904"
"70","0.10132524786689556","0.10132524786689556","0.10132524786689556","0.09544268884224741","0.09544268884224741","0.09544268884224741","0.09245841282378758","0.09245841282378758","0.09245841282378758","0","0","0","0.05849563187346925","0.05849563187346925","0.05849563187346925"
"80","0.10334330684789447","0.10334330684789447","0.10334330684789447","0.10011118549500966","0.10011118549500966","0.10011118549500966","0.10148262507067013","0.10148262507067013","0.10148262507067013","0","0","0","0.06530212332416654","0.06530212332416654","0.06530212332416654"
"90","0.11200876918582556","0.11200876918582556","0.11200876918582556","0.10547130495929516","0.10547130495929516","0.10547130495929516","0.11192280944859091","0.11192280944859091","0.11192280944859091","6.46313813794405e-7","6.46313813794405e-7","6.46313813794405e-7","0.07622301962984315","0.07622301962984315","0.07622301962984315"
"100","0.11665842115283108","0.11665842115283108","0.11665842115283108","0.11032497512019666","0.11032497512019666","0.11032497512019666","0.11736836307767147","0.11736836307767147","0.11736836307767147","0.008385592062912952","0.008385592062912952","0.008385592062912952","0.08213932562521052","0.08213932562521052","0.08213932562521052"
"110","0.1282369773365851","0.1282369773365851","0.1282369773365851","0.12387790042631898","0.12387790042631898","0.12387790042631898","0.1331221714889875","0.1331221714889875","0.1331221714889875","0.01880459097223186","0.01880459097223186","0.01880459097223186","0.09818394926059709","0.09818394926059709","0.09818394926059709"
"120","0.16067882300546346","0.16067882300546346","0.16067882300546346","0.11266191202022292","0.11266191202022292","0.11266191202022292","0.1347258551150085","0.1347258551150085","0.1347258551150085","0.036578787251525816","0.036578787251525816","0.036578787251525816","0.09103391605979062","0.09103391605979062","0.09103391605979062"
"130","0.137067967987004","0.137067967987004","0.137067967987004","0.12442199652537156","0.12442199652537156","0.12442199652537156","0.1356742487485858","0.1356742487485858","0.1356742487485858","0.0574789926800731","0.0574789926800731","0.0574789926800731","0.10102852869791683","0.10102852869791683","0.10102852869791683"
"140","0.14325533014642855","0.14325533014642855","0.14325533014642855","0.1320964547021828","0.1320964547021828","0.1320964547021828","0.1523120041864243","0.1523120041864243","0.1523120041864243","0.057687257410516786","0.057687257410516786","0.057687257410516786","0.10725143908335287","0.10725143908335287","0.10725143908335287"
"150","0.15202853663447985","0.15202853663447985","0.15202853663447985","0.14151332380833662","0.14151332380833662","0.14151332380833662","0.15586538430804733","0.15586538430804733","0.15586538430804733","0.05657784127775593","0.05657784127775593","0.05657784127775593","0.10043757451392152","0.10043757451392152","0.10043757451392152"
"160","0.15188063297349083","0.15188063297349083","0.15188063297349083","0.13414663902994065","0.13414663902994065","0.13414663902994065","0.15519074734741367","0.15519074734741367","0.15519074734741367","0.06309315580075872","0.06309315580075872","0.06309315580075872","0.10463749913314173","0.10463749913314173","0.10463749913314173"
"170","0.15150865095592772","0.15150865095592772","0.15150865095592772","0.13729245500588155","0.13729245500588155","0.13729245500588155","0.15474253276076877","0.15474253276076877","0.15474253276076877","0.06663342596923046","0.06663342596923046","0.06663342596923046","0.10566483327471117","0.10566483327471117","0.10566483327471117"
"180","0.15953065075436654","0.15953065075436654","0.15953065075436654","0.14691113605287368","0.14691113605287368","0.14691113605287368","0.1704147001390564","0.1704147001390564","0.1704147001390564","0.06744526225059938","0.06744526225059938","0.06744526225059938","0.11175700391124371","0.11175700391124371","0.11175700391124371"
"190","0.17457921411082628","0.17457921411082628","0.17457921411082628","0.16005469392660907","0.16005469392660907","0.16005469392660907","0.1841978234867249","0.1841978234867249","0.1841978234867249","0.07063749054132383","0.07063749054132383","0.07063749054132383","0.11440297094514387","0.11440297094514387","0.11440297094514387"
"200","0.17180159285049032","0.17180159285049032","0.17180159285049032","0.15897803703235494","0.15897803703235494","0.15897803703235494","0.18362542472143176","0.18362542472143176","0.18362542472143176","0.07208332150864148","0.07208332150864148","0.07208332150864148","0.11948442623585229","0.11948442623585229","0.11948442623585229"
"210","0.19540625690629032","0.19540625690629032","0.19540625690629032","0.17881574145932805","0.17881574145932805","0.17881574145932805","0.2027339915402762","0.2027339915402762","0.2027339915402762","0.08561294450811795","0.08561294450811795","0.08561294450811795","0.13393063643231964","0.13393063643231964","0.13393063643231964"
"220","0.18530047719668158","0.18530047719668158","0.18530047719668158","0.16960524586087408","0.16960524586087408","0.16960524586087408","0.19278901353233688","0.19278901353233688","0.19278901353233688","0.08069733271079964","0.08069733271079964","0.08069733271079964","0.1291830799487381","0.1291830799487381","0.1291830799487381"
"230","0.32169650209349465","0.32169650209349465","0.32169650209349465","0.32249512168160555","0.32249512168160555","0.32249512168160555","0.325161718988762","0.325161718988762","0.325161718988762","0.21239143118423284","0.21239143118423284","0.21239143118423284","0.30498755962307045","0.30498755962307045","0.30498755962307045"
"240","0.41974006142534587","0.41974006142534587","0.41974006142534587","0.36037073693197436","0.36037073693197436","0.36037073693197436","0.4069972410247215","0.4069972410247215","0.4069972410247215","0.2909783823867303","0.2909783823867303","0.2909783823867303","0.32540412427322346","0.32540412427322346","0.32540412427322346"
"250","0.19362607890236952","0.19362607890236952","0.19362607890236952","0.18044324057487177","0.18044324057487177","0.18044324057487177","0.1966808484651087","0.1966808484651087","0.1966808484651087","0.07939474594902696","0.07939474594902696","0.07939474594902696","0.13907344169855876","0.13907344169855876","0.13907344169855876"
"260","0.20642808625494935","0.20642808625494935","0.20642808625494935","0.1926004559721778","0.1926004559721778","0.1926004559721778","0.21496832535360783","0.21496832535360783","0.21496832535360783","0.08298744610977231","0.08298744610977231","0.08298744610977231","0.15374469381175154","0.15374469381175154","0.15374469381175154"
"270","0.20540169519844298","0.20540169519844298","0.20540169519844298","0.18959670172364743","0.18959670172364743","0.18959670172364743","0.20842528721543754","0.20842528721543754","0.20842528721543754","0.08315297362888456","0.08315297362888456","0.08315297362888456","0.15211951413514754","0.15211951413514754","0.15211951413514754"
"280","0.20921445165221586","0.20921445165221586","0.20921445165221586","0.19606146776179656","0.19606146776179656","0.19606146776179656","0.21660213524938748","0.21660213524938748","0.21660213524938748","0.07903532936412222","0.07903532936412222","0.07903532936412222","0.1544437814987369","0.1544437814987369","0.1544437814987369"
"290","0.2092211729297071","0.2092211729297071","0.2092211729297071","0.189079845586792","0.189079845586792","0.189079845586792","0.2068888099175462","0.2068888099175462","0.2068888099175462","0.08679071724652872","0.08679071724652872","0.08679071724652872","0.14824104163486074","0.14824104163486074","0.14824104163486074"
"300","0.21109115355532673","0.21109115355532673","0.21109115355532673","0.19058024872964135","0.19058024872964135","0.19058024872964135","0.21444157124460309","0.21444157124460309","0.21444157124460309","0.0848224078619006","0.0848224078619006","0.0848224078619006","0.15279595033665472","0.15279595033665472","0.15279595033665472"
"310","0.21826018732992644","0.21826018732992644","0.21826018732992644","0.20107441687452093","0.20107441687452093","0.20107441687452093","0.22073123009966045","0.22073123009966045","0.22073123009966045","0.09486857314525128","0.09486857314525128","0.09486857314525128","0.16126825802766562","0.16126825802766562","0.16126825802766562"
"320","0.21837205660495304","0.21837205660495304","0.21837205660495304","0.19912459392281037","0.19912459392281037","0.19912459392281037","0.220165530627935","0.220165530627935","0.220165530627935","0.09715370581483847","0.09715370581483847","0.09715370581483847","0.16029004915137038","0.16029004915137038","0.16029004915137038"
"330","0.22038018945896115","0.22038018945896115","0.22038018945896115","0.20451014050480004","0.20451014050480004","0.20451014050480004","0.22542882573590184","0.22542882573590184","0.22542882573590184","0.10305423103820968","0.10305423103820968","0.10305423103820968","0.16828151821476253","0.16828151821476253","0.16828151821476253"
"340","0.21525491196217122","0.21525491196217122","0.21525491196217122","0.19382687844938498","0.19382687844938498","0.19382687844938498","0.21283618945520522","0.21283618945520522","0.21283618945520522","0.10514228505359856","0.10514228505359856","0.10514228505359856","0.1651717881523099","0.1651717881523099","0.1651717881523099"
"350","0.2219417686449496","0.2219417686449496","0.2219417686449496","0.209425410626169","0.209425410626169","0.209425410626169","0.22424625441267532","0.22424625441267532","0.22424625441267532","0.11097407613101735","0.11097407613101735","0.11097407613101735","0.17015659012709783","0.17015659012709783","0.17015659012709783"
"360","0.26886741158838673","0.26886741158838673","0.26886741158838673","0.2535898945311859","0.2535898945311859","0.2535898945311859","0.2810411893961347","0.2810411893961347","0.2810411893961347","0.1240414342203503","0.1240414342203503","0.1240414342203503","0.19958033605920494","0.19958033605920494","0.19958033605920494"
"370","0.273378029060977","0.273378029060977","0.273378029060977","0.24896545773102277","0.24896545773102277","0.24896545773102277","0.2829643497171813","0.2829643497171813","0.2829643497171813","0.11876320143466533","0.11876320143466533","0.11876320143466533","0.20032289974475664","0.20032289974475664","0.20032289974475664"
"380","0.23692550004294383","0.23692550004294383","0.23692550004294383","0.21318893261861338","0.21318893261861338","0.21318893261861338","0.2430399428089303","0.2430399428089303","0.2430399428089303","0.11857989824839718","0.11857989824839718","0.11857989824839718","0.1735170486982969","0.1735170486982969","0.1735170486982969"
"390","0.23398296758348625","0.23398296758348625","0.23398296758348625","0.21719407485895373","0.21719407485895373","0.21719407485895373","0.23658659958536188","0.23658659958536188","0.23658659958536188","0.11675799888212218","0.11675799888212218","0.11675799888212218","0.17808195223177248","0.17808195223177248","0.17808195223177248"
"400","0.23227031003077436","0.23227031003077436","0.23227031003077436","0.2171339567911503","0.2171339567911503","0.2171339567911503","0.24011335045329785","0.24011335045329785","0.24011335045329785","0.1149509013973218","0.1149509013973218","0.1149509013973218","0.1770473779422773","0.1770473779422773","0.1770473779422773"
"410","0.24858186050416614","0.24858186050416614","0.24858186050416614","0.23186027985303007","0.23186027985303007","0.23186027985303007","0.25963216496113933","0.25963216496113933","0.25963216496113933","0.1325632771247418","0.1325632771247418","0.1325632771247418","0.1919056295539566","0.1919056295539566","0.1919056295539566"
"420","0.2412266196065867","0.2412266196065867","0.2412266196065867","0.22521788110784113","0.22521788110784113","0.22521788110784113","0.25206253891887564","0.25206253891887564","0.25206253891887564","0.12646083049327816","0.12646083049327816","0.12646083049327816","0.18627381318422936","0.18627381318422936","0.18627381318422936"
"430","0.24779072785077086","0.24779072785077086","0.24779072785077086","0.2290881435674328","0.2290881435674328","0.2290881435674328","0.2581990833846893","0.2581990833846893","0.2581990833846893","0.13012215312511471","0.13012215312511471","0.13012215312511471","0.19004409206851497","0.19004409206851497","0.19004409206851497"
"440","0.29666139294449206","0.29666139294449206","0.29666139294449206","0.29294600727041314","0.29294600727041314","0.29294600727041314","0.3247284959032901","0.3247284959032901","0.3247284959032901","0.1849024656019051","0.1849024656019051","0.1849024656019051","0.2363477727257231","0.2363477727257231","0.2363477727257231"
"450","0.24495216589263222","0.24495216589263222","0.24495216589263222","0.22735201775124722","0.22735201775124722","0.22735201775124722","0.25949175417017356","0.25949175417017356","0.25949175417017356","0.12719969703029246","0.12719969703029246","0.12719969703029246","0.18919210864215946","0.18919210864215946","0.18919210864215946"
"460","0.345049621669557","0.345049621669557","0.345049621669557","0.3387444269821307","0.3387444269821307","0.3387444269821307","0.36881574034755493","0.36881574034755493","0.36881574034755493","0.21985004368357955","0.21985004368357955","0.21985004368357955","0.2909845472073466","0.2909845472073466","0.2909845472073466"
"470","0.4789234209181955","0.4789234209181955","0.4789234209181955","0.4668923498411097","0.4668923498411097","0.4668923498411097","0.4898564771845994","0.4898564771845994","0.4898564771845994","0.3261372232385714","0.3261372232385714","0.3261372232385714","0.42533588702250213","0.42533588702250213","0.42533588702250213"
"480","0.38639716450284106","0.38639716450284106","0.38639716450284106","0.37113362887127427","0.37113362887127427","0.37113362887127427","0.40362748000277027","0.40362748000277027","0.40362748000277027","0.2453167165256702","0.2453167165256702","0.2453167165256702","0.3377737571869593","0.3377737571869593","0.3377737571869593"
"490","0.2608752462899643","0.2608752462899643","0.2608752462899643","0.24677251798579766","0.24677251798579766","0.24677251798579766","0.28460770197070784","0.28460770197070784","0.28460770197070784","0.15078702823262452","0.15078702823262452","0.15078702823262452","0.21144389634281235","0.21144389634281235","0.21144389634281235"
"500","0.2571837748440974","0.2571837748440974","0.2571837748440974","0.24290082977356434","0.24290082977356434","0.24290082977356434","0.2854248610506921","0.2854248610506921","0.2854248610506921","0.15001014607100693","0.15001014607100693","0.15001014607100693","0.2080456722306899","0.2080456722306899","0.2080456722306899"
"510","0.2595845444766982","0.2595845444766982","0.2595845444766982","0.24006114118499114","0.24006114118499114","0.24006114118499114","0.28561639958067925","0.28561639958067925","0.28561639958067925","0.14140558352545696","0.14140558352545696","0.14140558352545696","0.2014737394185601","0.2014737394185601","0.2014737394185601"
"520","0.2346247301270649","0.2346247301270649","0.2346247301270649","0.2131572984840238","0.2131572984840238","0.2131572984840238","0.26350341296483903","0.26350341296483903","0.26350341296483903","0.13288946994221007","0.13288946994221007","0.13288946994221007","0.18105381311901494","0.18105381311901494","0.18105381311901494"
"530","0.24960398106770917","0.24960398106770917","0.24960398106770917","0.22718429741037777","0.22718429741037777","0.22718429741037777","0.27347493603998946","0.27347493603998946","0.27347493603998946","0.1372163300904794","0.1372163300904794","0.1372163300904794","0.18816023107968075","0.18816023107968075","0.18816023107968075"
"540","0.2521686400795233","0.2521686400795233","0.2521686400795233","0.23080387883055226","0.23080387883055226","0.23080387883055226","0.2907750930619049","0.2907750930619049","0.2907750930619049","0.14496300821636957","0.14496300821636957","0.14496300821636957","0.197182515234195","0.197182515234195","0.197182515234195"
"550","0.2780969845790563","0.2780969845790563","0.2780969845790563","0.24964658374756252","0.24964658374756252","0.24964658374756252","0.3216681372718338","0.3216681372718338","0.3216681372718338","0.1522117169027485","0.1522117169027485","0.1522117169027485","0.21001811827433642","0.21001811827433642","0.21001811827433642"
"560","0.2681520412806089","0.2681520412806089","0.2681520412806089","0.24361065726340173","0.24361065726340173","0.24361065726340173","0.3276654791942422","0.3276654791942422","0.3276654791942422","0.15228041239245532","0.15228041239245532","0.15228041239245532","0.2094981851836532","0.2094981851836532","0.2094981851836532"
"570","0.2703315945084797","0.2703315945084797","0.2703315945084797","0.243429825499923","0.243429825499923","0.243429825499923","0.34801896615163","0.34801896615163","0.34801896615163","0.15211868719158475","0.15211868719158475","0.15211868719158475","0.20896756078275824","0.20896756078275824","0.20896756078275824"
"580","0.2726306503486881","0.2726306503486881","0.2726306503486881","0.24494328272222357","0.24494328272222357","0.24494328272222357","0.36839611177052295","0.36839611177052295","0.36839611177052295","0.1516700123066398","0.1516700123066398","0.1516700123066398","0.21393749461504136","0.21393749461504136","0.21393749461504136"
"590","0.2812959605867924","0.2812959605867924","0.2812959605867924","0.25233406891868954","0.25233406891868954","0.25233406891868954","0.40752486973919333","0.40752486973919333","0.40752486973919333","0.15625919211735848","0.15625919211735848","0.15625919211735848","0.2142924709836845","0.2142924709836845","0.2142924709836845"
"600","0.28231279273947696","0.28231279273947696","0.28231279273947696","0.24749163879598662","0.24749163879598662","0.24749163879598662","0.4387383634232852","0.4387383634232852","0.4387383634232852","0.15307070652011687","0.15307070652011687","0.15307070652011687","0.21280156465154187","0.21280156465154187","0.21280156465154187"
"610","0.29185019105511456","0.29185019105511456","0.29185019105511456","0.2577416619175115","0.2577416619175115","0.2577416619175115","0.4991548552321674","0.4991548552321674","0.4991548552321674","0.16008846689510048","0.16008846689510048","0.16008846689510048","0.22182575851176894","0.22182575851176894","0.22182575851176894"
"620","0.29381427098987184","0.29381427098987184","0.29381427098987184","0.2564624554476529","0.2564624554476529","0.2564624554476529","0.5299973510715332","0.5299973510715332","0.5299973510715332","0.1619816550479405","0.1619816550479405","0.1619816550479405","0.22322642052797698","0.22322642052797698","0.22322642052797698"
"630","0.30162743285591437","0.30162743285591437","0.30162743285591437","0.26388374467372433","0.26388374467372433","0.26388374467372433","0.5812875818466999","0.5812875818466999","0.5812875818466999","0.16346666065464477","0.16346666065464477","0.16346666065464477","0.2265136607093971","0.2265136607093971","0.2265136607093971"
"640","0.3097424714486968","0.3097424714486968","0.3097424714486968","0.26528383167022895","0.26528383167022895","0.26528383167022895","0.6173399331021886","0.6173399331021886","0.6173399331021886","0.17684803293430718","0.17684803293430718","0.17684803293430718","0.23341056557437606","0.23341056557437606","0.23341056557437606"
"650","0.2888707893762279","0.2888707893762279","0.2888707893762279","0.24794085952146686","0.24794085952146686","0.24794085952146686","0.6058946646872732","0.6058946646872732","0.6058946646872732","0.16018774714338985","0.16018774714338985","0.16018774714338985","0.2136262373616302","0.2136262373616302","0.2136262373616302"
"660","0.3058523371712253","0.3058523371712253","0.3058523371712253","0.27576559415636787","0.27576559415636787","0.27576559415636787","0.6540514210953482","0.6540514210953482","0.6540514210953482","0.174213155341173","0.174213155341173","0.174213155341173","0.23178153459351372","0.23178153459351372","0.23178153459351372"
"670","0.3030459164720191","0.3030459164720191","0.3030459164720191","0.26283338167717507","0.26283338167717507","0.26283338167717507","0.6510636917393097","0.6510636917393097","0.6510636917393097","0.16751777272287782","0.16751777272287782","0.16751777272287782","0.22438984982876103","0.22438984982876103","0.22438984982876103"
"680","0.3131023955119647","0.3131023955119647","0.3131023955119647","0.26684330296165615","0.26684330296165615","0.26684330296165615","0.6956833755864141","0.6956833755864141","0.6956833755864141","0.16770125679893402","0.16770125679893402","0.16770125679893402","0.23033561324361032","0.23033561324361032","0.23033561324361032"
"690","0.2771371924112949","0.2771371924112949","0.2771371924112949","0.23601060054823145","0.23601060054823145","0.23601060054823145","0.705242496115155","0.705242496115155","0.705242496115155","0.15248247532562784","0.15248247532562784","0.15248247532562784","0.20458358946488073","0.20458358946488073","0.20458358946488073"
"700","0.3015311879004142","0.3015311879004142","0.3015311879004142","0.2530487765202239","0.2530487765202239","0.2530487765202239","0.72104101517003","0.72104101517003","0.72104101517003","0.1606166135058425","0.1606166135058425","0.1606166135058425","0.2167354438896285","0.2167354438896285","0.2167354438896285"
"710","0.3301790108998033","0.3301790108998033","0.3301790108998033","0.2726888855376263","0.2726888855376263","0.2726888855376263","0.7248025874599319","0.7248025874599319","0.7248025874599319","0.1734836695469699","0.1734836695469699","0.1734836695469699","0.2318375650153855","0.2318375650153855","0.2318375650153855"
"720","0.3367177451694583","0.3367177451694583","0.3367177451694583","0.2826360165803135","0.2826360165803135","0.2826360165803135","0.7459797984191012","0.7459797984191012","0.7459797984191012","0.18489441594432127","0.18489441594432127","0.18489441594432127","0.24429675972679962","0.24429675972679962","0.24429675972679962"
"730","0.32600493229341365","0.32600493229341365","0.32600493229341365","0.26848357037385445","0.26848357037385445","0.26848357037385445","0.7621935468946985","0.7621935468946985","0.7621935468946985","0.17205646306498726","0.17205646306498726","0.17205646306498726","0.2301747635699112","0.2301747635699112","0.2301747635699112"
"740","0.3357557925519622","0.3357557925519622","0.3357557925519622","0.27338514988966417","0.27338514988966417","0.27338514988966417","0.7586836264419362","0.7586836264419362","0.7586836264419362","0.17645029061188222","0.17645029061188222","0.17645029061188222","0.23292099031464442","0.23292099031464442","0.23292099031464442"
"750","0.3262803813923671","0.3262803813923671","0.3262803813923671","0.26963946820797485","0.26963946820797485","0.26963946820797485","0.7319530586182159","0.7319530586182159","0.7319530586182159","0.16941776099886538","0.16941776099886538","0.16941776099886538","0.23121530657413392","0.23121530657413392","0.23121530657413392"
"760","0.33321105725140837","0.33321105725140837","0.33321105725140837","0.2718452930631756","0.2718452930631756","0.2718452930631756","0.7434100328164293","0.7434100328164293","0.7434100328164293","0.17574843506852467","0.17574843506852467","0.17574843506852467","0.23334302594958348","0.23334302594958348","0.23334302594958348"
"770","0.340626851457616","0.340626851457616","0.340626851457616","0.2767128385603259","0.2767128385603259","0.2767128385603259","0.7881754811932287","0.7881754811932287","0.7881754811932287","0.17919880705558394","0.17919880705558394","0.17919880705558394","0.2378264945563512","0.2378264945563512","0.2378264945563512"
"780","0.35996367571552634","0.35996367571552634","0.35996367571552634","0.2830580746977296","0.2830580746977296","0.2830580746977296","0.7948663469839516","0.7948663469839516","0.7948663469839516","0.18243353507091747","0.18243353507091747","0.18243353507091747","0.24005001948686508","0.24005001948686508","0.24005001948686508"
"790","0.5053168874676413","0.5053168874676413","0.5053168874676413","0.4448819856860058","0.4448819856860058","0.4448819856860058","0.8549961930866453","0.8549961930866453","0.8549961930866453","0.3086486980356327","0.3086486980356327","0.3086486980356327","0.4108920359372621","0.4108920359372621","0.4108920359372621"
"800","0.3645112737876154","0.3645112737876154","0.3645112737876154","0.27928495689808985","0.27928495689808985","0.27928495689808985","0.7990166341257016","0.7990166341257016","0.7990166341257016","0.17990905522448167","0.17990905522448167","0.17990905522448167","0.23911619418544783","0.23911619418544783","0.23911619418544783"
"810","0.3691622135305418","0.3691622135305418","0.3691622135305418","0.2767763728406873","0.2767763728406873","0.2767763728406873","0.7866702649882458","0.7866702649882458","0.7866702649882458","0.18146540367284605","0.18146540367284605","0.18146540367284605","0.23729864960618843","0.23729864960618843","0.23729864960618843"
"820","0.4037224457963671","0.4037224457963671","0.4037224457963671","0.29097544875536174","0.29097544875536174","0.29097544875536174","0.8281030576277579","0.8281030576277579","0.8281030576277579","0.1896916885639064","0.1896916885639064","0.1896916885639064","0.24991653137528258","0.24991653137528258","0.24991653137528258"
"830","0.40628536158831396","0.40628536158831396","0.40628536158831396","0.2847668706923156","0.2847668706923156","0.2847668706923156","0.8140057607242053","0.8140057607242053","0.8140057607242053","0.18355236086822344","0.18355236086822344","0.18355236086822344","0.24223716695813188","0.24223716695813188","0.24223716695813188"
"840","0.43617592234578517","0.43617592234578517","0.43617592234578517","0.28814597227752736","0.28814597227752736","0.28814597227752736","0.8201431329587331","0.8201431329587331","0.8201431329587331","0.18575736648693292","0.18575736648693292","0.18575736648693292","0.24517081759941622","0.24517081759941622","0.24517081759941622"
"850","0.4769534108359356","0.4769534108359356","0.4769534108359356","0.28249286295849696","0.28249286295849696","0.28249286295849696","0.8349816807346258","0.8349816807346258","0.8349816807346258","0.17959063785053953","0.17959063785053953","0.17959063785053953","0.2366154706324913","0.2366154706324913","0.2366154706324913"
"860","0.6360295937272843","0.6360295937272843","0.6360295937272843","0.467096447953669","0.467096447953669","0.467096447953669","0.8821671376530507","0.8821671376530507","0.8821671376530507","0.32967834382940253","0.32967834382940253","0.32967834382940253","0.43116572260680974","0.43116572260680974","0.43116572260680974"
"870","0.5460371819960861","0.5460371819960861","0.5460371819960861","0.27903457273320287","0.27903457273320287","0.27903457273320287","0.8405212002609262","0.8405212002609262","0.8405212002609262","0.18140117416829746","0.18140117416829746","0.18140117416829746","0.23534768427919112","0.23534768427919112","0.23534768427919112"
"880","0.5758122439454442","0.5758122439454442","0.5758122439454442","0.27911761655344086","0.27911761655344086","0.27911761655344086","0.8433224861276772","0.8433224861276772","0.8433224861276772","0.18269654618057357","0.18269654618057357","0.18269654618057357","0.23593061245656796","0.23593061245656796","0.23593061245656796"
"890","0.6143610003960945","0.6143610003960945","0.6143610003960945","0.3057156499287602","0.3057156499287602","0.3057156499287602","0.8498140644699422","0.8498140644699422","0.8498140644699422","0.18777867282276775","0.18777867282276775","0.18777867282276775","0.2521373526010311","0.2521373526010311","0.2521373526010311"
"900","0.6456273897117107","0.6456273897117107","0.6456273897117107","0.2990370946023332","0.2990370946023332","0.2990370946023332","0.9150616625696328","0.9150616625696328","0.9150616625696328","0.18835765131578522","0.18835765131578522","0.18835765131578522","0.2478337702136691","0.2478337702136691","0.2478337702136691"
"910","0.6602106996394569","0.6602106996394569","0.6602106996394569","0.2978190625879098","0.2978190625879098","0.2978190625879098","0.9401871365857057","0.9401871365857057","0.9401871365857057","0.18935868748887014","0.18935868748887014","0.18935868748887014","0.24529384134554585","0.24529384134554585","0.24529384134554585"
"920","0.6706272402708469","0.6706272402708469","0.6706272402708469","0.29487929777956545","0.29487929777956545","0.29487929777956545","0.9489074365190581","0.9489074365190581","0.9489074365190581","0.18835961249578864","0.18835961249578864","0.18835961249578864","0.2455055551280418","0.2455055551280418","0.2455055551280418"
"930","0.7192782887593755","0.7192782887593755","0.7192782887593755","0.3509796702816708","0.3509796702816708","0.3509796702816708","0.9585393552895956","0.9585393552895956","0.9585393552895956","0.20612013128829762","0.20612013128829762","0.20612013128829762","0.2887780953212944","0.2887780953212944","0.2887780953212944"
"940","0.728621254026887","0.728621254026887","0.728621254026887","0.3272062988739118","0.3272062988739118","0.3272062988739118","0.9719358053550158","0.9719358053550158","0.9719358053550158","0.21398428353893686","0.21398428353893686","0.21398428353893686","0.2769621413406166","0.2769621413406166","0.2769621413406166"
"950","0.8593447542542103","0.8593447542542103","0.8593447542542103","0.6904144660876755","0.6904144660876755","0.6904144660876755","0.9763403782768696","0.9763403782768696","0.9763403782768696","0.5463502887228724","0.5463502887228724","0.5463502887228724","0.6561707934738322","0.6561707934738322","0.6561707934738322"
"960","0.8608559249036114","0.8608559249036114","0.8608559249036114","0.6728540645562548","0.6728540645562548","0.6728540645562548","0.9709130838009429","0.9709130838009429","0.9709130838009429","0.6192964254361221","0.6192964254361221","0.6192964254361221","0.648240237992366","0.648240237992366","0.648240237992366"
"970","0.7467169900046637","0.7467169900046637","0.7467169900046637","0.3119101724541089","0.3119101724541089","0.3119101724541089","0.969466876641505","0.969466876641505","0.969466876641505","0.2110008125974568","0.2110008125974568","0.2110008125974568","0.26287721510320244","0.26287721510320244","0.26287721510320244"
"980","0.7697116326166917","0.7697116326166917","0.7697116326166917","0.36120576142830424","0.36120576142830424","0.36120576142830424","0.9743200447856404","0.9743200447856404","0.9743200447856404","0.2900506231387857","0.2900506231387857","0.2900506231387857","0.3275132571666785","0.3275132571666785","0.3275132571666785"
"990","0.783523859970145","0.783523859970145","0.783523859970145","0.3174844705542447","0.3174844705542447","0.3174844705542447","0.9808606603425306","0.9808606603425306","0.9808606603425306","0.23004767178696972","0.23004767178696972","0.23004767178696972","0.2757869055071347","0.2757869055071347","0.2757869055071347"
"1000","0.8128693621102492","0.8128693621102492","0.8128693621102492","0.2961858407657026","0.2961858407657026","0.2961858407657026","0.9804052951960905","0.9804052951960905","0.9804052951960905","0.18534295463590633","0.18534295463590633","0.18534295463590633","0.24336306281031636","0.24336306281031636","0.24336306281031636"
"1010","0.8324898215530183","0.8324898215530183","0.8324898215530183","0.31215255411935117","0.31215255411935117","0.31215255411935117","0.9800066794550131","0.9800066794550131","0.9800066794550131","0.19475437559000244","0.19475437559000244","0.19475437559000244","0.2546918667017585","0.2546918667017585","0.2546918667017585"
"1020","0.858962237666561","0.858962237666561","0.858962237666561","0.3200721261665807","0.3200721261665807","0.3200721261665807","0.9847635409197893","0.9847635409197893","0.9847635409197893","0.2026289652128064","0.2026289652128064","0.2026289652128064","0.25917791917042","0.25917791917042","0.25917791917042"
"1030","0.869946946533558","0.869946946533558","0.869946946533558","0.31401266846204406","0.31401266846204406","0.31401266846204406","0.9826866937201215","0.9826866937201215","0.9826866937201215","0.19475385298457254","0.19475385298457254","0.19475385298457254","0.24731161947822894","0.24731161947822894","0.24731161947822894"
"1040","0.867556014909851","0.867556014909851","0.867556014909851","0.30480631609296005","0.30480631609296005","0.30480631609296005","0.9809250697612159","0.9809250697612159","0.9809250697612159","0.18674189379820216","0.18674189379820216","0.18674189379820216","0.24123737347735205","0.24123737347735205","0.24123737347735205"
"1050","0.890866577468832","0.890866577468832","0.890866577468832","0.32392206467355644","0.32392206467355644","0.32392206467355644","0.9809256325869422","0.9809256325869422","0.9809256325869422","0.1926628373113517","0.1926628373113517","0.1926628373113517","0.24855117597604987","0.24855117597604987","0.24855117597604987"
"1060","0.9037604870923123","0.9037604870923123","0.9037604870923123","0.3391619375105033","0.3391619375105033","0.3391619375105033","0.9812111379707072","0.9812111379707072","0.9812111379707072","0.20034386028413717","0.20034386028413717","0.20034386028413717","0.25930361828923043","0.25930361828923043","0.25930361828923043"
"1070","0.9167294861769347","0.9167294861769347","0.9167294861769347","0.35528624579087953","0.35528624579087953","0.35528624579087953","0.98614621822282","0.98614621822282","0.98614621822282","0.1982366168846045","0.1982366168846045","0.1982366168846045","0.25852670863735205","0.25852670863735205","0.25852670863735205"
"1080","0.9172467081193854","0.9172467081193854","0.9172467081193854","0.3715054276259986","0.3715054276259986","0.3715054276259986","0.985292244227486","0.985292244227486","0.985292244227486","0.20429920984622632","0.20429920984622632","0.20429920984622632","0.26789112867861936","0.26789112867861936","0.26789112867861936"
"1090","0.9269056372431508","0.9269056372431508","0.9269056372431508","0.38680221672026915","0.38680221672026915","0.38680221672026915","0.9849280154037638","0.9849280154037638","0.9849280154037638","0.20298435139708482","0.20298435139708482","0.20298435139708482","0.2660351992881129","0.2660351992881129","0.2660351992881129"
"1100","0.9319455176202529","0.9319455176202529","0.9319455176202529","0.4104899062631001","0.4104899062631001","0.4104899062631001","0.9863073046637474","0.9863073046637474","0.9863073046637474","0.21689650530001742","0.21689650530001742","0.21689650530001742","0.2712283036817782","0.2712283036817782","0.2712283036817782"
"1110","0.9247873901510459","0.9247873901510459","0.9247873901510459","0.40728690803530493","0.40728690803530493","0.40728690803530493","0.9850537734656267","0.9850537734656267","0.9850537734656267","0.1889063571590037","0.1889063571590037","0.1889063571590037","0.24705781685221204","0.24705781685221204","0.24705781685221204"
"1120","0.9491383116039498","0.9491383116039498","0.9491383116039498","0.462694641780269","0.462694641780269","0.462694641780269","0.9919735614880906","0.9919735614880906","0.9919735614880906","0.20602764978149962","0.20602764978149962","0.20602764978149962","0.26570109822207083","0.26570109822207083","0.26570109822207083"
"1130","0.9552080819371583","0.9552080819371583","0.9552080819371583","0.5890579077668641","0.5890579077668641","0.5890579077668641","0.9916782951574065","0.9916782951574065","0.9916782951574065","0.3739462530855573","0.3739462530855573","0.3739462530855573","0.4203368239975757","0.4203368239975757","0.4203368239975757"
"1140","0.9482320634721862","0.9482320634721862","0.9482320634721862","0.5166679657900353","0.5166679657900353","0.5166679657900353","0.9905632530389903","0.9905632530389903","0.9905632530389903","0.22198525644056383","0.22198525644056383","0.22198525644056383","0.2809582163589874","0.2809582163589874","0.2809582163589874"
"1150","0.9524098346678241","0.9524098346678241","0.9524098346678241","0.532402419394428","0.532402419394428","0.532402419394428","0.992135805435628","0.992135805435628","0.992135805435628","0.20198352104051528","0.20198352104051528","0.20198352104051528","0.2606856156614708","0.2606856156614708","0.2606856156614708"
"1160","0.9553648866705978","0.9553648866705978","0.9553648866705978","0.5697590006991947","0.5697590006991947","0.5697590006991947","0.9930736421422104","0.9930736421422104","0.9930736421422104","0.23957289264113482","0.23957289264113482","0.23957289264113482","0.29286261014863935","0.29286261014863935","0.29286261014863935"
"1170","0.9625034129570511","0.9625034129570511","0.9625034129570511","0.5884908897668633","0.5884908897668633","0.5884908897668633","0.9932060161880055","0.9932060161880055","0.9932060161880055","0.20543557803274223","0.20543557803274223","0.20543557803274223","0.2650969996604963","0.2650969996604963","0.2650969996604963"
"1180","0.9616081823847556","0.9616081823847556","0.9616081823847556","0.5998888150388338","0.5998888150388338","0.5998888150388338","0.9881204240560766","0.9881204240560766","0.9881204240560766","0.19875444367718048","0.19875444367718048","0.19875444367718048","0.25768959203920855","0.25768959203920855","0.25768959203920855"
"1190","0.9644249603701917","0.9644249603701917","0.9644249603701917","0.6027660028096745","0.6027660028096745","0.6027660028096745","0.9905938384263246","0.9905938384263246","0.9905938384263246","0.20139607714817392","0.20139607714817392","0.20139607714817392","0.25898087785258933","0.25898087785258933","0.25898087785258933"
"1200","0.9674570377300942","0.9674570377300942","0.9674570377300942","0.6321975395711045","0.6321975395711045","0.6321975395711045","0.9930992678428713","0.9930992678428713","0.9930992678428713","0.19996615269382087","0.19996615269382087","0.19996615269382087","0.2675339985251326","0.2675339985251326","0.2675339985251326"
"1210","0.9478326807528381","0.9478326807528381","0.9478326807528381","0.7084184404106545","0.7084184404106545","0.7084184404106545","0.9931097472357809","0.9931097472357809","0.9931097472357809","0.3857623334065067","0.3857623334065067","0.3857623334065067","0.4092309076878827","0.4092309076878827","0.4092309076878827"
"1220","0.977592853312893","0.977592853312893","0.977592853312893","0.7306106879919528","0.7306106879919528","0.7306106879919528","0.9947891762364675","0.9947891762364675","0.9947891762364675","0.42197577269201914","0.42197577269201914","0.42197577269201914","0.4495369197744717","0.4495369197744717","0.4495369197744717"
"1230","0.968951538781552","0.968951538781552","0.968951538781552","0.6686687112805281","0.6686687112805281","0.6686687112805281","0.9891732213633124","0.9891732213633124","0.9891732213633124","0.2304937710225972","0.2304937710225972","0.2304937710225972","0.2738692543609292","0.2738692543609292","0.2738692543609292"
"1240","0.9712499716893529","0.9712499716893529","0.9712499716893529","0.666490871029634","0.666490871029634","0.666490871029634","0.9932953916737578","0.9932953916737578","0.9932953916737578","0.2044992898071964","0.2044992898071964","0.2044992898071964","0.25811609630149707","0.25811609630149707","0.25811609630149707"
"1250","0.9570945119834324","0.9570945119834324","0.9570945119834324","0.736735809013763","0.736735809013763","0.736735809013763","0.9882463041397861","0.9882463041397861","0.9882463041397861","0.38115375442642846","0.38115375442642846","0.38115375442642846","0.4239409024631018","0.4239409024631018","0.4239409024631018"
"1260","0.9774972764701166","0.9774972764701166","0.9774972764701166","0.7841803000363138","0.7841803000363138","0.7841803000363138","0.9830469107389609","0.9830469107389609","0.9830469107389609","0.460495257992558","0.460495257992558","0.460495257992558","0.5023928155403907","0.5023928155403907","0.5023928155403907"
"1270","0.9756906862172005","0.9756906862172005","0.9756906862172005","0.7276634019588247","0.7276634019588247","0.7276634019588247","0.9921374219493461","0.9921374219493461","0.9921374219493461","0.27468801737825227","0.27468801737825227","0.27468801737825227","0.32338018572504296","0.32338018572504296","0.32338018572504296"
"1280","0.9730437564780241","0.9730437564780241","0.9730437564780241","0.737910721892161","0.737910721892161","0.737910721892161","0.9911288988684253","0.9911288988684253","0.9911288988684253","0.21721074085924064","0.21721074085924064","0.21721074085924064","0.27939913313421094","0.27939913313421094","0.27939913313421094"
"1290","0.9726061386778875","0.9726061386778875","0.9726061386778875","0.7666591458252581","0.7666591458252581","0.7666591458252581","0.99297540556298","0.99297540556298","0.99297540556298","0.2052771880023938","0.2052771880023938","0.2052771880023938","0.2662808539304753","0.2662808539304753","0.2662808539304753"
"1300","0.9751814978217684","0.9751814978217684","0.9751814978217684","0.7956521711115134","0.7956521711115134","0.7956521711115134","0.9933741294000376","0.9933741294000376","0.9933741294000376","0.21182811010943028","0.21182811010943028","0.21182811010943028","0.2751975421841081","0.2751975421841081","0.2751975421841081"
"1310","0.9720257958322885","0.9720257958322885","0.9720257958322885","0.799086344025873","0.799086344025873","0.799086344025873","0.9939721852516251","0.9939721852516251","0.9939721852516251","0.2142224279716323","0.2142224279716323","0.2142224279716323","0.2716721640337172","0.2716721640337172","0.2716721640337172"
"1320","0.9513826201986431","0.9513826201986431","0.9513826201986431","0.8060849548463324","0.8060849548463324","0.8060849548463324","0.9742764782049046","0.9742764782049046","0.9742764782049046","0.20403881191043366","0.20403881191043366","0.20403881191043366","0.2654192804187266","0.2654192804187266","0.2654192804187266"
"1330","0.9745343029404726","0.9745343029404726","0.9745343029404726","0.8282556335255564","0.8282556335255564","0.8282556335255564","0.9923908484319796","0.9923908484319796","0.9923908484319796","0.20870098890664443","0.20870098890664443","0.20870098890664443","0.2658873526482781","0.2658873526482781","0.2658873526482781"
"1340","0.9761466370726084","0.9761466370726084","0.9761466370726084","0.8358122072305885","0.8358122072305885","0.8358122072305885","0.9927178236266309","0.9927178236266309","0.9927178236266309","0.20966604782391324","0.20966604782391324","0.20966604782391324","0.27198425613084226","0.27198425613084226","0.27198425613084226"
"1350","0.9809855479597688","0.9809855479597688","0.9809855479597688","0.850196838978628","0.850196838978628","0.850196838978628","0.9950632397569634","0.9950632397569634","0.9950632397569634","0.1996823515009375","0.1996823515009375","0.1996823515009375","0.261766847290323","0.261766847290323","0.261766847290323"
"1360","0.9858798978169331","0.9858798978169331","0.9858798978169331","0.8771897184631428","0.8771897184631428","0.8771897184631428","0.9966960287944441","0.9966960287944441","0.9966960287944441","0.21107425576080785","0.21107425576080785","0.21107425576080785","0.2694027806960652","0.2694027806960652","0.2694027806960652"
"1370","0.9848738922621146","0.9848738922621146","0.9848738922621146","0.883330716545222","0.883330716545222","0.883330716545222","0.9964853532792645","0.9964853532792645","0.9964853532792645","0.2140582007994502","0.2140582007994502","0.2140582007994502","0.2746720220736802","0.2746720220736802","0.2746720220736802"
"1380","0.9843558651006018","0.9843558651006018","0.9843558651006018","0.9179139059044013","0.9179139059044013","0.9179139059044013","0.997248652570794","0.997248652570794","0.997248652570794","0.41002447454641133","0.41002447454641133","0.41002447454641133","0.44297841515379816","0.44297841515379816","0.44297841515379816"
"1390","0.9884313046037438","0.9884313046037438","0.9884313046037438","0.9307640548642279","0.9307640548642279","0.9307640548642279","0.9970284645563702","0.9970284645563702","0.9970284645563702","0.4591864828365347","0.4591864828365347","0.4591864828365347","0.5010009944675327","0.5010009944675327","0.5010009944675327"
"1400","0.9765434967656219","0.9765434967656219","0.9765434967656219","0.8890757331972731","0.8890757331972731","0.8890757331972731","0.9924577484888976","0.9924577484888976","0.9924577484888976","0.2607879960495374","0.2607879960495374","0.2607879960495374","0.3187283248674549","0.3187283248674549","0.3187283248674549"
"1410","0.9803018045850346","0.9803018045850346","0.9803018045850346","0.8979947639643542","0.8979947639643542","0.8979947639643542","0.9949945537585436","0.9949945537585436","0.9949945537585436","0.21223525215142464","0.21223525215142464","0.21223525215142464","0.26800349069043056","0.26800349069043056","0.26800349069043056"
"1420","0.9841038370705198","0.9841038370705198","0.9841038370705198","0.9117892785494807","0.9117892785494807","0.9117892785494807","0.9952125498362071","0.9952125498362071","0.9952125498362071","0.21769090124177862","0.21769090124177862","0.21769090124177862","0.28232370044947813","0.28232370044947813","0.28232370044947813"
"1430","0.9847257904914074","0.9847257904914074","0.9847257904914074","0.9183979166639648","0.9183979166639648","0.9183979166639648","0.9958739208192242","0.9958739208192242","0.9958739208192242","0.2070470812674838","0.2070470812674838","0.2070470812674838","0.2670947292791455","0.2670947292791455","0.2670947292791455"
"1440","0.9864970692539268","0.9864970692539268","0.9864970692539268","0.9224738737819762","0.9224738737819762","0.9224738737819762","0.9960572604319259","0.9960572604319259","0.9960572604319259","0.20953075136724034","0.20953075136724034","0.20953075136724034","0.2714815391081416","0.2714815391081416","0.2714815391081416"
"1450","0.9864344538880158","0.9864344538880158","0.9864344538880158","0.92767594003779","0.92767594003779","0.92767594003779","0.9953396179438863","0.9953396179438863","0.9953396179438863","0.22419628674859865","0.22419628674859865","0.22419628674859865","0.28474458288486915","0.28474458288486915","0.28474458288486915"
"1460","0.985616529640241","0.985616529640241","0.985616529640241","0.9289033400948482","0.9289033400948482","0.9289033400948482","0.9949801969022867","0.9949801969022867","0.9949801969022867","0.22320906472370358","0.22320906472370358","0.22320906472370358","0.2869877291576462","0.2869877291576462","0.2869877291576462"
"1470","0.9819317917491149","0.9819317917491149","0.9819317917491149","0.9298690704929055","0.9298690704929055","0.9298690704929055","0.990689952936753","0.990689952936753","0.990689952936753","0.22292620597578966","0.22292620597578966","0.22292620597578966","0.2854556404202235","0.2854556404202235","0.2854556404202235"
"1480","0.9806742822776993","0.9806742822776993","0.9806742822776993","0.9320272765191074","0.9320272765191074","0.9320272765191074","0.9936975591460083","0.9936975591460083","0.9936975591460083","0.2116096573621705","0.2116096573621705","0.2116096573621705","0.27372743527646737","0.27372743527646737","0.27372743527646737"
"1490","0.9840364799501305","0.9840364799501305","0.9840364799501305","0.9336447171754184","0.9336447171754184","0.9336447171754184","0.9945996176070755","0.9945996176070755","0.9945996176070755","0.2138335051675851","0.2138335051675851","0.2138335051675851","0.2764414918862249","0.2764414918862249","0.2764414918862249"
"1500","0.9887393804601109","0.9887393804601109","0.9887393804601109","0.9457659800398637","0.9457659800398637","0.9457659800398637","0.9959821173026224","0.9959821173026224","0.9959821173026224","0.21591665546478997","0.21591665546478997","0.21591665546478997","0.2843615155399508","0.2843615155399508","0.2843615155399508"
"1510","0.9895144529307509","0.9895144529307509","0.9895144529307509","0.9471349152715264","0.9471349152715264","0.9471349152715264","0.9963475588764074","0.9963475588764074","0.9963475588764074","0.2211757430476749","0.2211757430476749","0.2211757430476749","0.2892001479082459","0.2892001479082459","0.2892001479082459"
"1520","0.9899633435467481","0.9899633435467481","0.9899633435467481","0.9472983943277947","0.9472983943277947","0.9472983943277947","0.9965297529176365","0.9965297529176365","0.9965297529176365","0.20669856028774963","0.20669856028774963","0.20669856028774963","0.26531996140884706","0.26531996140884706","0.26531996140884706"
"1530","0.9909999884244224","0.9909999884244224","0.9909999884244224","0.9537639276706465","0.9537639276706465","0.9537639276706465","0.9972797392665457","0.9972797392665457","0.9972797392665457","0.21915462270691025","0.21915462270691025","0.21915462270691025","0.28209232423450065","0.28209232423450065","0.28209232423450065"
"1540","0.9873435345496535","0.9873435345496535","0.9873435345496535","0.9486403097279853","0.9486403097279853","0.9486403097279853","0.9950107328002167","0.9950107328002167","0.9950107328002167","0.21588735445575666","0.21588735445575666","0.21588735445575666","0.27879670013495034","0.27879670013495034","0.27879670013495034"
"1550","0.9863075127426305","0.9863075127426305","0.9863075127426305","0.9552792779458259","0.9552792779458259","0.9552792779458259","0.996221269891643","0.996221269891643","0.996221269891643","0.22677586203652542","0.22677586203652542","0.22677586203652542","0.2997859451309573","0.2997859451309573","0.2997859451309573"
"1560","0.9933924313526057","0.9933924313526057","0.9933924313526057","0.9709276724292818","0.9709276724292818","0.9709276724292818","0.9981436197587559","0.9981436197587559","0.9981436197587559","0.3995925464627978","0.3995925464627978","0.3995925464627978","0.4472372031268557","0.4472372031268557","0.4472372031268557"
"1570","0.9914373846775059","0.9914373846775059","0.9914373846775059","0.9609941629567538","0.9609941629567538","0.9609941629567538","0.9971281184991336","0.9971281184991336","0.9971281184991336","0.2268843887205017","0.2268843887205017","0.2268843887205017","0.29558656662253957","0.29558656662253957","0.29558656662253957"
"1580","0.9886716726670971","0.9886716726670971","0.9886716726670971","0.9578500895114774","0.9578500895114774","0.9578500895114774","0.9957355109882284","0.9957355109882284","0.9957355109882284","0.21382289692735806","0.21382289692735806","0.21382289692735806","0.28200107171073263","0.28200107171073263","0.28200107171073263"
"1590","0.9873428708652638","0.9873428708652638","0.9873428708652638","0.9565403847031722","0.9565403847031722","0.9565403847031722","0.9951174317459521","0.9951174317459521","0.9951174317459521","0.2167599266778926","0.2167599266778926","0.2167599266778926","0.2892442692189241","0.2892442692189241","0.2892442692189241"
"1600","0.9917683914032357","0.9917683914032357","0.9917683914032357","0.9674188250256506","0.9674188250256506","0.9674188250256506","0.996969389599564","0.996969389599564","0.996969389599564","0.22028720901653734","0.22028720901653734","0.22028720901653734","0.28529350951316473","0.28529350951316473","0.28529350951316473"
"1610","0.9875862768290564","0.9875862768290564","0.9875862768290564","0.9575724824292983","0.9575724824292983","0.9575724824292983","0.9948717726762063","0.9948717726762063","0.9948717726762063","0.31738063454238885","0.31738063454238885","0.31738063454238885","0.37215447996473183","0.37215447996473183","0.37215447996473183"
"1620","0.9935981906545847","0.9935981906545847","0.9935981906545847","0.975660978855398","0.975660978855398","0.975660978855398","0.9970030947777909","0.9970030947777909","0.9970030947777909","0.4590901506589005","0.4590901506589005","0.4590901506589005","0.5094308474290468","0.5094308474290468","0.5094308474290468"
"1630","0.9913530729423645","0.9913530729423645","0.9913530729423645","0.9745659695354826","0.9745659695354826","0.9745659695354826","0.995807017192504","0.995807017192504","0.995807017192504","0.3833802760486554","0.3833802760486554","0.3833802760486554","0.44253902132176365","0.44253902132176365","0.44253902132176365"
"1640","0.9914358298228125","0.9914358298228125","0.9914358298228125","0.970748946843747","0.970748946843747","0.970748946843747","0.9947120300993665","0.9947120300993665","0.9947120300993665","0.22251728462552658","0.22251728462552658","0.22251728462552658","0.2955796379071936","0.2955796379071936","0.2955796379071936"
"1650","0.9905517117382807","0.9905517117382807","0.9905517117382807","0.9678186477092962","0.9678186477092962","0.9678186477092962","0.9954119955555728","0.9954119955555728","0.9954119955555728","0.22189087353172862","0.22189087353172862","0.22189087353172862","0.2862690999776226","0.2862690999776226","0.2862690999776226"
"1660","0.9905643985270628","0.9905643985270628","0.9905643985270628","0.9672257323820936","0.9672257323820936","0.9672257323820936","0.9962101857131274","0.9962101857131274","0.9962101857131274","0.21532696399129417","0.21532696399129417","0.21532696399129417","0.28566087179242966","0.28566087179242966","0.28566087179242966"
"1670","0.9897399492724374","0.9897399492724374","0.9897399492724374","0.9609700344778375","0.9609700344778375","0.9609700344778375","0.9956561232308594","0.9956561232308594","0.9956561232308594","0.23317528694270578","0.23317528694270578","0.23317528694270578","0.31323994284114776","0.31323994284114776","0.31323994284114776"
"1680","0.9936326194808165","0.9936326194808165","0.9936326194808165","0.9705305922589753","0.9705305922589753","0.9705305922589753","0.9974634871397182","0.9974634871397182","0.9974634871397182","0.25585473399548625","0.25585473399548625","0.25585473399548625","0.320501635497758","0.320501635497758","0.320501635497758"
"1690","0.9861739967413374","0.9861739967413374","0.9861739967413374","0.9720005390653093","0.9720005390653093","0.9720005390653093","0.9979759502782509","0.9979759502782509","0.9979759502782509","0.2376600988839943","0.2376600988839943","0.2376600988839943","0.3075552813390791","0.3075552813390791","0.3075552813390791"
"1700","0.9940927548454097","0.9940927548454097","0.9940927548454097","0.9776170891054081","0.9776170891054081","0.9776170891054081","0.9981318745157528","0.9981318745157528","0.9981318745157528","0.21443561004871356","0.21443561004871356","0.21443561004871356","0.276053725252396","0.276053725252396","0.276053725252396"
"1710","0.9900725315366401","0.9900725315366401","0.9900725315366401","0.9702922565874713","0.9702922565874713","0.9702922565874713","0.9971840848983922","0.9971840848983922","0.9971840848983922","0.21778448305269654","0.21778448305269654","0.21778448305269654","0.28824093162700676","0.28824093162700676","0.28824093162700676"
"1720","0.9937264016556383","0.9937264016556383","0.9937264016556383","0.975823333412651","0.975823333412651","0.975823333412651","0.9972165931692057","0.9972165931692057","0.9972165931692057","0.22217927635281096","0.22217927635281096","0.22217927635281096","0.28705233486545045","0.28705233486545045","0.28705233486545045"
"1730","0.9952505341606191","0.9952505341606191","0.9952505341606191","0.9779384680747676","0.9779384680747676","0.9779384680747676","0.9978536130305957","0.9978536130305957","0.9978536130305957","0.21493298062599922","0.21493298062599922","0.21493298062599922","0.28030358642813014","0.28030358642813014","0.28030358642813014"
"1740","0.9943978692729644","0.9943978692729644","0.9943978692729644","0.9787849103818863","0.9787849103818863","0.9787849103818863","0.9979124135498311","0.9979124135498311","0.9979124135498311","0.33901986064730544","0.33901986064730544","0.33901986064730544","0.3996975242711884","0.3996975242711884","0.3996975242711884"
"1750","0.9955999690230253","0.9955999690230253","0.9955999690230253","0.9855088056780086","0.9855088056780086","0.9855088056780086","0.998520317407582","0.998520317407582","0.998520317407582","0.4627912737152684","0.4627912737152684","0.4627912737152684","0.5108546511868497","0.5108546511868497","0.5108546511868497"
"1760","0.9955029878171178","0.9955029878171178","0.9955029878171178","0.9825838827725708","0.9825838827725708","0.9825838827725708","0.9983027345861063","0.9983027345861063","0.9983027345861063","0.35269582940876737","0.35269582940876737","0.35269582940876737","0.41394561709618144","0.41394561709618144","0.41394561709618144"
"1770","0.993798549569154","0.993798549569154","0.993798549569154","0.9754852802525774","0.9754852802525774","0.9754852802525774","0.9975136747886624","0.9975136747886624","0.9975136747886624","0.22930046490132258","0.22930046490132258","0.22930046490132258","0.29618548560580477","0.29618548560580477","0.29618548560580477"
"1780","0.9940246593557834","0.9940246593557834","0.9940246593557834","0.9787936525183225","0.9787936525183225","0.9787936525183225","0.9973108056717553","0.9973108056717553","0.9973108056717553","0.2201743901776498","0.2201743901776498","0.2201743901776498","0.2904776133303324","0.2904776133303324","0.2904776133303324"
"1790","0.9906042867008074","0.9906042867008074","0.9906042867008074","0.976134901212809","0.976134901212809","0.976134901212809","0.9962009174186767","0.9962009174186767","0.9962009174186767","0.2126856096754474","0.2126856096754474","0.2126856096754474","0.27851926728637794","0.27851926728637794","0.27851926728637794"
"1800","0.9721033613625968","0.9721033613625968","0.9721033613625968","0.9508655915463987","0.9508655915463987","0.9508655915463987","0.9881270127804845","0.9881270127804845","0.9881270127804845","0.22889869247937716","0.22889869247937716","0.22889869247937716","0.31059862278997086","0.31059862278997086","0.31059862278997086"
"1810","0.9780249863271221","0.9780249863271221","0.9780249863271221","0.9584946891977405","0.9584946891977405","0.9584946891977405","0.9779575911162377","0.9779575911162377","0.9779575911162377","0.27173510461466344","0.27173510461466344","0.27173510461466344","0.3743529612441752","0.3743529612441752","0.3743529612441752"
"1820","0.9943292438611362","0.9943292438611362","0.9943292438611362","0.9809837440326404","0.9809837440326404","0.9809837440326404","0.9965098418255509","0.9965098418255509","0.9965098418255509","0.29852566347546466","0.29852566347546466","0.29852566347546466","0.44882172620460015","0.44882172620460015","0.44882172620460015"
"1830","0.99154279216551","0.99154279216551","0.99154279216551","0.9781101159320632","0.9781101159320632","0.9781101159320632","0.9957729967353091","0.9957729967353091","0.9957729967353091","0.22550313311730927","0.22550313311730927","0.22550313311730927","0.3023229310125152","0.3023229310125152","0.3023229310125152"
"1840","0.9945860063437084","0.9945860063437084","0.9945860063437084","0.980973384902541","0.980973384902541","0.980973384902541","0.9965195294857447","0.9965195294857447","0.9965195294857447","0.22084042860944186","0.22084042860944186","0.22084042860944186","0.2978849795340345","0.2978849795340345","0.2978849795340345"
"1850","0.9962630356053761","0.9962630356053761","0.9962630356053761","0.9837906684273005","0.9837906684273005","0.9837906684273005","0.9978791588719716","0.9978791588719716","0.9978791588719716","0.22537352007680433","0.22537352007680433","0.22537352007680433","0.30677803380647695","0.30677803380647695","0.30677803380647695"
"1860","0.995100320661992","0.995100320661992","0.995100320661992","0.9805230854837944","0.9805230854837944","0.9805230854837944","0.9978979394806583","0.9978979394806583","0.9978979394806583","0.2204445418867131","0.2204445418867131","0.2204445418867131","0.2988926199020705","0.2988926199020705","0.2988926199020705"
"1870","0.9968829223926495","0.9968829223926495","0.9968829223926495","0.9873765130480672","0.9873765130480672","0.9873765130480672","0.9986674524017569","0.9986674524017569","0.9986674524017569","0.3808561433584756","0.3808561433584756","0.3808561433584756","0.4417302921198037","0.4417302921198037","0.4417302921198037"
"1880","0.9902386914873124","0.9902386914873124","0.9902386914873124","0.9813792620352696","0.9813792620352696","0.9813792620352696","0.989123163406476","0.989123163406476","0.989123163406476","0.4932572135731339","0.4932572135731339","0.4932572135731339","0.5465573904465031","0.5465573904465031","0.5465573904465031"
"1890","0.9656709980926327","0.9656709980926327","0.9656709980926327","0.954904087275737","0.954904087275737","0.954904087275737","0.9872938422292679","0.9872938422292679","0.9872938422292679","0.3447697174317489","0.3447697174317489","0.3447697174317489","0.4360027452615066","0.4360027452615066","0.4360027452615066"
"1900","0.9898488505570416","0.9898488505570416","0.9898488505570416","0.9751349045291025","0.9751349045291025","0.9751349045291025","0.994707591550595","0.994707591550595","0.994707591550595","0.21923907696091996","0.21923907696091996","0.21923907696091996","0.2970461929506298","0.2970461929506298","0.2970461929506298"
"1910","0.9928671234403719","0.9928671234403719","0.9928671234403719","0.9824406544151767","0.9824406544151767","0.9824406544151767","0.9967556623607579","0.9967556623607579","0.9967556623607579","0.22612372293900956","0.22612372293900956","0.22612372293900956","0.3013326022880163","0.3013326022880163","0.3013326022880163"
"1920","0.9964433485453876","0.9964433485453876","0.9964433485453876","0.9864479315263909","0.9864479315263909","0.9864479315263909","0.9984882617592192","0.9984882617592192","0.9984882617592192","0.22666068512338547","0.22666068512338547","0.22666068512338547","0.3023870230633678","0.3023870230633678","0.3023870230633678"
"1930","0.9960450560024389","0.9960450560024389","0.9960450560024389","0.984520017656567","0.984520017656567","0.984520017656567","0.9980666694188893","0.9980666694188893","0.9980666694188893","0.2128638888271403","0.2128638888271403","0.2128638888271403","0.29388022115167817","0.29388022115167817","0.29388022115167817"
"1940","0.9942611457100672","0.9942611457100672","0.9942611457100672","0.9806580066521302","0.9806580066521302","0.9806580066521302","0.9973843317181939","0.9973843317181939","0.9973843317181939","0.21913885825791501","0.21913885825791501","0.21913885825791501","0.30971317248498725","0.30971317248498725","0.30971317248498725"
"1950","0.9946305391463677","0.9946305391463677","0.9946305391463677","0.9830996444807012","0.9830996444807012","0.9830996444807012","0.9971705141583663","0.9971705141583663","0.9971705141583663","0.21973035604685187","0.21973035604685187","0.21973035604685187","0.3046959943281612","0.3046959943281612","0.3046959943281612"
"1960","0.9958755648311868","0.9958755648311868","0.9958755648311868","0.9858011987465015","0.9858011987465015","0.9858011987465015","0.9976920426034893","0.9976920426034893","0.9976920426034893","0.22688387103007818","0.22688387103007818","0.22688387103007818","0.2993742169660312","0.2993742169660312","0.2993742169660312"
"1970","0.9939195974069668","0.9939195974069668","0.9939195974069668","0.9843632979319928","0.9843632979319928","0.9843632979319928","0.9973374874801971","0.9973374874801971","0.9973374874801971","0.2227899728141423","0.2227899728141423","0.2227899728141423","0.29949688761245263","0.29949688761245263","0.29949688761245263"
"1980","0.993235745261045","0.993235745261045","0.993235745261045","0.9819108577776936","0.9819108577776936","0.9819108577776936","0.9965269755903573","0.9965269755903573","0.9965269755903573","0.21594548702507874","0.21594548702507874","0.21594548702507874","0.29654906862095304","0.29654906862095304","0.29654906862095304"
"1990","0.9959689944325498","0.9959689944325498","0.9959689944325498","0.9874887680711568","0.9874887680711568","0.9874887680711568","0.9980254861511838","0.9980254861511838","0.9980254861511838","0.2118250515403834","0.2118250515403834","0.2118250515403834","0.2876078281180251","0.2876078281180251","0.2876078281180251"
"2000","0.9973192929181022","0.9973192929181022","0.9973192929181022","0.9910503855483977","0.9910503855483977","0.9910503855483977","0.9987879910618881","0.9987879910618881","0.9987879910618881","0.4092025501830424","0.4092025501830424","0.4092025501830424","0.46818355457642347","0.46818355457642347","0.46818355457642347"
"2010","0.9969664788123855","0.9969664788123855","0.9969664788123855","0.9895974096998721","0.9895974096998721","0.9895974096998721","0.9983385697687167","0.9983385697687167","0.9983385697687167","0.2290418782919641","0.2290418782919641","0.2290418782919641","0.30737302644340403","0.30737302644340403","0.30737302644340403"
"2020","0.9972058119112247","0.9972058119112247","0.9972058119112247","0.9897188042420153","0.9897188042420153","0.9897188042420153","0.9980826976662736","0.9980826976662736","0.9980826976662736","0.24301581742234218","0.24301581742234218","0.24301581742234218","0.32196257590663035","0.32196257590663035","0.32196257590663035"
"2030","0.9977078663644277","0.9977078663644277","0.9977078663644277","0.9892564946954022","0.9892564946954022","0.9892564946954022","0.9982083598890552","0.9982083598890552","0.9982083598890552","0.2378915411526049","0.2378915411526049","0.2378915411526049","0.3253505672048767","0.3253505672048767","0.3253505672048767"
"2040","0.9970881758190703","0.9970881758190703","0.9970881758190703","0.9899738844031131","0.9899738844031131","0.9899738844031131","0.9978827028499796","0.9978827028499796","0.9978827028499796","0.3369245625622076","0.3369245625622076","0.3369245625622076","0.40876809387034135","0.40876809387034135","0.40876809387034135"
"2050","0.9979273027458332","0.9979273027458332","0.9979273027458332","0.9935880203451443","0.9935880203451443","0.9935880203451443","0.9988485676085891","0.9988485676085891","0.9988485676085891","0.47013055911082774","0.47013055911082774","0.47013055911082774","0.5236822760297469","0.5236822760297469","0.5236822760297469"
"2060","0.9972549058123318","0.9972549058123318","0.9972549058123318","0.9924951874914062","0.9924951874914062","0.9924951874914062","0.9981148961873146","0.9981148961873146","0.9981148961873146","0.37282025280402287","0.37282025280402287","0.37282025280402287","0.43949129819874677","0.43949129819874677","0.43949129819874677"
"2070","0.9970677517944597","0.9970677517944597","0.9970677517944597","0.9914248374795457","0.9914248374795457","0.9914248374795457","0.9981084770333064","0.9981084770333064","0.9981084770333064","0.2291753205349754","0.2291753205349754","0.2291753205349754","0.314057413665349","0.314057413665349","0.314057413665349"
"2080","0.9956907668361415","0.9956907668361415","0.9956907668361415","0.9859797641002646","0.9859797641002646","0.9859797641002646","0.9979056478818661","0.9979056478818661","0.9979056478818661","0.22195855619304847","0.22195855619304847","0.22195855619304847","0.3009736922935359","0.3009736922935359","0.3009736922935359"
"2090","0.9977589969016091","0.9977589969016091","0.9977589969016091","0.9914753745644204","0.9914753745644204","0.9914753745644204","0.9984349269859416","0.9984349269859416","0.9984349269859416","0.22563816419203672","0.22563816419203672","0.22563816419203672","0.30575953349807106","0.30575953349807106","0.30575953349807106"
"2100","0.9976990220198692","0.9976990220198692","0.9976990220198692","0.9917292481515756","0.9917292481515756","0.9917292481515756","0.9981620551447946","0.9981620551447946","0.9981620551447946","0.2276433355152211","0.2276433355152211","0.2276433355152211","0.3214236656359128","0.3214236656359128","0.3214236656359128"
"2110","0.9978725521988872","0.9978725521988872","0.9978725521988872","0.9918299069201453","0.9918299069201453","0.9918299069201453","0.9983715038866218","0.9983715038866218","0.9983715038866218","0.22943237021316218","0.22943237021316218","0.22943237021316218","0.3234433445816865","0.3234433445816865","0.3234433445816865"
"2120","0.9964766561810533","0.9964766561810533","0.9964766561810533","0.9887095586648488","0.9887095586648488","0.9887095586648488","0.997903512045761","0.997903512045761","0.997903512045761","0.24550997402716104","0.24550997402716104","0.24550997402716104","0.33638444371662946","0.33638444371662946","0.33638444371662946"
"2130","0.9965037208312556","0.9965037208312556","0.9965037208312556","0.9889832904027009","0.9889832904027009","0.9889832904027009","0.9977843347128306","0.9977843347128306","0.9977843347128306","0.24155896953777842","0.24155896953777842","0.24155896953777842","0.33033231803181845","0.33033231803181845","0.33033231803181845"
"2140","0.9964504197808949","0.9964504197808949","0.9964504197808949","0.990263130951162","0.990263130951162","0.990263130951162","0.9966257550936828","0.9966257550936828","0.9966257550936828","0.2289898382307771","0.2289898382307771","0.2289898382307771","0.32239044742500256","0.32239044742500256","0.32239044742500256"
"2150","0.9965343411192089","0.9965343411192089","0.9965343411192089","0.9917836264839948","0.9917836264839948","0.9917836264839948","0.998175426849682","0.998175426849682","0.998175426849682","0.23500553681337075","0.23500553681337075","0.23500553681337075","0.3205402899745049","0.3205402899745049","0.3205402899745049"
"2160","0.9975936033951603","0.9975936033951603","0.9975936033951603","0.9918853622058316","0.9918853622058316","0.9918853622058316","0.9984443109332856","0.9984443109332856","0.9984443109332856","0.2313751933426223","0.2313751933426223","0.2313751933426223","0.32946861138452493","0.32946861138452493","0.32946861138452493"
"2170","0.9979536032804892","0.9979536032804892","0.9979536032804892","0.9912795224162205","0.9912795224162205","0.9912795224162205","0.9987601741619774","0.9987601741619774","0.9987601741619774","0.23027859270971984","0.23027859270971984","0.23027859270971984","0.3100593982772741","0.3100593982772741","0.3100593982772741"
"2180","0.9954776554455952","0.9954776554455952","0.9954776554455952","0.9905112034735087","0.9905112034735087","0.9905112034735087","0.9987431888064453","0.9987431888064453","0.9987431888064453","0.2523118862726653","0.2523118862726653","0.2523118862726653","0.33890131408441243","0.33890131408441243","0.33890131408441243"
"2190","0.9940480637208811","0.9940480637208811","0.9940480637208811","0.9894086189086356","0.9894086189086356","0.9894086189086356","0.9951010193383188","0.9951010193383188","0.9951010193383188","0.22737594444000794","0.22737594444000794","0.22737594444000794","0.3109696723021796","0.3109696723021796","0.3109696723021796"
"2200","0.9974102223412527","0.9974102223412527","0.9974102223412527","0.9928209075142554","0.9928209075142554","0.9928209075142554","0.9982708813824628","0.9982708813824628","0.9982708813824628","0.23321454851802834","0.23321454851802834","0.23321454851802834","0.32085421059884706","0.32085421059884706","0.32085421059884706"
"2210","0.9871293023399977","0.9871293023399977","0.9871293023399977","0.978934338261978","0.978934338261978","0.978934338261978","0.9934200075679599","0.9934200075679599","0.9934200075679599","0.2333843890809578","0.2333843890809578","0.2333843890809578","0.32126829192694983","0.32126829192694983","0.32126829192694983"
"2220","0.9953613637899357","0.9953613637899357","0.9953613637899357","0.9904176896271008","0.9904176896271008","0.9904176896271008","0.9967906660960613","0.9967906660960613","0.9967906660960613","0.2290461772116056","0.2290461772116056","0.2290461772116056","0.32428365955447724","0.32428365955447724","0.32428365955447724"
"2230","0.9976592697337469","0.9976592697337469","0.9976592697337469","0.9930707365827157","0.9930707365827157","0.9930707365827157","0.9981966889259154","0.9981966889259154","0.9981966889259154","0.22900880925582714","0.22900880925582714","0.22900880925582714","0.3166607747674216","0.3166607747674216","0.3166607747674216"
"2240","0.9976267820283563","0.9976267820283563","0.9976267820283563","0.9930976904235742","0.9930976904235742","0.9930976904235742","0.9984603691469951","0.9984603691469951","0.9984603691469951","0.2319975116025436","0.2319975116025436","0.2319975116025436","0.318016414052678","0.318016414052678","0.318016414052678"
"2250","0.9989033943200001","0.9989033943200001","0.9989033943200001","0.9964879146194852","0.9964879146194852","0.9964879146194852","0.9991035586266518","0.9991035586266518","0.9991035586266518","0.3852389261860349","0.3852389261860349","0.3852389261860349","0.4413641381698597","0.4413641381698597","0.4413641381698597"
"2260","0.9981206329093726","0.9981206329093726","0.9981206329093726","0.9942301066333975","0.9942301066333975","0.9942301066333975","0.9987866853342584","0.9987866853342584","0.9987866853342584","0.46539571019686665","0.46539571019686665","0.46539571019686665","0.5290666578411273","0.5290666578411273","0.5290666578411273"
"2270","0.997843693333034","0.997843693333034","0.997843693333034","0.9925533215104373","0.9925533215104373","0.9925533215104373","0.9981903985114126","0.9981903985114126","0.9981903985114126","0.3024803138804291","0.3024803138804291","0.3024803138804291","0.38861597288216765","0.38861597288216765","0.38861597288216765"
"2280","0.998120610423667","0.998120610423667","0.998120610423667","0.9930406378424685","0.9930406378424685","0.9930406378424685","0.9987130477703487","0.9987130477703487","0.9987130477703487","0.23092264525536504","0.23092264525536504","0.23092264525536504","0.32512470580026526","0.32512470580026526","0.32512470580026526"
"2290","0.9967373193019105","0.9967373193019105","0.9967373193019105","0.9924812273056902","0.9924812273056902","0.9924812273056902","0.9984468657453428","0.9984468657453428","0.9984468657453428","0.23721588889305414","0.23721588889305414","0.23721588889305414","0.3278851908681135","0.3278851908681135","0.3278851908681135"
"2300","0.997193444152037","0.997193444152037","0.997193444152037","0.9937469090089097","0.9937469090089097","0.9937469090089097","0.9985310585347229","0.9985310585347229","0.9985310585347229","0.24309667979510413","0.24309667979510413","0.24309667979510413","0.34137738406701396","0.34137738406701396","0.34137738406701396"
"2310","0.9974840457860615","0.9974840457860615","0.9974840457860615","0.9918405591572124","0.9918405591572124","0.9918405591572124","0.9971130470016207","0.9971130470016207","0.9971130470016207","0.3134737135332253","0.3134737135332253","0.3134737135332253","0.39783098662884925","0.39783098662884925","0.39783098662884925"
"2320","0.9984505132674801","0.9984505132674801","0.9984505132674801","0.9942013806691965","0.9942013806691965","0.9942013806691965","0.9987362596633692","0.9987362596633692","0.9987362596633692","0.46135788122036425","0.46135788122036425","0.46135788122036425","0.5213024535931114","0.5213024535931114","0.5213024535931114"
"2330","0.9983062829359223","0.9983062829359223","0.9983062829359223","0.995241287760339","0.995241287760339","0.995241287760339","0.9987382294572926","0.9987382294572926","0.9987382294572926","0.4026203944462628","0.4026203944462628","0.4026203944462628","0.47907310360267735","0.47907310360267735","0.47907310360267735"
"2340","0.9745255865649407","0.9745255865649407","0.9745255865649407","0.993710091185143","0.993710091185143","0.993710091185143","0.998796805975382","0.998796805975382","0.998796805975382","0.2980214212517365","0.2980214212517365","0.2980214212517365","0.39114361235915873","0.39114361235915873","0.39114361235915873"
"2350","0.9967813151611353","0.9967813151611353","0.9967813151611353","0.9916159738165127","0.9916159738165127","0.9916159738165127","0.9978044267607189","0.9978044267607189","0.9978044267607189","0.2389792116232626","0.2389792116232626","0.2389792116232626","0.34235560755149547","0.34235560755149547","0.34235560755149547"
"2360","0.9970498766072682","0.9970498766072682","0.9970498766072682","0.9900213392686853","0.9900213392686853","0.9900213392686853","0.9982372466884961","0.9982372466884961","0.9982372466884961","0.2316187212749876","0.2316187212749876","0.2316187212749876","0.3336535615001833","0.3336535615001833","0.3336535615001833"
"2370","0.9962149334125249","0.9962149334125249","0.9962149334125249","0.9905341334411977","0.9905341334411977","0.9905341334411977","0.9973989667549038","0.9973989667549038","0.9973989667549038","0.23735708397548475","0.23735708397548475","0.23735708397548475","0.345987343003579","0.345987343003579","0.345987343003579"
"2380","0.9969338547508925","0.9969338547508925","0.9969338547508925","0.9929848082074607","0.9929848082074607","0.9929848082074607","0.9980927027151616","0.9980927027151616","0.9980927027151616","0.24031561640467738","0.24031561640467738","0.24031561640467738","0.34408244851129655","0.34408244851129655","0.34408244851129655"
"2390","0.9969140651518237","0.9969140651518237","0.9969140651518237","0.993173831944889","0.993173831944889","0.993173831944889","0.9975819408480664","0.9975819408480664","0.9975819408480664","0.2236232741426073","0.2236232741426073","0.2236232741426073","0.33874681175021576","0.33874681175021576","0.33874681175021576"
"2400","0.9984334467213354","0.9984334467213354","0.9984334467213354","0.9947891559053753","0.9947891559053753","0.9947891559053753","0.9986845093698781","0.9986845093698781","0.9986845093698781","0.2338635629801654","0.2338635629801654","0.2338635629801654","0.3314829325929142","0.3314829325929142","0.3314829325929142"
"2410","0.9976957838932833","0.9976957838932833","0.9976957838932833","0.9942018980316373","0.9942018980316373","0.9942018980316373","0.998306485351584","0.998306485351584","0.998306485351584","0.24235004138263327","0.24235004138263327","0.24235004138263327","0.3463907738099093","0.3463907738099093","0.3463907738099093"
"2420","0.9987086879781357","0.9987086879781357","0.9987086879781357","0.9957828281854398","0.9957828281854398","0.9957828281854398","0.9989439394465291","0.9989439394465291","0.9989439394465291","0.24731999727468243","0.24731999727468243","0.24731999727468243","0.3549687552626268","0.3549687552626268","0.3549687552626268"
"2430","0.9988060101173906","0.9988060101173906","0.9988060101173906","0.9954768777392058","0.9954768777392058","0.9954768777392058","0.997800510744284","0.997800510744284","0.997800510744284","0.23570023249329397","0.23570023249329397","0.23570023249329397","0.33748575759210525","0.33748575759210525","0.33748575759210525"
"2440","0.9986930298150557","0.9986930298150557","0.9986930298150557","0.9951161267212475","0.9951161267212475","0.9951161267212475","0.9988059778557299","0.9988059778557299","0.9988059778557299","0.24493460308444964","0.24493460308444964","0.24493460308444964","0.35528290257102013","0.35528290257102013","0.35528290257102013"
"2450","0.9966376624287739","0.9966376624287739","0.9966376624287739","0.9951791905803057","0.9951791905803057","0.9951791905803057","0.9961311234416846","0.9961311234416846","0.9961311234416846","0.24154700997180245","0.24154700997180245","0.24154700997180245","0.3550658082321918","0.3550658082321918","0.3550658082321918"
"2460","0.9985670835518696","0.9985670835518696","0.9985670835518696","0.9960960533149689","0.9960960533149689","0.9960960533149689","0.997610102348437","0.997610102348437","0.997610102348437","0.24953700125020842","0.24953700125020842","0.24953700125020842","0.3688664244614106","0.3688664244614106","0.3688664244614106"
"2470","0.9984788495984396","0.9984788495984396","0.9984788495984396","0.9953452409168088","0.9953452409168088","0.9953452409168088","0.9980359092516251","0.9980359092516251","0.9980359092516251","0.23861079919649067","0.23861079919649067","0.23861079919649067","0.3537545670128595","0.3537545670128595","0.3537545670128595"
"2480","0.9983442739201999","0.9983442739201999","0.9983442739201999","0.9931214177439187","0.9931214177439187","0.9931214177439187","0.9987645485950725","0.9987645485950725","0.9987645485950725","0.2355398838064134","0.2355398838064134","0.2355398838064134","0.3484096572094022","0.3484096572094022","0.3484096572094022"
"2490","0.9959595340634257","0.9959595340634257","0.9959595340634257","0.9869051882008182","0.9869051882008182","0.9869051882008182","0.9983557282381335","0.9983557282381335","0.9983557282381335","0.23135401566781624","0.23135401566781624","0.23135401566781624","0.35621398767179163","0.35621398767179163","0.35621398767179163"
"2500","0.9985444868978048","0.9985444868978048","0.9985444868978048","0.9948609240800758","0.9948609240800758","0.9948609240800758","0.9990122613609274","0.9990122613609274","0.9990122613609274","0.2371423232798335","0.2371423232798335","0.2371423232798335","0.36738207380011983","0.36738207380011983","0.36738207380011983"
"2510","0.9981929540587405","0.9981929540587405","0.9981929540587405","0.9944032839535601","0.9944032839535601","0.9944032839535601","0.9987068727980632","0.9987068727980632","0.9987068727980632","0.2360053262999517","0.2360053262999517","0.2360053262999517","0.37281985033558507","0.37281985033558507","0.37281985033558507"
"2520","0.9983516539336801","0.9983516539336801","0.9983516539336801","0.9945304880526658","0.9945304880526658","0.9945304880526658","0.9988926365409623","0.9988926365409623","0.9988926365409623","0.2417087430916775","0.2417087430916775","0.2417087430916775","0.38833344339239273","0.38833344339239273","0.38833344339239273"
"2530","0.998143991432207","0.998143991432207","0.998143991432207","0.9951591709308507","0.9951591709308507","0.9951591709308507","0.9988705382034929","0.9988705382034929","0.9988705382034929","0.2398605134177202","0.2398605134177202","0.2398605134177202","0.3921955359614657","0.3921955359614657","0.3921955359614657"
"2540","0.99678809516287","0.99678809516287","0.99678809516287","0.9929455625414679","0.9929455625414679","0.9929455625414679","0.9982907333101639","0.9982907333101639","0.9982907333101639","0.23046917948879972","0.23046917948879972","0.23046917948879972","0.39128558339388964","0.39128558339388964","0.39128558339388964"
"2550","0.9976968859629903","0.9976968859629903","0.9976968859629903","0.9943569195237567","0.9943569195237567","0.9943569195237567","0.9987956015290512","0.9987956015290512","0.9987956015290512","0.24306165953092257","0.24306165953092257","0.24306165953092257","0.4238039143916918","0.4238039143916918","0.4238039143916918"
"2560","0.9987274173389388","0.9987274173389388","0.9987274173389388","0.9948791533429643","0.9948791533429643","0.9948791533429643","0.999250085217589","0.999250085217589","0.999250085217589","0.22821432629408997","0.22821432629408997","0.22821432629408997","0.42733715324557275","0.42733715324557275","0.42733715324557275"
"2570","0.9977666517991325","0.9977666517991325","0.9977666517991325","0.9943393955542855","0.9943393955542855","0.9943393955542855","0.998493938100856","0.998493938100856","0.998493938100856","0.24163282854515064","0.24163282854515064","0.24163282854515064","0.4558102773921444","0.4558102773921444","0.4558102773921444"
"2580","0.998222348287626","0.998222348287626","0.998222348287626","0.9949073030724557","0.9949073030724557","0.9949073030724557","0.9987125786505648","0.9987125786505648","0.9987125786505648","0.24077693417572654","0.24077693417572654","0.24077693417572654","0.4679698893646563","0.4679698893646563","0.4679698893646563"
"2590","0.998455152221441","0.998455152221441","0.998455152221441","0.9959979068147307","0.9959979068147307","0.9959979068147307","0.9989579019349122","0.9989579019349122","0.9989579019349122","0.24584460988741103","0.24584460988741103","0.24584460988741103","0.4905886923049758","0.4905886923049758","0.4905886923049758"
"2600","0.9976669586684718","0.9976669586684718","0.9976669586684718","0.9946745241697857","0.9946745241697857","0.9946745241697857","0.9982460778848451","0.9982460778848451","0.9982460778848451","0.23500071673170345","0.23500071673170345","0.23500071673170345","0.5005533168750498","0.5005533168750498","0.5005533168750498"
"2610","0.9975484601466797","0.9975484601466797","0.9975484601466797","0.9940994105213745","0.9940994105213745","0.9940994105213745","0.9982629015347594","0.9982629015347594","0.9982629015347594","0.23631631956937496","0.23631631956937496","0.23631631956937496","0.505006892940829","0.505006892940829","0.505006892940829"
"2620","0.9515742762555469","0.9515742762555469","0.9515742762555469","0.9822711538655048","0.9822711538655048","0.9822711538655048","0.9850270177804163","0.9850270177804163","0.9850270177804163","0.22408343311967316","0.22408343311967316","0.22408343311967316","0.4894545125227664","0.4894545125227664","0.4894545125227664"
"2630","0.998744558299574","0.998744558299574","0.998744558299574","0.9966747585825649","0.9966747585825649","0.9966747585825649","0.999003525440454","0.999003525440454","0.999003525440454","0.23636854446904956","0.23636854446904956","0.23636854446904956","0.5273287830029726","0.5273287830029726","0.5273287830029726"
"2640","0.998478982743659","0.998478982743659","0.998478982743659","0.9951180149283841","0.9951180149283841","0.9951180149283841","0.9988914185807468","0.9988914185807468","0.9988914185807468","0.23983015840994457","0.23983015840994457","0.23983015840994457","0.5408827023513326","0.5408827023513326","0.5408827023513326"
"2650","0.9983890493606241","0.9983890493606241","0.9983890493606241","0.9942459673640652","0.9942459673640652","0.9942459673640652","0.9990488570027903","0.9990488570027903","0.9990488570027903","0.2485626074578026","0.2485626074578026","0.2485626074578026","0.5624334215839336","0.5624334215839336","0.5624334215839336"
"2660","0.9959613034787524","0.9959613034787524","0.9959613034787524","0.9922477878083245","0.9922477878083245","0.9922477878083245","0.9979570699219504","0.9979570699219504","0.9979570699219504","0.2677808454826236","0.2677808454826236","0.2677808454826236","0.5967136875694655","0.5967136875694655","0.5967136875694655"
"2670","0.9986811383368106","0.9986811383368106","0.9986811383368106","0.9962796193809246","0.9962796193809246","0.9962796193809246","0.9991451343193949","0.9991451343193949","0.9991451343193949","0.23941869133718854","0.23941869133718854","0.23941869133718854","0.5732641243742203","0.5732641243742203","0.5732641243742203"
"2680","0.9980786391504698","0.9980786391504698","0.9980786391504698","0.9945226781524913","0.9945226781524913","0.9945226781524913","0.9987105391293637","0.9987105391293637","0.9987105391293637","0.23931880540752418","0.23931880540752418","0.23931880540752418","0.5806949103503933","0.5806949103503933","0.5806949103503933"
"2690","0.9965151202660548","0.9965151202660548","0.9965151202660548","0.9948245636649565","0.9948245636649565","0.9948245636649565","0.9975224934904225","0.9975224934904225","0.9975224934904225","0.2268252597385857","0.2268252597385857","0.2268252597385857","0.5802540668746294","0.5802540668746294","0.5802540668746294"
"2700","0.9969378702276026","0.9969378702276026","0.9969378702276026","0.9920497990954998","0.9920497990954998","0.9920497990954998","0.9977065870818629","0.9977065870818629","0.9977065870818629","0.2371233558089073","0.2371233558089073","0.2371233558089073","0.5898421105258164","0.5898421105258164","0.5898421105258164"
"2710","0.9984440016753894","0.9984440016753894","0.9984440016753894","0.9952184856515425","0.9952184856515425","0.9952184856515425","0.9984348679326034","0.9984348679326034","0.9984348679326034","0.23194552635802446","0.23194552635802446","0.23194552635802446","0.5979045889228577","0.5979045889228577","0.5979045889228577"
"2720","0.9987762149838225","0.9987762149838225","0.9987762149838225","0.9957883225892145","0.9957883225892145","0.9957883225892145","0.9987536478207213","0.9987536478207213","0.9987536478207213","0.24036801240033373","0.24036801240033373","0.24036801240033373","0.6100497380274752","0.6100497380274752","0.6100497380274752"
"2730","0.9984816703947657","0.9984816703947657","0.9984816703947657","0.9959229560600315","0.9959229560600315","0.9959229560600315","0.9991427952228732","0.9991427952228732","0.9991427952228732","0.23555329375614362","0.23555329375614362","0.23555329375614362","0.6178047043707768","0.6178047043707768","0.6178047043707768"
"2740","0.9990386852532875","0.9990386852532875","0.9990386852532875","0.9967631528478423","0.9967631528478423","0.9967631528478423","0.9994354755802608","0.9994354755802608","0.9994354755802608","0.42748927313422874","0.42748927313422874","0.42748927313422874","0.7126264092820079","0.7126264092820079","0.7126264092820079"
"2750","0.9990662104061564","0.9990662104061564","0.9990662104061564","0.9968355986736693","0.9968355986736693","0.9968355986736693","0.9992907599481271","0.9992907599481271","0.9992907599481271","0.2342478819865969","0.2342478819865969","0.2342478819865969","0.64141314786102","0.64141314786102","0.64141314786102"
"2760","0.9990314680638124","0.9990314680638124","0.9990314680638124","0.9971780800798018","0.9971780800798018","0.9971780800798018","0.9992311042384143","0.9992311042384143","0.9992311042384143","0.19346260709031263","0.19346260709031263","0.19346260709031263","0.6547466959554238","0.6547466959554238","0.6547466959554238"
"2770","0.9993220769866322","0.9993220769866322","0.9993220769866322","0.9977159820350402","0.9977159820350402","0.9977159820350402","0.9993161186788976","0.9993161186788976","0.9993161186788976","0.20236399169544309","0.20236399169544309","0.20236399169544309","0.6825420259305552","0.6825420259305552","0.6825420259305552"
"2780","0.9991793260565607","0.9991793260565607","0.9991793260565607","0.9970112867111443","0.9970112867111443","0.9970112867111443","0.9994355014813198","0.9994355014813198","0.9994355014813198","0.2360874907519368","0.2360874907519368","0.2360874907519368","0.6988380847464808","0.6988380847464808","0.6988380847464808"
"2790","0.9976953293737355","0.9976953293737355","0.9976953293737355","0.9950902420220386","0.9950902420220386","0.9950902420220386","0.9989166024196512","0.9989166024196512","0.9989166024196512","0.25673233881693996","0.25673233881693996","0.25673233881693996","0.694089127001645","0.694089127001645","0.694089127001645"
"2800","0.9988662050947769","0.9988662050947769","0.9988662050947769","0.9967381592726657","0.9967381592726657","0.9967381592726657","0.9991918077342256","0.9991918077342256","0.9991918077342256","0.24097308674532383","0.24097308674532383","0.24097308674532383","0.7102039603359134","0.7102039603359134","0.7102039603359134"
"2810","0.9989196630383733","0.9989196630383733","0.9989196630383733","0.9968081541504994","0.9968081541504994","0.9968081541504994","0.9993298029387753","0.9993298029387753","0.9993298029387753","0.2395462843524512","0.2395462843524512","0.2395462843524512","0.7234246811065238","0.7234246811065238","0.7234246811065238"
"2820","0.9986743878213564","0.9986743878213564","0.9986743878213564","0.9964684661959242","0.9964684661959242","0.9964684661959242","0.9984350054279314","0.9984350054279314","0.9984350054279314","0.2478894774063561","0.2478894774063561","0.2478894774063561","0.735254655891027","0.735254655891027","0.735254655891027"
"2830","0.9988759119236412","0.9988759119236412","0.9988759119236412","0.9966347653154604","0.9966347653154604","0.9966347653154604","0.9991762651902067","0.9991762651902067","0.9991762651902067","0.24831227026170355","0.24831227026170355","0.24831227026170355","0.7346608947715526","0.7346608947715526","0.7346608947715526"
"2840","0.9984940914362409","0.9984940914362409","0.9984940914362409","0.9951322279259656","0.9951322279259656","0.9951322279259656","0.9988583201770475","0.9988583201770475","0.9988583201770475","0.23848473107992854","0.23848473107992854","0.23848473107992854","0.7423523245851822","0.7423523245851822","0.7423523245851822"
"2850","0.9990890488674531","0.9990890488674531","0.9990890488674531","0.9969219032348786","0.9969219032348786","0.9969219032348786","0.999079997543212","0.999079997543212","0.999079997543212","0.2503357071508694","0.2503357071508694","0.2503357071508694","0.7690341267250046","0.7690341267250046","0.7690341267250046"
"2860","0.998864882445272","0.998864882445272","0.998864882445272","0.9968826046769929","0.9968826046769929","0.9968826046769929","0.9992248291217429","0.9992248291217429","0.9992248291217429","0.24723130301982407","0.24723130301982407","0.24723130301982407","0.7694888628641728","0.7694888628641728","0.7694888628641728"
"2870","0.9990552795510791","0.9990552795510791","0.9990552795510791","0.9969239136193581","0.9969239136193581","0.9969239136193581","0.9992499685625121","0.9992499685625121","0.9992499685625121","0.2502258073370309","0.2502258073370309","0.2502258073370309","0.7595865188391939","0.7595865188391939","0.7595865188391939"
"2880","0.9990479703613414","0.9990479703613414","0.9990479703613414","0.9970624368494491","0.9970624368494491","0.9970624368494491","0.9992769963593207","0.9992769963593207","0.9992769963593207","0.2420849705698385","0.2420849705698385","0.2420849705698385","0.7707135410819393","0.7707135410819393","0.7707135410819393"
"2890","0.9989023548595538","0.9989023548595538","0.9989023548595538","0.9977471431796263","0.9977471431796263","0.9977471431796263","0.9992244687546288","0.9992244687546288","0.9992244687546288","0.24456077053783318","0.24456077053783318","0.24456077053783318","0.7887023402415336","0.7887023402415336","0.7887023402415336"
"2900","0.9990427021895291","0.9990427021895291","0.9990427021895291","0.9978317509464748","0.9978317509464748","0.9978317509464748","0.9994176946439493","0.9994176946439493","0.9994176946439493","0.3971474964223281","0.3971474964223281","0.3971474964223281","0.8380416735516907","0.8380416735516907","0.8380416735516907"
"2910","0.9910885991611018","0.9910885991611018","0.9910885991611018","0.990854471774837","0.990854471774837","0.990854471774837","0.9982725825182556","0.9982725825182556","0.9982725825182556","0.5101181469690986","0.5101181469690986","0.5101181469690986","0.8630645993567904","0.8630645993567904","0.8630645993567904"
"2920","0.9946262802830926","0.9946262802830926","0.9946262802830926","0.99033899047837","0.99033899047837","0.99033899047837","0.9969476492943379","0.9969476492943379","0.9969476492943379","0.4072499263540508","0.4072499263540508","0.4072499263540508","0.8301535731066905","0.8301535731066905","0.8301535731066905"
"2930","0.9987049893649425","0.9987049893649425","0.9987049893649425","0.9958618904321832","0.9958618904321832","0.9958618904321832","0.9991332251045314","0.9991332251045314","0.9991332251045314","0.25360635669268067","0.25360635669268067","0.25360635669268067","0.8094331639923935","0.8094331639923935","0.8094331639923935"
"2940","0.9988413785060501","0.9988413785060501","0.9988413785060501","0.9963263839283734","0.9963263839283734","0.9963263839283734","0.9989884245599868","0.9989884245599868","0.9989884245599868","0.25379515090284377","0.25379515090284377","0.25379515090284377","0.794649551858136","0.794649551858136","0.794649551858136"
"2950","0.9991673929382161","0.9991673929382161","0.9991673929382161","0.9973273632323274","0.9973273632323274","0.9973273632323274","0.9992260901410391","0.9992260901410391","0.9992260901410391","0.25980657995643647","0.25980657995643647","0.25980657995643647","0.8115175396174218","0.8115175396174218","0.8115175396174218"
"2960","0.9989049836849049","0.9989049836849049","0.9989049836849049","0.9965782359999896","0.9965782359999896","0.9965782359999896","0.999206275156218","0.999206275156218","0.999206275156218","0.24044290494221685","0.24044290494221685","0.24044290494221685","0.8161921164008822","0.8161921164008822","0.8161921164008822"
"2970","0.9986826417578705","0.9986826417578705","0.9986826417578705","0.9959241206811058","0.9959241206811058","0.9959241206811058","0.9989857050832747","0.9989857050832747","0.9989857050832747","0.24492417291116828","0.24492417291116828","0.24492417291116828","0.8108904193945052","0.8108904193945052","0.8108904193945052"
"2980","0.9992091935871892","0.9992091935871892","0.9992091935871892","0.9974813864403225","0.9974813864403225","0.9974813864403225","0.9992159789776267","0.9992159789776267","0.9992159789776267","0.2851844084064819","0.2851844084064819","0.2851844084064819","0.8018659823703219","0.8018659823703219","0.8018659823703219"
"2990","0.9981444997239378","0.9981444997239378","0.9981444997239378","0.9960186696515582","0.9960186696515582","0.9960186696515582","0.9988879066638106","0.9988879066638106","0.9988879066638106","0.29397098178592657","0.29397098178592657","0.29397098178592657","0.8103962322784638","0.8103962322784638","0.8103962322784638"
"3000","0.9985968594053124","0.9985968594053124","0.9985968594053124","0.9955600393264669","0.9955600393264669","0.9955600393264669","0.9991523361167105","0.9991523361167105","0.9991523361167105","0.23477592454763968","0.23477592454763968","0.23477592454763968","0.827843960491157","0.827843960491157","0.827843960491157"
"3010","0.999049050447969","0.999049050447969","0.999049050447969","0.9964071004233218","0.9964071004233218","0.9964071004233218","0.9993247432372686","0.9993247432372686","0.9993247432372686","0.24833123281684344","0.24833123281684344","0.24833123281684344","0.8191791977720974","0.8191791977720974","0.8191791977720974"
"3020","0.998950067303378","0.998950067303378","0.998950067303378","0.9965482981860138","0.9965482981860138","0.9965482981860138","0.9993429908339209","0.9993429908339209","0.9993429908339209","0.24084802256265625","0.24084802256265625","0.24084802256265625","0.8282417793731172","0.8282417793731172","0.8282417793731172"
"3030","0.9988619767096198","0.9988619767096198","0.9988619767096198","0.9968017732742241","0.9968017732742241","0.9968017732742241","0.9993401920616252","0.9993401920616252","0.9993401920616252","0.23084618267826446","0.23084618267826446","0.23084618267826446","0.8402024014165514","0.8402024014165514","0.8402024014165514"
"3040","0.999345889310947","0.999345889310947","0.999345889310947","0.9976735506506645","0.9976735506506645","0.9976735506506645","0.9996001211990382","0.9996001211990382","0.9996001211990382","0.23663331959224065","0.23663331959224065","0.23663331959224065","0.8514141404946534","0.8514141404946534","0.8514141404946534"
"3050","0.9991691291009","0.9991691291009","0.9991691291009","0.9966379907050331","0.9966379907050331","0.9966379907050331","0.9994651348848916","0.9994651348848916","0.9994651348848916","0.25015891850658983","0.25015891850658983","0.25015891850658983","0.8526616763045123","0.8526616763045123","0.8526616763045123"
"3060","0.9982784401046293","0.9982784401046293","0.9982784401046293","0.9969906743975837","0.9969906743975837","0.9969906743975837","0.999386592971367","0.999386592971367","0.999386592971367","0.2395724047241419","0.2395724047241419","0.2395724047241419","0.8589241644760817","0.8589241644760817","0.8589241644760817"
"3070","0.9966348622600092","0.9966348622600092","0.9966348622600092","0.9963565280643983","0.9963565280643983","0.9963565280643983","0.9994510631142117","0.9994510631142117","0.9994510631142117","0.25366489464857406","0.25366489464857406","0.25366489464857406","0.8636639217674736","0.8636639217674736","0.8636639217674736"
"3080","0.9990674267904144","0.9990674267904144","0.9990674267904144","0.9970191310177992","0.9970191310177992","0.9970191310177992","0.9993981310999899","0.9993981310999899","0.9993981310999899","0.2502506169156225","0.2502506169156225","0.2502506169156225","0.8733803740259269","0.8733803740259269","0.8733803740259269"
"3090","0.9989024806134396","0.9989024806134396","0.9989024806134396","0.9978025209391935","0.9978025209391935","0.9978025209391935","0.9994850992983563","0.9994850992983563","0.9994850992983563","0.40389872562076345","0.40389872562076345","0.40389872562076345","0.8973078136181475","0.8973078136181475","0.8973078136181475"
"3100","0.9990263520083633","0.9990263520083633","0.9990263520083633","0.9971432037401293","0.9971432037401293","0.9971432037401293","0.9993769415004595","0.9993769415004595","0.9993769415004595","0.2783191520307198","0.2783191520307198","0.2783191520307198","0.8646114839652942","0.8646114839652942","0.8646114839652942"
"3110","0.9991386005421404","0.9991386005421404","0.9991386005421404","0.9976016448099868","0.9976016448099868","0.9976016448099868","0.9994815953300542","0.9994815953300542","0.9994815953300542","0.23646491052465812","0.23646491052465812","0.23646491052465812","0.88351153629713","0.88351153629713","0.88351153629713"
"3120","0.9994160169492053","0.9994160169492053","0.9994160169492053","0.9981546633661456","0.9981546633661456","0.9981546633661456","0.9996289404069577","0.9996289404069577","0.9996289404069577","0.3615720475080796","0.3615720475080796","0.3615720475080796","0.9053405810320064","0.9053405810320064","0.9053405810320064"
"3130","0.9989494466161386","0.9989494466161386","0.9989494466161386","0.9973178740952175","0.9973178740952175","0.9973178740952175","0.9993464272042007","0.9993464272042007","0.9993464272042007","0.4788930789118367","0.4788930789118367","0.4788930789118367","0.9168883092461085","0.9168883092461085","0.9168883092461085"
"3140","0.996054417869923","0.996054417869923","0.996054417869923","0.9928204613865477","0.9928204613865477","0.9928204613865477","0.9968735037652877","0.9968735037652877","0.9968735037652877","0.42988338175014534","0.42988338175014534","0.42988338175014534","0.9009926938970937","0.9009926938970937","0.9009926938970937"
"3150","0.9946750231581185","0.9946750231581185","0.9946750231581185","0.9886709062965982","0.9886709062965982","0.9886709062965982","0.9959795405206823","0.9959795405206823","0.9959795405206823","0.31528102121895435","0.31528102121895435","0.31528102121895435","0.8614455486048586","0.8614455486048586","0.8614455486048586"
"3160","0.9993157783328942","0.9993157783328942","0.9993157783328942","0.9976903472959003","0.9976903472959003","0.9976903472959003","0.9993500865148778","0.9993500865148778","0.9993500865148778","0.24642531400078066","0.24642531400078066","0.24642531400078066","0.8926490512493033","0.8926490512493033","0.8926490512493033"
"3170","0.9993075209069688","0.9993075209069688","0.9993075209069688","0.9978313843205332","0.9978313843205332","0.9978313843205332","0.9993867805621953","0.9993867805621953","0.9993867805621953","0.4659996936882497","0.4659996936882497","0.4659996936882497","0.9224715425061187","0.9224715425061187","0.9224715425061187"
"3180","0.9992136350803156","0.9992136350803156","0.9992136350803156","0.9983470288422961","0.9983470288422961","0.9983470288422961","0.999564319360447","0.999564319360447","0.999564319360447","0.48537141328736794","0.48537141328736794","0.48537141328736794","0.932927767953995","0.932927767953995","0.932927767953995"
"3190","0.9973078079314353","0.9973078079314353","0.9973078079314353","0.9965910389193446","0.9965910389193446","0.9965910389193446","0.999389182596108","0.999389182596108","0.999389182596108","0.25954697390079995","0.25954697390079995","0.25954697390079995","0.8986623928596276","0.8986623928596276","0.8986623928596276"
"3200","0.995567126054452","0.995567126054452","0.995567126054452","0.992033853382404","0.992033853382404","0.992033853382404","0.9980995520050145","0.9980995520050145","0.9980995520050145","0.24613542255787274","0.24613542255787274","0.24613542255787274","0.8883107938610435","0.8883107938610435","0.8883107938610435"
"3210","0.9990767274455392","0.9990767274455392","0.9990767274455392","0.9972489585666874","0.9972489585666874","0.9972489585666874","0.999472323189421","0.999472323189421","0.999472323189421","0.25089640312177486","0.25089640312177486","0.25089640312177486","0.9075082906767601","0.9075082906767601","0.9075082906767601"
"3220","0.9993417641241304","0.9993417641241304","0.9993417641241304","0.9972832337640566","0.9972832337640566","0.9972832337640566","0.9996120761916149","0.9996120761916149","0.9996120761916149","0.24501579636144363","0.24501579636144363","0.24501579636144363","0.9124422825254944","0.9124422825254944","0.9124422825254944"
"3230","0.9970493858798704","0.9970493858798704","0.9970493858798704","0.993791376179974","0.993791376179974","0.993791376179974","0.99803675837621","0.99803675837621","0.99803675837621","0.23985546656066525","0.23985546656066525","0.23985546656066525","0.8898987000554079","0.8898987000554079","0.8898987000554079"
"3240","0.9993388639738553","0.9993388639738553","0.9993388639738553","0.9974624043702388","0.9974624043702388","0.9974624043702388","0.9994872954934505","0.9994872954934505","0.9994872954934505","0.24283915143839216","0.24283915143839216","0.24283915143839216","0.9127682867308055","0.9127682867308055","0.9127682867308055"
"3250","0.9991938734381298","0.9991938734381298","0.9991938734381298","0.997749813635793","0.997749813635793","0.997749813635793","0.9994828055366839","0.9994828055366839","0.9994828055366839","0.33227912162239276","0.33227912162239276","0.33227912162239276","0.8840913746259951","0.8840913746259951","0.8840913746259951"
"3260","0.999268389129396","0.999268389129396","0.999268389129396","0.9976763626574476","0.9976763626574476","0.9976763626574476","0.999565284033752","0.999565284033752","0.999565284033752","0.24024529572922154","0.24024529572922154","0.24024529572922154","0.9103441791210107","0.9103441791210107","0.9103441791210107"
"3270","0.9994127794826689","0.9994127794826689","0.9994127794826689","0.998243467011477","0.998243467011477","0.998243467011477","0.9996083059649681","0.9996083059649681","0.9996083059649681","0.2586334557991552","0.2586334557991552","0.2586334557991552","0.9191879432601381","0.9191879432601381","0.9191879432601381"
"3280","0.9990204305698689","0.9990204305698689","0.9990204305698689","0.9975391151012967","0.9975391151012967","0.9975391151012967","0.9991998504205035","0.9991998504205035","0.9991998504205035","0.29452618365164096","0.29452618365164096","0.29452618365164096","0.9193611646048073","0.9193611646048073","0.9193611646048073"
"3290","0.9993553097370704","0.9993553097370704","0.9993553097370704","0.9972568557736701","0.9972568557736701","0.9972568557736701","0.9994503437598927","0.9994503437598927","0.9994503437598927","0.2498232559812038","0.2498232559812038","0.2498232559812038","0.9131986204655768","0.9131986204655768","0.9131986204655768"
"3300","0.9993093419179575","0.9993093419179575","0.9993093419179575","0.996950232969203","0.996950232969203","0.996950232969203","0.9994884014207093","0.9994884014207093","0.9994884014207093","0.2419183411927665","0.2419183411927665","0.2419183411927665","0.9104510636773961","0.9104510636773961","0.9104510636773961"
"3310","0.9977199301142963","0.9977199301142963","0.9977199301142963","0.9951502965587473","0.9951502965587473","0.9951502965587473","0.9983380997465504","0.9983380997465504","0.9983380997465504","0.2405870659391786","0.2405870659391786","0.2405870659391786","0.9208450053520476","0.9208450053520476","0.9208450053520476"
"3320","0.9988962713908196","0.9988962713908196","0.9988962713908196","0.99614302766858","0.99614302766858","0.99614302766858","0.9988567656861959","0.9988567656861959","0.9988567656861959","0.22944670133444192","0.22944670133444192","0.22944670133444192","0.9112689718549205","0.9112689718549205","0.9112689718549205"
"3330","0.9991135619377424","0.9991135619377424","0.9991135619377424","0.9971236245467434","0.9971236245467434","0.9971236245467434","0.9993293685148241","0.9993293685148241","0.9993293685148241","0.2416839186459392","0.2416839186459392","0.2416839186459392","0.9144841344525163","0.9144841344525163","0.9144841344525163"
"3340","0.9992715511307116","0.9992715511307116","0.9992715511307116","0.9978566668584204","0.9978566668584204","0.9978566668584204","0.9994887284333567","0.9994887284333567","0.9994887284333567","0.24648395764266964","0.24648395764266964","0.24648395764266964","0.9261823397364011","0.9261823397364011","0.9261823397364011"
"3350","0.99954980383887","0.99954980383887","0.99954980383887","0.9984805879561864","0.9984805879561864","0.9984805879561864","0.9996416201612057","0.9996416201612057","0.9996416201612057","0.4677804677656587","0.4677804677656587","0.4677804677656587","0.9458289621852995","0.9458289621852995","0.9458289621852995"
"3360","0.999454064395424","0.999454064395424","0.999454064395424","0.998620293461202","0.998620293461202","0.998620293461202","0.9995551635814565","0.9995551635814565","0.9995551635814565","0.48404803519678957","0.48404803519678957","0.48404803519678957","0.9563846217433425","0.9563846217433425","0.9563846217433425"
"3370","0.999174097232618","0.999174097232618","0.999174097232618","0.9979912202249578","0.9979912202249578","0.9979912202249578","0.9989546668304398","0.9989546668304398","0.9989546668304398","0.26131090153268616","0.26131090153268616","0.26131090153268616","0.9354529158653938","0.9354529158653938","0.9354529158653938"
"3380","0.9991567156512795","0.9991567156512795","0.9991567156512795","0.9979519308415808","0.9979519308415808","0.9979519308415808","0.9994421449720877","0.9994421449720877","0.9994421449720877","0.24960891631784474","0.24960891631784474","0.24960891631784474","0.9364552409114493","0.9364552409114493","0.9364552409114493"
"3390","0.9991558963517456","0.9991558963517456","0.9991558963517456","0.9973557813745972","0.9973557813745972","0.9973557813745972","0.9994558089358603","0.9994558089358603","0.9994558089358603","0.24318562158961343","0.24318562158961343","0.24318562158961343","0.936189601026737","0.936189601026737","0.936189601026737"
"3400","0.999418437594097","0.999418437594097","0.999418437594097","0.9986628446727569","0.9986628446727569","0.9986628446727569","0.9996256465890958","0.9996256465890958","0.9996256465890958","0.3489405735870506","0.3489405735870506","0.3489405735870506","0.9487905818190696","0.9487905818190696","0.9487905818190696"
"3410","0.9995105301488487","0.9995105301488487","0.9995105301488487","0.9986662725966718","0.9986662725966718","0.9986662725966718","0.9996657887385769","0.9996657887385769","0.9996657887385769","0.3429150953749152","0.3429150953749152","0.3429150953749152","0.9504226275988666","0.9504226275988666","0.9504226275988666"
"3420","0.9993530800647046","0.9993530800647046","0.9993530800647046","0.9981696899391643","0.9981696899391643","0.9981696899391643","0.9995916515140135","0.9995916515140135","0.9995916515140135","0.31099176928499883","0.31099176928499883","0.31099176928499883","0.9423748967294884","0.9423748967294884","0.9423748967294884"
"3430","0.9970469543184948","0.9970469543184948","0.9970469543184948","0.998592173388092","0.998592173388092","0.998592173388092","0.9995664108153439","0.9995664108153439","0.9995664108153439","0.47887100275677075","0.47887100275677075","0.47887100275677075","0.9595518983652677","0.9595518983652677","0.9595518983652677"
"3440","0.9994752233936443","0.9994752233936443","0.9994752233936443","0.9986401862532768","0.9986401862532768","0.9986401862532768","0.99967337807064","0.99967337807064","0.99967337807064","0.4316123973322442","0.4316123973322442","0.4316123973322442","0.9527846488905156","0.9527846488905156","0.9527846488905156"
"3450","0.9993336020298803","0.9993336020298803","0.9993336020298803","0.9983672104718373","0.9983672104718373","0.9983672104718373","0.9995208117689087","0.9995208117689087","0.9995208117689087","0.4868850131447572","0.4868850131447572","0.4868850131447572","0.9412333171504731","0.9412333171504731","0.9412333171504731"
"3460","0.9994814177638522","0.9994814177638522","0.9994814177638522","0.9982031889867714","0.9982031889867714","0.9982031889867714","0.9996007739928069","0.9996007739928069","0.9996007739928069","0.4798978828086461","0.4798978828086461","0.4798978828086461","0.9541683840048543","0.9541683840048543","0.9541683840048543"
"3470","0.9994622103027897","0.9994622103027897","0.9994622103027897","0.9979099536767511","0.9979099536767511","0.9979099536767511","0.9996513373015694","0.9996513373015694","0.9996513373015694","0.2700122417917918","0.2700122417917918","0.2700122417917918","0.9450200095078131","0.9450200095078131","0.9450200095078131"
"3480","0.9989178879074568","0.9989178879074568","0.9989178879074568","0.9970800810513849","0.9970800810513849","0.9970800810513849","0.9994339721362082","0.9994339721362082","0.9994339721362082","0.4638211875169452","0.4638211875169452","0.4638211875169452","0.9533330241584498","0.9533330241584498","0.9533330241584498"
"3490","0.9994332723948812","0.9994332723948812","0.9994332723948812","0.9981753847968391","0.9981753847968391","0.9981753847968391","0.9996119596626761","0.9996119596626761","0.9996119596626761","0.48552692103556055","0.48552692103556055","0.48552692103556055","0.9594462463879224","0.9594462463879224","0.9594462463879224"
"3500","0.9991287956177649","0.9991287956177649","0.9991287956177649","0.9977243319160201","0.9977243319160201","0.9977243319160201","0.999328607242304","0.999328607242304","0.999328607242304","0.25964589011260125","0.25964589011260125","0.25964589011260125","0.9480181385266366","0.9480181385266366","0.9480181385266366"
"3510","0.9993585984696975","0.9993585984696975","0.9993585984696975","0.9983612223262099","0.9983612223262099","0.9983612223262099","0.9996246085897321","0.9996246085897321","0.9996246085897321","0.25214458523779754","0.25214458523779754","0.25214458523779754","0.9477176849482284","0.9477176849482284","0.9477176849482284"
"3520","0.9992508058304409","0.9992508058304409","0.9992508058304409","0.9971621239590891","0.9971621239590891","0.9971621239590891","0.9994148117091263","0.9994148117091263","0.9994148117091263","0.2491542848609811","0.2491542848609811","0.2491542848609811","0.94119591555165","0.94119591555165","0.94119591555165"
"3530","0.9991951662447595","0.9991951662447595","0.9991951662447595","0.9976311497553606","0.9976311497553606","0.9976311497553606","0.9993552574967731","0.9993552574967731","0.9993552574967731","0.2500787949131005","0.2500787949131005","0.2500787949131005","0.9432351440320983","0.9432351440320983","0.9432351440320983"
"3540","0.9994219045277909","0.9994219045277909","0.9994219045277909","0.9982682943667306","0.9982682943667306","0.9982682943667306","0.9994902952867799","0.9994902952867799","0.9994902952867799","0.2598623023039298","0.2598623023039298","0.2598623023039298","0.9494347116652053","0.9494347116652053","0.9494347116652053"
"3550","0.9993946785518918","0.9993946785518918","0.9993946785518918","0.9980873123343373","0.9980873123343373","0.9980873123343373","0.9994926829768236","0.9994926829768236","0.9994926829768236","0.25173493454201185","0.25173493454201185","0.25173493454201185","0.9501644296462745","0.9501644296462745","0.9501644296462745"
"3560","0.9994452220152554","0.9994452220152554","0.9994452220152554","0.9984865552514647","0.9984865552514647","0.9984865552514647","0.999572046994183","0.999572046994183","0.999572046994183","0.24848720563597199","0.24848720563597199","0.24848720563597199","0.954077650707098","0.954077650707098","0.954077650707098"
"3570","0.9993994860027426","0.9993994860027426","0.9993994860027426","0.9985313516371424","0.9985313516371424","0.9985313516371424","0.9996101406164051","0.9996101406164051","0.9996101406164051","0.4355322708033299","0.4355322708033299","0.4355322708033299","0.9544374839412945","0.9544374839412945","0.9544374839412945"
"3580","0.9996678739842726","0.9996678739842726","0.9996678739842726","0.999043951540442","0.999043951540442","0.999043951540442","0.9997645463781362","0.9997645463781362","0.9997645463781362","0.4759923302613654","0.4759923302613654","0.4759923302613654","0.9688614067790479","0.9688614067790479","0.9688614067790479"
"3590","0.9995348837209302","0.9995348837209302","0.9995348837209302","0.9986516711144999","0.9986516711144999","0.9986516711144999","0.9997610878129368","0.9997610878129368","0.9997610878129368","0.2977792603888677","0.2977792603888677","0.2977792603888677","0.9603628161138645","0.9603628161138645","0.9603628161138645"
"3600","0.9989378879940786","0.9989378879940786","0.9989378879940786","0.9966096066636755","0.9966096066636755","0.9966096066636755","0.9993542409701468","0.9993542409701468","0.9993542409701468","0.24831937885459204","0.24831937885459204","0.24831937885459204","0.9407935928536846","0.9407935928536846","0.9407935928536846"
"3610","0.9992137867464327","0.9992137867464327","0.9992137867464327","0.9968286816791656","0.9968286816791656","0.9968286816791656","0.9994745668403909","0.9994745668403909","0.9994745668403909","0.2478901986705379","0.2478901986705379","0.2478901986705379","0.9483481130236419","0.9483481130236419","0.9483481130236419"
"3620","0.9995450482483431","0.9995450482483431","0.9995450482483431","0.9984104467292858","0.9984104467292858","0.9984104467292858","0.9996617183719024","0.9996617183719024","0.9996617183719024","0.3815329096170751","0.3815329096170751","0.3815329096170751","0.9645983337777909","0.9645983337777909","0.9645983337777909"
"3630","0.9995749155159389","0.9995749155159389","0.9995749155159389","0.9989852440032302","0.9989852440032302","0.9989852440032302","0.9997288458305014","0.9997288458305014","0.9997288458305014","0.49304471794045973","0.49304471794045973","0.49304471794045973","0.9718301603953877","0.9718301603953877","0.9718301603953877"
"3640","0.9994051427232566","0.9994051427232566","0.9994051427232566","0.9980570018950453","0.9980570018950453","0.9980570018950453","0.9994743404064697","0.9994743404064697","0.9994743404064697","0.3825678896042014","0.3825678896042014","0.3825678896042014","0.9559174338099881","0.9559174338099881","0.9559174338099881"
"3650","0.9995289883360617","0.9995289883360617","0.9995289883360617","0.9982362661062311","0.9982362661062311","0.9982362661062311","0.9996467412520462","0.9996467412520462","0.9996467412520462","0.25145047273956","0.25145047273956","0.25145047273956","0.9518537764768071","0.9518537764768071","0.9518537764768071"
"3660","0.9990453669419064","0.9990453669419064","0.9990453669419064","0.9968749276305802","0.9968749276305802","0.9968749276305802","0.9994236177762453","0.9994236177762453","0.9994236177762453","0.24571959004814337","0.24571959004814337","0.24571959004814337","0.94980521368599","0.94980521368599","0.94980521368599"
"3670","0.9993831043235593","0.9993831043235593","0.9993831043235593","0.9979479296713437","0.9979479296713437","0.9979479296713437","0.9995462502875766","0.9995462502875766","0.9995462502875766","0.2584283053149259","0.2584283053149259","0.2584283053149259","0.9560073084293569","0.9560073084293569","0.9560073084293569"
"3680","0.9990889525257256","0.9990889525257256","0.9990889525257256","0.9967057700526412","0.9967057700526412","0.9967057700526412","0.9994312351091081","0.9994312351091081","0.9994312351091081","0.25370624860847735","0.25370624860847735","0.25370624860847735","0.9512858309085651","0.9512858309085651","0.9512858309085651"
"3690","0.9993940983253391","0.9993940983253391","0.9993940983253391","0.9981425426968331","0.9981425426968331","0.9981425426968331","0.999519125655031","0.999519125655031","0.999519125655031","0.2508189290094822","0.2508189290094822","0.2508189290094822","0.9585133673450414","0.9585133673450414","0.9585133673450414"
"3700","0.9991985836973577","0.9991985836973577","0.9991985836973577","0.9973001571616867","0.9973001571616867","0.9973001571616867","0.999371862897929","0.999371862897929","0.999371862897929","0.2577853006999333","0.2577853006999333","0.2577853006999333","0.9543555829348018","0.9543555829348018","0.9543555829348018"
"3710","0.9994965670916441","0.9994965670916441","0.9994965670916441","0.9984554497420148","0.9984554497420148","0.9984554497420148","0.9996574846708234","0.9996574846708234","0.9996574846708234","0.24986364012366744","0.24986364012366744","0.24986364012366744","0.9633935126304143","0.9633935126304143","0.9633935126304143"
"3720","0.9991978504708366","0.9991978504708366","0.9991978504708366","0.9979795094858845","0.9979795094858845","0.9979795094858845","0.9993882564537014","0.9993882564537014","0.9993882564537014","0.2514536145938467","0.2514536145938467","0.2514536145938467","0.9623311353021055","0.9623311353021055","0.9623311353021055"
"3730","0.999554077344605","0.999554077344605","0.999554077344605","0.9987366603434964","0.9987366603434964","0.9987366603434964","0.9997327052878402","0.9997327052878402","0.9997327052878402","0.2517178377475793","0.2517178377475793","0.2517178377475793","0.9678566782580669","0.9678566782580669","0.9678566782580669"
"3740","0.9981644675088596","0.9981644675088596","0.9981644675088596","0.9980631967507277","0.9980631967507277","0.9980631967507277","0.9993923754512087","0.9993923754512087","0.9993923754512087","0.2828865710544122","0.2828865710544122","0.2828865710544122","0.961366471657163","0.961366471657163","0.961366471657163"
"3750","0.9994493913359311","0.9994493913359311","0.9994493913359311","0.9981839573886853","0.9981839573886853","0.9981839573886853","0.9995550051615537","0.9995550051615537","0.9995550051615537","0.2487257112350571","0.2487257112350571","0.2487257112350571","0.9618199580507036","0.9618199580507036","0.9618199580507036"
"3760","0.9995738637243443","0.9995738637243443","0.9995738637243443","0.9984472040071675","0.9984472040071675","0.9984472040071675","0.9996766814885287","0.9996766814885287","0.9996766814885287","0.35264015578749425","0.35264015578749425","0.35264015578749425","0.9658570696813331","0.9658570696813331","0.9658570696813331"
"3770","0.9995920576163849","0.9995920576163849","0.9995920576163849","0.9987820936384671","0.9987820936384671","0.9987820936384671","0.9996115962211154","0.9996115962211154","0.9996115962211154","0.4752185363335157","0.4752185363335157","0.4752185363335157","0.9761842170703461","0.9761842170703461","0.9761842170703461"
"3780","0.9993433746378454","0.9993433746378454","0.9993433746378454","0.9980632001911074","0.9980632001911074","0.9980632001911074","0.9996134975713437","0.9996134975713437","0.9996134975713437","0.3905022081477897","0.3905022081477897","0.3905022081477897","0.9679545997464152","0.9679545997464152","0.9679545997464152"
"3790","0.9991862212047503","0.9991862212047503","0.9991862212047503","0.9977074944300227","0.9977074944300227","0.9977074944300227","0.9994992130490771","0.9994992130490771","0.9994992130490771","0.26417086544161233","0.26417086544161233","0.26417086544161233","0.964459456697259","0.964459456697259","0.964459456697259"
"3800","0.9987066460332092","0.9987066460332092","0.9987066460332092","0.9937641631935329","0.9937641631935329","0.9937641631935329","0.9991775429886991","0.9991775429886991","0.9991775429886991","0.24762793721975987","0.24762793721975987","0.24762793721975987","0.9537037335677927","0.9537037335677927","0.9537037335677927"
"3810","0.999002239292497","0.999002239292497","0.999002239292497","0.9979918805962628","0.9979918805962628","0.9979918805962628","0.9993833284516127","0.9993833284516127","0.9993833284516127","0.2645464251632227","0.2645464251632227","0.2645464251632227","0.9603497201671753","0.9603497201671753","0.9603497201671753"
"3820","0.9994917821893997","0.9994917821893997","0.9994917821893997","0.9985266226946837","0.9985266226946837","0.9985266226946837","0.9996793619432484","0.9996793619432484","0.9996793619432484","0.253876540068723","0.253876540068723","0.253876540068723","0.9712457762102139","0.9712457762102139","0.9712457762102139"
"3830","0.9991622994502747","0.9991622994502747","0.9991622994502747","0.9981359276055664","0.9981359276055664","0.9981359276055664","0.9995195171021095","0.9995195171021095","0.9995195171021095","0.32722897840153903","0.32722897840153903","0.32722897840153903","0.9695767536839642","0.9695767536839642","0.9695767536839642"
"3840","0.9997104555579317","0.9997104555579317","0.9997104555579317","0.9992545131688657","0.9992545131688657","0.9992545131688657","0.9998642384981173","0.9998642384981173","0.9998642384981173","0.46309990364537656","0.46309990364537656","0.46309990364537656","0.9822831240043155","0.9822831240043155","0.9822831240043155"
"3850","0.9997318825198575","0.9997318825198575","0.9997318825198575","0.9992763310605411","0.9992763310605411","0.9992763310605411","0.9998404949250078","0.9998404949250078","0.9998404949250078","0.37941602523283396","0.37941602523283396","0.37941602523283396","0.9822725935525194","0.9822725935525194","0.9822725935525194"
"3860","0.9995709145902859","0.9995709145902859","0.9995709145902859","0.9987976395037614","0.9987976395037614","0.9987976395037614","0.9997834829757731","0.9997834829757731","0.9997834829757731","0.21189119394331465","0.21189119394331465","0.21189119394331465","0.9736388877737641","0.9736388877737641","0.9736388877737641"
"3870","0.9995202561254878","0.9995202561254878","0.9995202561254878","0.99833840309788","0.99833840309788","0.99833840309788","0.9997217362674083","0.9997217362674083","0.9997217362674083","0.38607833646200873","0.38607833646200873","0.38607833646200873","0.9702534227053378","0.9702534227053378","0.9702534227053378"
"3880","0.9996618877360324","0.9996618877360324","0.9996618877360324","0.9988691957147093","0.9988691957147093","0.9988691957147093","0.9998003414399066","0.9998003414399066","0.9998003414399066","0.48443168319891045","0.48443168319891045","0.48443168319891045","0.9788872957139368","0.9788872957139368","0.9788872957139368"
"3890","0.9995005249396979","0.9995005249396979","0.9995005249396979","0.9980763460515392","0.9980763460515392","0.9980763460515392","0.9997422855954216","0.9997422855954216","0.9997422855954216","0.36218814256024534","0.36218814256024534","0.36218814256024534","0.9711623717333933","0.9711623717333933","0.9711623717333933"
"3900","0.99961603841107","0.99961603841107","0.99961603841107","0.9987518141874429","0.9987518141874429","0.9987518141874429","0.9997738478667144","0.9997738478667144","0.9997738478667144","0.31685280726867865","0.31685280726867865","0.31685280726867865","0.9735836912004453","0.9735836912004453","0.9735836912004453"
"3910","0.9997692669475198","0.9997692669475198","0.9997692669475198","0.9990611348171455","0.9990611348171455","0.9990611348171455","0.99981706586632","0.99981706586632","0.99981706586632","0.4835934637043926","0.4835934637043926","0.4835934637043926","0.9793036582695965","0.9793036582695965","0.9793036582695965"
"3920","0.9995185095908419","0.9995185095908419","0.9995185095908419","0.998673937957212","0.998673937957212","0.998673937957212","0.9994846783952173","0.9994846783952173","0.9994846783952173","0.4314274891755277","0.4314274891755277","0.4314274891755277","0.976786966773537","0.976786966773537","0.976786966773537"
"3930","0.9995151099821595","0.9995151099821595","0.9995151099821595","0.9986148708877597","0.9986148708877597","0.9986148708877597","0.9996478699609685","0.9996478699609685","0.9996478699609685","0.3006457192493119","0.3006457192493119","0.3006457192493119","0.975000663799894","0.975000663799894","0.975000663799894"
"3940","0.9997438994897598","0.9997438994897598","0.9997438994897598","0.9991116699238769","0.9991116699238769","0.9991116699238769","0.9997807399343883","0.9997807399343883","0.9997807399343883","0.48361580645218794","0.48361580645218794","0.48361580645218794","0.9818537042175773","0.9818537042175773","0.9818537042175773"
"3950","0.9996803398708985","0.9996803398708985","0.9996803398708985","0.9986564569526382","0.9986564569526382","0.9986564569526382","0.9997749641216382","0.9997749641216382","0.9997749641216382","0.4236752301613586","0.4236752301613586","0.4236752301613586","0.9767994681631856","0.9767994681631856","0.9767994681631856"
"3960","0.9996204425768218","0.9996204425768218","0.9996204425768218","0.9986149370642327","0.9986149370642327","0.9986149370642327","0.9997130803207839","0.9997130803207839","0.9997130803207839","0.25994150955777057","0.25994150955777057","0.25994150955777057","0.9751943141011372","0.9751943141011372","0.9751943141011372"
"3970","0.9996033435614183","0.9996033435614183","0.9996033435614183","0.9987576176801357","0.9987576176801357","0.9987576176801357","0.9997308171640295","0.9997308171640295","0.9997308171640295","0.2573536738927591","0.2573536738927591","0.2573536738927591","0.9758854885862596","0.9758854885862596","0.9758854885862596"
"3980","0.9994977434097455","0.9994977434097455","0.9994977434097455","0.9982294645102253","0.9982294645102253","0.9982294645102253","0.9997459553762842","0.9997459553762842","0.9997459553762842","0.2489313275905423","0.2489313275905423","0.2489313275905423","0.9730790467623568","0.9730790467623568","0.9730790467623568"
"3990","0.9994605709228858","0.9994605709228858","0.9994605709228858","0.9985235650470781","0.9985235650470781","0.9985235650470781","0.9995972176131077","0.9995972176131077","0.9995972176131077","0.2533325524951035","0.2533325524951035","0.2533325524951035","0.9775756274360526","0.9775756274360526","0.9775756274360526"
"4000","0.9995081752915033","0.9995081752915033","0.9995081752915033","0.9973383223341483","0.9973383223341483","0.9973383223341483","0.9996926095571895","0.9996926095571895","0.9996926095571895","0.2485643248476314","0.2485643248476314","0.2485643248476314","0.9718397997496871","0.9718397997496871","0.9718397997496871"
"4010","0.9996568984734764","0.9996568984734764","0.9996568984734764","0.998654794735648","0.998654794735648","0.998654794735648","0.9997786840603685","0.9997786840603685","0.9997786840603685","0.3809416065929895","0.3809416065929895","0.3809416065929895","0.9799257787941001","0.9799257787941001","0.9799257787941001"
"4020","0.9991122266350961","0.9991122266350961","0.9991122266350961","0.9985999358007787","0.9985999358007787","0.9985999358007787","0.9993947268986446","0.9993947268986446","0.9993947268986446","0.47594305931794845","0.47594305931794845","0.47594305931794845","0.9832152201902997","0.9832152201902997","0.9832152201902997"
"4030","0.999622730663091","0.999622730663091","0.999622730663091","0.9988020152367334","0.9988020152367334","0.9988020152367334","0.9997018953764096","0.9997018953764096","0.9997018953764096","0.3602513974427324","0.3602513974427324","0.3602513974427324","0.9796429176649873","0.9796429176649873","0.9796429176649873"
"4040","0.9995266961453824","0.9995266961453824","0.9995266961453824","0.9987421611066916","0.9987421611066916","0.9987421611066916","0.9995337989317409","0.9995337989317409","0.9995337989317409","0.25833996260060127","0.25833996260060127","0.25833996260060127","0.9789537983118614","0.9789537983118614","0.9789537983118614"
"4050","0.999634388924767","0.999634388924767","0.999634388924767","0.9990215859367214","0.9990215859367214","0.9990215859367214","0.999728218315756","0.999728218315756","0.999728218315756","0.25636001496093463","0.25636001496093463","0.25636001496093463","0.9784697138138865","0.9784697138138865","0.9784697138138865"
"4060","0.9994640877290977","0.9994640877290977","0.9994640877290977","0.9982531072232301","0.9982531072232301","0.9982531072232301","0.9998142429689022","0.9998142429689022","0.9998142429689022","0.2618682238326918","0.2618682238326918","0.2618682238326918","0.9767266504382766","0.9767266504382766","0.9767266504382766"
"4070","0.9995381459934004","0.9995381459934004","0.9995381459934004","0.998354926132265","0.998354926132265","0.998354926132265","0.9997706788868483","0.9997706788868483","0.9997706788868483","0.2547943850372149","0.2547943850372149","0.2547943850372149","0.9770389826621676","0.9770389826621676","0.9770389826621676"
"4080","0.9992824187541375","0.9992824187541375","0.9992824187541375","0.9982079419062394","0.9982079419062394","0.9982079419062394","0.9995066628934695","0.9995066628934695","0.9995066628934695","0.25283937297548603","0.25283937297548603","0.25283937297548603","0.9791636135774457","0.9791636135774457","0.9791636135774457"
"4090","0.9997200865532789","0.9997200865532789","0.9997200865532789","0.9989148153848988","0.9989148153848988","0.9989148153848988","0.9998217111804324","0.9998217111804324","0.9998217111804324","0.4743700907430662","0.4743700907430662","0.4743700907430662","0.9849470749639113","0.9849470749639113","0.9849470749639113"
"4100","0.9996720073508589","0.9996720073508589","0.9996720073508589","0.9990685964662824","0.9990685964662824","0.9990685964662824","0.999826743409379","0.999826743409379","0.999826743409379","0.4836350188610709","0.4836350188610709","0.4836350188610709","0.9863802396676341","0.9863802396676341","0.9863802396676341"
"4110","0.9997240311360094","0.9997240311360094","0.9997240311360094","0.9990137506172138","0.9990137506172138","0.9990137506172138","0.9998461812889232","0.9998461812889232","0.9998461812889232","0.25936290616541585","0.25936290616541585","0.25936290616541585","0.9819023884555825","0.9819023884555825","0.9819023884555825"
"4120","0.9995510826753929","0.9995510826753929","0.9995510826753929","0.9983136658665905","0.9983136658665905","0.9983136658665905","0.9997176580150394","0.9997176580150394","0.9997176580150394","0.25278354467177583","0.25278354467177583","0.25278354467177583","0.9787883348382997","0.9787883348382997","0.9787883348382997"
"4130","0.9996490055049027","0.9996490055049027","0.9996490055049027","0.9984240539671683","0.9984240539671683","0.9984240539671683","0.9997388395621488","0.9997388395621488","0.9997388395621488","0.25184785447396063","0.25184785447396063","0.25184785447396063","0.9782916000664772","0.9782916000664772","0.9782916000664772"
"4140","0.9995031768145721","0.9995031768145721","0.9995031768145721","0.9984563457162945","0.9984563457162945","0.9984563457162945","0.9996802430412325","0.9996802430412325","0.9996802430412325","0.2496542992717584","0.2496542992717584","0.2496542992717584","0.9798760666132225","0.9798760666132225","0.9798760666132225"
"4150","0.9996186388180514","0.9996186388180514","0.9996186388180514","0.9988952786066057","0.9988952786066057","0.9988952786066057","0.9998367438595042","0.9998367438595042","0.9998367438595042","0.25829573494946156","0.25829573494946156","0.25829573494946156","0.9839970265442869","0.9839970265442869","0.9839970265442869"
"4160","0.9993594250042759","0.9993594250042759","0.9993594250042759","0.9983579168891337","0.9983579168891337","0.9983579168891337","0.9995902921347145","0.9995902921347145","0.9995902921347145","0.25260635983666313","0.25260635983666313","0.25260635983666313","0.9806520338093532","0.9806520338093532","0.9806520338093532"
"4170","0.9995645802323262","0.9995645802323262","0.9995645802323262","0.998673919826497","0.998673919826497","0.998673919826497","0.9997749372125974","0.9997749372125974","0.9997749372125974","0.24749489772430833","0.24749489772430833","0.24749489772430833","0.9782456355721966","0.9782456355721966","0.9782456355721966"
"4180","0.9997392049001422","0.9997392049001422","0.9997392049001422","0.999067131464323","0.999067131464323","0.999067131464323","0.9998208229265036","0.9998208229265036","0.9998208229265036","0.2643575991802489","0.2643575991802489","0.2643575991802489","0.9825777395760071","0.9825777395760071","0.9825777395760071"
"4190","0.9993755462370902","0.9993755462370902","0.9993755462370902","0.998729338961948","0.998729338961948","0.998729338961948","0.9997172043409773","0.9997172043409773","0.9997172043409773","0.2674901437395311","0.2674901437395311","0.2674901437395311","0.9804391138386888","0.9804391138386888","0.9804391138386888"
"4200","0.9993861197637363","0.9993861197637363","0.9993861197637363","0.9984944859827473","0.9984944859827473","0.9984944859827473","0.9997344342551586","0.9997344342551586","0.9997344342551586","0.25641206566529995","0.25641206566529995","0.25641206566529995","0.9812218076944788","0.9812218076944788","0.9812218076944788"
"4210","0.9989514261504417","0.9989514261504417","0.9989514261504417","0.9978906371548739","0.9978906371548739","0.9978906371548739","0.9993384534082186","0.9993384534082186","0.9993384534082186","0.2454479294041709","0.2454479294041709","0.2454479294041709","0.9804808395791303","0.9804808395791303","0.9804808395791303"
"4220","0.9995282816036886","0.9995282816036886","0.9995282816036886","0.9985809940486466","0.9985809940486466","0.9985809940486466","0.999574490752715","0.999574490752715","0.999574490752715","0.25095482863144547","0.25095482863144547","0.25095482863144547","0.9810234427998124","0.9810234427998124","0.9810234427998124"
"4230","0.99948031617717","0.99948031617717","0.99948031617717","0.9982596337825129","0.9982596337825129","0.9982596337825129","0.9997082364778461","0.9997082364778461","0.9997082364778461","0.2555433473128707","0.2555433473128707","0.2555433473128707","0.9818410725150463","0.9818410725150463","0.9818410725150463"
"4240","0.9995829056466145","0.9995829056466145","0.9995829056466145","0.9989684419897126","0.9989684419897126","0.9989684419897126","0.9997815524213509","0.9997815524213509","0.9997815524213509","0.27065016259014957","0.27065016259014957","0.27065016259014957","0.9842570834182319","0.9842570834182319","0.9842570834182319"
"4250","0.9990140511934471","0.9990140511934471","0.9990140511934471","0.9973754409575403","0.9973754409575403","0.9973754409575403","0.9995623626849681","0.9995623626849681","0.9995623626849681","0.25581545365661157","0.25581545365661157","0.25581545365661157","0.9687841904152369","0.9687841904152369","0.9687841904152369"
"4260","0.9989947501495452","0.9989947501495452","0.9989947501495452","0.9975231866802484","0.9975231866802484","0.9975231866802484","0.9993642336180267","0.9993642336180267","0.9993642336180267","0.2553430176224503","0.2553430176224503","0.2553430176224503","0.97892924964915","0.97892924964915","0.97892924964915"
"4270","0.9994200607817223","0.9994200607817223","0.9994200607817223","0.9986879434664764","0.9986879434664764","0.9986879434664764","0.9994852799661372","0.9994852799661372","0.9994852799661372","0.26444716830449944","0.26444716830449944","0.26444716830449944","0.9819975868901767","0.9819975868901767","0.9819975868901767"
"4280","0.9997216033840656","0.9997216033840656","0.9997216033840656","0.9989437683946375","0.9989437683946375","0.9989437683946375","0.9998008690872136","0.9998008690872136","0.9998008690872136","0.2519354042518639","0.2519354042518639","0.2519354042518639","0.9837653528967103","0.9837653528967103","0.9837653528967103"
"4290","0.9996340466509336","0.9996340466509336","0.9996340466509336","0.9989339891350574","0.9989339891350574","0.9989339891350574","0.9997420840730983","0.9997420840730983","0.9997420840730983","0.27575334244677907","0.27575334244677907","0.27575334244677907","0.980428365256414","0.980428365256414","0.980428365256414"
"4300","0.9996837521589997","0.9996837521589997","0.9996837521589997","0.9990822730921741","0.9990822730921741","0.9990822730921741","0.9997500425718248","0.9997500425718248","0.9997500425718248","0.30029192108400027","0.30029192108400027","0.30029192108400027","0.9833945556717834","0.9833945556717834","0.9833945556717834"
"4310","0.9985607984309193","0.9985607984309193","0.9985607984309193","0.9963556106608731","0.9963556106608731","0.9963556106608731","0.9990578745826096","0.9990578745826096","0.9990578745826096","0.2581655570731805","0.2581655570731805","0.2581655570731805","0.9723198161633118","0.9723198161633118","0.9723198161633118"
"4320","0.9997591635583465","0.9997591635583465","0.9997591635583465","0.9992828558432941","0.9992828558432941","0.9992828558432941","0.9998527559379","0.9998527559379","0.9998527559379","0.47548922882859895","0.47548922882859895","0.47548922882859895","0.9888523726264347","0.9888523726264347","0.9888523726264347"
"4330","0.9997184365635241","0.9997184365635241","0.9997184365635241","0.9989894092425242","0.9989894092425242","0.9989894092425242","0.9997745155882164","0.9997745155882164","0.9997745155882164","0.5145273881778406","0.5145273881778406","0.5145273881778406","0.9845175159328687","0.9845175159328687","0.9845175159328687"
"4340","0.999790282085364","0.999790282085364","0.999790282085364","0.9992142962634766","0.9992142962634766","0.9992142962634766","0.9998836213262443","0.9998836213262443","0.9998836213262443","0.4926161571407473","0.4926161571407473","0.4926161571407473","0.9893924088022449","0.9893924088022449","0.9893924088022449"
"4350","0.9995322291705723","0.9995322291705723","0.9995322291705723","0.9989602430731286","0.9989602430731286","0.9989602430731286","0.9997688098077349","0.9997688098077349","0.9997688098077349","0.4549218056073804","0.4549218056073804","0.4549218056073804","0.9871779284041109","0.9871779284041109","0.9871779284041109"
"4360","0.9994825474132848","0.9994825474132848","0.9994825474132848","0.9986287184252429","0.9986287184252429","0.9986287184252429","0.9995083233827351","0.9995083233827351","0.9995083233827351","0.25958527753952904","0.25958527753952904","0.25958527753952904","0.9853238073942234","0.9853238073942234","0.9853238073942234"
"4370","0.9994912581295793","0.9994912581295793","0.9994912581295793","0.99829368877089","0.99829368877089","0.99829368877089","0.9994455935621964","0.9994455935621964","0.9994455935621964","0.25600199637770643","0.25600199637770643","0.25600199637770643","0.9811482516259159","0.9811482516259159","0.9811482516259159"
"4380","0.9987071706291685","0.9987071706291685","0.9987071706291685","0.9962718408841136","0.9962718408841136","0.9962718408841136","0.9994460216550519","0.9994460216550519","0.9994460216550519","0.246366196318155","0.246366196318155","0.246366196318155","0.9757183487095376","0.9757183487095376","0.9757183487095376"
"4390","0.9997311571744554","0.9997311571744554","0.9997311571744554","0.9990666092609451","0.9990666092609451","0.9990666092609451","0.9998008328211735","0.9998008328211735","0.9998008328211735","0.20047918440054294","0.20047918440054294","0.20047918440054294","0.9887046574225926","0.9887046574225926","0.9887046574225926"
"4400","0.999804829522831","0.999804829522831","0.999804829522831","0.9991703622860142","0.9991703622860142","0.9991703622860142","0.9998655347214154","0.9998655347214154","0.9998655347214154","0.23889649698366966","0.23889649698366966","0.23889649698366966","0.9884392497620748","0.9884392497620748","0.9884392497620748"
"4410","0.9988237190705235","0.9988237190705235","0.9988237190705235","0.9958563527445227","0.9958563527445227","0.9958563527445227","0.9992907988351202","0.9992907988351202","0.9992907988351202","0.25219119867256173","0.25219119867256173","0.25219119867256173","0.9625753871030818","0.9625753871030818","0.9625753871030818"
"4420","0.9997132458225563","0.9997132458225563","0.9997132458225563","0.9987597247413661","0.9987597247413661","0.9987597247413661","0.9998356873186771","0.9998356873186771","0.9998356873186771","0.2829889428350472","0.2829889428350472","0.2829889428350472","0.9842240793573154","0.9842240793573154","0.9842240793573154"
"4430","0.9996371709646548","0.9996371709646548","0.9996371709646548","0.9986408411446838","0.9986408411446838","0.9986408411446838","0.9998137520582331","0.9998137520582331","0.9998137520582331","0.26015164062525176","0.26015164062525176","0.26015164062525176","0.9845472209422599","0.9845472209422599","0.9845472209422599"
"4440","0.9997728841773826","0.9997728841773826","0.9997728841773826","0.9987876402536987","0.9987876402536987","0.9987876402536987","0.9998432126565454","0.9998432126565454","0.9998432126565454","0.2524624645938046","0.2524624645938046","0.2524624645938046","0.9865066102318258","0.9865066102318258","0.9865066102318258"
"4450","0.9998083032271093","0.9998083032271093","0.9998083032271093","0.9992114146131924","0.9992114146131924","0.9992114146131924","0.9998576699545761","0.9998576699545761","0.9998576699545761","0.2583469839814586","0.2583469839814586","0.2583469839814586","0.9863356745129844","0.9863356745129844","0.9863356745129844"
"4460","0.9997253850704438","0.9997253850704438","0.9997253850704438","0.999057454832902","0.999057454832902","0.999057454832902","0.9997856976951595","0.9997856976951595","0.9997856976951595","0.2638003626456967","0.2638003626456967","0.2638003626456967","0.9852869276877294","0.9852869276877294","0.9852869276877294"
"4470","0.9997902446328442","0.9997902446328442","0.9997902446328442","0.9993494356612522","0.9993494356612522","0.9993494356612522","0.9998722105763174","0.9998722105763174","0.9998722105763174","0.25892267061824265","0.25892267061824265","0.25892267061824265","0.9887364594842987","0.9887364594842987","0.9887364594842987"
"4480","0.9998262950667799","0.9998262950667799","0.9998262950667799","0.9991700764301706","0.9991700764301706","0.9991700764301706","0.9998697213000849","0.9998697213000849","0.9998697213000849","0.4335078022465838","0.4335078022465838","0.4335078022465838","0.9888364423299622","0.9888364423299622","0.9888364423299622"
"4490","0.9996902265278087","0.9996902265278087","0.9996902265278087","0.9989199628748408","0.9989199628748408","0.9989199628748408","0.9998230716899216","0.9998230716899216","0.9998230716899216","0.4888034761349326","0.4888034761349326","0.4888034761349326","0.9907079872706932","0.9907079872706932","0.9907079872706932"
"4500","0.9997280577385766","0.9997280577385766","0.9997280577385766","0.9992320503744313","0.9992320503744313","0.9992320503744313","0.9997925323122944","0.9997925323122944","0.9997925323122944","0.30083197734580525","0.30083197734580525","0.30083197734580525","0.9897434358819516","0.9897434358819516","0.9897434358819516"
"4510","0.9997402871920985","0.9997402871920985","0.9997402871920985","0.9990752161803013","0.9990752161803013","0.9990752161803013","0.999799576468344","0.999799576468344","0.999799576468344","0.2586655788373373","0.2586655788373373","0.2586655788373373","0.9890836842356259","0.9890836842356259","0.9890836842356259"
"4520","0.9997959488794192","0.9997959488794192","0.9997959488794192","0.998759651521753","0.998759651521753","0.998759651521753","0.9998787243339945","0.9998787243339945","0.9998787243339945","0.260062511509959","0.260062511509959","0.260062511509959","0.9883543277125163","0.9883543277125163","0.9883543277125163"
"4530","0.9994703260921082","0.9994703260921082","0.9994703260921082","0.9984109782763245","0.9984109782763245","0.9984109782763245","0.9995964999250643","0.9995964999250643","0.9995964999250643","0.2533634613389285","0.2533634613389285","0.2533634613389285","0.9839003470100645","0.9839003470100645","0.9839003470100645"
"4540","0.9997270654307397","0.9997270654307397","0.9997270654307397","0.999010208914314","0.999010208914314","0.999010208914314","0.9997851366156888","0.9997851366156888","0.9997851366156888","0.262645645758029","0.262645645758029","0.262645645758029","0.9885219076771397","0.9885219076771397","0.9885219076771397"
"4550","0.9996504616818619","0.9996504616818619","0.9996504616818619","0.9989015434705919","0.9989015434705919","0.9989015434705919","0.9998271727204762","0.9998271727204762","0.9998271727204762","0.25446195372501046","0.25446195372501046","0.25446195372501046","0.9888108900604895","0.9888108900604895","0.9888108900604895"
"4560","0.9995272501932525","0.9995272501932525","0.9995272501932525","0.9982521034172145","0.9982521034172145","0.9982521034172145","0.999756597734634","0.999756597734634","0.999756597734634","0.2486600098383068","0.2486600098383068","0.2486600098383068","0.9825670314506392","0.9825670314506392","0.9825670314506392"
"4570","0.9996212071490588","0.9996212071490588","0.9996212071490588","0.9987792369011744","0.9987792369011744","0.9987792369011744","0.9998281055544408","0.9998281055544408","0.9998281055544408","0.32726327165760627","0.32726327165760627","0.32726327165760627","0.9867097465400774","0.9867097465400774","0.9867097465400774"
"4580","0.9997968664441029","0.9997968664441029","0.9997968664441029","0.9993864777818994","0.9993864777818994","0.9993864777818994","0.9999099146839066","0.9999099146839066","0.9999099146839066","0.4849469203186547","0.4849469203186547","0.4849469203186547","0.9923244955516696","0.9923244955516696","0.9923244955516696"
"4590","0.9997340652755433","0.9997340652755433","0.9997340652755433","0.9992021958266298","0.9992021958266298","0.9992021958266298","0.9998399578355079","0.9998399578355079","0.9998399578355079","0.43080583034808567","0.43080583034808567","0.43080583034808567","0.9904991510545335","0.9904991510545335","0.9904991510545335"
"4600","0.9996263345757288","0.9996263345757288","0.9996263345757288","0.9989749448496343","0.9989749448496343","0.9989749448496343","0.9997052335251104","0.9997052335251104","0.9997052335251104","0.22717090459223446","0.22717090459223446","0.22717090459223446","0.9897134705754258","0.9897134705754258","0.9897134705754258"
"4610","0.9997377314748457","0.9997377314748457","0.9997377314748457","0.9990802303815519","0.9990802303815519","0.9990802303815519","0.9998273907148403","0.9998273907148403","0.9998273907148403","0.2141959243471191","0.2141959243471191","0.2141959243471191","0.9894013019497531","0.9894013019497531","0.9894013019497531"
"4620","0.9997800538089322","0.9997800538089322","0.9997800538089322","0.9986591382346234","0.9986591382346234","0.9986591382346234","0.999862299976697","0.999862299976697","0.999862299976697","0.22867612331442086","0.22867612331442086","0.22867612331442086","0.9875559055863841","0.9875559055863841","0.9875559055863841"
"4630","0.9997917030068246","0.9997917030068246","0.9997917030068246","0.9992300678626492","0.9992300678626492","0.9992300678626492","0.9998901009729259","0.9998901009729259","0.9998901009729259","0.2656003905249148","0.2656003905249148","0.2656003905249148","0.9901576475985465","0.9901576475985465","0.9901576475985465"
"4640","0.9991630023988377","0.9991630023988377","0.9991630023988377","0.996990397599496","0.996990397599496","0.996990397599496","0.9996596893367403","0.9996596893367403","0.9996596893367403","0.2640817155759101","0.2640817155759101","0.2640817155759101","0.985854356008534","0.985854356008534","0.985854356008534"
"4650","0.9997427450790938","0.9997427450790938","0.9997427450790938","0.9990802834635208","0.9990802834635208","0.9990802834635208","0.9998417821847948","0.9998417821847948","0.9998417821847948","0.4237205945849651","0.4237205945849651","0.4237205945849651","0.9909894350355839","0.9909894350355839","0.9909894350355839"
"4660","0.9997193247199081","0.9997193247199081","0.9997193247199081","0.9990108303061889","0.9990108303061889","0.9990108303061889","0.9998139634979529","0.9998139634979529","0.9998139634979529","0.2598638238733448","0.2598638238733448","0.2598638238733448","0.9900791335755049","0.9900791335755049","0.9900791335755049"
"4670","0.9996527819963309","0.9996527819963309","0.9996527819963309","0.9988630688572308","0.9988630688572308","0.9988630688572308","0.999795377972055","0.999795377972055","0.999795377972055","0.27310646292280827","0.27310646292280827","0.27310646292280827","0.9903412008371598","0.9903412008371598","0.9903412008371598"
"4680","0.9990072622189691","0.9990072622189691","0.9990072622189691","0.997845410459635","0.997845410459635","0.997845410459635","0.9992021951252573","0.9992021951252573","0.9992021951252573","0.25242068586691246","0.25242068586691246","0.25242068586691246","0.98806713695844","0.98806713695844","0.98806713695844"
"4690","0.9997840882057859","0.9997840882057859","0.9997840882057859","0.9992242690028237","0.9992242690028237","0.9992242690028237","0.9999159624753059","0.9999159624753059","0.9999159624753059","0.26035471592730886","0.26035471592730886","0.26035471592730886","0.9918587031846343","0.9918587031846343","0.9918587031846343"
"4700","0.99955729539755","0.99955729539755","0.99955729539755","0.9989539006405664","0.9989539006405664","0.9989539006405664","0.9996553873794339","0.9996553873794339","0.9996553873794339","0.2640113425307473","0.2640113425307473","0.2640113425307473","0.991052333363019","0.991052333363019","0.991052333363019"
"4710","0.9994106492616851","0.9994106492616851","0.9994106492616851","0.9989035780095635","0.9989035780095635","0.9989035780095635","0.9998475597116263","0.9998475597116263","0.9998475597116263","0.2613177346735322","0.2613177346735322","0.2613177346735322","0.9892028903699196","0.9892028903699196","0.9892028903699196"
"4720","0.999769356349594","0.999769356349594","0.999769356349594","0.9990632517662278","0.9990632517662278","0.9990632517662278","0.9998447343023803","0.9998447343023803","0.9998447343023803","0.26248793630627415","0.26248793630627415","0.26248793630627415","0.9901068047607942","0.9901068047607942","0.9901068047607942"
"4730","0.9996667214696372","0.9996667214696372","0.9996667214696372","0.9988911957116038","0.9988911957116038","0.9988911957116038","0.9997795136300086","0.9997795136300086","0.9997795136300086","0.24323151451195404","0.24323151451195404","0.24323151451195404","0.9909874603156397","0.9909874603156397","0.9909874603156397"
"4740","0.9996537696396744","0.9996537696396744","0.9996537696396744","0.9989412469729112","0.9989412469729112","0.9989412469729112","0.9998175010063332","0.9998175010063332","0.9998175010063332","0.23620547056912505","0.23620547056912505","0.23620547056912505","0.9899877945708491","0.9899877945708491","0.9899877945708491"
"4750","0.9998036618026896","0.9998036618026896","0.9998036618026896","0.9992406985573272","0.9992406985573272","0.9992406985573272","0.9998633892801886","0.9998633892801886","0.9998633892801886","0.24188166970069544","0.24188166970069544","0.24188166970069544","0.9921102543818683","0.9921102543818683","0.9921102543818683"
"4760","0.9998320716010385","0.9998320716010385","0.9998320716010385","0.999114323579222","0.999114323579222","0.999114323579222","0.9999046892870759","0.9999046892870759","0.9999046892870759","0.25746924770670754","0.25746924770670754","0.25746924770670754","0.9910180999582449","0.9910180999582449","0.9910180999582449"
"4770","0.9997776210048464","0.9997776210048464","0.9997776210048464","0.9992964388687811","0.9992964388687811","0.9992964388687811","0.9998549424370693","0.9998549424370693","0.9998549424370693","0.26350632885508046","0.26350632885508046","0.26350632885508046","0.9904824346154633","0.9904824346154633","0.9904824346154633"
"4780","0.9998448736921359","0.9998448736921359","0.9998448736921359","0.9994424539813589","0.9994424539813589","0.9994424539813589","0.9998922553677597","0.9998922553677597","0.9998922553677597","0.2548180024404808","0.2548180024404808","0.2548180024404808","0.9932607679725836","0.9932607679725836","0.9932607679725836"
"4790","0.999783953446776","0.999783953446776","0.999783953446776","0.9992262071521025","0.9992262071521025","0.9992262071521025","0.9998480622162786","0.9998480622162786","0.9998480622162786","0.2701998719106785","0.2701998719106785","0.2701998719106785","0.9923364376936485","0.9923364376936485","0.9923364376936485"
"4800","0.9998233453708794","0.9998233453708794","0.9998233453708794","0.9991111871621942","0.9991111871621942","0.9991111871621942","0.9998830509423939","0.9998830509423939","0.9998830509423939","0.22569937075251795","0.22569937075251795","0.22569937075251795","0.9889704728250399","0.9889704728250399","0.9889704728250399"
"4810","0.9998570655228459","0.9998570655228459","0.9998570655228459","0.9994237347550032","0.9994237347550032","0.9994237347550032","0.9999042791736705","0.9999042791736705","0.9999042791736705","0.25834274911506744","0.25834274911506744","0.25834274911506744","0.9929787480362678","0.9929787480362678","0.9929787480362678"
"4820","0.9998434002888394","0.9998434002888394","0.9998434002888394","0.9993181790353587","0.9993181790353587","0.9993181790353587","0.9998827113274436","0.9998827113274436","0.9998827113274436","0.25421804222005545","0.25421804222005545","0.25421804222005545","0.9912368606075682","0.9912368606075682","0.9912368606075682"
"4830","0.9998417480281225","0.9998417480281225","0.9998417480281225","0.9993927241404377","0.9993927241404377","0.9993927241404377","0.9998604037483845","0.9998604037483845","0.9998604037483845","0.2514855421384473","0.2514855421384473","0.2514855421384473","0.9930864473911906","0.9930864473911906","0.9930864473911906"
"4840","0.9997895165149565","0.9997895165149565","0.9997895165149565","0.9992860195461746","0.9992860195461746","0.9992860195461746","0.9998592511650165","0.9998592511650165","0.9998592511650165","0.2580431561518757","0.2580431561518757","0.2580431561518757","0.9915358768780373","0.9915358768780373","0.9915358768780373"
"4850","0.9997585363190917","0.9997585363190917","0.9997585363190917","0.9992704714321493","0.9992704714321493","0.9992704714321493","0.9998728462531387","0.9998728462531387","0.9998728462531387","0.2637123756558372","0.2637123756558372","0.2637123756558372","0.9923232530809096","0.9923232530809096","0.9923232530809096"
"4860","0.9998134643673124","0.9998134643673124","0.9998134643673124","0.9993101937341554","0.9993101937341554","0.9993101937341554","0.9998691746737192","0.9998691746737192","0.9998691746737192","0.2565979155581985","0.2565979155581985","0.2565979155581985","0.9907508372194923","0.9907508372194923","0.9907508372194923"
"4870","0.9997428697789709","0.9997428697789709","0.9997428697789709","0.9990454040544293","0.9990454040544293","0.9990454040544293","0.9998405792629619","0.9998405792629619","0.9998405792629619","0.2632274213952914","0.2632274213952914","0.2632274213952914","0.992040534008043","0.992040534008043","0.992040534008043"
"4880","0.999783667264801","0.999783667264801","0.999783667264801","0.9993574402686647","0.9993574402686647","0.9993574402686647","0.9998918336324004","0.9998918336324004","0.9998918336324004","0.25353359563677474","0.25353359563677474","0.25353359563677474","0.9939645742269163","0.9939645742269163","0.9939645742269163"
"4890","0.9998069419086925","0.9998069419086925","0.9998069419086925","0.9992776303206042","0.9992776303206042","0.9992776303206042","0.9999124206671883","0.9999124206671883","0.9999124206671883","0.25187496484041383","0.25187496484041383","0.25187496484041383","0.9922092749709773","0.9922092749709773","0.9922092749709773"
"4900","0.9997762434056662","0.9997762434056662","0.9997762434056662","0.9993455930328033","0.9993455930328033","0.9993455930328033","0.9998793660100114","0.9998793660100114","0.9998793660100114","0.2532470648971952","0.2532470648971952","0.2532470648971952","0.9936628241065626","0.9936628241065626","0.9936628241065626"
"4910","0.9981234046525401","0.9981234046525401","0.9981234046525401","0.9990298356128227","0.9990298356128227","0.9990298356128227","0.9997366972565657","0.9997366972565657","0.9997366972565657","0.2600188625192729","0.2600188625192729","0.2600188625192729","0.9923313880689737","0.9923313880689737","0.9923313880689737"
"4920","0.9998709253554877","0.9998709253554877","0.9998709253554877","0.9993320387146489","0.9993320387146489","0.9993320387146489","0.999920619093625","0.999920619093625","0.999920619093625","0.26320191598402315","0.26320191598402315","0.26320191598402315","0.9937140648122512","0.9937140648122512","0.9937140648122512"
"4930","0.999823643524778","0.999823643524778","0.999823643524778","0.9993591735405856","0.9993591735405856","0.9993591735405856","0.9999257106423057","0.9999257106423057","0.9999257106423057","0.2577575854279164","0.2577575854279164","0.2577575854279164","0.9930859217791203","0.9930859217791203","0.9930859217791203"
"4940","0.9998467268238439","0.9998467268238439","0.9998467268238439","0.9994785048110069","0.9994785048110069","0.9994785048110069","0.9999169515858278","0.9999169515858278","0.9999169515858278","0.4212044584785408","0.4212044584785408","0.4212044584785408","0.9947563475551707","0.9947563475551707","0.9947563475551707"
"4950","0.9998388967839917","0.9998388967839917","0.9998388967839917","0.9986905953939768","0.9986905953939768","0.9986905953939768","0.9998047946433769","0.9998047946433769","0.9998047946433769","0.504628777620529","0.504628777620529","0.504628777620529","0.9941026815453914","0.9941026815453914","0.9941026815453914"
"4960","0.9997204783740695","0.9997204783740695","0.9997204783740695","0.998686501318874","0.998686501318874","0.998686501318874","0.9998317811029468","0.9998317811029468","0.9998317811029468","0.32924864966391004","0.32924864966391004","0.32924864966391004","0.9908415561386301","0.9908415561386301","0.9908415561386301"
"4970","0.9999011156940313","0.9999011156940313","0.9999011156940313","0.9994758525131476","0.9994758525131476","0.9994758525131476","0.9999168886508116","0.9999168886508116","0.9999168886508116","0.43523654278626855","0.43523654278626855","0.43523654278626855","0.9951540623553514","0.9951540623553514","0.9951540623553514"
"4980","0.9998771558980764","0.9998771558980764","0.9998771558980764","0.9994099664120039","0.9994099664120039","0.9994099664120039","0.9998905223547623","0.9998905223547623","0.9998905223547623","0.31185280094099854","0.31185280094099854","0.31185280094099854","0.9943892706815683","0.9943892706815683","0.9943892706815683"
"4990","0.9999085297484863","0.9999085297484863","0.9999085297484863","0.9996323486019805","0.9996323486019805","0.9996323486019805","0.9999327251053384","0.9999327251053384","0.9999327251053384","0.4993443648423761","0.4993443648423761","0.4993443648423761","0.9959381307021374","0.9959381307021374","0.9959381307021374"
"5000","0.9996714688556047","0.9996714688556047","0.9996714688556047","0.9992000980832112","0.9992000980832112","0.9992000980832112","0.9997905018789363","0.9997905018789363","0.9997905018789363","0.4514505959388313","0.4514505959388313","0.4514505959388313","0.9915123502713358","0.9915123502713358","0.9915123502713358"
"5010","0.9997935684680658","0.9997935684680658","0.9997935684680658","0.9991035340949649","0.9991035340949649","0.9991035340949649","0.9998913179785144","0.9998913179785144","0.9998913179785144","0.25500017684944326","0.25500017684944326","0.25500017684944326","0.9904784259756462","0.9904784259756462","0.9904784259756462"
"5020","0.9997195848045978","0.9997195848045978","0.9997195848045978","0.9988512022639974","0.9988512022639974","0.9988512022639974","0.9998397627454845","0.9998397627454845","0.9998397627454845","0.25787666254228037","0.25787666254228037","0.25787666254228037","0.9918246694298978","0.9918246694298978","0.9918246694298978"
"5030","0.9997885498789496","0.9997885498789496","0.9997885498789496","0.9992253295259379","0.9992253295259379","0.9992253295259379","0.9998674395265587","0.9998674395265587","0.9998674395265587","0.25703799118505183","0.25703799118505183","0.25703799118505183","0.9935129430752995","0.9935129430752995","0.9935129430752995"
"5040","0.9998883778218279","0.9998883778218279","0.9998883778218279","0.999438681575284","0.999438681575284","0.999438681575284","0.9999358493228896","0.9999358493228896","0.9999358493228896","0.26499297550085643","0.26499297550085643","0.26499297550085643","0.994162929889725","0.994162929889725","0.994162929889725"
"5050","0.9998161958954687","0.9998161958954687","0.9998161958954687","0.9994428237946261","0.9994428237946261","0.9994428237946261","0.9998892051913452","0.9998892051913452","0.9998892051913452","0.2633579793076285","0.2633579793076285","0.2633579793076285","0.9941470881138945","0.9941470881138945","0.9941470881138945"
"5060","0.9995517854734828","0.9995517854734828","0.9995517854734828","0.9989513834931194","0.9989513834931194","0.9989513834931194","0.9997373642674132","0.9997373642674132","0.9997373642674132","0.26103359040384255","0.26103359040384255","0.26103359040384255","0.9924541992820862","0.9924541992820862","0.9924541992820862"
"5070","0.9997799456284922","0.9997799456284922","0.9997799456284922","0.999251939813571","0.999251939813571","0.999251939813571","0.9998815571371488","0.9998815571371488","0.9998815571371488","0.2786966796725242","0.2786966796725242","0.2786966796725242","0.9931328074885811","0.9931328074885811","0.9931328074885811"
"5080","0.9997822772408197","0.9997822772408197","0.9997822772408197","0.9984341682958954","0.9984341682958954","0.9984341682958954","0.9998708853404861","0.9998708853404861","0.9998708853404861","0.2609470560275343","0.2609470560275343","0.2609470560275343","0.9844866204934078","0.9844866204934078","0.9844866204934078"
"5090","0.9997931697032919","0.9997931697032919","0.9997931697032919","0.9993054110285007","0.9993054110285007","0.9993054110285007","0.9998608244732432","0.9998608244732432","0.9998608244732432","0.2571312960012165","0.2571312960012165","0.2571312960012165","0.9940083647068906","0.9940083647068906","0.9940083647068906"
"5100","0.9998163045009292","0.9998163045009292","0.9998163045009292","0.9992645689030133","0.9992645689030133","0.9992645689030133","0.999901985793782","0.999901985793782","0.999901985793782","0.24997387369668692","0.24997387369668692","0.24997387369668692","0.993655689724671","0.993655689724671","0.993655689724671"
"5110","0.9998671210047986","0.9998671210047986","0.9998671210047986","0.9994010722362627","0.9994010722362627","0.9994010722362627","0.9999001787060438","0.9999001787060438","0.9999001787060438","0.26201469187953774","0.26201469187953774","0.26201469187953774","0.9940535029171801","0.9940535029171801","0.9940535029171801"
"5120","0.9999065752469197","0.9999065752469197","0.9999065752469197","0.9994842441713513","0.9994842441713513","0.9994842441713513","0.9999315311741124","0.9999315311741124","0.9999315311741124","0.25722650063509633","0.25722650063509633","0.25722650063509633","0.9950932807765772","0.9950932807765772","0.9950932807765772"
"5130","0.9998768924003192","0.9998768924003192","0.9998768924003192","0.9995609364425179","0.9995609364425179","0.9995609364425179","0.9998950856416514","0.9998950856416514","0.9998950856416514","0.24575672967996876","0.24575672967996876","0.24575672967996876","0.9945092797659622","0.9945092797659622","0.9945092797659622"
"5140","0.9998416950566686","0.9998416950566686","0.9998416950566686","0.9994913480509353","0.9994913480509353","0.9994913480509353","0.9999007350150422","0.9999007350150422","0.9999007350150422","0.25696590409964387","0.25696590409964387","0.25696590409964387","0.9948005909186164","0.9948005909186164","0.9948005909186164"
"5150","0.9997610639138595","0.9997610639138595","0.9997610639138595","0.9990238812604959","0.9990238812604959","0.9990238812604959","0.9998277437518522","0.9998277437518522","0.9998277437518522","0.32031697619282823","0.32031697619282823","0.32031697619282823","0.9914409019065494","0.9914409019065494","0.9914409019065494"
"5160","0.9998834498092207","0.9998834498092207","0.9998834498092207","0.9995095975579232","0.9995095975579232","0.9995095975579232","0.999921026100237","0.999921026100237","0.999921026100237","0.28209795438493024","0.28209795438493024","0.28209795438493024","0.9952239897232028","0.9952239897232028","0.9952239897232028"
"5170","0.999683183045045","0.999683183045045","0.999683183045045","0.9991661688731553","0.9991661688731553","0.9991661688731553","0.999856168989775","0.999856168989775","0.999856168989775","0.25916339591494014","0.25916339591494014","0.25916339591494014","0.9944061398996292","0.9944061398996292","0.9944061398996292"
"5180","0.9998589166611657","0.9998589166611657","0.9998589166611657","0.999391011826408","0.999391011826408","0.999391011826408","0.9998873921974442","0.9998873921974442","0.9998873921974442","0.26209530761992406","0.26209530761992406","0.26209530761992406","0.995189575882774","0.995189575882774","0.995189575882774"
"5190","0.99978623681293","0.99978623681293","0.99978623681293","0.9988932379367679","0.9988932379367679","0.9988932379367679","0.9997590420879477","0.9997590420879477","0.9997590420879477","0.2731109310778155","0.2731109310778155","0.2731109310778155","0.9933708114589717","0.9933708114589717","0.9933708114589717"
"5200","0.9998317508995591","0.9998317508995591","0.9998317508995591","0.9992658221071671","0.9992658221071671","0.9992658221071671","0.9998642535666897","0.9998642535666897","0.9998642535666897","0.2626699857625572","0.2626699857625572","0.2626699857625572","0.9937091406422273","0.9937091406422273","0.9937091406422273"
"5210","0.999539760814516","0.999539760814516","0.999539760814516","0.9987827967769368","0.9987827967769368","0.9987827967769368","0.999568801970253","0.999568801970253","0.999568801970253","0.27663152897265647","0.27663152897265647","0.27663152897265647","0.9924202583526468","0.9924202583526468","0.9924202583526468"
"5220","0.9975126773838554","0.9975126773838554","0.9975126773838554","0.9954812141010775","0.9954812141010775","0.9954812141010775","0.9973014411575488","0.9973014411575488","0.9973014411575488","0.2684998632422","0.2684998632422","0.2684998632422","0.9856333683895582","0.9856333683895582","0.9856333683895582"
"5230","0.9977104099085815","0.9977104099085815","0.9977104099085815","0.995111766440578","0.995111766440578","0.995111766440578","0.9981775287525804","0.9981775287525804","0.9981775287525804","0.44076201710409907","0.44076201710409907","0.44076201710409907","0.9842359186080802","0.9842359186080802","0.9842359186080802"
"5240","0.9997634184612855","0.9997634184612855","0.9997634184612855","0.9991991714914514","0.9991991714914514","0.9991991714914514","0.9998225638459641","0.9998225638459641","0.9998225638459641","0.47926037513551684","0.47926037513551684","0.47926037513551684","0.993746558477929","0.993746558477929","0.993746558477929"
"5250","0.9998620003367699","0.9998620003367699","0.9998620003367699","0.9994454692431668","0.9994454692431668","0.9994454692431668","0.9998670645445947","0.9998670645445947","0.9998670645445947","0.3237744300550606","0.3237744300550606","0.3237744300550606","0.9951877365143311","0.9951877365143311","0.9951877365143311"
"5260","0.9998083190809642","0.9998083190809642","0.9998083190809642","0.9993675175062119","0.9993675175062119","0.9993675175062119","0.9998425247668528","0.9998425247668528","0.9998425247668528","0.2561257220303979","0.2561257220303979","0.2561257220303979","0.994561295943722","0.994561295943722","0.994561295943722"
"5270","0.9997035022518492","0.9997035022518492","0.9997035022518492","0.9990702495181911","0.9990702495181911","0.9990702495181911","0.9997705976474437","0.9997705976474437","0.9997705976474437","0.2656517582827668","0.2656517582827668","0.2656517582827668","0.9928648839313556","0.9928648839313556","0.9928648839313556"
"5280","0.9996308797595517","0.9996308797595517","0.9996308797595517","0.99875915436997","0.99875915436997","0.99875915436997","0.9996960554896138","0.9996960554896138","0.9996960554896138","0.2924203132696533","0.2924203132696533","0.2924203132696533","0.990421047749996","0.990421047749996","0.990421047749996"
"5290","0.9998877134780662","0.9998877134780662","0.9998877134780662","0.999453420104872","0.999453420104872","0.999453420104872","0.9999376185989256","0.9999376185989256","0.9999376185989256","0.4896173584268955","0.4896173584268955","0.4896173584268955","0.9961858229057375","0.9961858229057375","0.9961858229057375"
"5300","0.999540341386505","0.999540341386505","0.999540341386505","0.9988369869997451","0.9988369869997451","0.9988369869997451","0.999598167502195","0.999598167502195","0.999598167502195","0.47932952389044664","0.47932952389044664","0.47932952389044664","0.9957586314328604","0.9957586314328604","0.9957586314328604"
"5310","0.9999150928598929","0.9999150928598929","0.9999150928598929","0.9994030574348192","0.9994030574348192","0.9994030574348192","0.9999403705580927","0.9999403705580927","0.9999403705580927","0.25891038861544324","0.25891038861544324","0.25891038861544324","0.9953268665635683","0.9953268665635683","0.9953268665635683"
"5320","0.9998198092992214","0.9998198092992214","0.9998198092992214","0.9990764441782394","0.9990764441782394","0.9990764441782394","0.9998373888797851","0.9998373888797851","0.9998373888797851","0.2731025511110609","0.2731025511110609","0.2731025511110609","0.994398392221789","0.994398392221789","0.994398392221789"
"5330","0.999864094016739","0.999864094016739","0.999864094016739","0.9995123743656148","0.9995123743656148","0.9995123743656148","0.9999087668167924","0.9999087668167924","0.9999087668167924","0.28789039937483246","0.28789039937483246","0.28789039937483246","0.9958108239048558","0.9958108239048558","0.9958108239048558"
"5340","0.9999012765649923","0.9999012765649923","0.9999012765649923","0.9995199331003546","0.9995199331003546","0.9995199331003546","0.9999322486230339","0.9999322486230339","0.9999322486230339","0.2600343015542811","0.2600343015542811","0.2600343015542811","0.9955258281154019","0.9955258281154019","0.9955258281154019"
"5350","0.9998002833160395","0.9998002833160395","0.9998002833160395","0.9991908913829293","0.9991908913829293","0.9991908913829293","0.9998182066081898","0.9998182066081898","0.9998182066081898","0.26910286881494394","0.26910286881494394","0.26910286881494394","0.9933907860195761","0.9933907860195761","0.9933907860195761"
"5360","0.9997258029033009","0.9997258029033009","0.9997258029033009","0.9989720797212117","0.9989720797212117","0.9989720797212117","0.9998629014516505","0.9998629014516505","0.9998629014516505","0.2704240171150002","0.2704240171150002","0.2704240171150002","0.9936348013505801","0.9936348013505801","0.9936348013505801"
"5370","0.9998989284459042","0.9998989284459042","0.9998989284459042","0.9993420567865636","0.9993420567865636","0.9993420567865636","0.9999413132911702","0.9999413132911702","0.9999413132911702","0.2524232720187641","0.2524232720187641","0.2524232720187641","0.9957080453609135","0.9957080453609135","0.9957080453609135"
"5380","0.9998113056873625","0.9998113056873625","0.9998113056873625","0.9989876195922657","0.9989876195922657","0.9989876195922657","0.9999156349660221","0.9999156349660221","0.9999156349660221","0.26341726044194397","0.26341726044194397","0.26341726044194397","0.9933048939447802","0.9933048939447802","0.9933048939447802"
"5390","0.9997372900337392","0.9997372900337392","0.9997372900337392","0.9985599362783099","0.9985599362783099","0.9985599362783099","0.9998276570983007","0.9998276570983007","0.9998276570983007","0.21938024976165688","0.21938024976165688","0.21938024976165688","0.9914396570698996","0.9914396570698996","0.9914396570698996"
"5400","0.9998811410203656","0.9998811410203656","0.9998811410203656","0.9992939518220629","0.9992939518220629","0.9992939518220629","0.9999347567557442","0.9999347567557442","0.9999347567557442","0.25351780591491374","0.25351780591491374","0.25351780591491374","0.9937121015882531","0.9937121015882531","0.9937121015882531"
"5410","0.9998568163239804","0.9998568163239804","0.9998568163239804","0.9993686901557318","0.9993686901557318","0.9993686901557318","0.9998887072336393","0.9998887072336393","0.9998887072336393","0.2579772832589646","0.2579772832589646","0.2579772832589646","0.9955853869343594","0.9955853869343594","0.9955853869343594"
"5420","0.9997306013647812","0.9997306013647812","0.9997306013647812","0.9991937375773715","0.9991937375773715","0.9991937375773715","0.9998801240522711","0.9998801240522711","0.9998801240522711","0.2624148945220559","0.2624148945220559","0.2624148945220559","0.9949065612102057","0.9949065612102057","0.9949065612102057"
"5430","0.9995631645415705","0.9995631645415705","0.9995631645415705","0.9987686258211573","0.9987686258211573","0.9987686258211573","0.9998185749642458","0.9998185749642458","0.9998185749642458","0.27061924482150546","0.27061924482150546","0.27061924482150546","0.9928671653496196","0.9928671653496196","0.9928671653496196"
"5440","0.9998841968859961","0.9998841968859961","0.9998841968859961","0.9994753277907419","0.9994753277907419","0.9994753277907419","0.999930776909506","0.999930776909506","0.999930776909506","0.2598272528072551","0.2598272528072551","0.2598272528072551","0.9958653759687189","0.9958653759687189","0.9958653759687189"
"5450","0.9997921419453729","0.9997921419453729","0.9997921419453729","0.9993623986054382","0.9993623986054382","0.9993623986054382","0.9998750301266659","0.9998750301266659","0.9998750301266659","0.2583758507196607","0.2583758507196607","0.2583758507196607","0.9954405124274888","0.9954405124274888","0.9954405124274888"
"5460","0.9997276241012688","0.9997276241012688","0.9997276241012688","0.9992459685555769","0.9992459685555769","0.9992459685555769","0.9998700592042751","0.9998700592042751","0.9998700592042751","0.32648249641257204","0.32648249641257204","0.32648249641257204","0.9945749717784834","0.9945749717784834","0.9945749717784834"
"5470","0.9998742818900248","0.9998742818900248","0.9998742818900248","0.9991806431638433","0.9991806431638433","0.9991806431638433","0.9999299481178248","0.9999299481178248","0.9999299481178248","0.2778933147362265","0.2778933147362265","0.2778933147362265","0.9917964242266929","0.9917964242266929","0.9917964242266929"
"5480","0.9998460638725435","0.9998460638725435","0.9998460638725435","0.9993617125426384","0.9993617125426384","0.9993617125426384","0.999918201304657","0.999918201304657","0.999918201304657","0.2646722384245185","0.2646722384245185","0.2646722384245185","0.995164859795748","0.995164859795748","0.995164859795748"
"5490","0.9998919198928152","0.9998919198928152","0.9998919198928152","0.9993905305198397","0.9993905305198397","0.9993905305198397","0.9999232567286263","0.9999232567286263","0.9999232567286263","0.2656180551336452","0.2656180551336452","0.2656180551336452","0.9945601811141205","0.9945601811141205","0.9945601811141205"
"5500","0.9999348661923623","0.9999348661923623","0.9999348661923623","0.9996059404637918","0.9996059404637918","0.9996059404637918","0.999960268377341","0.999960268377341","0.999960268377341","0.25596804795932526","0.25596804795932526","0.25596804795932526","0.9963310126157672","0.9963310126157672","0.9963310126157672"
"5510","0.9994667230032521","0.9994667230032521","0.9994667230032521","0.9981735422908504","0.9981735422908504","0.9981735422908504","0.9996280504980666","0.9996280504980666","0.9996280504980666","0.2621514173772759","0.2621514173772759","0.2621514173772759","0.9910981793039871","0.9910981793039871","0.9910981793039871"
"5520","0.9998190844131599","0.9998190844131599","0.9998190844131599","0.9991839552253169","0.9991839552253169","0.9991839552253169","0.9998935035907253","0.9998935035907253","0.9998935035907253","0.26401614639535315","0.26401614639535315","0.26401614639535315","0.9949850455945771","0.9949850455945771","0.9949850455945771"
"5530","0.9998849318221046","0.9998849318221046","0.9998849318221046","0.9994104372008955","0.9994104372008955","0.9994104372008955","0.9999243652987991","0.9999243652987991","0.9999243652987991","0.2621143195882886","0.2621143195882886","0.2621143195882886","0.9953546071553013","0.9953546071553013","0.9953546071553013"
"5540","0.9999015872477929","0.9999015872477929","0.9999015872477929","0.999546388903734","0.999546388903734","0.999546388903734","0.9999621990753111","0.9999621990753111","0.9999621990753111","0.2158348073521495","0.2158348073521495","0.2158348073521495","0.996171678765135","0.996171678765135","0.996171678765135"
"5550","0.999915815797537","0.999915815797537","0.999915815797537","0.9996459311484645","0.9996459311484645","0.9996459311484645","0.999952955886859","0.999952955886859","0.999952955886859","0.19151596559589726","0.19151596559589726","0.19151596559589726","0.9966549159550728","0.9966549159550728","0.9966549159550728"
"5560","0.999870802842592","0.999870802842592","0.999870802842592","0.9995137604519228","0.9995137604519228","0.9995137604519228","0.9999319010057012","0.9999319010057012","0.9999319010057012","0.26265082017919583","0.26265082017919583","0.26265082017919583","0.9966676043537532","0.9966676043537532","0.9966676043537532"
"5570","0.9998508568920003","0.9998508568920003","0.9998508568920003","0.999409263602662","0.999409263602662","0.999409263602662","0.9999455303431654","0.9999455303431654","0.9999455303431654","0.2552765858937855","0.2552765858937855","0.2552765858937855","0.995017971744514","0.995017971744514","0.995017971744514"
"5580","0.9998877989147806","0.9998877989147806","0.9998877989147806","0.9995283640429443","0.9995283640429443","0.9995283640429443","0.9999308528195742","0.9999308528195742","0.9999308528195742","0.25710943911199363","0.25710943911199363","0.25710943911199363","0.9967259462400242","0.9967259462400242","0.9967259462400242"
"5590","0.9995229066474358","0.9995229066474358","0.9995229066474358","0.998860168806663","0.998860168806663","0.998860168806663","0.9999324929133787","0.9999324929133787","0.9999324929133787","0.25791601728960345","0.25791601728960345","0.25791601728960345","0.9951661031339516","0.9951661031339516","0.9951661031339516"
"5600","0.9998675243615056","0.9998675243615056","0.9998675243615056","0.9993376218075282","0.9993376218075282","0.9993376218075282","0.9999267562575632","0.9999267562575632","0.9999267562575632","0.26260365581810075","0.26260365581810075","0.26260365581810075","0.9946296414241131","0.9946296414241131","0.9946296414241131"
"5610","0.9998084697770485","0.9998084697770485","0.9998084697770485","0.9994597035940388","0.9994597035940388","0.9994597035940388","0.9999165290582407","0.9999165290582407","0.9999165290582407","0.26323240898432043","0.26323240898432043","0.26323240898432043","0.9959992183496307","0.9959992183496307","0.9959992183496307"
"5620","0.9998904307441371","0.9998904307441371","0.9998904307441371","0.9995007128227157","0.9995007128227157","0.9995007128227157","0.9999508183453797","0.9999508183453797","0.9999508183453797","0.35639579403470106","0.35639579403470106","0.35639579403470106","0.9962634393540394","0.9962634393540394","0.9962634393540394"
"5630","0.9998714829616752","0.9998714829616752","0.9998714829616752","0.999571014885962","0.999571014885962","0.999571014885962","0.9999071821389877","0.9999071821389877","0.9999071821389877","0.48835998574412853","0.48835998574412853","0.48835998574412853","0.9970209036532753","0.9970209036532753","0.9970209036532753"
"5640","0.9999074168882632","0.9999074168882632","0.9999074168882632","0.9997167324660768","0.9997167324660768","0.9997167324660768","0.9999527887443461","0.9999527887443461","0.9999527887443461","0.41028911069322677","0.41028911069322677","0.41028911069322677","0.9975106792473423","0.9975106792473423","0.9975106792473423"
"5650","0.999896278404321","0.999896278404321","0.999896278404321","0.9993685947863044","0.9993685947863044","0.9993685947863044","0.9999429531223766","0.9999429531223766","0.9999429531223766","0.2569611776549973","0.2569611776549973","0.2569611776549973","0.9942862365980354","0.9942862365980354","0.9942862365980354"
"5660","0.999908035746441","0.999908035746441","0.999908035746441","0.9996970967592569","0.9996970967592569","0.9996970967592569","0.9999176823464647","0.9999176823464647","0.9999176823464647","0.2692507550072285","0.2692507550072285","0.2692507550072285","0.9968950810057159","0.9968950810057159","0.9968950810057159"
"5670","0.9998124458150218","0.9998124458150218","0.9998124458150218","0.9990934881059388","0.9990934881059388","0.9990934881059388","0.9998902744223938","0.9998902744223938","0.9998902744223938","0.260565711905289","0.260565711905289","0.260565711905289","0.9939127822004699","0.9939127822004699","0.9939127822004699"
"5680","0.9999187371627113","0.9999187371627113","0.9999187371627113","0.9994042858148359","0.9994042858148359","0.9994042858148359","0.9999424121625513","0.9999424121625513","0.9999424121625513","0.26191204417626995","0.26191204417626995","0.26191204417626995","0.9944165392269153","0.9944165392269153","0.9944165392269153"
"5690","0.9999180690224279","0.9999180690224279","0.9999180690224279","0.9996327841796587","0.9996327841796587","0.9996327841796587","0.9999487194600808","0.9999487194600808","0.9999487194600808","0.47108249093749077","0.47108249093749077","0.47108249093749077","0.9970994076213492","0.9970994076213492","0.9970994076213492"
"5700","0.9998871219376786","0.9998871219376786","0.9998871219376786","0.9994667087463797","0.9994667087463797","0.9994667087463797","0.9999211005380713","0.9999211005380713","0.9999211005380713","0.47472596834691805","0.47472596834691805","0.47472596834691805","0.9963700488427983","0.9963700488427983","0.9963700488427983"
"5710","0.9999200348008547","0.9999200348008547","0.9999200348008547","0.9996647858851828","0.9996647858851828","0.9996647858851828","0.9999533003236991","0.9999533003236991","0.9999533003236991","0.2505514400133062","0.2505514400133062","0.2505514400133062","0.995756086950959","0.995756086950959","0.995756086950959"
"5720","0.9995784443713804","0.9995784443713804","0.9995784443713804","0.9992837340741269","0.9992837340741269","0.9992837340741269","0.9996825711359346","0.9996825711359346","0.9996825711359346","0.29099896693628136","0.29099896693628136","0.29099896693628136","0.9948334192642088","0.9948334192642088","0.9948334192642088"
"5730","0.9998936795059468","0.9998936795059468","0.9998936795059468","0.9996278782708139","0.9996278782708139","0.9996278782708139","0.9999228528122419","0.9999228528122419","0.9999228528122419","0.23185712081508922","0.23185712081508922","0.23185712081508922","0.9962820241866158","0.9962820241866158","0.9962820241866158"
"5740","0.999888207066213","0.999888207066213","0.999888207066213","0.9994776571542017","0.9994776571542017","0.9994776571542017","0.9999293263062266","0.9999293263062266","0.9999293263062266","0.2555278072073033","0.2555278072073033","0.2555278072073033","0.9962189573831202","0.9962189573831202","0.9962189573831202"
"5750","0.9999162090931181","0.9999162090931181","0.9999162090931181","0.9996074718285303","0.9996074718285303","0.9996074718285303","0.9999568154556839","0.9999568154556839","0.9999568154556839","0.26712347750310833","0.26712347750310833","0.26712347750310833","0.9964382419120827","0.9964382419120827","0.9964382419120827"
"5760","0.9999120991931733","0.9999120991931733","0.9999120991931733","0.9995322650498051","0.9995322650498051","0.9995322650498051","0.999952520732079","0.999952520732079","0.999952520732079","0.2673647402274514","0.2673647402274514","0.2673647402274514","0.9960977174662753","0.9960977174662753","0.9960977174662753"
"5770","0.9998732103772824","0.9998732103772824","0.9998732103772824","0.9994281659945109","0.9994281659945109","0.9994281659945109","0.9999314823756021","0.9999314823756021","0.9999314823756021","0.2669280155118779","0.2669280155118779","0.2669280155118779","0.9953657752545078","0.9953657752545078","0.9953657752545078"
"5780","0.9999250035073791","0.9999250035073791","0.9999250035073791","0.9996250175368954","0.9996250175368954","0.9996250175368954","0.9999599156677371","0.9999599156677371","0.9999599156677371","0.26243923506163613","0.26243923506163613","0.26243923506163613","0.9965766687204499","0.9965766687204499","0.9965766687204499"
"5790","0.9999108539540501","0.9999108539540501","0.9999108539540501","0.9996219426810445","0.9996219426810445","0.9996219426810445","0.9999472932137085","0.9999472932137085","0.9999472932137085","0.2613261027430954","0.2613261027430954","0.2613261027430954","0.9969716372419645","0.9969716372419645","0.9969716372419645"
"5800","0.9998971595998927","0.9998971595998927","0.9998971595998927","0.9996384416122012","0.9996384416122012","0.9996384416122012","0.9999450224276155","0.9999450224276155","0.9999450224276155","0.2576650054815874","0.2576650054815874","0.2576650054815874","0.9967220430959488","0.9967220430959488","0.9967220430959488"
"5810","0.9998209427204166","0.9998209427204166","0.9998209427204166","0.9992947599565867","0.9992947599565867","0.9992947599565867","0.9999140266491531","0.9999140266491531","0.9999140266491531","0.26005387232375626","0.26005387232375626","0.26005387232375626","0.9958997822223917","0.9958997822223917","0.9958997822223917"
"5820","0.999869858451928","0.999869858451928","0.999869858451928","0.9992593414837667","0.9992593414837667","0.9992593414837667","0.999924084096958","0.999924084096958","0.999924084096958","0.2660890678547824","0.2660890678547824","0.2660890678547824","0.9945429862636872","0.9945429862636872","0.9945429862636872"
"5830","0.9998524796305935","0.9998524796305935","0.9998524796305935","0.9994543678913219","0.9994543678913219","0.9994543678913219","0.9999220525559032","0.9999220525559032","0.9999220525559032","0.2726073355631026","0.2726073355631026","0.2726073355631026","0.996492365015641","0.996492365015641","0.996492365015641"
"5840","0.9999164350275862","0.9999164350275862","0.9999164350275862","0.9995329430611598","0.9995329430611598","0.9995329430611598","0.9999533590851644","0.9999533590851644","0.9999533590851644","0.27781920038038255","0.27781920038038255","0.27781920038038255","0.9966651745892523","0.9966651745892523","0.9966651745892523"
"5850","0.9999272895372009","0.9999272895372009","0.9999272895372009","0.9996163488588891","0.9996163488588891","0.9996163488588891","0.9999627580556395","0.9999627580556395","0.9999627580556395","0.4911686344797744","0.4911686344797744","0.4911686344797744","0.9974545426600562","0.9974545426600562","0.9974545426600562"
"5860","0.999885992179776","0.999885992179776","0.999885992179776","0.9996069105365196","0.9996069105365196","0.9996069105365196","0.999934089228933","0.999934089228933","0.999934089228933","0.47583657691519776","0.47583657691519776","0.47583657691519776","0.9969039751320442","0.9969039751320442","0.9969039751320442"
"5870","0.9997066211218576","0.9997066211218576","0.9997066211218576","0.9992697838495573","0.9992697838495573","0.9992697838495573","0.9998558953968596","0.9998558953968596","0.9998558953968596","0.26670207891891823","0.26670207891891823","0.26670207891891823","0.9951469705399787","0.9951469705399787","0.9951469705399787"
"5880","0.9994666818630332","0.9994666818630332","0.9994666818630332","0.9989445132341563","0.9989445132341563","0.9989445132341563","0.9998835495821722","0.9998835495821722","0.9998835495821722","0.2708110214126303","0.2708110214126303","0.2708110214126303","0.9928748449134396","0.9928748449134396","0.9928748449134396"
"5890","0.9997850257263243","0.9997850257263243","0.9997850257263243","0.9992331514715149","0.9992331514715149","0.9992331514715149","0.9998941171487866","0.9998941171487866","0.9998941171487866","0.25930004376491184","0.25930004376491184","0.25930004376491184","0.9954746311105636","0.9954746311105636","0.9954746311105636"
"5900","0.9998227072664877","0.9998227072664877","0.9998227072664877","0.9994223480391746","0.9994223480391746","0.9994223480391746","0.9999129653853667","0.9999129653853667","0.9999129653853667","0.2597377228005547","0.2597377228005547","0.2597377228005547","0.9960918234525407","0.9960918234525407","0.9960918234525407"
"5910","0.999883342307002","0.999883342307002","0.999883342307002","0.9995506755890573","0.9995506755890573","0.9995506755890573","0.9999467989641823","0.9999467989641823","0.9999467989641823","0.2614132246237469","0.2614132246237469","0.2614132246237469","0.9959233905084224","0.9959233905084224","0.9959233905084224"
"5920","0.9991908470560436","0.9991908470560436","0.9991908470560436","0.9986524761548949","0.9986524761548949","0.9986524761548949","0.9995082495920706","0.9995082495920706","0.9995082495920706","0.27246740556955235","0.27246740556955235","0.27246740556955235","0.994445136301079","0.994445136301079","0.994445136301079"
"5930","0.9998302873651185","0.9998302873651185","0.9998302873651185","0.9992180410294704","0.9992180410294704","0.9992180410294704","0.9998924085937355","0.9998924085937355","0.9998924085937355","0.264622344557636","0.264622344557636","0.264622344557636","0.9947395487437102","0.9947395487437102","0.9947395487437102"
"5940","0.9999094105130063","0.9999094105130063","0.9999094105130063","0.9994898719668583","0.9994898719668583","0.9994898719668583","0.9999363946155151","0.9999363946155151","0.9999363946155151","0.26359420535672984","0.26359420535672984","0.26359420535672984","0.9967310687246542","0.9967310687246542","0.9967310687246542"
"5950","0.9998958737913695","0.9998958737913695","0.9998958737913695","0.9995311126556143","0.9995311126556143","0.9995311126556143","0.9999329248349312","0.9999329248349312","0.9999329248349312","0.2598632433205912","0.2598632433205912","0.2598632433205912","0.9964360728960118","0.9964360728960118","0.9964360728960118"
"5960","0.9999369761958442","0.9999369761958442","0.9999369761958442","0.9996783836798235","0.9996783836798235","0.9996783836798235","0.999953219444338","0.999953219444338","0.999953219444338","0.2619724111672983","0.2619724111672983","0.2619724111672983","0.9972737331728068","0.9972737331728068","0.9972737331728068"
"5970","0.9999120283165325","0.9999120283165325","0.9999120283165325","0.9995109809360188","0.9995109809360188","0.9995109809360188","0.9999560141582662","0.9999560141582662","0.9999560141582662","0.263116189894641","0.263116189894641","0.263116189894641","0.9970121970151725","0.9970121970151725","0.9970121970151725"
"5980","0.9998429550393629","0.9998429550393629","0.9998429550393629","0.9993648262523223","0.9993648262523223","0.9993648262523223","0.9999008137090714","0.9999008137090714","0.9999008137090714","0.26463347486454075","0.26463347486454075","0.26463347486454075","0.9964032253347219","0.9964032253347219","0.9964032253347219"
"5990","0.9999282042077463","0.9999282042077463","0.9999282042077463","0.9996237131245272","0.9996237131245272","0.9996237131245272","0.9999596148668572","0.9999596148668572","0.9999596148668572","0.26097770484236976","0.26097770484236976","0.26097770484236976","0.9963691842203105","0.9963691842203105","0.9963691842203105"
"6000","0.9999466057190484","0.9999466057190484","0.9999466057190484","0.9996985176575538","0.9996985176575538","0.9996985176575538","0.9999524660669578","0.9999524660669578","0.9999524660669578","0.23363383895112796","0.23363383895112796","0.23363383895112796","0.9970327105085806","0.9970327105085806","0.9970327105085806"