"Step","zip2zip_Phi-150M_decompress_ms4_scratch_3993 - direction/decompress_loss","zip2zip_Phi-150M_decompress_ms4_scratch_3993 - direction/decompress_loss__MIN","zip2zip_Phi-150M_decompress_ms4_scratch_3993 - direction/decompress_loss__MAX","zip2zip_Phi-50M_decompress_ms4_scratch_fd78 - direction/decompress_loss","zip2zip_Phi-50M_decompress_ms4_scratch_fd78 - direction/decompress_loss__MIN","zip2zip_Phi-50M_decompress_ms4_scratch_fd78 - direction/decompress_loss__MAX","zip2zip_Phi-1B_decompress_ms4_scratch_b4ef - direction/decompress_loss","zip2zip_Phi-1B_decompress_ms4_scratch_b4ef - direction/decompress_loss__MIN","zip2zip_Phi-1B_decompress_ms4_scratch_b4ef - direction/decompress_loss__MAX","zip2zip_Phi-7M_decompress_ms4_scratch_1104 - direction/decompress_loss","zip2zip_Phi-7M_decompress_ms4_scratch_1104 - direction/decompress_loss__MIN","zip2zip_Phi-7M_decompress_ms4_scratch_1104 - direction/decompress_loss__MAX","zip2zip_Phi-20M_decompress_ms4_scratch_r1_c8fe - direction/decompress_loss","zip2zip_Phi-20M_decompress_ms4_scratch_r1_c8fe - direction/decompress_loss__MIN","zip2zip_Phi-20M_decompress_ms4_scratch_r1_c8fe - direction/decompress_loss__MAX"
"10","10.414207083908913","10.414207083908913","10.414207083908913","12.019592906547528","12.019592906547528","12.019592906547528","9.735462258054602","9.735462258054602","9.735462258054602","12.698198036534038","12.698198036534038","12.698198036534038","15.60388796913063","15.60388796913063","15.60388796913063"
"20","9.103218319561218","9.103218319561218","9.103218319561218","10.470873495319342","10.470873495319342","10.470873495319342","8.144614545610025","8.144614545610025","8.144614545610025","12.724200255852669","12.724200255852669","12.724200255852669","14.924296220658045","14.924296220658045","14.924296220658045"
"30","8.48616558201723","8.48616558201723","8.48616558201723","9.525133756921816","9.525133756921816","9.525133756921816","7.855652681412645","7.855652681412645","7.855652681412645","12.608839138577807","12.608839138577807","12.608839138577807","12.251982744795878","12.251982744795878","12.251982744795878"
"40","8.089764579435036","8.089764579435036","8.089764579435036","8.981635644529085","8.981635644529085","8.981635644529085","7.4100331147516325","7.4100331147516325","7.4100331147516325","12.6371521016771","12.6371521016771","12.6371521016771","10.311636418252107","10.311636418252107","10.311636418252107"
"50","8.048898747893976","8.048898747893976","8.048898747893976","8.87770217552987","8.87770217552987","8.87770217552987","7.336896230490966","7.336896230490966","7.336896230490966","12.409567615520787","12.409567615520787","12.409567615520787","9.855135624667598","9.855135624667598","9.855135624667598"
"60","7.74362933622455","7.74362933622455","7.74362933622455","8.676892283607392","8.676892283607392","8.676892283607392","6.975897409602067","6.975897409602067","6.975897409602067","12.23441066283806","12.23441066283806","12.23441066283806","9.476422086964046","9.476422086964046","9.476422086964046"
"70","7.4477857943923","7.4477857943923","7.4477857943923","8.454107390542042","8.454107390542042","8.454107390542042","6.750281607209399","6.750281607209399","6.750281607209399","11.999894867570761","11.999894867570761","11.999894867570761","9.308964582424302","9.308964582424302","9.308964582424302"
"80","7.3364282365209545","7.3364282365209545","7.3364282365209545","8.287429529117393","8.287429529117393","8.287429529117393","6.6784229195089235","6.6784229195089235","6.6784229195089235","11.565330312083827","11.565330312083827","11.565330312083827","9.19858455627619","9.19858455627619","9.19858455627619"
"90","6.953911786081761","6.953911786081761","6.953911786081761","7.963545679198261","7.963545679198261","7.963545679198261","6.411151113784516","6.411151113784516","6.411151113784516","10.989138060144025","10.989138060144025","10.989138060144025","8.961430637439925","8.961430637439925","8.961430637439925"
"100","6.730495624027809","6.730495624027809","6.730495624027809","7.724991639080807","7.724991639080807","7.724991639080807","6.2845785939536505","6.2845785939536505","6.2845785939536505","10.409290543175612","10.409290543175612","10.409290543175612","8.796455183165017","8.796455183165017","8.796455183165017"
"110","6.287030030120843","6.287030030120843","6.287030030120843","7.259089775378218","7.259089775378218","7.259089775378218","5.899317587712229","5.899317587712229","5.899317587712229","10.044236804329806","10.044236804329806","10.044236804329806","8.403357922401492","8.403357922401492","8.403357922401492"
"120","6.2800464850194135","6.2800464850194135","6.2800464850194135","7.3872922537447545","7.3872922537447545","7.3872922537447545","6.221597127806214","6.221597127806214","6.221597127806214","10.011510082453599","10.011510082453599","10.011510082453599","8.406909987501804","8.406909987501804","8.406909987501804"
"130","6.308412637913418","6.308412637913418","6.308412637913418","7.139768258721221","7.139768258721221","7.139768258721221","6.049040659679806","6.049040659679806","6.049040659679806","9.687919733423799","9.687919733423799","9.687919733423799","8.2372058008245","8.2372058008245","8.2372058008245"
"140","6.173202991816567","6.173202991816567","6.173202991816567","6.872480267281842","6.872480267281842","6.872480267281842","5.87628906513357","5.87628906513357","5.87628906513357","9.558408915976154","9.558408915976154","9.558408915976154","8.02731381006347","8.02731381006347","8.02731381006347"
"150","6.099377598997638","6.099377598997638","6.099377598997638","6.77604845882037","6.77604845882037","6.77604845882037","5.804080606083852","5.804080606083852","5.804080606083852","9.501998691112027","9.501998691112027","9.501998691112027","8.02284560875277","8.02284560875277","8.02284560875277"
"160","6.06169248740487","6.06169248740487","6.06169248740487","6.681071754273932","6.681071754273932","6.681071754273932","5.767335183955352","5.767335183955352","5.767335183955352","9.351978411376262","9.351978411376262","9.351978411376262","7.8563112780508915","7.8563112780508915","7.8563112780508915"
"170","6.172172519541793","6.172172519541793","6.172172519541793","6.691781164079884","6.691781164079884","6.691781164079884","5.873114659389144","5.873114659389144","5.873114659389144","9.266157451069823","9.266157451069823","9.266157451069823","7.792765912695499","7.792765912695499","7.792765912695499"
"180","5.83839930763508","5.83839930763508","5.83839930763508","6.323825339550365","6.323825339550365","6.323825339550365","5.527804307388492","5.527804307388492","5.527804307388492","9.041866479007123","9.041866479007123","9.041866479007123","7.4553023598653665","7.4553023598653665","7.4553023598653665"
"190","5.762630472785183","5.762630472785183","5.762630472785183","6.210821563568443","6.210821563568443","6.210821563568443","5.432500931126298","5.432500931126298","5.432500931126298","8.931903407934367","8.931903407934367","8.931903407934367","7.334846490976536","7.334846490976536","7.334846490976536"
"200","5.646514653937493","5.646514653937493","5.646514653937493","6.075460498850963","6.075460498850963","6.075460498850963","5.357527002221322","5.357527002221322","5.357527002221322","8.745251724443186","8.745251724443186","8.745251724443186","7.095703477725183","7.095703477725183","7.095703477725183"
"210","5.415684896007329","5.415684896007329","5.415684896007329","5.843299254136707","5.843299254136707","5.843299254136707","5.161588743100134","5.161588743100134","5.161588743100134","8.509128820864962","8.509128820864962","8.509128820864962","6.824048727772988","6.824048727772988","6.824048727772988"
"220","5.522913016310102","5.522913016310102","5.522913016310102","5.945731798579484","5.945731798579484","5.945731798579484","5.285185464151319","5.285185464151319","5.285185464151319","8.462661263936585","8.462661263936585","8.462661263936585","6.869379135564266","6.869379135564266","6.869379135564266"
"230","4.187663406486434","4.187663406486434","4.187663406486434","4.368165861874058","4.368165861874058","4.368165861874058","4.074856225452312","4.074856225452312","4.074856225452312","7.386027247721038","7.386027247721038","7.386027247721038","5.068065133179865","5.068065133179865","5.068065133179865"
"240","3.871906770325123","3.871906770325123","3.871906770325123","4.196602974465489","4.196602974465489","4.196602974465489","3.7631348966335194","3.7631348966335194","3.7631348966335194","6.793889134330689","6.793889134330689","6.793889134330689","4.803682148891527","4.803682148891527","4.803682148891527"
"250","5.369322920377514","5.369322920377514","5.369322920377514","5.721484594668912","5.721484594668912","5.721484594668912","5.205207018964445","5.205207018964445","5.205207018964445","8.168095243510045","8.168095243510045","8.168095243510045","6.521993166964913","6.521993166964913","6.521993166964913"
"260","5.12686789853281","5.12686789853281","5.12686789853281","5.484014172030733","5.484014172030733","5.484014172030733","4.931521707184429","4.931521707184429","4.931521707184429","8.003179013682988","8.003179013682988","8.003179013682988","6.324444349618387","6.324444349618387","6.324444349618387"
"270","5.237312763241843","5.237312763241843","5.237312763241843","5.610506619389308","5.610506619389308","5.610506619389308","5.052001664120665","5.052001664120665","5.052001664120665","7.907990363630968","7.907990363630968","7.907990363630968","6.399186533718179","6.399186533718179","6.399186533718179"
"280","5.176557362611555","5.176557362611555","5.176557362611555","5.520298545742196","5.520298545742196","5.520298545742196","4.971799049960012","4.971799049960012","4.971799049960012","7.757139313676641","7.757139313676641","7.757139313676641","6.321427174444289","6.321427174444289","6.321427174444289"
"290","5.16404445882571","5.16404445882571","5.16404445882571","5.543036975707438","5.543036975707438","5.543036975707438","5.031894761500487","5.031894761500487","5.031894761500487","7.609289595085488","7.609289595085488","7.609289595085488","6.305649931499666","6.305649931499666","6.305649931499666"
"300","5.161762651447847","5.161762651447847","5.161762651447847","5.530323769069896","5.530323769069896","5.530323769069896","4.996401808140037","4.996401808140037","4.996401808140037","7.5302883194748755","7.5302883194748755","7.5302883194748755","6.279075487667069","6.279075487667069","6.279075487667069"
"310","4.965938643896821","4.965938643896821","4.965938643896821","5.317589776761626","5.317589776761626","5.317589776761626","4.818730107718898","4.818730107718898","4.818730107718898","7.293208244582949","7.293208244582949","7.293208244582949","6.04286088514325","6.04286088514325","6.04286088514325"
"320","5.0149998235847955","5.0149998235847955","5.0149998235847955","5.38651256221254","5.38651256221254","5.38651256221254","4.863010260839949","4.863010260839949","4.863010260839949","7.25039348041904","7.25039348041904","7.25039348041904","6.119492749294823","6.119492749294823","6.119492749294823"
"330","4.888977277242673","4.888977277242673","4.888977277242673","5.206277198963698","5.206277198963698","5.206277198963698","4.7453292683895985","4.7453292683895985","4.7453292683895985","7.0534458593600995","7.0534458593600995","7.0534458593600995","5.8899851637500795","5.8899851637500795","5.8899851637500795"
"340","5.047789713926893","5.047789713926893","5.047789713926893","5.378364895607949","5.378364895607949","5.378364895607949","4.921148205568314","4.921148205568314","4.921148205568314","7.052264446479911","7.052264446479911","7.052264446479911","6.011927422266423","6.011927422266423","6.011927422266423"
"350","4.876557078912678","4.876557078912678","4.876557078912678","5.172295834969135","5.172295834969135","5.172295834969135","4.7427529737681215","4.7427529737681215","4.7427529737681215","6.859859805794409","6.859859805794409","6.859859805794409","5.825029828448271","5.825029828448271","5.825029828448271"
"360","4.181997871912587","4.181997871912587","4.181997871912587","4.525169905176939","4.525169905176939","4.525169905176939","4.007236977519761","4.007236977519761","4.007236977519761","6.5865287914872255","6.5865287914872255","6.5865287914872255","5.286662525955619","5.286662525955619","5.286662525955619"
"370","4.265231180891779","4.265231180891779","4.265231180891779","4.616508107783422","4.616508107783422","4.616508107783422","4.113985716100451","4.113985716100451","4.113985716100451","6.608209752585261","6.608209752585261","6.608209752585261","5.3731351678989565","5.3731351678989565","5.3731351678989565"
"380","4.726046073868746","4.726046073868746","4.726046073868746","5.095635265468618","5.095635265468618","5.095635265468618","4.579987708119667","4.579987708119667","4.579987708119667","6.655286492343684","6.655286492343684","6.655286492343684","5.748377010584074","5.748377010584074","5.748377010584074"
"390","4.818900909052932","4.818900909052932","4.818900909052932","5.147191712483897","5.147191712483897","5.147191712483897","4.695934434903371","4.695934434903371","4.695934434903371","6.7142642248090505","6.7142642248090505","6.7142642248090505","5.7827006687027245","5.7827006687027245","5.7827006687027245"
"400","4.835793575212938","4.835793575212938","4.835793575212938","5.148471654914019","5.148471654914019","5.148471654914019","4.680756328487261","4.680756328487261","4.680756328487261","6.734470266218264","6.734470266218264","6.734470266218264","5.797179551367691","5.797179551367691","5.797179551367691"
"410","4.553613606015821","4.553613606015821","4.553613606015821","4.856263196420091","4.856263196420091","4.856263196420091","4.3885913813938044","4.3885913813938044","4.3885913813938044","6.40987528031127","6.40987528031127","6.40987528031127","5.4703338608162815","5.4703338608162815","5.4703338608162815"
"420","4.622039344439801","4.622039344439801","4.622039344439801","4.928523536957106","4.928523536957106","4.928523536957106","4.4539559169852305","4.4539559169852305","4.4539559169852305","6.4751487839547","6.4751487839547","6.4751487839547","5.544792961271035","5.544792961271035","5.544792961271035"
"430","4.603998587590405","4.603998587590405","4.603998587590405","4.919363588995851","4.919363588995851","4.919363588995851","4.434093482011248","4.434093482011248","4.434093482011248","6.448211898024454","6.448211898024454","6.448211898024454","5.535096570331582","5.535096570331582","5.535096570331582"
"440","4.2622163107127795","4.2622163107127795","4.2622163107127795","4.50807611633756","4.50807611633756","4.50807611633756","4.052236296687128","4.052236296687128","4.052236296687128","5.97545096203867","5.97545096203867","5.97545096203867","5.078085469032324","5.078085469032324","5.078085469032324"
"450","4.6547611618007405","4.6547611618007405","4.6547611618007405","4.962708157051086","4.962708157051086","4.962708157051086","4.484532699606692","4.484532699606692","4.484532699606692","6.44244250680428","6.44244250680428","6.44244250680428","5.550333561241096","5.550333561241096","5.550333561241096"
"460","4.002153705982404","4.002153705982404","4.002153705982404","4.244740578593037","4.244740578593037","4.244740578593037","3.8340695084799483","3.8340695084799483","3.8340695084799483","5.619848596000529","5.619848596000529","5.619848596000529","4.770410357731032","4.770410357731032","4.770410357731032"
"470","3.138957682556153","3.138957682556153","3.138957682556153","3.348827058310161","3.348827058310161","3.348827058310161","3.017683170938363","3.017683170938363","3.017683170938363","4.59079280752611","4.59079280752611","4.59079280752611","3.7905614831658734","3.7905614831658734","3.7905614831658734"
"480","3.6660812831709113","3.6660812831709113","3.6660812831709113","3.9092227755500155","3.9092227755500155","3.9092227755500155","3.4846855840269324","3.4846855840269324","3.4846855840269324","5.292555378697059","5.292555378697059","5.292555378697059","4.415846592660009","4.415846592660009","4.415846592660009"
"490","4.479175121261018","4.479175121261018","4.479175121261018","4.726451321831608","4.726451321831608","4.726451321831608","4.224646955747693","4.224646955747693","4.224646955747693","6.170689305048313","6.170689305048313","6.170689305048313","5.279756280879231","5.279756280879231","5.279756280879231"
"500","4.538054213933959","4.538054213933959","4.538054213933959","4.79728248387812","4.79728248387812","4.79728248387812","4.26112602131307","4.26112602131307","4.26112602131307","6.230436899177552","6.230436899177552","6.230436899177552","5.339973561664772","5.339973561664772","5.339973561664772"
"510","4.46138500384898","4.46138500384898","4.46138500384898","4.766214380062157","4.766214380062157","4.766214380062157","4.218021026311012","4.218021026311012","4.218021026311012","6.211747447041557","6.211747447041557","6.211747447041557","5.33084446015379","5.33084446015379","5.33084446015379"
"520","4.522833561645619","4.522833561645619","4.522833561645619","4.80165332168333","4.80165332168333","4.80165332168333","4.326536912529917","4.326536912529917","4.326536912529917","6.165934011021493","6.165934011021493","6.165934011021493","5.324142365013074","5.324142365013074","5.324142365013074"
"530","4.358654462228317","4.358654462228317","4.358654462228317","4.6447539732383145","4.6447539732383145","4.6447539732383145","4.170391739701113","4.170391739701113","4.170391739701113","6.1374794647982105","6.1374794647982105","6.1374794647982105","5.217031304171272","5.217031304171272","5.217031304171272"
"540","4.523209152910159","4.523209152910159","4.523209152910159","4.824354156022199","4.824354156022199","4.824354156022199","4.2255204426766495","4.2255204426766495","4.2255204426766495","6.1284711093506505","6.1284711093506505","6.1284711093506505","5.330459192225254","5.330459192225254","5.330459192225254"
"550","4.066102942590662","4.066102942590662","4.066102942590662","4.375604615469458","4.375604615469458","4.375604615469458","3.805062519036748","3.805062519036748","3.805062519036748","5.685500513403441","5.685500513403441","5.685500513403441","4.885952086663129","4.885952086663129","4.885952086663129"
"560","4.348883118241296","4.348883118241296","4.348883118241296","4.667355626407323","4.667355626407323","4.667355626407323","3.9574324319411556","3.9574324319411556","3.9574324319411556","5.991875426963337","5.991875426963337","5.991875426963337","5.186457418748513","5.186457418748513","5.186457418748513"
"570","4.369771772306366","4.369771772306366","4.369771772306366","4.687792334967668","4.687792334967668","4.687792334967668","3.8603929099802587","3.8603929099802587","3.8603929099802587","6.023468829794903","6.023468829794903","6.023468829794903","5.208867307477774","5.208867307477774","5.208867307477774"
"580","4.493179537976979","4.493179537976979","4.493179537976979","4.778322441115879","4.778322441115879","4.778322441115879","3.8053343555980743","3.8053343555980743","3.8053343555980743","6.079056045283162","6.079056045283162","6.079056045283162","5.276116421479587","5.276116421479587","5.276116421479587"
"590","4.230939332248151","4.230939332248151","4.230939332248151","4.564124747237019","4.564124747237019","4.564124747237019","3.440796145988155","3.440796145988155","3.440796145988155","5.907326257238691","5.907326257238691","5.907326257238691","5.081897923804393","5.081897923804393","5.081897923804393"
"600","4.282328858329018","4.282328858329018","4.282328858329018","4.653924692222036","4.653924692222036","4.653924692222036","3.2708858646172794","3.2708858646172794","3.2708858646172794","5.962871261630087","5.962871261630087","5.962871261630087","5.15743353560666","5.15743353560666","5.15743353560666"
"610","4.181130813928102","4.181130813928102","4.181130813928102","4.5413906253941905","4.5413906253941905","4.5413906253941905","2.8521290884242014","2.8521290884242014","2.8521290884242014","5.866542811288521","5.866542811288521","5.866542811288521","5.052085179628032","5.052085179628032","5.052085179628032"
"620","4.157102521128091","4.157102521128091","4.157102521128091","4.500559973476241","4.500559973476241","4.500559973476241","2.6568078939792037","2.6568078939792037","2.6568078939792037","5.839048046743967","5.839048046743967","5.839048046743967","4.99462334766673","4.99462334766673","4.99462334766673"
"630","4.06172757931843","4.06172757931843","4.06172757931843","4.420710589284162","4.420710589284162","4.420710589284162","2.3130053595900337","2.3130053595900337","2.3130053595900337","5.748077996523226","5.748077996523226","5.748077996523226","4.931108967427187","4.931108967427187","4.931108967427187"
"640","4.024529658597617","4.024529658597617","4.024529658597617","4.392288063753697","4.392288063753697","4.392288063753697","2.1245283621997593","2.1245283621997593","2.1245283621997593","5.674137782726684","5.674137782726684","5.674137782726684","4.86509489592515","4.86509489592515","4.86509489592515"
"650","4.145183273210218","4.145183273210218","4.145183273210218","4.530498415931615","4.530498415931615","4.530498415931615","2.164848010626083","2.164848010626083","2.164848010626083","5.778894571261375","5.778894571261375","5.778894571261375","5.02409404858981","5.02409404858981","5.02409404858981"
"660","4.058147319928395","4.058147319928395","4.058147319928395","4.38689871119223","4.38689871119223","4.38689871119223","1.8955722100834593","1.8955722100834593","1.8955722100834593","5.739572652075508","5.739572652075508","5.739572652075508","4.9590298653569445","4.9590298653569445","4.9590298653569445"
"670","4.005026986776846","4.005026986776846","4.005026986776846","4.380596408454098","4.380596408454098","4.380596408454098","1.8511169209031935","1.8511169209031935","1.8511169209031935","5.669311203522326","5.669311203522326","5.669311203522326","4.891314369368102","4.891314369368102","4.891314369368102"
"680","4.003717288662854","4.003717288662854","4.003717288662854","4.408698868056992","4.408698868056992","4.408698868056992","1.6385762449132473","1.6385762449132473","1.6385762449132473","5.699801816213233","5.699801816213233","5.699801816213233","4.9110645061914795","4.9110645061914795","4.9110645061914795"
"690","4.197967449830096","4.197967449830096","4.197967449830096","4.568563531355448","4.568563531355448","4.568563531355448","1.625050787886885","1.625050787886885","1.625050787886885","5.784737409993945","5.784737409993945","5.784737409993945","5.031686869866926","5.031686869866926","5.031686869866926"
"700","4.035920159798867","4.035920159798867","4.035920159798867","4.4484680190793355","4.4484680190793355","4.4484680190793355","1.487036706386001","1.487036706386001","1.487036706386001","5.711193116860765","5.711193116860765","5.711193116860765","4.948553497512113","4.948553497512113","4.948553497512113"
"710","3.841273968156499","3.841273968156499","3.841273968156499","4.305432620035808","4.305432620035808","4.305432620035808","1.4149306356326827","1.4149306356326827","1.4149306356326827","5.608432372167158","5.608432372167158","5.608432372167158","4.822848400846122","4.822848400846122","4.822848400846122"
"720","3.853857643383672","3.853857643383672","3.853857643383672","4.287525384088105","4.287525384088105","4.287525384088105","1.329325067966718","1.329325067966718","1.329325067966718","5.53411546091532","5.53411546091532","5.53411546091532","4.773455967696083","4.773455967696083","4.773455967696083"
"730","3.9518200904050316","3.9518200904050316","3.9518200904050316","4.390538896910185","4.390538896910185","4.390538896910185","1.2315201092882744","1.2315201092882744","1.2315201092882744","5.6444049015469","5.6444049015469","5.6444049015469","4.89274483176645","4.89274483176645","4.89274483176645"
"740","3.8071027071253845","3.8071027071253845","3.8071027071253845","4.263370844360516","4.263370844360516","4.263370844360516","1.199734023728609","1.199734023728609","1.199734023728609","5.527832258503095","5.527832258503095","5.527832258503095","4.760628982949639","4.760628982949639","4.760628982949639"
"750","3.8114642429352292","3.8114642429352292","3.8114642429352292","4.27006455260824","4.27006455260824","4.27006455260824","1.2863593080418472","1.2863593080418472","1.2863593080418472","5.498081124224407","5.498081124224407","5.498081124224407","4.75964534776582","4.75964534776582","4.75964534776582"
"760","3.893679552121245","3.893679552121245","3.893679552121245","4.347766582561918","4.347766582561918","4.347766582561918","1.3558151940447127","1.3558151940447127","1.3558151940447127","5.546756756405914","5.546756756405914","5.546756756405914","4.831851712757187","4.831851712757187","4.831851712757187"
"770","3.842759964839669","3.842759964839669","3.842759964839669","4.3338887066819485","4.3338887066819485","4.3338887066819485","1.0910398771766843","1.0910398771766843","1.0910398771766843","5.593110621220765","5.593110621220765","5.593110621220765","4.837093686824309","4.837093686824309","4.837093686824309"
"780","3.6868395565892245","3.6868395565892245","3.6868395565892245","4.235317562605154","4.235317562605154","4.235317562605154","1.0348776982541037","1.0348776982541037","1.0348776982541037","5.49336972114744","5.49336972114744","5.49336972114744","4.74113631559598","4.74113631559598","4.74113631559598"
"790","2.8678068893314115","2.8678068893314115","2.8678068893314115","3.3073726646082937","3.3073726646082937","3.3073726646082937","0.720798396013381","0.720798396013381","0.720798396013381","4.381200468488275","4.381200468488275","4.381200468488275","3.7002271453592535","3.7002271453592535","3.7002271453592535"
"800","3.7301748672301542","3.7301748672301542","3.7301748672301542","4.334638372130256","4.334638372130256","4.334638372130256","1.0493201070098193","1.0493201070098193","1.0493201070098193","5.5935337666013085","5.5935337666013085","5.5935337666013085","4.846919075072453","4.846919075072453","4.846919075072453"
"810","3.620007651063157","3.620007651063157","3.620007651063157","4.253163376723165","4.253163376723165","4.253163376723165","1.0371331506120611","1.0371331506120611","1.0371331506120611","5.444236605778184","5.444236605778184","5.444236605778184","4.718839871438877","4.718839871438877","4.718839871438877"
"820","3.45914055262203","3.45914055262203","3.45914055262203","4.204840624207526","4.204840624207526","4.204840624207526","0.8582737709264922","0.8582737709264922","0.8582737709264922","5.438161347479885","5.438161347479885","5.438161347479885","4.67842338938209","4.67842338938209","4.67842338938209"
"830","3.476891925342043","3.476891925342043","3.476891925342043","4.284759321194128","4.284759321194128","4.284759321194128","0.9645602137276499","0.9645602137276499","0.9645602137276499","5.575517645432568","5.575517645432568","5.575517645432568","4.801649301648815","4.801649301648815","4.801649301648815"
"840","3.1600332285821553","3.1600332285821553","3.1600332285821553","4.117271993158671","4.117271993158671","4.117271993158671","0.860513790341507","0.860513790341507","0.860513790341507","5.348752431823967","5.348752431823967","5.348752431823967","4.596986471456286","4.596986471456286","4.596986471456286"
"850","2.9933196266950475","2.9933196266950475","2.9933196266950475","4.255258027521089","4.255258027521089","4.255258027521089","0.832146636758767","0.832146636758767","0.832146636758767","5.476674871768363","5.476674871768363","5.476674871768363","4.761734959111774","4.761734959111774","4.761734959111774"
"860","2.0199094608044175","2.0199094608044175","2.0199094608044175","3.0911730449445267","3.0911730449445267","3.0911730449445267","0.5767665781541763","0.5767665781541763","0.5767665781541763","4.180761299061123","4.180761299061123","4.180761299061123","3.478224564711211","3.478224564711211","3.478224564711211"
"870","2.578239876365786","2.578239876365786","2.578239876365786","4.2694021424494455","4.2694021424494455","4.2694021424494455","0.7840097987504077","0.7840097987504077","0.7840097987504077","5.473180248083823","5.473180248083823","5.473180248083823","4.761864517082518","4.761864517082518","4.761864517082518"
"880","2.4132039398571603","2.4132039398571603","2.4132039398571603","4.306611216202419","4.306611216202419","4.306611216202419","0.7821359672481104","0.7821359672481104","0.7821359672481104","5.504595222111122","5.504595222111122","5.504595222111122","4.7951493715724345","4.7951493715724345","4.7951493715724345"
"890","2.165898976949271","2.165898976949271","2.165898976949271","4.058536402625922","4.058536402625922","4.058536402625922","0.7244824513111332","0.7244824513111332","0.7244824513111332","5.340404624752918","5.340404624752918","5.340404624752918","4.56956903305577","4.56956903305577","4.56956903305577"
"900","1.9982520683401739","1.9982520683401739","1.9982520683401739","4.10984822075064","4.10984822075064","4.10984822075064","0.40846110481065667","0.40846110481065667","0.40846110481065667","5.3743440678126495","5.3743440678126495","5.3743440678126495","4.641924302110355","4.641924302110355","4.641924302110355"
"910","1.9308487865059578","1.9308487865059578","1.9308487865059578","4.164660911719845","4.164660911719845","4.164660911719845","0.29363847076745947","0.29363847076745947","0.29363847076745947","5.420829447961912","5.420829447961912","5.420829447961912","4.706159455925412","4.706159455925412","4.706159455925412"
"920","1.8271977257067826","1.8271977257067826","1.8271977257067826","4.118877958749917","4.118877958749917","4.118877958749917","0.2388370413287433","0.2388370413287433","0.2388370413287433","5.334407852321087","5.334407852321087","5.334407852321087","4.635771530304241","4.635771530304241","4.635771530304241"
"930","1.5188258042792715","1.5188258042792715","1.5188258042792715","3.6802778639560896","3.6802778639560896","3.6802778639560896","0.1893367168676593","0.1893367168676593","0.1893367168676593","4.992878994827871","4.992878994827871","4.992878994827871","4.180319946976126","4.180319946976126","4.180319946976126"
"940","1.5125986463150707","1.5125986463150707","1.5125986463150707","3.937363759828983","3.937363759828983","3.937363759828983","0.13413172551101782","0.13413172551101782","0.13413172551101782","5.163436356761714","5.163436356761714","5.163436356761714","4.453734696893467","4.453734696893467","4.453734696893467"
"950","0.7696683776582867","0.7696683776582867","0.7696683776582867","1.787838371507312","1.787838371507312","1.787838371507312","0.1202462946937655","0.1202462946937655","0.1202462946937655","2.660885992534644","2.660885992534644","2.660885992534644","2.0707112988173897","2.0707112988173897","2.0707112988173897"
"960","0.779658240648364","0.779658240648364","0.779658240648364","1.9428863223499044","1.9428863223499044","1.9428863223499044","0.15371251327842617","0.15371251327842617","0.15371251327842617","2.5885815453942125","2.5885815453942125","2.5885815453942125","2.18532475492448","2.18532475492448","2.18532475492448"
"970","1.4335129794330113","1.4335129794330113","1.4335129794330113","4.058923130080764","4.058923130080764","4.058923130080764","0.15396083786643305","0.15396083786643305","0.15396083786643305","5.229695272837529","5.229695272837529","5.229695272837529","4.554867394694211","4.554867394694211","4.554867394694211"
"980","1.271568402283149","1.271568402283149","1.271568402283149","3.6369560271797443","3.6369560271797443","3.6369560271797443","0.12271406751631818","0.12271406751631818","0.12271406751631818","4.58346868919703","4.58346868919703","4.58346868919703","4.000075056649982","4.000075056649982","4.000075056649982"
"990","1.1518688874241552","1.1518688874241552","1.1518688874241552","3.826373564875265","3.826373564875265","3.826373564875265","0.09046550408765111","0.09046550408765111","0.09046550408765111","4.821953857566868","4.821953857566868","4.821953857566868","4.214732587023881","4.214732587023881","4.214732587023881"
"1000","1.0207543797016396","1.0207543797016396","1.0207543797016396","4.125541738570897","4.125541738570897","4.125541738570897","0.09939183166357761","0.09939183166357761","0.09939183166357761","5.36463853240339","5.36463853240339","5.36463853240339","4.649434758328385","4.649434758328385","4.649434758328385"
"1010","0.8957528324289713","0.8957528324289713","0.8957528324289713","4.006656957902381","4.006656957902381","4.006656957902381","0.10588102286835327","0.10588102286835327","0.10588102286835327","5.282909608087159","5.282909608087159","5.282909608087159","4.558275195939529","4.558275195939529","4.558275195939529"
"1020","0.7236990463942725","0.7236990463942725","0.7236990463942725","3.925585040919467","3.925585040919467","3.925585040919467","0.07480170424739076","0.07480170424739076","0.07480170424739076","5.179842241758185","5.179842241758185","5.179842241758185","4.482180698239827","4.482180698239827","4.482180698239827"
"1030","0.7049147662655787","0.7049147662655787","0.7049147662655787","4.088096929758445","4.088096929758445","4.088096929758445","0.09189413323142089","0.09189413323142089","0.09189413323142089","5.374514620401769","5.374514620401769","5.374514620401769","4.6602576030080005","4.6602576030080005","4.6602576030080005"
"1040","0.6940836251891043","0.6940836251891043","0.6940836251891043","4.044530815601285","4.044530815601285","4.044530815601285","0.09646171323856631","0.09646171323856631","0.09646171323856631","5.317991893295426","5.317991893295426","5.317991893295426","4.614935011941138","4.614935011941138","4.614935011941138"
"1050","0.5915865269232923","0.5915865269232923","0.5915865269232923","3.9345852233606373","3.9345852233606373","3.9345852233606373","0.10009824287077886","0.10009824287077886","0.10009824287077886","5.2606886916273226","5.2606886916273226","5.2606886916273226","4.549027372845828","4.549027372845828","4.549027372845828"
"1060","0.5334106655188162","0.5334106655188162","0.5334106655188162","3.9123581000668977","3.9123581000668977","3.9123581000668977","0.10327472888703865","0.10327472888703865","0.10327472888703865","5.286466833560635","5.286466833560635","5.286466833560635","4.548190814987654","4.548190814987654","4.548190814987654"
"1070","0.44587599674395095","0.44587599674395095","0.44587599674395095","3.7642047417958144","3.7642047417958144","3.7642047417958144","0.06943550350119114","0.06943550350119114","0.06943550350119114","5.169129687745972","5.169129687745972","5.169129687745972","4.459304396043203","4.459304396043203","4.459304396043203"
"1080","0.4467274022469378","0.4467274022469378","0.4467274022469378","3.646355390812598","3.646355390812598","3.646355390812598","0.07376862239916585","0.07376862239916585","0.07376862239916585","5.129496953342006","5.129496953342006","5.129496953342006","4.394320491180628","4.394320491180628","4.394320491180628"
"1090","0.39037938840671554","0.39037938840671554","0.39037938840671554","3.5441882431072695","3.5441882431072695","3.5441882431072695","0.07390296028516981","0.07390296028516981","0.07390296028516981","5.135061993661034","5.135061993661034","5.135061993661034","4.382525139751632","4.382525139751632","4.382525139751632"
"1100","0.353618211919863","0.353618211919863","0.353618211919863","3.3519567280260474","3.3519567280260474","3.3519567280260474","0.06354014137354137","0.06354014137354137","0.06354014137354137","4.993069351591696","4.993069351591696","4.993069351591696","4.321116335460109","4.321116335460109","4.321116335460109"
"1110","0.42237298692233116","0.42237298692233116","0.42237298692233116","3.4890989086184736","3.4890989086184736","3.4890989086184736","0.07939444426983366","0.07939444426983366","0.07939444426983366","5.367049215995196","5.367049215995196","5.367049215995196","4.622730608770101","4.622730608770101","4.622730608770101"
"1120","0.28571793643072657","0.28571793643072657","0.28571793643072657","3.103361644767076","3.103361644767076","3.103361644767076","0.04282355331725229","0.04282355331725229","0.04282355331725229","5.149083941014919","5.149083941014919","5.149083941014919","4.447021180291403","4.447021180291403","4.447021180291403"
"1130","0.2507297466789091","0.2507297466789091","0.2507297466789091","2.353072447290652","2.353072447290652","2.353072447290652","0.04418364747994478","0.04418364747994478","0.04418364747994478","4.03109728682846","4.03109728682846","4.03109728682846","3.4754032224334948","3.4754032224334948","3.4754032224334948"
"1140","0.28899264026069815","0.28899264026069815","0.28899264026069815","2.7492492021624275","2.7492492021624275","2.7492492021624275","0.04797941333329696","0.04797941333329696","0.04797941333329696","4.97606475791043","4.97606475791043","4.97606475791043","4.2922389439827295","4.2922389439827295","4.2922389439827295"
"1150","0.2631217123879453","0.2631217123879453","0.2631217123879453","2.7133736618556203","2.7133736618556203","2.7133736618556203","0.04211241436592802","0.04211241436592802","0.04211241436592802","5.17883612423425","5.17883612423425","5.17883612423425","4.468211334968827","4.468211334968827","4.468211334968827"
"1160","0.23770051582773782","0.23770051582773782","0.23770051582773782","2.4826820559618423","2.4826820559618423","2.4826820559618423","0.035371759811576725","0.035371759811576725","0.035371759811576725","4.87958730201056","4.87958730201056","4.87958730201056","4.223641646397694","4.223641646397694","4.223641646397694"
"1170","0.2153488750572322","0.2153488750572322","0.2153488750572322","2.413030902676638","2.413030902676638","2.413030902676638","0.03762642818725045","0.03762642818725045","0.03762642818725045","5.158237762390419","5.158237762390419","5.158237762390419","4.438209278046362","4.438209278046362","4.438209278046362"
"1180","0.23280009544238736","0.23280009544238736","0.23280009544238736","2.3524316532841305","2.3524316532841305","2.3524316532841305","0.08513808910286727","0.08513808910286727","0.08513808910286727","5.16557233801652","5.16557233801652","5.16557233801652","4.454253934065959","4.454253934065959","4.454253934065959"
"1190","0.19769883416694553","0.19769883416694553","0.19769883416694553","2.290427844320393","2.290427844320393","2.290427844320393","0.04848530903183194","0.04848530903183194","0.04848530903183194","5.0682103468018855","5.0682103468018855","5.0682103468018855","4.381756121947893","4.381756121947893","4.381756121947893"
"1200","0.18485496800939916","0.18485496800939916","0.18485496800939916","2.1756305174306387","2.1756305174306387","2.1756305174306387","0.03762068442023221","0.03762068442023221","0.03762068442023221","5.163487390390389","5.163487390390389","5.163487390390389","4.404434447548901","4.404434447548901","4.404434447548901"
"1210","0.27390512702864617","0.27390512702864617","0.27390512702864617","1.746780564354578","1.746780564354578","1.746780564354578","0.03848522238959968","0.03848522238959968","0.03848522238959968","3.9920981727610543","3.9920981727610543","3.9920981727610543","3.5133415572721773","3.5133415572721773","3.5133415572721773"
"1220","0.1273574105960316","0.1273574105960316","0.1273574105960316","1.598840099296873","1.598840099296873","1.598840099296873","0.028024369589918954","0.028024369589918954","0.028024369589918954","3.601014169805142","3.601014169805142","3.601014169805142","3.198094177253473","3.198094177253473","3.198094177253473"
"1230","0.1734954306226951","0.1734954306226951","0.1734954306226951","1.9346227792411455","1.9346227792411455","1.9346227792411455","0.06702114666179469","0.06702114666179469","0.06702114666179469","4.819662122355868","4.819662122355868","4.819662122355868","4.243124807966888","4.243124807966888","4.243124807966888"
"1240","0.16542333316578653","0.16542333316578653","0.16542333316578653","1.978571834273112","1.978571834273112","1.978571834273112","0.03585100071415187","0.03585100071415187","0.03585100071415187","5.105695692696823","5.105695692696823","5.105695692696823","4.421407823768648","4.421407823768648","4.421407823768648"
"1250","0.26429724205346705","0.26429724205346705","0.26429724205346705","1.5648773411117347","1.5648773411117347","1.5648773411117347","0.06291361420728483","0.06291361420728483","0.06291361420728483","4.0139806541787735","4.0139806541787735","4.0139806541787735","3.4725758285040857","3.4725758285040857","3.4725758285040857"
"1260","0.11930260856141428","0.11930260856141428","0.11930260856141428","1.2420690133428027","1.2420690133428027","1.2420690133428027","0.13721131823964028","0.13721131823964028","0.13721131823964028","3.413642894445819","3.413642894445819","3.413642894445819","2.936399777638855","2.936399777638855","2.936399777638855"
"1270","0.13424455689914433","0.13424455689914433","0.13424455689914433","1.5878998807474303","1.5878998807474303","1.5878998807474303","0.04139177521854056","0.04139177521854056","0.04139177521854056","4.621319408148513","4.621319408148513","4.621319408148513","4.002702201814695","4.002702201814695","4.002702201814695"
"1280","0.14873310981767995","0.14873310981767995","0.14873310981767995","1.52339167636175","1.52339167636175","1.52339167636175","0.04836413736337738","0.04836413736337738","0.04836413736337738","4.9604068448566325","4.9604068448566325","4.9604068448566325","4.256350643866896","4.256350643866896","4.256350643866896"
"1290","0.15021336870576987","0.15021336870576987","0.15021336870576987","1.3957228232668157","1.3957228232668157","1.3957228232668157","0.03683117370801049","0.03683117370801049","0.03683117370801049","5.131852161470537","5.131852161470537","5.131852161470537","4.414197808353694","4.414197808353694","4.414197808353694"
"1300","0.14127917449218627","0.14127917449218627","0.14127917449218627","1.225122685608787","1.225122685608787","1.225122685608787","0.039693911062301905","0.039693911062301905","0.039693911062301905","5.063091932867231","5.063091932867231","5.063091932867231","4.32286082619123","4.32286082619123","4.32286082619123"
"1310","0.15819711162689112","0.15819711162689112","0.15819711162689112","1.193325234964219","1.193325234964219","1.193325234964219","0.03230397730098265","0.03230397730098265","0.03230397730098265","5.0105194007226945","5.0105194007226945","5.0105194007226945","4.317690573884131","4.317690573884131","4.317690573884131"
"1320","0.3834567377232349","0.3834567377232349","0.3834567377232349","1.1684535063550858","1.1684535063550858","1.1684535063550858","0.20686715229006095","0.20686715229006095","0.20686715229006095","5.031051586338485","5.031051586338485","5.031051586338485","4.370170787039631","4.370170787039631","4.370170787039631"
"1330","0.1403610829578323","0.1403610829578323","0.1403610829578323","1.030549289750065","1.030549289750065","1.030549289750065","0.03996689953107518","0.03996689953107518","0.03996689953107518","5.023131587765465","5.023131587765465","5.023131587765465","4.3479959112390025","4.3479959112390025","4.3479959112390025"
"1340","0.13974600255499028","0.13974600255499028","0.13974600255499028","0.9967793648117838","0.9967793648117838","0.9967793648117838","0.043853017824639184","0.043853017824639184","0.043853017824639184","5.008505613171797","5.008505613171797","5.008505613171797","4.288851550782257","4.288851550782257","4.288851550782257"
"1350","0.11006141598152148","0.11006141598152148","0.11006141598152148","0.9093522808887795","0.9093522808887795","0.9093522808887795","0.028193096860080653","0.028193096860080653","0.028193096860080653","5.067472766513856","5.067472766513856","5.067472766513856","4.343476681044342","4.343476681044342","4.343476681044342"
"1360","0.08156798590571009","0.08156798590571009","0.08156798590571009","0.7593382962814955","0.7593382962814955","0.7593382962814955","0.019000892059054773","0.019000892059054773","0.019000892059054773","5.0575563775865335","5.0575563775865335","5.0575563775865335","4.356197259408251","4.356197259408251","4.356197259408251"
"1370","0.08239647833019181","0.08239647833019181","0.08239647833019181","0.7029716059621426","0.7029716059621426","0.7029716059621426","0.01897088171127633","0.01897088171127633","0.01897088171127633","4.946580563077034","4.946580563077034","4.946580563077034","4.246086719560373","4.246086719560373","4.246086719560373"
"1380","0.07402288620851144","0.07402288620851144","0.07402288620851144","0.48723826718243135","0.48723826718243135","0.48723826718243135","0.015005192491558045","0.015005192491558045","0.015005192491558045","3.7066182549466347","3.7066182549466347","3.7066182549466347","3.238121138783584","3.238121138783584","3.238121138783584"
"1390","0.06238876325087382","0.06238876325087382","0.06238876325087382","0.42324838350424954","0.42324838350424954","0.42324838350424954","0.01656231994644394","0.01656231994644394","0.01656231994644394","3.41327446869342","3.41327446869342","3.41327446869342","2.9313455832648763","2.9313455832648763","2.9313455832648763"
"1400","0.14395768744279228","0.14395768744279228","0.14395768744279228","0.7043992943436826","0.7043992943436826","0.7043992943436826","0.04602449927556799","0.04602449927556799","0.04602449927556799","4.784206276745367","4.784206276745367","4.784206276745367","4.0852219079041445","4.0852219079041445","4.0852219079041445"
"1410","0.10660367413779787","0.10660367413779787","0.10660367413779787","0.6203586171966069","0.6203586171966069","0.6203586171966069","0.027226075945738285","0.027226075945738285","0.027226075945738285","5.024497302557823","5.024497302557823","5.024497302557823","4.309583914418367","4.309583914418367","4.309583914418367"
"1420","0.08590550788478929","0.08590550788478929","0.08590550788478929","0.5254471120071731","0.5254471120071731","0.5254471120071731","0.025019768964566497","0.025019768964566497","0.025019768964566497","4.84055072431134","4.84055072431134","4.84055072431134","4.133005030044567","4.133005030044567","4.133005030044567"
"1430","0.08724264475085754","0.08724264475085754","0.08724264475085754","0.5187528924358944","0.5187528924358944","0.5187528924358944","0.024767204083046883","0.024767204083046883","0.024767204083046883","5.085447850295239","5.085447850295239","5.085447850295239","4.392132921895325","4.392132921895325","4.392132921895325"
"1440","0.07454782518816981","0.07454782518816981","0.07454782518816981","0.4707097658290228","0.4707097658290228","0.4707097658290228","0.02144467694703357","0.02144467694703357","0.02144467694703357","4.938230018333707","4.938230018333707","4.938230018333707","4.243663707177503","4.243663707177503","4.243663707177503"
"1450","0.07599335712499322","0.07599335712499322","0.07599335712499322","0.4409555151451359","0.4409555151451359","0.4409555151451359","0.02498385525270713","0.02498385525270713","0.02498385525270713","4.915402368888154","4.915402368888154","4.915402368888154","4.201407463205563","4.201407463205563","4.201407463205563"
"1460","0.08272589185242599","0.08272589185242599","0.08272589185242599","0.4334773531711978","0.4334773531711978","0.4334773531711978","0.027870665155806815","0.027870665155806815","0.027870665155806815","4.86481567571734","4.86481567571734","4.86481567571734","4.1570319927955115","4.1570319927955115","4.1570319927955115"
"1470","0.1196882107805943","0.1196882107805943","0.1196882107805943","0.4520388686269847","0.4520388686269847","0.4520388686269847","0.04884518090842639","0.04884518090842639","0.04884518090842639","4.970919931440448","4.970919931440448","4.970919931440448","4.247757744564784","4.247757744564784","4.247757744564784"
"1480","0.11325089695079169","0.11325089695079169","0.11325089695079169","0.436491554610127","0.436491554610127","0.436491554610127","0.0348872427346367","0.0348872427346367","0.0348872427346367","5.099457090650129","5.099457090650129","5.099457090650129","4.354654004541237","4.354654004541237","4.354654004541237"
"1490","0.0958204129144984","0.0958204129144984","0.0958204129144984","0.41475109990842257","0.41475109990842257","0.41475109990842257","0.030427047983492043","0.030427047983492043","0.030427047983492043","4.995408843834542","4.995408843834542","4.995408843834542","4.282843523541829","4.282843523541829","4.282843523541829"
"1500","0.06633815985741842","0.06633815985741842","0.06633815985741842","0.33893475614653407","0.33893475614653407","0.33893475614653407","0.02444365591387712","0.02444365591387712","0.02444365591387712","4.946889336660237","4.946889336660237","4.946889336660237","4.214358591327561","4.214358591327561","4.214358591327561"
"1510","0.05824158046763805","0.05824158046763805","0.05824158046763805","0.3136064793559018","0.3136064793559018","0.3136064793559018","0.019868305228721916","0.019868305228721916","0.019868305228721916","4.8266546487896385","4.8266546487896385","4.8266546487896385","4.102217231569645","4.102217231569645","4.102217231569645"
"1520","0.05630539605479966","0.05630539605479966","0.05630539605479966","0.31376710735167007","0.31376710735167007","0.31376710735167007","0.01853728542951761","0.01853728542951761","0.01853728542951761","4.996564838431685","4.996564838431685","4.996564838431685","4.310086330551158","4.310086330551158","4.310086330551158"
"1530","0.052075158922939783","0.052075158922939783","0.052075158922939783","0.28672113815369454","0.28672113815369454","0.28672113815369454","0.015926622971261333","0.015926622971261333","0.015926622971261333","4.909728616813333","4.909728616813333","4.909728616813333","4.2080005111943874","4.2080005111943874","4.2080005111943874"
"1540","0.07621679238842616","0.07621679238842616","0.07621679238842616","0.319032545846766","0.319032545846766","0.319032545846766","0.030710384728928775","0.030710384728928775","0.030710384728928775","4.907884862975576","4.907884862975576","4.907884862975576","4.21618868057609","4.21618868057609","4.21618868057609"
"1550","0.0748917245620147","0.0748917245620147","0.0748917245620147","0.253693752319813","0.253693752319813","0.253693752319813","0.018856665713069046","0.018856665713069046","0.018856665713069046","4.676835127145645","4.676835127145645","4.676835127145645","3.978714879271141","3.978714879271141","3.978714879271141"
"1560","0.038740819605069116","0.038740819605069116","0.038740819605069116","0.18069392284712757","0.18069392284712757","0.18069392284712757","0.01092353978149449","0.01092353978149449","0.01092353978149449","3.790419956048487","3.790419956048487","3.790419956048487","3.2617581540961664","3.2617581540961664","3.2617581540961664"
"1570","0.047053472816877405","0.047053472816877405","0.047053472816877405","0.22524400053679566","0.22524400053679566","0.22524400053679566","0.015005276285497405","0.015005276285497405","0.015005276285497405","4.735312816358192","4.735312816358192","4.735312816358192","4.038253214764266","4.038253214764266","4.038253214764266"
"1580","0.06593298096727732","0.06593298096727732","0.06593298096727732","0.2577403420305745","0.2577403420305745","0.2577403420305745","0.02394108999467575","0.02394108999467575","0.02394108999467575","4.911737587667279","4.911737587667279","4.911737587667279","4.191629452381682","4.191629452381682","4.191629452381682"
"1590","0.08227808804370379","0.08227808804370379","0.08227808804370379","0.28600326827706146","0.28600326827706146","0.28600326827706146","0.031312597320827786","0.031312597320827786","0.031312597320827786","4.945074894523924","4.945074894523924","4.945074894523924","4.185187213103305","4.185187213103305","4.185187213103305"
"1600","0.04932362524760024","0.04932362524760024","0.04932362524760024","0.20341391404221154","0.20341391404221154","0.20341391404221154","0.017392337847989516","0.017392337847989516","0.017392337847989516","4.912006619585247","4.912006619585247","4.912006619585247","4.20629704545558","4.20629704545558","4.20629704545558"
"1610","0.062008371941620545","0.062008371941620545","0.062008371941620545","0.22883622677258098","0.22883622677258098","0.22883622677258098","0.02570634809715721","0.02570634809715721","0.02570634809715721","4.312765334897646","4.312765334897646","4.312765334897646","3.6895181847614826","3.6895181847614826","3.6895181847614826"
"1620","0.03515662120339218","0.03515662120339218","0.03515662120339218","0.14266795930058798","0.14266795930058798","0.14266795930058798","0.01547875178548892","0.01547875178548892","0.01547875178548892","3.324362171513723","3.324362171513723","3.324362171513723","2.8270079576751046","2.8270079576751046","2.8270079576751046"
"1630","0.05580191879722875","0.05580191879722875","0.05580191879722875","0.1546086020243678","0.1546086020243678","0.1546086020243678","0.02195495971519388","0.02195495971519388","0.02195495971519388","3.8500659211472765","3.8500659211472765","3.8500659211472765","3.2617258076843867","3.2617258076843867","3.2617258076843867"
"1640","0.048687850010526536","0.048687850010526536","0.048687850010526536","0.17620229589382114","0.17620229589382114","0.17620229589382114","0.028755554960759756","0.028755554960759756","0.028755554960759756","4.8339657513184555","4.8339657513184555","4.8339657513184555","4.083233194721355","4.083233194721355","4.083233194721355"
"1650","0.056310918861478265","0.056310918861478265","0.056310918861478265","0.20265836431718792","0.20265836431718792","0.20265836431718792","0.027817540617885432","0.027817540617885432","0.027817540617885432","4.947690942781881","4.947690942781881","4.947690942781881","4.211341540903185","4.211341540903185","4.211341540903185"
"1660","0.05941564339139017","0.05941564339139017","0.05941564339139017","0.20380933798594703","0.20380933798594703","0.20380933798594703","0.02313255909028385","0.02313255909028385","0.02313255909028385","4.929310399923869","4.929310399923869","4.929310399923869","4.193121571433559","4.193121571433559","4.193121571433559"
"1670","0.057662619399236774","0.057662619399236774","0.057662619399236774","0.20706373333616487","0.20706373333616487","0.20706373333616487","0.02285291788703757","0.02285291788703757","0.02285291788703757","4.3054885568408094","4.3054885568408094","4.3054885568408094","3.593923068205205","3.593923068205205","3.593923068205205"
"1680","0.03487950350034294","0.03487950350034294","0.03487950350034294","0.1617440565516983","0.1617440565516983","0.1617440565516983","0.013434324921510225","0.013434324921510225","0.013434324921510225","4.43468029362684","4.43468029362684","4.43468029362684","3.7721111824673645","3.7721111824673645","3.7721111824673645"
"1690","0.10587987112420441","0.10587987112420441","0.10587987112420441","0.17212779652385557","0.17212779652385557","0.17212779652385557","0.012413137400941378","0.012413137400941378","0.012413137400941378","4.823222892308132","4.823222892308132","4.823222892308132","4.0992738351375095","4.0992738351375095","4.0992738351375095"
"1700","0.03503307835777626","0.03503307835777626","0.03503307835777626","0.14136410809858832","0.14136410809858832","0.14136410809858832","0.011162117710568832","0.011162117710568832","0.011162117710568832","4.988842002283591","4.988842002283591","4.988842002283591","4.299821564887988","4.299821564887988","4.299821564887988"
"1710","0.06458362576279054","0.06458362576279054","0.06458362576279054","0.1900292574584741","0.1900292574584741","0.1900292574584741","0.01721585227032756","0.01721585227032756","0.01721585227032756","4.964360466056477","4.964360466056477","4.964360466056477","4.2077399429189875","4.2077399429189875","4.2077399429189875"
"1720","0.03514375687743357","0.03514375687743357","0.03514375687743357","0.14312576543386385","0.14312576543386385","0.14312576543386385","0.015831659677379664","0.015831659677379664","0.015831659677379664","4.875415247054689","4.875415247054689","4.875415247054689","4.170226155623505","4.170226155623505","4.170226155623505"
"1730","0.028285057189553348","0.028285057189553348","0.028285057189553348","0.13382762334893777","0.13382762334893777","0.13382762334893777","0.0120888703819776","0.0120888703819776","0.0120888703819776","4.965894660570079","4.965894660570079","4.965894660570079","4.2592243196882285","4.2592243196882285","4.2592243196882285"
"1740","0.035321327482670056","0.035321327482670056","0.035321327482670056","0.13327485100355807","0.13327485100355807","0.13327485100355807","0.011789122068007236","0.011789122068007236","0.011789122068007236","4.167296118582477","4.167296118582477","4.167296118582477","3.536066712224744","3.536066712224744","3.536066712224744"
"1750","0.02484433270673587","0.02484433270673587","0.02484433270673587","0.0864830603714511","0.0864830603714511","0.0864830603714511","0.008268883179892536","0.008268883179892536","0.008268883179892536","3.34285899092379","3.34285899092379","3.34285899092379","2.845334224951121","2.845334224951121","2.845334224951121"
"1760","0.02725808995121495","0.02725808995121495","0.02725808995121495","0.10136428505504849","0.10136428505504849","0.10136428505504849","0.009518035851736377","0.009518035851736377","0.009518035851736377","3.9956248234058402","3.9956248234058402","3.9956248234058402","3.3858268338640736","3.3858268338640736","3.3858268338640736"
"1770","0.038773288660414594","0.038773288660414594","0.038773288660414594","0.148049480075342","0.148049480075342","0.148049480075342","0.01510094325300887","0.01510094325300887","0.01510094325300887","4.846102473781876","4.846102473781876","4.846102473781876","4.11318852397341","4.11318852397341","4.11318852397341"
"1780","0.035273195951553704","0.035273195951553704","0.035273195951553704","0.12916464000900926","0.12916464000900926","0.12916464000900926","0.016167152619586206","0.016167152619586206","0.016167152619586206","4.91908091565353","4.91908091565353","4.91908091565353","4.195101431512533","4.195101431512533","4.195101431512533"
"1790","0.0630680887575059","0.0630680887575059","0.0630680887575059","0.15330896128265567","0.15330896128265567","0.15330896128265567","0.024215504741560343","0.024215504741560343","0.024215504741560343","5.005521749796501","5.005521749796501","5.005521749796501","4.294071436784708","4.294071436784708","4.294071436784708"
"1800","0.1505570600129797","0.1505570600129797","0.1505570600129797","0.24382145511629036","0.24382145511629036","0.24382145511629036","0.0690128462230673","0.0690128462230673","0.0690128462230673","4.58195449235719","4.58195449235719","4.58195449235719","3.72660961278248","3.72660961278248","3.72660961278248"
"1810","0.10180446967368925","0.10180446967368925","0.10180446967368925","0.1864206916482675","0.1864206916482675","0.1864206916482675","0.11943839448825462","0.11943839448825462","0.11943839448825462","4.1096884105622316","4.1096884105622316","4.1096884105622316","3.330723590004962","3.330723590004962","3.330723590004962"
"1820","0.02806685702362396","0.02806685702362396","0.02806685702362396","0.09798891560049174","0.09798891560049174","0.09798891560049174","0.015949407047567702","0.015949407047567702","0.015949407047567702","3.8892584421955316","3.8892584421955316","3.8892584421955316","3.0366953129364576","3.0366953129364576","3.0366953129364576"
"1830","0.04689390108450038","0.04689390108450038","0.04689390108450038","0.12282675569144778","0.12282675569144778","0.12282675569144778","0.020669332613656655","0.020669332613656655","0.020669332613656655","4.7680792705570205","4.7680792705570205","4.7680792705570205","4.013138417520055","4.013138417520055","4.013138417520055"
"1840","0.033144077727772635","0.033144077727772635","0.033144077727772635","0.11393955325403879","0.11393955325403879","0.11393955325403879","0.02042638049144157","0.02042638049144157","0.02042638049144157","4.872140189971387","4.872140189971387","4.872140189971387","4.108540529892293","4.108540529892293","4.108540529892293"
"1850","0.02214261182680169","0.02214261182680169","0.02214261182680169","0.09625745922449","0.09625745922449","0.09625745922449","0.012307207522793583","0.012307207522793583","0.012307207522793583","4.754821569690185","4.754821569690185","4.754821569690185","3.987026717780306","3.987026717780306","3.987026717780306"
"1860","0.029929657529622178","0.029929657529622178","0.029929657529622178","0.11851995285239854","0.11851995285239854","0.11851995285239854","0.012232216452132157","0.012232216452132157","0.012232216452132157","4.880109503754412","4.880109503754412","4.880109503754412","4.0956110141095765","4.0956110141095765","4.0956110141095765"
"1870","0.01963344681236742","0.01963344681236742","0.01963344681236742","0.07682247818024045","0.07682247818024045","0.07682247818024045","0.007705360426006414","0.007705360426006414","0.007705360426006414","3.898342071890986","3.898342071890986","3.898342071890986","3.279667051047986","3.279667051047986","3.279667051047986"
"1880","0.08134339289434012","0.08134339289434012","0.08134339289434012","0.10414470463304165","0.10414470463304165","0.10414470463304165","0.07599169923740835","0.07599169923740835","0.07599169923740835","3.0792062119853254","3.0792062119853254","3.0792062119853254","2.584134216941671","2.584134216941671","2.584134216941671"
"1890","0.13131833105152693","0.13131833105152693","0.13131833105152693","0.20051414925990452","0.20051414925990452","0.20051414925990452","0.05812389559483524","0.05812389559483524","0.05812389559483524","3.895261371677033","3.895261371677033","3.895261371677033","3.1895727388729442","3.1895727388729442","3.1895727388729442"
"1900","0.06318311656389722","0.06318311656389722","0.06318311656389722","0.15880262018328906","0.15880262018328906","0.15880262018328906","0.033224933991861626","0.033224933991861626","0.033224933991861626","4.919420391954988","4.919420391954988","4.919420391954988","4.13521222901389","4.13521222901389","4.13521222901389"
"1910","0.04585707753029025","0.04585707753029025","0.04585707753029025","0.11381700719160211","0.11381700719160211","0.11381700719160211","0.02088775695435044","0.02088775695435044","0.02088775695435044","4.823980288388628","4.823980288388628","4.823980288388628","4.070742130387084","4.070742130387084","4.070742130387084"
"1920","0.020841858350227446","0.020841858350227446","0.020841858350227446","0.0815335019400387","0.0815335019400387","0.0815335019400387","0.008818037708860704","0.008818037708860704","0.008818037708860704","4.815195032871593","4.815195032871593","4.815195032871593","4.066520834610866","4.066520834610866","4.066520834610866"
"1930","0.02378323137840229","0.02378323137840229","0.02378323137840229","0.09238245950449174","0.09238245950449174","0.09238245950449174","0.010481269676592199","0.010481269676592199","0.010481269676592199","4.7244477708187125","4.7244477708187125","4.7244477708187125","3.957335248212114","3.957335248212114","3.957335248212114"
"1940","0.040066608655890096","0.040066608655890096","0.040066608655890096","0.1258374379670279","0.1258374379670279","0.1258374379670279","0.017979683930996457","0.017979683930996457","0.017979683930996457","4.892006578810527","4.892006578810527","4.892006578810527","4.052639391675525","4.052639391675525","4.052639391675525"
"1950","0.034555486324023596","0.034555486324023596","0.034555486324023596","0.11163134008046531","0.11163134008046531","0.11163134008046531","0.018282493003485143","0.018282493003485143","0.018282493003485143","4.8968090970816665","4.8968090970816665","4.8968090970816665","4.085436264271276","4.085436264271276","4.085436264271276"
"1960","0.02424117359037153","0.02424117359037153","0.02424117359037153","0.0863514912717755","0.0863514912717755","0.0863514912717755","0.012357187575964925","0.012357187575964925","0.012357187575964925","4.848330708458538","4.848330708458538","4.848330708458538","4.1193381007823096","4.1193381007823096","4.1193381007823096"
"1970","0.04209588842916975","0.04209588842916975","0.04209588842916975","0.09937393236725091","0.09937393236725091","0.09937393236725091","0.018333125121294404","0.018333125121294404","0.018333125121294404","4.829786713798273","4.829786713798273","4.829786713798273","4.076995214176445","4.076995214176445","4.076995214176445"
"1980","0.04565049570077731","0.04565049570077731","0.04565049570077731","0.12196690152100653","0.12196690152100653","0.12196690152100653","0.02181957446009047","0.02181957446009047","0.02181957446009047","4.79491169889093","4.79491169889093","4.79491169889093","4.026863544665007","4.026863544665007","4.026863544665007"
"1990","0.027680495180978468","0.027680495180978468","0.027680495180978468","0.08193731683523157","0.08193731683523157","0.08193731683523157","0.012923206185990112","0.012923206185990112","0.012923206185990112","4.836802345511743","4.836802345511743","4.836802345511743","4.080941273063481","4.080941273063481","4.080941273063481"
"2000","0.014692945729649383","0.014692945729649383","0.014692945729649383","0.05319688240323464","0.05319688240323464","0.05319688240323464","0.0073995742729717345","0.0073995742729717345","0.0073995742729717345","3.6890794071962474","3.6890794071962474","3.6890794071962474","3.111238784545842","3.111238784545842","3.111238784545842"
"2010","0.019877072080563205","0.019877072080563205","0.019877072080563205","0.0680599344588168","0.0680599344588168","0.0680599344588168","0.009993727901138257","0.009993727901138257","0.009993727901138257","4.823679222822787","4.823679222822787","4.823679222822787","4.071043833298572","4.071043833298572","4.071043833298572"
"2020","0.017831131348428647","0.017831131348428647","0.017831131348428647","0.06441931526030946","0.06441931526030946","0.06441931526030946","0.011011182453544762","0.011011182453544762","0.011011182453544762","4.664598069483217","4.664598069483217","4.664598069483217","3.897262539683587","3.897262539683587","3.897262539683587"
"2030","0.013701047947619319","0.013701047947619319","0.013701047947619319","0.06257586335807368","0.06257586335807368","0.06257586335807368","0.010013208159920715","0.010013208159920715","0.010013208159920715","4.554125370341451","4.554125370341451","4.554125370341451","3.7586682290986935","3.7586682290986935","3.7586682290986935"
"2040","0.01577962293577759","0.01577962293577759","0.01577962293577759","0.05755623822064997","0.05755623822064997","0.05755623822064997","0.01073469322047116","0.01073469322047116","0.01073469322047116","4.0729543241482595","4.0729543241482595","4.0729543241482595","3.401450557131518","3.401450557131518","3.401450557131518"
"2050","0.011945553321259843","0.011945553321259843","0.011945553321259843","0.038728464971256225","0.038728464971256225","0.038728464971256225","0.006315452711762941","0.006315452711762941","0.006315452711762941","3.3028584299949073","3.3028584299949073","3.3028584299949073","2.783208276823035","2.783208276823035","2.783208276823035"
"2060","0.016307400961447196","0.016307400961447196","0.016307400961447196","0.04573941746664689","0.04573941746664689","0.04573941746664689","0.01146510780093919","0.01146510780093919","0.01146510780093919","3.859765290574728","3.859765290574728","3.859765290574728","3.2317908361840115","3.2317908361840115","3.2317908361840115"
"2070","0.01705262021975325","0.01705262021975325","0.01705262021975325","0.052173809571713664","0.052173809571713664","0.052173809571713664","0.010995396230789132","0.010995396230789132","0.010995396230789132","4.7671884296515605","4.7671884296515605","4.7671884296515605","3.986119340753696","3.986119340753696","3.986119340753696"
"2080","0.02693935889659513","0.02693935889659513","0.02693935889659513","0.08274982021468669","0.08274982021468669","0.08274982021468669","0.012138843040134425","0.012138843040134425","0.012138843040134425","4.816885799003109","4.816885799003109","4.816885799003109","4.0468800321637275","4.0468800321637275","4.0468800321637275"
"2090","0.014169742689871565","0.014169742689871565","0.014169742689871565","0.0524829699660428","0.0524829699660428","0.0524829699660428","0.009212151560890886","0.009212151560890886","0.009212151560890886","4.80269554056261","4.80269554056261","4.80269554056261","4.033434669684536","4.033434669684536","4.033434669684536"
"2100","0.01561036646758001","0.01561036646758001","0.01561036646758001","0.05214194972123747","0.05214194972123747","0.05214194972123747","0.012191528618669947","0.012191528618669947","0.012191528618669947","4.73697884589961","4.73697884589961","4.73697884589961","3.9100665620193533","3.9100665620193533","3.9100665620193533"
"2110","0.012760074365850659","0.012760074365850659","0.012760074365850659","0.050627383724712524","0.050627383724712524","0.050627383724712524","0.009092148092245603","0.009092148092245603","0.009092148092245603","4.672551072613685","4.672551072613685","4.672551072613685","3.8730297614126368","3.8730297614126368","3.8730297614126368"
"2120","0.02143760772172863","0.02143760772172863","0.02143760772172863","0.06792929912681064","0.06792929912681064","0.06792929912681064","0.012243570098653034","0.012243570098653034","0.012243570098653034","4.653414281200593","4.653414281200593","4.653414281200593","3.865818113697331","3.865818113697331","3.865818113697331"
"2130","0.020772407740883948","0.020772407740883948","0.020772407740883948","0.06469991093603848","0.06469991093603848","0.06469991093603848","0.012156464172432876","0.012156464172432876","0.012156464172432876","4.577273378964996","4.577273378964996","4.577273378964996","3.797633575440132","3.797633575440132","3.797633575440132"
"2140","0.021751691160712697","0.021751691160712697","0.021751691160712697","0.05581911461397485","0.05581911461397485","0.05581911461397485","0.018572422939861787","0.018572422939861787","0.018572422939861787","4.641430481588192","4.641430481588192","4.641430481588192","3.8142126463593926","3.8142126463593926","3.8142126463593926"
"2150","0.018987385960366452","0.018987385960366452","0.018987385960366452","0.04790634358037599","0.04790634358037599","0.04790634358037599","0.010251315790478818","0.010251315790478818","0.010251315790478818","4.63241387508933","4.63241387508933","4.63241387508933","3.847124269772379","3.847124269772379","3.847124269772379"
"2160","0.014773889255946703","0.014773889255946703","0.014773889255946703","0.0486174887583399","0.0486174887583399","0.0486174887583399","0.009136804831989687","0.009136804831989687","0.009136804831989687","4.659088521360365","4.659088521360365","4.659088521360365","3.803064927468554","3.803064927468554","3.803064927468554"
"2170","0.011721196276180998","0.011721196276180998","0.011721196276180998","0.052181845077521535","0.052181845077521535","0.052181845077521535","0.007070406604281172","0.007070406604281172","0.007070406604281172","4.82511283970609","4.82511283970609","4.82511283970609","4.053507139829943","4.053507139829943","4.053507139829943"
"2180","0.019499751107398572","0.019499751107398572","0.019499751107398572","0.04943497779706633","0.04943497779706633","0.04943497779706633","0.006477577882659552","0.006477577882659552","0.006477577882659552","4.48609160675376","4.48609160675376","4.48609160675376","3.7197407301975445","3.7197407301975445","3.7197407301975445"
"2190","0.04367981676156906","0.04367981676156906","0.04367981676156906","0.06939533594276528","0.06939533594276528","0.06939533594276528","0.03262990007324527","0.03262990007324527","0.03262990007324527","4.734137974296935","4.734137974296935","4.734137974296935","3.9661485888221195","3.9661485888221195","3.9661485888221195"
"2200","0.01653819396129074","0.01653819396129074","0.01653819396129074","0.04475028078387359","0.04475028078387359","0.04475028078387359","0.010642760419063601","0.010642760419063601","0.010642760419063601","4.74782071026635","4.74782071026635","4.74782071026635","3.9625260185426847","3.9625260185426847","3.9625260185426847"
"2210","0.09912743559053842","0.09912743559053842","0.09912743559053842","0.17362406397678662","0.17362406397678662","0.17362406397678662","0.04666351323768707","0.04666351323768707","0.04666351323768707","4.834062435225173","4.834062435225173","4.834062435225173","3.985600185086502","3.985600185086502","3.985600185086502"
"2220","0.03211829738003277","0.03211829738003277","0.03211829738003277","0.062192566172690235","0.062192566172690235","0.062192566172690235","0.019435452363755122","0.019435452363755122","0.019435452363755122","4.67998835494287","4.67998835494287","4.67998835494287","3.854390863260624","3.854390863260624","3.854390863260624"
"2230","0.015833646398884786","0.015833646398884786","0.015833646398884786","0.044703497555383255","0.044703497555383255","0.044703497555383255","0.011304709832323711","0.011304709832323711","0.011304709832323711","4.787579515255362","4.787579515255362","4.787579515255362","3.991982614517564","3.991982614517564","3.991982614517564"
"2240","0.015871260303398388","0.015871260303398388","0.015871260303398388","0.042822965816757624","0.042822965816757624","0.042822965816757624","0.009482114361446584","0.009482114361446584","0.009482114361446584","4.79884479999603","4.79884479999603","4.79884479999603","3.989159788434158","3.989159788434158","3.989159788434158"
"2250","0.006859455587720736","0.006859455587720736","0.006859455587720736","0.022451370182932508","0.022451370182932508","0.022451370182932508","0.005312791616754595","0.005312791616754595","0.005312791616754595","3.7847319755467583","3.7847319755467583","3.7847319755467583","3.254710089810485","3.254710089810485","3.254710089810485"
"2260","0.012331108472495342","0.012331108472495342","0.012331108472495342","0.03785934751802779","0.03785934751802779","0.03785934751802779","0.008134226223694288","0.008134226223694288","0.008134226223694288","3.2806637191224852","3.2806637191224852","3.2806637191224852","2.709619511635674","2.709619511635674","2.709619511635674"
"2270","0.01292514469101604","0.01292514469101604","0.01292514469101604","0.04291117417740301","0.04291117417740301","0.04291117417740301","0.00989467005355685","0.00989467005355685","0.00989467005355685","4.184983229258749","4.184983229258749","4.184983229258749","3.4523442886811417","3.4523442886811417","3.4523442886811417"
"2280","0.01224893960362733","0.01224893960362733","0.01224893960362733","0.042067790106708934","0.042067790106708934","0.042067790106708934","0.007452302892100479","0.007452302892100479","0.007452302892100479","4.7391180319160275","4.7391180319160275","4.7391180319160275","3.924243800485579","3.924243800485579","3.924243800485579"
"2290","0.01954287501447713","0.01954287501447713","0.01954287501447713","0.045405332138304944","0.045405332138304944","0.045405332138304944","0.00926973985119246","0.00926973985119246","0.00926973985119246","4.704513304609829","4.704513304609829","4.704513304609829","3.884957623284475","3.884957623284475","3.884957623284475"
"2300","0.015644432275904434","0.015644432275904434","0.015644432275904434","0.0369489972372872","0.0369489972372872","0.0369489972372872","0.007800751907973495","0.007800751907973495","0.007800751907973495","4.564039064321763","4.564039064321763","4.564039064321763","3.722484090905087","3.722484090905087","3.722484090905087"
"2310","0.013472959370185535","0.013472959370185535","0.013472959370185535","0.04662035256382712","0.04662035256382712","0.04662035256382712","0.01631892209380527","0.01631892209380527","0.01631892209380527","4.197925077844864","4.197925077844864","4.197925077844864","3.460495528694683","3.460495528694683","3.460495528694683"
"2320","0.00911230722985617","0.00911230722985617","0.00911230722985617","0.03445966996163761","0.03445966996163761","0.03445966996163761","0.007319617362262048","0.007319617362262048","0.007319617362262048","3.3107177794906204","3.3107177794906204","3.3107177794906204","2.7691397311289805","2.7691397311289805","2.7691397311289805"
"2330","0.010430566469318203","0.010430566469318203","0.010430566469318203","0.028319978943643746","0.028319978943643746","0.028319978943643746","0.007586481581663447","0.007586481581663447","0.007586481581663447","3.622441693444657","3.622441693444657","3.622441693444657","2.9753502585894434","2.9753502585894434","2.9753502585894434"
"2340","0.11591750531374084","0.11591750531374084","0.11591750531374084","0.03755281116978661","0.03755281116978661","0.03755281116978661","0.006562346339357067","0.006562346339357067","0.006562346339357067","4.218792305525406","4.218792305525406","4.218792305525406","3.4437398737577287","3.4437398737577287","3.4437398737577287"
"2350","0.01837593226288972","0.01837593226288972","0.01837593226288972","0.04876213598096768","0.04876213598096768","0.04876213598096768","0.012120724276134342","0.012120724276134342","0.012120724276134342","4.578815576894049","4.578815576894049","4.578815576894049","3.7229012425053725","3.7229012425053725","3.7229012425053725"
"2360","0.01834436693955418","0.01834436693955418","0.01834436693955418","0.05929851959880189","0.05929851959880189","0.05929851959880189","0.010495643381753766","0.010495643381753766","0.010495643381753766","4.695379982908678","4.695379982908678","4.695379982908678","3.8175166626745174","3.8175166626745174","3.8175166626745174"
"2370","0.023839283740987958","0.023839283740987958","0.023839283740987958","0.057287189867422914","0.057287189867422914","0.057287189867422914","0.015569949209047071","0.015569949209047071","0.015569949209047071","4.659973504853896","4.659973504853896","4.659973504853896","3.767095206401012","3.767095206401012","3.767095206401012"
"2380","0.017984125148984","0.017984125148984","0.017984125148984","0.04331812941157409","0.04331812941157409","0.04331812941157409","0.010790584054851931","0.010790584054851931","0.010790584054851931","4.6120183668198775","4.6120183668198775","4.6120183668198775","3.7330544620328436","3.7330544620328436","3.7330544620328436"
"2390","0.023488253856601703","0.023488253856601703","0.023488253856601703","0.04107401287061383","0.04107401287061383","0.04107401287061383","0.01362559129394716","0.01362559129394716","0.01362559129394716","4.738127244705646","4.738127244705646","4.738127244705646","3.823825835592182","3.823825835592182","3.823825835592182"
"2400","0.009951551737965058","0.009951551737965058","0.009951551737965058","0.03196575934302217","0.03196575934302217","0.03196575934302217","0.007296321229348929","0.007296321229348929","0.007296321229348929","4.694274614472435","4.694274614472435","4.694274614472435","3.8532465644899383","3.8532465644899383","3.8532465644899383"
"2410","0.013328623321148722","0.013328623321148722","0.013328623321148722","0.03498320857127913","0.03498320857127913","0.03498320857127913","0.009196209939307995","0.009196209939307995","0.009196209939307995","4.622233553358016","4.622233553358016","4.622233553358016","3.757203187373472","3.757203187373472","3.757203187373472"
"2420","0.007943416238803467","0.007943416238803467","0.007943416238803467","0.026025315995535373","0.026025315995535373","0.026025315995535373","0.005920907486180372","0.005920907486180372","0.005920907486180372","4.543122460883016","4.543122460883016","4.543122460883016","3.6684163996787467","3.6684163996787467","3.6684163996787467"
"2430","0.007716253284952614","0.007716253284952614","0.007716253284952614","0.02801113771813435","0.02801113771813435","0.02801113771813435","0.01283257077173187","0.01283257077173187","0.01283257077173187","4.700527761239721","4.700527761239721","4.700527761239721","3.8191980346289562","3.8191980346289562","3.8191980346289562"
"2440","0.008350816896930686","0.008350816896930686","0.008350816896930686","0.03038779044813988","0.03038779044813988","0.03038779044813988","0.007497427982313125","0.007497427982313125","0.007497427982313125","4.639267435143622","4.639267435143622","4.639267435143622","3.7359842978020312","3.7359842978020312","3.7359842978020312"
"2450","0.024039083097269914","0.024039083097269914","0.024039083097269914","0.0316887754249525","0.0316887754249525","0.0316887754249525","0.026165581591299034","0.026165581591299034","0.026165581591299034","4.635179424299454","4.635179424299454","4.635179424299454","3.713380513760547","3.713380513760547","3.713380513760547"
"2460","0.008568323164386986","0.008568323164386986","0.008568323164386986","0.023080660482270757","0.023080660482270757","0.023080660482270757","0.013535440247562008","0.013535440247562008","0.013535440247562008","4.427408912602158","4.427408912602158","4.427408912602158","3.504207834532967","3.504207834532967","3.504207834532967"
"2470","0.00899628443849086","0.00899628443849086","0.00899628443849086","0.02718147972983563","0.02718147972983563","0.02718147972983563","0.0109567538817622","0.0109567538817622","0.0109567538817622","4.638084720516945","4.638084720516945","4.638084720516945","3.706749021738884","3.706749021738884","3.706749021738884"
"2480","0.009518216104223718","0.009518216104223718","0.009518216104223718","0.04038789512124473","0.04038789512124473","0.04038789512124473","0.007033581893126038","0.007033581893126038","0.007033581893126038","4.710995172899765","4.710995172899765","4.710995172899765","3.7806772710527685","3.7806772710527685","3.7806772710527685"
"2490","0.021255345567891142","0.021255345567891142","0.021255345567891142","0.07532383630266551","0.07532383630266551","0.07532383630266551","0.009185947825599849","0.009185947825599849","0.009185947825599849","4.616574428709713","4.616574428709713","4.616574428709713","3.619775733994042","3.619775733994042","3.619775733994042"
"2500","0.009451759823416154","0.009451759823416154","0.009451759823416154","0.03093399575115119","0.03093399575115119","0.03093399575115119","0.005820812153498082","0.005820812153498082","0.005820812153498082","4.665140614227818","4.665140614227818","4.665140614227818","3.6379517067969047","3.6379517067969047","3.6379517067969047"
"2510","0.011201400193293725","0.011201400193293725","0.011201400193293725","0.03439402766864005","0.03439402766864005","0.03439402766864005","0.007654227286253679","0.007654227286253679","0.007654227286253679","4.680851471677118","4.680851471677118","4.680851471677118","3.619406773290387","3.619406773290387","3.619406773290387"
"2520","0.009238221313227912","0.009238221313227912","0.009238221313227912","0.029063509493794958","0.029063509493794958","0.029063509493794958","0.00585328165068738","0.00585328165068738","0.00585328165068738","4.414475236354476","4.414475236354476","4.414475236354476","3.3534143495001625","3.3534143495001625","3.3534143495001625"
"2530","0.013179328305511807","0.013179328305511807","0.013179328305511807","0.033067078766918626","0.033067078766918626","0.033067078766918626","0.007308608761659481","0.007308608761659481","0.007308608761659481","4.686160053688427","4.686160053688427","4.686160053688427","3.5296609860995942","3.5296609860995942","3.5296609860995942"
"2540","0.020913940911300413","0.020913940911300413","0.020913940911300413","0.04712931930900189","0.04712931930900189","0.04712931930900189","0.010236268585422986","0.010236268585422986","0.010236268585422986","4.699123729305551","4.699123729305551","4.699123729305551","3.5303106018569714","3.5303106018569714","3.5303106018569714"
"2550","0.012677432555074267","0.012677432555074267","0.012677432555074267","0.03169414209750994","0.03169414209750994","0.03169414209750994","0.006224212349826232","0.006224212349826232","0.006224212349826232","4.581830768643367","4.581830768643367","4.581830768643367","3.257830097875097","3.257830097875097","3.257830097875097"
"2560","0.007595077620655251","0.007595077620655251","0.007595077620655251","0.029842703970343897","0.029842703970343897","0.029842703970343897","0.00419431813925334","0.00419431813925334","0.00419431813925334","4.701177666498936","4.701177666498936","4.701177666498936","3.270364104829808","3.270364104829808","3.270364104829808"
"2570","0.01297874835953726","0.01297874835953726","0.01297874835953726","0.036151597812027744","0.036151597812027744","0.036151597812027744","0.00858421477341356","0.00858421477341356","0.00858421477341356","4.599734398703178","4.599734398703178","4.599734398703178","3.095404722155715","3.095404722155715","3.095404722155715"
"2580","0.012122783163402812","0.012122783163402812","0.012122783163402812","0.03339451642208537","0.03339451642208537","0.03339451642208537","0.008255712896002531","0.008255712896002531","0.008255712896002531","4.632780560350466","4.632780560350466","4.632780560350466","3.0343084959123723","3.0343084959123723","3.0343084959123723"
"2590","0.009179354922894617","0.009179354922894617","0.009179354922894617","0.02470220332440577","0.02470220332440577","0.02470220332440577","0.006664303532453849","0.006664303532453849","0.006664303532453849","4.511907664886496","4.511907664886496","4.511907664886496","2.836822192820246","2.836822192820246","2.836822192820246"
"2600","0.01233784655350508","0.01233784655350508","0.01233784655350508","0.02988548352325894","0.02988548352325894","0.02988548352325894","0.00952498118102935","0.00952498118102935","0.00952498118102935","4.652154007724775","4.652154007724775","4.652154007724775","2.846911506032492","2.846911506032492","2.846911506032492"
"2610","0.017727373289645736","0.017727373289645736","0.017727373289645736","0.040354399276091094","0.040354399276091094","0.040354399276091094","0.01157020435722307","0.01157020435722307","0.01157020435722307","4.696891304440691","4.696891304440691","4.696891304440691","2.849636572576251","2.849636572576251","2.849636572576251"
"2620","0.3322876218442957","0.3322876218442957","0.3322876218442957","0.15813230419081206","0.15813230419081206","0.15813230419081206","0.10966338779198921","0.10966338779198921","0.10966338779198921","4.826328949062742","4.826328949062742","4.826328949062742","2.8856070563433294","2.8856070563433294","2.8856070563433294"
"2630","0.008102200195366421","0.008102200195366421","0.008102200195366421","0.020747694514305356","0.020747694514305356","0.020747694514305356","0.005831161191730782","0.005831161191730782","0.005831161191730782","4.583825707929625","4.583825707929625","4.583825707929625","2.665711480635748","2.665711480635748","2.665711480635748"
"2640","0.00952227177905724","0.00952227177905724","0.00952227177905724","0.029618161702718655","0.029618161702718655","0.029618161702718655","0.006735313629879687","0.006735313629879687","0.006735313629879687","4.6339069619761695","4.6339069619761695","4.6339069619761695","2.6314926272691177","2.6314926272691177","2.6314926272691177"
"2650","0.008464242348570636","0.008464242348570636","0.008464242348570636","0.03098096524942985","0.03098096524942985","0.03098096524942985","0.005233706244481455","0.005233706244481455","0.005233706244481455","4.478027367095775","4.478027367095775","4.478027367095775","2.4542596146444464","2.4542596146444464","2.4542596146444464"
"2660","0.020042195357760625","0.020042195357760625","0.020042195357760625","0.03522468190649678","0.03522468190649678","0.03522468190649678","0.009514079322623404","0.009514079322623404","0.009514079322623404","4.266362193599274","4.266362193599274","4.266362193599274","2.203323074054935","2.203323074054935","2.203323074054935"
"2670","0.007631813796203871","0.007631813796203871","0.007631813796203871","0.021987637239741283","0.021987637239741283","0.021987637239741283","0.005213957843442118","0.005213957843442118","0.005213957843442118","4.6077005931237345","4.6077005931237345","4.6077005931237345","2.4401940114547793","2.4401940114547793","2.4401940114547793"
"2680","0.01188132314473547","0.01188132314473547","0.01188132314473547","0.03340429539155679","0.03340429539155679","0.03340429539155679","0.00803753864207271","0.00803753864207271","0.00803753864207271","4.577795342472147","4.577795342472147","4.577795342472147","2.4053385514398657","2.4053385514398657","2.4053385514398657"
"2690","0.02698957530936299","0.02698957530936299","0.02698957530936299","0.03549201690654946","0.03549201690654946","0.03549201690654946","0.01768125181098054","0.01768125181098054","0.01768125181098054","4.673004410178304","4.673004410178304","4.673004410178304","2.4434143977472673","2.4434143977472673","2.4434143977472673"
"2700","0.020479162371832053","0.020479162371832053","0.020479162371832053","0.05006523427582923","0.05006523427582923","0.05006523427582923","0.014165046618965412","0.014165046618965412","0.014165046618965412","4.693905811247849","4.693905811247849","4.693905811247849","2.403634365721422","2.403634365721422","2.403634365721422"
"2710","0.010024830266877656","0.010024830266877656","0.010024830266877656","0.028915245904008853","0.028915245904008853","0.028915245904008853","0.00913930210885689","0.00913930210885689","0.00913930210885689","4.7339105145200415","4.7339105145200415","4.7339105145200415","2.3770320258584414","2.3770320258584414","2.3770320258584414"
"2720","0.008581375780374342","0.008581375780374342","0.008581375780374342","0.026420113959400807","0.026420113959400807","0.026420113959400807","0.007332356823387333","0.007332356823387333","0.007332356823387333","4.613244225748037","4.613244225748037","4.613244225748037","2.2419797435733555","2.2419797435733555","2.2419797435733555"
"2730","0.008882293175318282","0.008882293175318282","0.008882293175318282","0.025025211641562038","0.025025211641562038","0.025025211641562038","0.005177500650877228","0.005177500650877228","0.005177500650877228","4.620055859605789","4.620055859605789","4.620055859605789","2.1897392051014006","2.1897392051014006","2.1897392051014006"
"2740","0.005973097782419069","0.005973097782419069","0.005973097782419069","0.020054377847966248","0.020054377847966248","0.020054377847966248","0.00326913024850531","0.00326913024850531","0.00326913024850531","3.459924859946148","3.459924859946148","3.459924859946148","1.6449962864683396","1.6449962864683396","1.6449962864683396"
"2750","0.005488763188377375","0.005488763188377375","0.005488763188377375","0.01877098073819359","0.01877098073819359","0.01877098073819359","0.0038480171601455453","0.0038480171601455453","0.0038480171601455453","4.588285328352745","4.588285328352745","4.588285328352745","2.060185255495478","2.060185255495478","2.060185255495478"
"2760","0.005682951635742666","0.005682951635742666","0.005682951635742666","0.01702788657346281","0.01702788657346281","0.01702788657346281","0.004304349422179934","0.004304349422179934","0.004304349422179934","4.758191996096553","4.758191996096553","4.758191996096553","2.0193120215917557","2.0193120215917557","2.0193120215917557"
"2770","0.004248845451724627","0.004248845451724627","0.004248845451724627","0.015234356087840059","0.015234356087840059","0.015234356087840059","0.003876988059764287","0.003876988059764287","0.003876988059764287","4.838904685530448","4.838904685530448","4.838904685530448","1.8970317195270627","1.8970317195270627","1.8970317195270627"
"2780","0.005283781036200206","0.005283781036200206","0.005283781036200206","0.01849187814355692","0.01849187814355692","0.01849187814355692","0.0033278622489050264","0.0033278622489050264","0.0033278622489050264","4.699579034885161","4.699579034885161","4.699579034885161","1.7779536511109084","1.7779536511109084","1.7779536511109084"
"2790","0.014461566872499353","0.014461566872499353","0.014461566872499353","0.0286010166191584","0.0286010166191584","0.0286010166191584","0.006391433933651776","0.006391433933651776","0.006391433933651776","4.419014501609443","4.419014501609443","4.419014501609443","1.6998256646660757","1.6998256646660757","1.6998256646660757"
"2800","0.007167149328987268","0.007167149328987268","0.007167149328987268","0.020142070022117733","0.020142070022117733","0.020142070022117733","0.004658725981166318","0.004658725981166318","0.004658725981166318","4.580500750533465","4.580500750533465","4.580500750533465","1.6453123465662165","1.6453123465662165","1.6453123465662165"
"2810","0.007373059510669239","0.007373059510669239","0.007373059510669239","0.019008997680575145","0.019008997680575145","0.019008997680575145","0.0038766093556556473","0.0038766093556556473","0.0038766093556556473","4.595017126696679","4.595017126696679","4.595017126696679","1.586508634164589","1.586508634164589","1.586508634164589"
"2820","0.00810850252570096","0.00810850252570096","0.00810850252570096","0.021300285103065014","0.021300285103065014","0.021300285103065014","0.006738039590122832","0.006738039590122832","0.006738039590122832","4.4940128812422016","4.4940128812422016","4.4940128812422016","1.494713095857848","1.494713095857848","1.494713095857848"
"2830","0.006837261768129523","0.006837261768129523","0.006837261768129523","0.01997720215294174","0.01997720215294174","0.01997720215294174","0.004728141699111628","0.004728141699111628","0.004728141699111628","4.442755535626531","4.442755535626531","4.442755535626531","1.4484682724802438","1.4484682724802438","1.4484682724802438"
"2840","0.010154646799123425","0.010154646799123425","0.010154646799123425","0.030579161446496445","0.030579161446496445","0.030579161446496445","0.0070044526295657186","0.0070044526295657186","0.0070044526295657186","4.6651297224431945","4.6651297224431945","4.6651297224431945","1.5073102576765236","1.5073102576765236","1.5073102576765236"
"2850","0.0055855931129185875","0.0055855931129185875","0.0055855931129185875","0.01843650055861432","0.01843650055861432","0.01843650055861432","0.005247665260773499","0.005247665260773499","0.005247665260773499","4.504065393191142","4.504065393191142","4.504065393191142","1.3228355642086396","1.3228355642086396","1.3228355642086396"
"2860","0.007086702432891899","0.007086702432891899","0.007086702432891899","0.019300067330205825","0.019300067330205825","0.019300067330205825","0.004465425283121436","0.004465425283121436","0.004465425283121436","4.561461000460539","4.561461000460539","4.561461000460539","1.334730469689035","1.334730469689035","1.334730469689035"
"2870","0.005365331039347528","0.005365331039347528","0.005365331039347528","0.01774720912032786","0.01774720912032786","0.01774720912032786","0.0039720447088156885","0.0039720447088156885","0.0039720447088156885","4.456316481011279","4.456316481011279","4.456316481011279","1.3366297306437631","1.3366297306437631","1.3366297306437631"
"2880","0.005638196976729242","0.005638196976729242","0.005638196976729242","0.01715818106557439","0.01715818106557439","0.01715818106557439","0.0041359149174033235","0.0041359149174033235","0.0041359149174033235","4.565348997008869","4.565348997008869","4.565348997008869","1.3068683015308495","1.3068683015308495","1.3068683015308495"
"2890","0.006398637432988611","0.006398637432988611","0.006398637432988611","0.013838018509936616","0.013838018509936616","0.013838018509936616","0.004425063523364014","0.004425063523364014","0.004425063523364014","4.522536516954316","4.522536516954316","4.522536516954316","1.2108327285949496","1.2108327285949496","1.2108327285949496"
"2900","0.0055732575311857385","0.0055732575311857385","0.0055732575311857385","0.013096997072132934","0.013096997072132934","0.013096997072132934","0.0031785348047263587","0.0031785348047263587","0.0031785348047263587","3.6029211655093905","3.6029211655093905","3.6029211655093905","0.9259488722869621","0.9259488722869621","0.9259488722869621"
"2910","0.03586392775180299","0.03586392775180299","0.03586392775180299","0.03858059352706411","0.03858059352706411","0.03858059352706411","0.009037451527405455","0.009037451527405455","0.009037451527405455","2.9904897645756274","2.9904897645756274","2.9904897645756274","0.7967307627568564","0.7967307627568564","0.7967307627568564"
"2920","0.023940289064275113","0.023940289064275113","0.023940289064275113","0.05011658953994173","0.05011658953994173","0.05011658953994173","0.013392382951508195","0.013392382951508195","0.013392382951508195","3.556093148559295","3.556093148559295","3.556093148559295","0.9487151601909742","0.9487151601909742","0.9487151601909742"
"2930","0.006992450894403131","0.006992450894403131","0.006992450894403131","0.022656352963808007","0.022656352963808007","0.022656352963808007","0.005152479006933554","0.005152479006933554","0.005152479006933554","4.497075799396187","4.497075799396187","4.497075799396187","1.0924549824473657","1.0924549824473657","1.0924549824473657"
"2940","0.006812549745314649","0.006812549745314649","0.006812549745314649","0.020455572721501624","0.020455572721501624","0.020455572721501624","0.005454202064685821","0.005454202064685821","0.005454202064685821","4.345667491239034","4.345667491239034","4.345667491239034","1.0965016592000125","1.0965016592000125","1.0965016592000125"
"2950","0.004954313343617071","0.004954313343617071","0.004954313343617071","0.01563067456437277","0.01563067456437277","0.01563067456437277","0.0042799767088303855","0.0042799767088303855","0.0042799767088303855","4.323082448714914","4.323082448714914","4.323082448714914","1.0234248188670914","1.0234248188670914","1.0234248188670914"
"2960","0.006637221124024348","0.006637221124024348","0.006637221124024348","0.021864995528101776","0.021864995528101776","0.021864995528101776","0.004886542475772658","0.004886542475772658","0.004886542475772658","4.638417635010976","4.638417635010976","4.638417635010976","1.0972047190201903","1.0972047190201903","1.0972047190201903"
"2970","0.007147174517994792","0.007147174517994792","0.007147174517994792","0.021901560092323778","0.021901560092323778","0.021901560092323778","0.006362523885442809","0.006362523885442809","0.006362523885442809","4.562080829568147","4.562080829568147","4.562080829568147","1.0475020227058913","1.0475020227058913","1.0475020227058913"
"2980","0.004184583635691344","0.004184583635691344","0.004184583635691344","0.013576400767754368","0.013576400767754368","0.013576400767754368","0.004143349769760156","0.004143349769760156","0.004143349769760156","3.8642976489585967","3.8642976489585967","3.8642976489585967","0.9474250834824706","0.9474250834824706","0.9474250834824706"
"2990","0.010064850826562841","0.010064850826562841","0.010064850826562841","0.021374986277369883","0.021374986277369883","0.021374986277369883","0.005843416673489211","0.005843416673489211","0.005843416673489211","3.6918848097320236","3.6918848097320236","3.6918848097320236","0.9120708684193853","0.9120708684193853","0.9120708684193853"
"3000","0.008884162720257183","0.008884162720257183","0.008884162720257183","0.026242929660088638","0.026242929660088638","0.026242929660088638","0.005551869552177408","0.005551869552177408","0.005551869552177408","4.563068876985026","4.563068876985026","4.563068876985026","0.9906924319478818","0.9906924319478818","0.9906924319478818"
"3010","0.005553758411479877","0.005553758411479877","0.005553758411479877","0.02007028651953433","0.02007028651953433","0.02007028651953433","0.0038360064939267444","0.0038360064939267444","0.0038360064939267444","4.467033148365599","4.467033148365599","4.467033148365599","0.9908170677052498","0.9908170677052498","0.9908170677052498"
"3020","0.005917884951852452","0.005917884951852452","0.005917884951852452","0.020866141315912804","0.020866141315912804","0.020866141315912804","0.0037485694090576252","0.0037485694090576252","0.0037485694090576252","4.58142479348279","4.58142479348279","4.58142479348279","0.9925609730295735","0.9925609730295735","0.9925609730295735"
"3030","0.007706541048163252","0.007706541048163252","0.007706541048163252","0.021290200608132647","0.021290200608132647","0.021290200608132647","0.004411728937920384","0.004411728937920384","0.004411728937920384","4.754481648283917","4.754481648283917","4.754481648283917","0.9745248265055706","0.9745248265055706","0.9745248265055706"
"3040","0.004262946876536207","0.004262946876536207","0.004262946876536207","0.014735360314809475","0.014735360314809475","0.014735360314809475","0.002486731944023889","0.002486731944023889","0.002486731944023889","4.644072867589401","4.644072867589401","4.644072867589401","0.8846265811417077","0.8846265811417077","0.8846265811417077"
"3050","0.005342045813094205","0.005342045813094205","0.005342045813094205","0.018388748592691156","0.018388748592691156","0.018388748592691156","0.002958714062540762","0.002958714062540762","0.002958714062540762","4.523751780408976","4.523751780408976","4.523751780408976","0.86048033326796","0.86048033326796","0.86048033326796"
"3060","0.01071804626050992","0.01071804626050992","0.01071804626050992","0.01970855928859729","0.01970855928859729","0.01970855928859729","0.003912338948124068","0.003912338948124068","0.003912338948124068","4.653301874271336","4.653301874271336","4.653301874271336","0.8385643960461507","0.8385643960461507","0.8385643960461507"
"3070","0.021540233522934094","0.021540233522934094","0.021540233522934094","0.023883004236344478","0.023883004236344478","0.023883004236344478","0.0034039401864337992","0.0034039401864337992","0.0034039401864337992","4.540282527530603","4.540282527530603","4.540282527530603","0.8044386421688547","0.8044386421688547","0.8044386421688547"
"3080","0.0059750190618095824","0.0059750190618095824","0.0059750190618095824","0.01858208898835318","0.01858208898835318","0.01858208898835318","0.0036005869600262068","0.0036005869600262068","0.0036005869600262068","4.497274879796103","4.497274879796103","4.497274879796103","0.7305414072531148","0.7305414072531148","0.7305414072531148"
"3090","0.005502396911214441","0.005502396911214441","0.005502396911214441","0.013448620822937197","0.013448620822937197","0.013448620822937197","0.0032112919473904562","0.0032112919473904562","0.0032112919473904562","3.5782593575702184","3.5782593575702184","3.5782593575702184","0.5905114901587339","0.5905114901587339","0.5905114901587339"
"3100","0.006522102861737417","0.006522102861737417","0.006522102861737417","0.01757724405095861","0.01757724405095861","0.01757724405095861","0.003852411916337023","0.003852411916337023","0.003852411916337023","4.290339311520085","4.290339311520085","4.290339311520085","0.7657168584261428","0.7657168584261428","0.7657168584261428"
"3110","0.004865895574892941","0.004865895574892941","0.004865895574892941","0.014185623879184242","0.014185623879184242","0.014185623879184242","0.002827748890009772","0.002827748890009772","0.002827748890009772","4.587201941767832","4.587201941767832","4.587201941767832","0.6833664830942205","0.6833664830942205","0.6833664830942205"
"3120","0.00350266200016486","0.00350266200016486","0.00350266200016486","0.011316257889254598","0.011316257889254598","0.011316257889254598","0.002192904747232959","0.002192904747232959","0.002192904747232959","3.836235764077836","3.836235764077836","3.836235764077836","0.5481009227681168","0.5481009227681168","0.5481009227681168"
"3130","0.006707602892246854","0.006707602892246854","0.006707602892246854","0.01695998896904426","0.01695998896904426","0.01695998896904426","0.004411836830557078","0.004411836830557078","0.004411836830557078","3.089250911306431","3.089250911306431","3.089250911306431","0.47436499171725144","0.47436499171725144","0.47436499171725144"
"3140","0.01545232498130625","0.01545232498130625","0.01545232498130625","0.031493562677474565","0.031493562677474565","0.031493562677474565","0.011874501570424781","0.011874501570424781","0.011874501570424781","3.3191691812205253","3.3191691812205253","3.3191691812205253","0.5097835444897222","0.5097835444897222","0.5097835444897222"
"3150","0.022880510992763996","0.022880510992763996","0.022880510992763996","0.04708474942325155","0.04708474942325155","0.04708474942325155","0.01613391721242284","0.01613391721242284","0.01613391721242284","4.010007403761719","4.010007403761719","4.010007403761719","0.703644966577536","0.703644966577536","0.703644966577536"
"3160","0.0040949739447290814","0.0040949739447290814","0.0040949739447290814","0.013854161036097273","0.013854161036097273","0.013854161036097273","0.003352556282586728","0.003352556282586728","0.003352556282586728","4.507038436815657","4.507038436815657","4.507038436815657","0.6125696757251731","0.6125696757251731","0.6125696757251731"
"3170","0.004592239447948577","0.004592239447948577","0.004592239447948577","0.014058906276070737","0.014058906276070737","0.014058906276070737","0.003707745812898352","0.003707745812898352","0.003707745812898352","3.2164485289494964","3.2164485289494964","3.2164485289494964","0.4726791505959222","0.4726791505959222","0.4726791505959222"
"3180","0.004092931405079815","0.004092931405079815","0.004092931405079815","0.009825610655570013","0.009825610655570013","0.009825610655570013","0.0021585390286686383","0.0021585390286686383","0.0021585390286686383","3.086446788764091","3.086446788764091","3.086446788764091","0.3903519897470007","0.3903519897470007","0.3903519897470007"
"3190","0.013592657608874884","0.013592657608874884","0.013592657608874884","0.017092172358004365","0.017092172358004365","0.017092172358004365","0.0032124278752416503","0.0032124278752416503","0.0032124278752416503","4.350170715825181","4.350170715825181","4.350170715825181","0.5577366610525478","0.5577366610525478","0.5577366610525478"
"3200","0.030909990621467164","0.030909990621467164","0.030909990621467164","0.05462456337329835","0.05462456337329835","0.05462456337329835","0.013693064435977153","0.013693064435977153","0.013693064435977153","4.557732546526153","4.557732546526153","4.557732546526153","0.6672276448201869","0.6672276448201869","0.6672276448201869"
"3210","0.005343971502291375","0.005343971502291375","0.005343971502291375","0.015444414933559384","0.015444414933559384","0.015444414933559384","0.0029708901839567347","0.0029708901839567347","0.0029708901839567347","4.4648341924335355","4.4648341924335355","4.4648341924335355","0.5190400001885717","0.5190400001885717","0.5190400001885717"
"3220","0.0038972171507557778","0.0038972171507557778","0.0038972171507557778","0.015830635899763145","0.015830635899763145","0.015830635899763145","0.0023600063181744113","0.0023600063181744113","0.0023600063181744113","4.595465091690048","4.595465091690048","4.595465091690048","0.5147463531578022","0.5147463531578022","0.5147463531578022"
"3230","0.02438240090141554","0.02438240090141554","0.02438240090141554","0.04978362931227299","0.04978362931227299","0.04978362931227299","0.014029727939676998","0.014029727939676998","0.014029727939676998","4.748729309613333","4.748729309613333","4.748729309613333","0.6981134442568312","0.6981134442568312","0.6981134442568312"
"3240","0.004681043498114825","0.004681043498114825","0.004681043498114825","0.016183877841855685","0.016183877841855685","0.016183877841855685","0.003438238179188574","0.003438238179188574","0.003438238179188574","4.632936635175742","4.632936635175742","4.632936635175742","0.5144482528184164","0.5144482528184164","0.5144482528184164"
"3250","0.0046635301431765105","0.0046635301431765105","0.0046635301431765105","0.012517027579770452","0.012517027579770452","0.012517027579770452","0.002827693968108779","0.002827693968108779","0.002827693968108779","3.5295361727050323","3.5295361727050323","3.5295361727050323","0.503735509903677","0.503735509903677","0.503735509903677"
"3260","0.004283826577730814","0.004283826577730814","0.004283826577730814","0.013849579945784113","0.013849579945784113","0.013849579945784113","0.0025870385969060986","0.0025870385969060986","0.0025870385969060986","4.5893342744598575","4.5893342744598575","4.5893342744598575","0.5149498157272226","0.5149498157272226","0.5149498157272226"
"3270","0.003660423116970981","0.003660423116970981","0.003660423116970981","0.010974733427724214","0.010974733427724214","0.010974733427724214","0.002351007985426754","0.002351007985426754","0.002351007985426754","4.396764874460529","4.396764874460529","4.396764874460529","0.4493830108778058","0.4493830108778058","0.4493830108778058"
"3280","0.006237329066523883","0.006237329066523883","0.006237329066523883","0.015117714231944943","0.015117714231944943","0.015117714231944943","0.004592040852629822","0.004592040852629822","0.004592040852629822","4.194777228684817","4.194777228684817","4.194777228684817","0.4512319251847605","0.4512319251847605","0.4512319251847605"
"3290","0.004479107301727427","0.004479107301727427","0.004479107301727427","0.017298126729709262","0.017298126729709262","0.017298126729709262","0.0034161264637662834","0.0034161264637662834","0.0034161264637662834","4.51159845249856","4.51159845249856","4.51159845249856","0.49956223347933043","0.49956223347933043","0.49956223347933043"
"3300","0.00425302596905813","0.00425302596905813","0.00425302596905813","0.019045032872594347","0.019045032872594347","0.019045032872594347","0.0029165303908853554","0.0029165303908853554","0.0029165303908853554","4.580404406486495","4.580404406486495","4.580404406486495","0.5140876662535508","0.5140876662535508","0.5140876662535508"
"3310","0.01862771280904224","0.01862771280904224","0.01862771280904224","0.03574066287214377","0.03574066287214377","0.03574066287214377","0.01118905735964396","0.01118905735964396","0.01118905735964396","4.622403850220752","4.622403850220752","4.622403850220752","0.4844858898968714","0.4844858898968714","0.4844858898968714"
"3320","0.00651018840890056","0.00651018840890056","0.00651018840890056","0.02087044736458008","0.02087044736458008","0.02087044736458008","0.005879502243783095","0.005879502243783095","0.005879502243783095","4.35915553916322","4.35915553916322","4.35915553916322","0.48527557307535424","0.48527557307535424","0.48527557307535424"
"3330","0.005875294656729968","0.005875294656729968","0.005875294656729968","0.01722493833811169","0.01722493833811169","0.01722493833811169","0.003896621055515439","0.003896621055515439","0.003896621055515439","4.3186840454871955","4.3186840454871955","4.3186840454871955","0.45023044931701767","0.45023044931701767","0.45023044931701767"
"3340","0.004359241300357192","0.004359241300357192","0.004359241300357192","0.012858727825348042","0.012858727825348042","0.012858727825348042","0.0029098295790483887","0.0029098295790483887","0.0029098295790483887","4.502395555330765","4.502395555330765","4.502395555330765","0.41142310686815947","0.41142310686815947","0.41142310686815947"
"3350","0.0027684084172442053","0.0027684084172442053","0.0027684084172442053","0.00896073209423402","0.00896073209423402","0.00896073209423402","0.00211329473922484","0.00211329473922484","0.00211329473922484","3.194671544326924","3.194671544326924","3.194671544326924","0.30359801419963506","0.30359801419963506","0.30359801419963506"
"3360","0.0034084496588486285","0.0034084496588486285","0.0034084496588486285","0.008381754063130617","0.008381754063130617","0.008381754063130617","0.0026761753623316185","0.0026761753623316185","0.0026761753623316185","3.078200033671915","3.078200033671915","3.078200033671915","0.24615147959823688","0.24615147959823688","0.24615147959823688"
"3370","0.006218575914700673","0.006218575914700673","0.006218575914700673","0.011948602252685216","0.011948602252685216","0.011948602252685216","0.0055572766651700075","0.0055572766651700075","0.0055572766651700075","4.39667593818717","4.39667593818717","4.39667593818717","0.3609062360157101","0.3609062360157101","0.3609062360157101"
"3380","0.005055209703511546","0.005055209703511546","0.005055209703511546","0.012758490155432414","0.012758490155432414","0.012758490155432414","0.0031919360833128365","0.0031919360833128365","0.0031919360833128365","4.483904467285834","4.483904467285834","4.483904467285834","0.35839203807755754","0.35839203807755754","0.35839203807755754"
"3390","0.006028883126443197","0.006028883126443197","0.006028883126443197","0.018784244169851513","0.018784244169851513","0.018784244169851513","0.003261474293927224","0.003261474293927224","0.003261474293927224","4.419285196484308","4.419285196484308","4.419285196484308","0.3705680396275289","0.3705680396275289","0.3705680396275289"
"3400","0.0035327340986807203","0.0035327340986807203","0.0035327340986807203","0.00873571977043722","0.00873571977043722","0.00873571977043722","0.0020116134890050047","0.0020116134890050047","0.0020116134890050047","3.879780460326266","3.879780460326266","3.879780460326266","0.28827444552690773","0.28827444552690773","0.28827444552690773"
"3410","0.003059609691293954","0.003059609691293954","0.003059609691293954","0.008231318898551526","0.008231318898551526","0.008231318898551526","0.002077841065164201","0.002077841065164201","0.002077841065164201","3.869359521222869","3.869359521222869","3.869359521222869","0.2774330429051041","0.2774330429051041","0.2774330429051041"
"3420","0.004022877970088374","0.004022877970088374","0.004022877970088374","0.011321414349870757","0.011321414349870757","0.011321414349870757","0.0025285827599500358","0.0025285827599500358","0.0025285827599500358","4.139566128397511","4.139566128397511","4.139566128397511","0.3262557636569693","0.3262557636569693","0.3262557636569693"
"3430","0.012506238633528123","0.012506238633528123","0.012506238633528123","0.009339229865110077","0.009339229865110077","0.009339229865110077","0.003321732033228679","0.003321732033228679","0.003321732033228679","3.1804964270391665","3.1804964270391665","3.1804964270391665","0.24042914193543177","0.24042914193543177","0.24042914193543177"
"3440","0.003186987981897154","0.003186987981897154","0.003186987981897154","0.008180614048254077","0.008180614048254077","0.008180614048254077","0.0020096102542367733","0.0020096102542367733","0.0020096102542367733","3.4479278287333672","3.4479278287333672","3.4479278287333672","0.26182814924327785","0.26182814924327785","0.26182814924327785"
"3450","0.00394589721099344","0.00394589721099344","0.00394589721099344","0.009582227343429306","0.009582227343429306","0.009582227343429306","0.0024939332200531843","0.0024939332200531843","0.0024939332200531843","2.8867593599440937","2.8867593599440937","2.8867593599440937","0.285738614288057","0.285738614288057","0.285738614288057"
"3460","0.0032159439729920933","0.0032159439729920933","0.0032159439729920933","0.010562200632988674","0.010562200632988674","0.010562200632988674","0.0022141907032025903","0.0022141907032025903","0.0022141907032025903","3.02143810140745","3.02143810140745","3.02143810140745","0.256210183813788","0.256210183813788","0.256210183813788"
"3470","0.003275388510673105","0.003275388510673105","0.003275388510673105","0.013011034394093573","0.013011034394093573","0.013011034394093573","0.0020072692745196595","0.0020072692745196595","0.0020072692745196595","4.381318077505296","4.381318077505296","4.381318077505296","0.31358355153482115","0.31358355153482115","0.31358355153482115"
"3480","0.008432664171205462","0.008432664171205462","0.008432664171205462","0.02040317625496575","0.02040317625496575","0.02040317625496575","0.004031450558892302","0.004031450558892302","0.004031450558892302","3.256596640819455","3.256596640819455","3.256596640819455","0.27939731954389674","0.27939731954389674","0.27939731954389674"
"3490","0.003509085554784007","0.003509085554784007","0.003509085554784007","0.010370588074468206","0.010370588074468206","0.010370588074468206","0.00233863857920279","0.00233863857920279","0.00233863857920279","3.0556286304255886","3.0556286304255886","3.0556286304255886","0.2232067677804151","0.2232067677804151","0.2232067677804151"
"3500","0.00635252248179449","0.00635252248179449","0.00635252248179449","0.015758457235281673","0.015758457235281673","0.015758457235281673","0.004350020076303303","0.004350020076303303","0.004350020076303303","4.484843657342178","4.484843657342178","4.484843657342178","0.3104179898154121","0.3104179898154121","0.3104179898154121"
"3510","0.003731243344600177","0.003731243344600177","0.003731243344600177","0.009973672756756922","0.009973672756756922","0.009973672756756922","0.0021215756760753703","0.0021215756760753703","0.0021215756760753703","4.5353869711026285","4.5353869711026285","4.5353869711026285","0.2951710204118978","0.2951710204118978","0.2951710204118978"
"3520","0.004751003580086318","0.004751003580086318","0.004751003580086318","0.016704494743585274","0.016704494743585274","0.016704494743585274","0.0036176769634792896","0.0036176769634792896","0.0036176769634792896","4.47356827344965","4.47356827344965","4.47356827344965","0.3283068421287269","0.3283068421287269","0.3283068421287269"
"3530","0.004281188371811439","0.004281188371811439","0.004281188371811439","0.012685131423367893","0.012685131423367893","0.012685131423367893","0.0031924366838569935","0.0031924366838569935","0.0031924366838569935","4.145171739590785","4.145171739590785","4.145171739590785","0.29219373487712214","0.29219373487712214","0.29219373487712214"
"3540","0.0030106765526332724","0.0030106765526332724","0.0030106765526332724","0.009490064946765502","0.009490064946765502","0.009490064946765502","0.0026280691316715845","0.0026280691316715845","0.0026280691316715845","4.396084982393412","4.396084982393412","4.396084982393412","0.27264697159236995","0.27264697159236995","0.27264697159236995"
"3550","0.003526241049325371","0.003526241049325371","0.003526241049325371","0.010988941980683746","0.010988941980683746","0.010988941980683746","0.0028737879020637328","0.0028737879020637328","0.0028737879020637328","4.460540843304056","4.460540843304056","4.460540843304056","0.27449568109076883","0.27449568109076883","0.27449568109076883"
"3560","0.003587584798253684","0.003587584798253684","0.003587584798253684","0.009858232487927296","0.009858232487927296","0.009858232487927296","0.002679777672199327","0.002679777672199327","0.002679777672199327","4.528137107314094","4.528137107314094","4.528137107314094","0.2641064839671886","0.2641064839671886","0.2641064839671886"
"3570","0.0033447561458493993","0.0033447561458493993","0.0033447561458493993","0.008405964984846987","0.008405964984846987","0.008405964984846987","0.002168345212967066","0.002168345212967066","0.002168345212967066","3.3457629946703182","3.3457629946703182","3.3457629946703182","0.23695891891893436","0.23695891891893436","0.23695891891893436"
"3580","0.0019158167240318272","0.0019158167240318272","0.0019158167240318272","0.005774534291310942","0.005774534291310942","0.005774534291310942","0.0012545393861026334","0.0012545393861026334","0.0012545393861026334","3.1546282925066946","3.1546282925066946","3.1546282925066946","0.17643527027393943","0.17643527027393943","0.17643527027393943"
"3590","0.002905249520847502","0.002905249520847502","0.002905249520847502","0.008494202399086445","0.008494202399086445","0.008494202399086445","0.0014882829684320557","0.0014882829684320557","0.0014882829684320557","4.1910309271982715","4.1910309271982715","4.1910309271982715","0.22418160995241496","0.22418160995241496","0.22418160995241496"
"3600","0.007036659237195606","0.007036659237195606","0.007036659237195606","0.02292739727555863","0.02292739727555863","0.02292739727555863","0.003936292250358253","0.003936292250358253","0.003936292250358253","4.497910155210306","4.497910155210306","4.497910155210306","0.322080115083654","0.322080115083654","0.322080115083654"
"3610","0.005056277224657362","0.005056277224657362","0.005056277224657362","0.019634024720480182","0.019634024720480182","0.019634024720480182","0.00324494794555088","0.00324494794555088","0.00324494794555088","4.584359919616473","4.584359919616473","4.584359919616473","0.3039514710103732","0.3039514710103732","0.3039514710103732"
"3620","0.002724741899397003","0.002724741899397003","0.002724741899397003","0.009259590592171636","0.009259590592171636","0.009259590592171636","0.002017693474931262","0.002017693474931262","0.002017693474931262","3.7311186624286576","3.7311186624286576","3.7311186624286576","0.20347787736074371","0.20347787736074371","0.20347787736074371"
"3630","0.0024636303820055184","0.0024636303820055184","0.0024636303820055184","0.006335779418045889","0.006335779418045889","0.006335779418045889","0.0016601847755982337","0.0016601847755982337","0.0016601847755982337","3.0183840217232683","3.0183840217232683","3.0183840217232683","0.1560210901764064","0.1560210901764064","0.1560210901764064"
"3640","0.003568029681632823","0.003568029681632823","0.003568029681632823","0.011721670264529162","0.011721670264529162","0.011721670264529162","0.00279895788661058","0.00279895788661058","0.00279895788661058","3.6560808287735513","3.6560808287735513","3.6560808287735513","0.23516024185474876","0.23516024185474876","0.23516024185474876"
"3650","0.0032283208846184135","0.0032283208846184135","0.0032283208846184135","0.011761282282566475","0.011761282282566475","0.011761282282566475","0.0021666976701906955","0.0021666976701906955","0.0021666976701906955","4.490973768018116","4.490973768018116","4.490973768018116","0.2798139131137371","0.2798139131137371","0.2798139131137371"
"3660","0.0064134354719354485","0.0064134354719354485","0.0064134354719354485","0.0191928360599247","0.0191928360599247","0.0191928360599247","0.003940589667862863","0.003940589667862863","0.003940589667862863","4.5906806194171015","4.5906806194171015","4.5906806194171015","0.29338495881491494","0.29338495881491494","0.29338495881491494"
"3670","0.003617316449295825","0.003617316449295825","0.003617316449295825","0.01238874373348793","0.01238874373348793","0.01238874373348793","0.0027348493162052926","0.0027348493162052926","0.0027348493162052926","4.355912555764772","4.355912555764772","4.355912555764772","0.24215100789657734","0.24215100789657734","0.24215100789657734"
"3680","0.005896157149097277","0.005896157149097277","0.005896157149097277","0.019403052131293758","0.019403052131293758","0.019403052131293758","0.003268971927147211","0.003268971927147211","0.003268971927147211","4.480904792919837","4.480904792919837","4.480904792919837","0.2854267317451921","0.2854267317451921","0.2854267317451921"
"3690","0.0035956461265193324","0.0035956461265193324","0.0035956461265193324","0.01110284588068159","0.01110284588068159","0.01110284588068159","0.002635534773699568","0.002635534773699568","0.002635534773699568","4.477100668519529","4.477100668519529","4.477100668519529","0.2330734489365444","0.2330734489365444","0.2330734489365444"
"3700","0.0045602153281953444","0.0045602153281953444","0.0045602153281953444","0.015869097180755437","0.015869097180755437","0.015869097180755437","0.003741207599882606","0.003741207599882606","0.003741207599882606","4.478510348136707","4.478510348136707","4.478510348136707","0.2671288906408866","0.2671288906408866","0.2671288906408866"
"3710","0.0030639163027370688","0.0030639163027370688","0.0030639163027370688","0.009421826106606523","0.009421826106606523","0.009421826106606523","0.001919750210538996","0.001919750210538996","0.001919750210538996","4.485477592388663","4.485477592388663","4.485477592388663","0.20735891470968432","0.20735891470968432","0.20735891470968432"
"3720","0.0054590175138992825","0.0054590175138992825","0.0054590175138992825","0.0127719901841191","0.0127719901841191","0.0127719901841191","0.00367975336038182","0.00367975336038182","0.00367975336038182","4.4957131164393695","4.4957131164393695","4.4957131164393695","0.2144679655716252","0.2144679655716252","0.2144679655716252"
"3730","0.0028384247463489162","0.0028384247463489162","0.0028384247463489162","0.00842951991248383","0.00842951991248383","0.00842951991248383","0.001875651774828436","0.001875651774828436","0.001875651774828436","4.443052968767293","4.443052968767293","4.443052968767293","0.18655717025422244","0.18655717025422244","0.18655717025422244"
"3740","0.006805263284099561","0.006805263284099561","0.006805263284099561","0.00958158454201411","0.00958158454201411","0.00958158454201411","0.002867764474810316","0.002867764474810316","0.002867764474810316","4.159252499963606","4.159252499963606","4.159252499963606","0.19863495319224023","0.19863495319224023","0.19863495319224023"
"3750","0.0031327314890638113","0.0031327314890638113","0.0031327314890638113","0.01049942166892322","0.01049942166892322","0.01049942166892322","0.0024123761206100787","0.0024123761206100787","0.0024123761206100787","4.4904017876548705","4.4904017876548705","4.4904017876548705","0.21315520937402596","0.21315520937402596","0.21315520937402596"
"3760","0.002494601724591785","0.002494601724591785","0.002494601724591785","0.009622356462365313","0.009622356462365313","0.009622356462365313","0.0017657739668337418","0.0017657739668337418","0.0017657739668337418","3.910820907919657","3.910820907919657","3.910820907919657","0.19625936216612586","0.19625936216612586","0.19625936216612586"
"3770","0.002965446835973008","0.002965446835973008","0.002965446835973008","0.0080727074113809","0.0080727074113809","0.0080727074113809","0.002286631904203453","0.002286631904203453","0.002286631904203453","3.1055952145986283","3.1055952145986283","3.1055952145986283","0.13763287267996233","0.13763287267996233","0.13763287267996233"
"3780","0.003910327429292685","0.003910327429292685","0.003910327429292685","0.011409382944810326","0.011409382944810326","0.011409382944810326","0.0024095245511151064","0.0024095245511151064","0.0024095245511151064","3.6358753655237925","3.6358753655237925","3.6358753655237925","0.18113426647236575","0.18113426647236575","0.18113426647236575"
"3790","0.003861238511673547","0.003861238511673547","0.003861238511673547","0.011740454433862142","0.011740454433862142","0.011740454433862142","0.002611605252341038","0.002611605252341038","0.002611605252341038","4.340613249831049","4.340613249831049","4.340613249831049","0.19069410310490306","0.19069410310490306","0.19069410310490306"
"3800","0.010632008187885959","0.010632008187885959","0.010632008187885959","0.03698450769938507","0.03698450769938507","0.03698450769938507","0.00439878285285335","0.00439878285285335","0.00439878285285335","4.536173251859559","4.536173251859559","4.536173251859559","0.27088821461636736","0.27088821461636736","0.27088821461636736"
"3810","0.005523732693923392","0.005523732693923392","0.005523732693923392","0.011035136911656702","0.011035136911656702","0.011035136911656702","0.0033516988522364925","0.0033516988522364925","0.0033516988522364925","4.1791184153856085","4.1791184153856085","4.1791184153856085","0.198967527466076","0.198967527466076","0.198967527466076"
"3820","0.0030601553136197033","0.0030601553136197033","0.0030601553136197033","0.00913268095101859","0.00913268095101859","0.00913268095101859","0.0018548211426588897","0.0018548211426588897","0.0018548211426588897","4.441115088616829","4.441115088616829","4.441115088616829","0.16631841297990033","0.16631841297990033","0.16631841297990033"
"3830","0.004187403621207724","0.004187403621207724","0.004187403621207724","0.010341182260294084","0.010341182260294084","0.010341182260294084","0.0024961760563832532","0.0024961760563832532","0.0024961760563832532","3.998497563522304","3.998497563522304","3.998497563522304","0.17138745761552926","0.17138745761552926","0.17138745761552926"
"3840","0.001569812123405157","0.001569812123405157","0.001569812123405157","0.004659613624162599","0.004659613624162599","0.004659613624162599","0.0007723169261949155","0.0007723169261949155","0.0007723169261949155","3.1207052478010104","3.1207052478010104","3.1207052478010104","0.10391703330913443","0.10391703330913443","0.10391703330913443"
"3850","0.0018787056520138123","0.0018787056520138123","0.0018787056520138123","0.0046054392071099","0.0046054392071099","0.0046054392071099","0.0009931302758505805","0.0009931302758505805","0.0009931302758505805","3.5721857347212667","3.5721857347212667","3.5721857347212667","0.10559183848920822","0.10559183848920822","0.10559183848920822"
"3860","0.0026069414640963384","0.0026069414640963384","0.0026069414640963384","0.007481696369288023","0.007481696369288023","0.007481696369288023","0.001251015256521891","0.001251015256521891","0.001251015256521891","4.644454829958454","4.644454829958454","4.644454829958454","0.15615908466566814","0.15615908466566814","0.15615908466566814"
"3870","0.003202557148525481","0.003202557148525481","0.003202557148525481","0.010864119972292138","0.010864119972292138","0.010864119972292138","0.001838998409536338","0.001838998409536338","0.001838998409536338","3.7086109846374313","3.7086109846374313","3.7086109846374313","0.17987506370456","0.17987506370456","0.17987506370456"
"3880","0.0021026538492287055","0.0021026538492287055","0.0021026538492287055","0.006954356980471607","0.006954356980471607","0.006954356980471607","0.0011851766658049706","0.0011851766658049706","0.0011851766658049706","3.093446816620244","3.093446816620244","3.093446816620244","0.1211006575530285","0.1211006575530285","0.1211006575530285"
"3890","0.0030349029960159445","0.0030349029960159445","0.0030349029960159445","0.01298770611029667","0.01298770611029667","0.01298770611029667","0.0015443109734900073","0.0015443109734900073","0.0015443109734900073","3.780109446550401","3.780109446550401","3.780109446550401","0.16966437047316177","0.16966437047316177","0.16966437047316177"
"3900","0.002296405079981161","0.002296405079981161","0.002296405079981161","0.007945728405522667","0.007945728405522667","0.007945728405522667","0.0014362310224134086","0.0014362310224134086","0.0014362310224134086","4.03796971835665","4.03796971835665","4.03796971835665","0.1526235672112933","0.1526235672112933","0.1526235672112933"
"3910","0.0014597341783901578","0.0014597341783901578","0.0014597341783901578","0.006034593091075485","0.006034593091075485","0.006034593091075485","0.0010938633427502798","0.0010938633427502798","0.0010938633427502798","3.0371711824922087","3.0371711824922087","3.0371711824922087","0.11945318460210808","0.11945318460210808","0.11945318460210808"
"3920","0.0027604737478055547","0.0027604737478055547","0.0027604737478055547","0.007872790954117635","0.007872790954117635","0.007872790954117635","0.0024424357081219783","0.0024424357081219783","0.0024424357081219783","3.3703365236153315","3.3703365236153315","3.3703365236153315","0.1285696016814043","0.1285696016814043","0.1285696016814043"
"3930","0.003110319149224658","0.003110319149224658","0.003110319149224658","0.008669686990997055","0.008669686990997055","0.008669686990997055","0.0021763509199108425","0.0021763509199108425","0.0021763509199108425","4.172371363058662","4.172371363058662","4.172371363058662","0.14880739843052052","0.14880739843052052","0.14880739843052052"
"3940","0.0016212199690325115","0.0016212199690325115","0.0016212199690325115","0.005637323090114711","0.005637323090114711","0.005637323090114711","0.0012217712985270633","0.0012217712985270633","0.0012217712985270633","3.0952945894379034","3.0952945894379034","3.0952945894379034","0.10631346153334026","0.10631346153334026","0.10631346153334026"
"3950","0.0020839633709073923","0.0020839633709073923","0.0020839633709073923","0.008479295453723333","0.008479295453723333","0.008479295453723333","0.0014575411633371619","0.0014575411633371619","0.0014575411633371619","3.466964710927159","3.466964710927159","3.466964710927159","0.14213647745360855","0.14213647745360855","0.14213647745360855"
"3960","0.002769800263195145","0.002769800263195145","0.002769800263195145","0.008841268857251845","0.008841268857251845","0.008841268857251845","0.002000213131042999","0.002000213131042999","0.002000213131042999","4.356908590429878","4.356908590429878","4.356908590429878","0.14414340475741758","0.14414340475741758","0.14414340475741758"
"3970","0.0025011503653969884","0.0025011503653969884","0.0025011503653969884","0.008017363975514249","0.008017363975514249","0.008017363975514249","0.0016248244312308776","0.0016248244312308776","0.0016248244312308776","4.448209926052369","4.448209926052369","4.448209926052369","0.1413343084852033","0.1413343084852033","0.1413343084852033"
"3980","0.003346904935156417","0.003346904935156417","0.003346904935156417","0.011874640782665914","0.011874640782665914","0.011874640782665914","0.0016974832313390719","0.0016974832313390719","0.0016974832313390719","4.542557294515488","4.542557294515488","4.542557294515488","0.16604499682110058","0.16604499682110058","0.16604499682110058"
"3990","0.004012300526009592","0.004012300526009592","0.004012300526009592","0.00994819554334944","0.00994819554334944","0.00994819554334944","0.0025685882510337534","0.0025685882510337534","0.0025685882510337534","4.5168801593276005","4.5168801593276005","4.5168801593276005","0.13642433401768517","0.13642433401768517","0.13642433401768517"
"4000","0.0030231251443527227","0.0030231251443527227","0.0030231251443527227","0.016104948151398936","0.016104948151398936","0.016104948151398936","0.0018975429177034138","0.0018975429177034138","0.0018975429177034138","4.560407186772374","4.560407186772374","4.560407186772374","0.1686582232399885","0.1686582232399885","0.1686582232399885"
"4010","0.0017876500082104041","0.0017876500082104041","0.0017876500082104041","0.0075331323726125525","0.0075331323726125525","0.0075331323726125525","0.001174036511876568","0.001174036511876568","0.001174036511876568","3.6714777046366667","3.6714777046366667","3.6714777046366667","0.11327883635480923","0.11327883635480923","0.11327883635480923"
"4020","0.004076423596529559","0.004076423596529559","0.004076423596529559","0.008041910396035147","0.008041910396035147","0.008041910396035147","0.0031314373210660075","0.0031314373210660075","0.0031314373210660075","3.114217967110095","3.114217967110095","3.114217967110095","0.09714612476194939","0.09714612476194939","0.09714612476194939"
"4030","0.0022861039651524886","0.0022861039651524886","0.0022861039651524886","0.007000077221293023","0.007000077221293023","0.007000077221293023","0.0016778398935657086","0.0016778398935657086","0.0016778398935657086","3.821695849362929","3.821695849362929","3.821695849362929","0.11896964998924987","0.11896964998924987","0.11896964998924987"
"4040","0.0028577887066256","0.0028577887066256","0.0028577887066256","0.007664673788497045","0.007664673788497045","0.007664673788497045","0.002255925800054645","0.002255925800054645","0.002255925800054645","4.387787419193698","4.387787419193698","4.387787419193698","0.1215220353586441","0.1215220353586441","0.1215220353586441"
"4050","0.0021576972353179297","0.0021576972353179297","0.0021576972353179297","0.006341671220058228","0.006341671220058228","0.006341671220058228","0.0016211476081009876","0.0016211476081009876","0.0016211476081009876","4.4252158091159135","4.4252158091159135","4.4252158091159135","0.1257949008398509","0.1257949008398509","0.1257949008398509"
"4060","0.0025655770239337377","0.0025655770239337377","0.0025655770239337377","0.008044439636166432","0.008044439636166432","0.008044439636166432","0.0010112398899908665","0.0010112398899908665","0.0010112398899908665","4.357221311157428","4.357221311157428","4.357221311157428","0.11992883061757052","0.11992883061757052","0.11992883061757052"
"4070","0.0027823055090493956","0.0027823055090493956","0.0027823055090493956","0.009560140559112397","0.009560140559112397","0.009560140559112397","0.0014860767507092825","0.0014860767507092825","0.0014860767507092825","4.446170331388279","4.446170331388279","4.446170331388279","0.13451417106657984","0.13451417106657984","0.13451417106657984"
"4080","0.003788629484007238","0.003788629484007238","0.003788629484007238","0.009249713512952453","0.009249713512952453","0.009249713512952453","0.0029601172608073006","0.0029601172608073006","0.0029601172608073006","4.355960167410884","4.355960167410884","4.355960167410884","0.11323455380435117","0.11323455380435117","0.11323455380435117"
"4090","0.0021122053853271368","0.0021122053853271368","0.0021122053853271368","0.006931805119671853","0.006931805119671853","0.006931805119671853","0.0012218604972980684","0.0012218604972980684","0.0012218604972980684","3.1108711110061864","3.1108711110061864","3.1108711110061864","0.09065609814014496","0.09065609814014496","0.09065609814014496"
"4100","0.002016969429918265","0.002016969429918265","0.002016969429918265","0.00627134306633617","0.00627134306633617","0.00627134306633617","0.0010360832616568185","0.0010360832616568185","0.0010360832616568185","3.126650017141666","3.126650017141666","3.126650017141666","0.08548478414697884","0.08548478414697884","0.08548478414697884"
"4110","0.0016368821224521327","0.0016368821224521327","0.0016368821224521327","0.006099350008602946","0.006099350008602946","0.006099350008602946","0.0009435713216434932","0.0009435713216434932","0.0009435713216434932","4.413333965374875","4.413333965374875","4.413333965374875","0.1083620695208744","0.1083620695208744","0.1083620695208744"
"4120","0.0030282886287928573","0.0030282886287928573","0.0030282886287928573","0.010195046972337926","0.010195046972337926","0.010195046972337926","0.001846706332480878","0.001846706332480878","0.001846706332480878","4.441961259114212","4.441961259114212","4.441961259114212","0.12862480306009683","0.12862480306009683","0.12862480306009683"
"4130","0.002119488861061827","0.002119488861061827","0.002119488861061827","0.009211692145705592","0.009211692145705592","0.009211692145705592","0.0014899530650092543","0.0014899530650092543","0.0014899530650092543","4.3987837145412145","4.3987837145412145","4.3987837145412145","0.12365449812559635","0.12365449812559635","0.12365449812559635"
"4140","0.0030932114811312804","0.0030932114811312804","0.0030932114811312804","0.009827144643605729","0.009827144643605729","0.009827144643605729","0.0018804249246376736","0.0018804249246376736","0.0018804249246376736","4.491793570209677","4.491793570209677","4.491793570209677","0.12531008948431732","0.12531008948431732","0.12531008948431732"
"4150","0.002248193367781694","0.002248193367781694","0.002248193367781694","0.006929786366744969","0.006929786366744969","0.006929786366744969","0.0010840695391400917","0.0010840695391400917","0.0010840695391400917","4.376911403538206","4.376911403538206","4.376911403538206","0.09622568846726137","0.09622568846726137","0.09622568846726137"
"4160","0.004812008958964642","0.004812008958964642","0.004812008958964642","0.011390987569155303","0.011390987569155303","0.011390987569155303","0.0027815948783798555","0.0027815948783798555","0.0027815948783798555","4.512916766993609","4.512916766993609","4.512916766993609","0.12310400575530824","0.12310400575530824","0.12310400575530824"
"4170","0.002611960251641906","0.002611960251641906","0.002611960251641906","0.00861216353634499","0.00861216353634499","0.00861216353634499","0.0014804453432860885","0.0014804453432860885","0.0014804453432860885","4.483093526775439","4.483093526775439","4.483093526775439","0.1305103718299395","0.1305103718299395","0.1305103718299395"
"4180","0.0014473810028032058","0.0014473810028032058","0.0014473810028032058","0.005355020567446901","0.005355020567446901","0.005355020567446901","0.000990362528072155","0.000990362528072155","0.000990362528072155","4.248347650927194","4.248347650927194","4.248347650927194","0.0988210472723972","0.0988210472723972","0.0988210472723972"
"4190","0.0027646768606307513","0.0027646768606307513","0.0027646768606307513","0.007045694197533621","0.007045694197533621","0.007045694197533621","0.001764427115574922","0.001764427115574922","0.001764427115574922","4.329583082641433","4.329583082641433","4.329583082641433","0.11158067667117709","0.11158067667117709","0.11158067667117709"
"4200","0.0032689458675419073","0.0032689458675419073","0.0032689458675419073","0.008930704268172374","0.008930704268172374","0.008930704268172374","0.001405318849190159","0.001405318849190159","0.001405318849190159","4.362253976830992","4.362253976830992","4.362253976830992","0.1113512212754304","0.1113512212754304","0.1113512212754304"
"4210","0.006057926869169005","0.006057926869169005","0.006057926869169005","0.013016223743767789","0.013016223743767789","0.013016223743767789","0.004370717142032934","0.004370717142032934","0.004370717142032934","4.450805759650287","4.450805759650287","4.450805759650287","0.11844187674815465","0.11844187674815465","0.11844187674815465"
"4220","0.0033333898538951082","0.0033333898538951082","0.0033333898538951082","0.010031208488580173","0.010031208488580173","0.010031208488580173","0.00272798089260382","0.00272798089260382","0.00272798089260382","4.465256711678336","4.465256711678336","4.465256711678336","0.1195065930320459","0.1195065930320459","0.1195065930320459"
"4230","0.00407522023346517","0.00407522023346517","0.00407522023346517","0.01212474742163835","0.01212474742163835","0.01212474742163835","0.0018049583496206043","0.0018049583496206043","0.0018049583496206043","4.4309657086286345","4.4309657086286345","4.4309657086286345","0.11599225373609534","0.11599225373609534","0.11599225373609534"
"4240","0.0019727825644325417","0.0019727825644325417","0.0019727825644325417","0.005606283840808318","0.005606283840808318","0.005606283840808318","0.001125751679522534","0.001125751679522534","0.001125751679522534","4.26307830872631","4.26307830872631","4.26307830872631","0.0897004007548852","0.0897004007548852","0.0897004007548852"
"4250","0.005104530079872498","0.005104530079872498","0.005104530079872498","0.01245057517551714","0.01245057517551714","0.01245057517551714","0.002600652834657026","0.002600652834657026","0.002600652834657026","4.416157695562851","4.416157695562851","4.416157695562851","0.15456226968345663","0.15456226968345663","0.15456226968345663"
"4260","0.005512612580052118","0.005512612580052118","0.005512612580052118","0.01403451483511353","0.01403451483511353","0.01403451483511353","0.004872803815375271","0.004872803815375271","0.004872803815375271","4.294763805602484","4.294763805602484","4.294763805602484","0.11520772801425051","0.11520772801425051","0.11520772801425051"
"4270","0.004792584879927483","0.004792584879927483","0.004792584879927483","0.008719804874319545","0.008719804874319545","0.008719804874319545","0.0030439341777071904","0.0030439341777071904","0.0030439341777071904","4.3295581985709966","4.3295581985709966","4.3295581985709966","0.10266250278502802","0.10266250278502802","0.10266250278502802"
"4280","0.001971079565795908","0.001971079565795908","0.001971079565795908","0.006775441239312598","0.006775441239312598","0.006775441239312598","0.001082907372602514","0.001082907372602514","0.001082907372602514","4.448969264924991","4.448969264924991","4.448969264924991","0.1039749476271275","0.1039749476271275","0.1039749476271275"
"4290","0.0022111199206801143","0.0022111199206801143","0.0022111199206801143","0.006819193900434283","0.006819193900434283","0.006819193900434283","0.0015765746738614507","0.0015765746738614507","0.0015765746738614507","4.115428786496977","4.115428786496977","4.115428786496977","0.11202734605861442","0.11202734605861442","0.11202734605861442"
"4300","0.001902854919424894","0.001902854919424894","0.001902854919424894","0.005459790968479102","0.005459790968479102","0.005459790968479102","0.0012872499746764403","0.0012872499746764403","0.0012872499746764403","3.7205286541639806","3.7205286541639806","3.7205286541639806","0.09122388336146749","0.09122388336146749","0.09122388336146749"
"4310","0.014475874199140521","0.014475874199140521","0.014475874199140521","0.03136980255200821","0.03136980255200821","0.03136980255200821","0.007665191204531328","0.007665191204531328","0.007665191204531328","4.324536513608635","4.324536513608635","4.324536513608635","0.20651509685414027","0.20651509685414027","0.20651509685414027"
"4320","0.0015576773775580629","0.0015576773775580629","0.0015576773775580629","0.004706818334605134","0.004706818334605134","0.004706818334605134","0.0012467470184442835","0.0012467470184442835","0.0012467470184442835","3.125424765081835","3.125424765081835","3.125424765081835","0.06784331235888366","0.06784331235888366","0.06784331235888366"
"4330","0.0020277999205304256","0.0020277999205304256","0.0020277999205304256","0.00640670639651621","0.00640670639651621","0.00640670639651621","0.0014562554462475988","0.0014562554462475988","0.0014562554462475988","2.9574117125956327","2.9574117125956327","2.9574117125956327","0.09703616717982642","0.09703616717982642","0.09703616717982642"
"4340","0.0012776912410516997","0.0012776912410516997","0.0012776912410516997","0.004952436576969179","0.004952436576969179","0.004952436576969179","0.0006577799165025277","0.0006577799165025277","0.0006577799165025277","3.0149456636414467","3.0149456636414467","3.0149456636414467","0.06525080382068653","0.06525080382068653","0.06525080382068653"
"4350","0.0026311586603971872","0.0026311586603971872","0.0026311586603971872","0.005914727951232217","0.005914727951232217","0.005914727951232217","0.001490559134674874","0.001490559134674874","0.001490559134674874","3.204250171629854","3.204250171629854","3.204250171629854","0.07058661067391227","0.07058661067391227","0.07058661067391227"
"4360","0.0031908733667046986","0.0031908733667046986","0.0031908733667046986","0.008612616464125672","0.008612616464125672","0.008612616464125672","0.002784782715160512","0.002784782715160512","0.002784782715160512","4.405544297252024","4.405544297252024","4.405544297252024","0.08897834180585758","0.08897834180585758","0.08897834180585758"
"4370","0.003972790488897969","0.003972790488897969","0.003972790488897969","0.011859506674094328","0.011859506674094328","0.011859506674094328","0.0037205416830784844","0.0037205416830784844","0.0037205416830784844","4.451511221323777","4.451511221323777","4.451511221323777","0.12151750195730053","0.12151750195730053","0.12151750195730053"
"4380","0.00920569802626219","0.00920569802626219","0.00920569802626219","0.02719702876348576","0.02719702876348576","0.02719702876348576","0.004891253186680487","0.004891253186680487","0.004891253186680487","4.59881321354298","4.59881321354298","4.59881321354298","0.16469389502169085","0.16469389502169085","0.16469389502169085"
"4390","0.0017818710868999512","0.0017818710868999512","0.0017818710868999512","0.0060133756426513476","0.0060133756426513476","0.0060133756426513476","0.0011476783714798057","0.0011476783714798057","0.0011476783714798057","4.6102354567493355","4.6102354567493355","4.6102354567493355","0.07228285185976924","0.07228285185976924","0.07228285185976924"
"4400","0.0012591783899647366","0.0012591783899647366","0.0012591783899647366","0.005507333398267278","0.005507333398267278","0.005507333398267278","0.0008201056114039094","0.0008201056114039094","0.0008201056114039094","4.474128147083148","4.474128147083148","4.474128147083148","0.07253877606312095","0.07253877606312095","0.07253877606312095"
"4410","0.007035784395789748","0.007035784395789748","0.007035784395789748","0.02230916204409566","0.02230916204409566","0.02230916204409566","0.003855787682463978","0.003855787682463978","0.003855787682463978","4.425739096645056","4.425739096645056","4.425739096645056","0.2233704221570264","0.2233704221570264","0.2233704221570264"
"4420","0.0019446410824012126","0.0019446410824012126","0.0019446410824012126","0.007984970966524606","0.007984970966524606","0.007984970966524606","0.0010864118357957896","0.0010864118357957896","0.0010864118357957896","4.261292556654788","4.261292556654788","4.261292556654788","0.10209145102057612","0.10209145102057612","0.10209145102057612"
"4430","0.0023999251194430525","0.0023999251194430525","0.0023999251194430525","0.008871057323100706","0.008871057323100706","0.008871057323100706","0.0011538413155754528","0.0011538413155754528","0.0011538413155754528","4.39796097473247","4.39796097473247","4.39796097473247","0.09693614344414495","0.09693614344414495","0.09693614344414495"
"4440","0.002289538558559335","0.002289538558559335","0.002289538558559335","0.008867305777594656","0.008867305777594656","0.008867305777594656","0.0014982819416434266","0.0014982819416434266","0.0014982819416434266","4.407681435580081","4.407681435580081","4.407681435580081","0.08936954416501969","0.08936954416501969","0.08936954416501969"
"4450","0.0012096721375611942","0.0012096721375611942","0.0012096721375611942","0.0050134309001539255","0.0050134309001539255","0.0050134309001539255","0.0008117593189100109","0.0008117593189100109","0.0008117593189100109","4.3274996413699585","4.3274996413699585","4.3274996413699585","0.08165022416850673","0.08165022416850673","0.08165022416850673"
"4460","0.0020611812320470626","0.0020611812320470626","0.0020611812320470626","0.006693333887029481","0.006693333887029481","0.006693333887029481","0.0013199624418803134","0.0013199624418803134","0.0013199624418803134","4.367772931469459","4.367772931469459","4.367772931469459","0.09106027415141911","0.09106027415141911","0.09106027415141911"
"4470","0.0013770211216148746","0.0013770211216148746","0.0013770211216148746","0.00431335154016374","0.00431335154016374","0.00431335154016374","0.000909069555768143","0.000909069555768143","0.000909069555768143","4.352248798384109","4.352248798384109","4.352248798384109","0.06918382641206507","0.06918382641206507","0.06918382641206507"
"4480","0.001317056563724125","0.001317056563724125","0.001317056563724125","0.005492081079871615","0.005492081079871615","0.005492081079871615","0.0008428704276953304","0.0008428704276953304","0.0008428704276953304","3.3976689984897273","3.3976689984897273","3.3976689984897273","0.07152318896329317","0.07152318896329317","0.07152318896329317"
"4490","0.002461584717685668","0.002461584717685668","0.002461584717685668","0.008060927016578023","0.008060927016578023","0.008060927016578023","0.0012780139485463876","0.0012780139485463876","0.0012780139485463876","3.0721814267576883","3.0721814267576883","3.0721814267576883","0.06369551850732588","0.06369551850732588","0.06369551850732588"
"4500","0.0015274165084278833","0.0015274165084278833","0.0015274165084278833","0.004614480375275007","0.004614480375275007","0.004614480375275007","0.00115883784804065","0.00115883784804065","0.00115883784804065","4.173534554096738","4.173534554096738","4.173534554096738","0.061581245858838604","0.061581245858838604","0.061581245858838604"
"4510","0.0015412608418456984","0.0015412608418456984","0.0015412608418456984","0.005587305373933793","0.005587305373933793","0.005587305373933793","0.001179079882565199","0.001179079882565199","0.001179079882565199","4.430444513192347","4.430444513192347","4.430444513192347","0.06920554257392199","0.06920554257392199","0.06920554257392199"
"4520","0.0011641335636389477","0.0011641335636389477","0.0011641335636389477","0.007148076861937165","0.007148076861937165","0.007148076861937165","0.0007308500707312627","0.0007308500707312627","0.0007308500707312627","4.36143568872547","4.36143568872547","4.36143568872547","0.07262772833183286","0.07262772833183286","0.07262772833183286"
"4530","0.004461110218670504","0.004461110218670504","0.004461110218670504","0.010837756507329684","0.010837756507329684","0.010837756507329684","0.0031646946759899116","0.0031646946759899116","0.0031646946759899116","4.439382850238065","4.439382850238065","4.439382850238065","0.10345350438808083","0.10345350438808083","0.10345350438808083"
"4540","0.0019193099243616522","0.0019193099243616522","0.0019193099243616522","0.006653740138081573","0.006653740138081573","0.006653740138081573","0.0014928039388408473","0.0014928039388408473","0.0014928039388408473","4.385541402093272","4.385541402093272","4.385541402093272","0.07293416317621626","0.07293416317621626","0.07293416317621626"
"4550","0.0021900463712449655","0.0021900463712449655","0.0021900463712449655","0.00739062415080796","0.00739062415080796","0.00739062415080796","0.0010910032419591252","0.0010910032419591252","0.0010910032419591252","4.524114735548371","4.524114735548371","4.524114735548371","0.07573230943625517","0.07573230943625517","0.07573230943625517"
"4560","0.003256471687080893","0.003256471687080893","0.003256471687080893","0.011414150167826462","0.011414150167826462","0.011414150167826462","0.001559829783197","0.001559829783197","0.001559829783197","4.567340400024595","4.567340400024595","4.567340400024595","0.11884442573163922","0.11884442573163922","0.11884442573163922"
"4570","0.0020270318380791147","0.0020270318380791147","0.0020270318380791147","0.007606510171410125","0.007606510171410125","0.007606510171410125","0.0010432933080326624","0.0010432933080326624","0.0010432933080326624","3.9886062415605075","3.9886062415605075","3.9886062415605075","0.08204907700117038","0.08204907700117038","0.08204907700117038"
"4580","0.0015053629588195438","0.0015053629588195438","0.0015053629588195438","0.003840943384933774","0.003840943384933774","0.003840943384933774","0.0005640778430282864","0.0005640778430282864","0.0005640778430282864","2.989427022214264","2.989427022214264","2.989427022214264","0.04736510822109955","0.04736510822109955","0.04736510822109955"
"4590","0.0013671480378106208","0.0013671480378106208","0.0013671480378106208","0.004884462225782385","0.004884462225782385","0.004884462225782385","0.0008308831333841668","0.0008308831333841668","0.0008308831333841668","3.416296977407406","3.416296977407406","3.416296977407406","0.05989472092820573","0.05989472092820573","0.05989472092820573"
"4600","0.0026133989140762724","0.0026133989140762724","0.0026133989140762724","0.007120452771316293","0.007120452771316293","0.007120452771316293","0.0018764171116117192","0.0018764171116117192","0.0018764171116117192","4.111731127272685","4.111731127272685","4.111731127272685","0.0670769413832337","0.0670769413832337","0.0670769413832337"
"4610","0.0014456155724555555","0.0014456155724555555","0.0014456155724555555","0.005527356071728266","0.005527356071728266","0.005527356071728266","0.0009331341943296093","0.0009331341943296093","0.0009331341943296093","3.92594385505608","3.92594385505608","3.92594385505608","0.0625215689199978","0.0625215689199978","0.0625215689199978"
"4620","0.0013270849788323776","0.0013270849788323776","0.0013270849788323776","0.008391792911650717","0.008391792911650717","0.008391792911650717","0.0007911516394184566","0.0007911516394184566","0.0007911516394184566","4.116586958401975","4.116586958401975","4.116586958401975","0.08363255713615439","0.08363255713615439","0.08363255713615439"
"4630","0.001162410992194225","0.001162410992194225","0.001162410992194225","0.004824995734147711","0.004824995734147711","0.004824995734147711","0.0005930997309956063","0.0005930997309956063","0.0005930997309956063","4.247259517806837","4.247259517806837","4.247259517806837","0.05990906039971483","0.05990906039971483","0.05990906039971483"
"4640","0.007646125810316286","0.007646125810316286","0.007646125810316286","0.021709824957554413","0.021709824957554413","0.021709824957554413","0.002606031621481128","0.002606031621481128","0.002606031621481128","4.435302363080234","4.435302363080234","4.435302363080234","0.11020519031531995","0.11020519031531995","0.11020519031531995"
"4650","0.001900376358977625","0.001900376358977625","0.001900376358977625","0.006167883337884106","0.006167883337884106","0.006167883337884106","0.0010961933571683397","0.0010961933571683397","0.0010961933571683397","3.404045233053508","3.404045233053508","3.404045233053508","0.05983477031045848","0.05983477031045848","0.05983477031045848"
"4660","0.0020078718414216433","0.0020078718414216433","0.0020078718414216433","0.006571359226671294","0.006571359226671294","0.006571359226671294","0.0014113738575010546","0.0014113738575010546","0.0014113738575010546","4.418265496350411","4.418265496350411","4.418265496350411","0.06554690966329454","0.06554690966329454","0.06554690966329454"
"4670","0.002263479647621982","0.002263479647621982","0.002263479647621982","0.0072894429644827195","0.0072894429644827195","0.0072894429644827195","0.0013789401147538604","0.0013789401147538604","0.0013789401147538604","4.2829527889822545","4.2829527889822545","4.2829527889822545","0.06351589290136511","0.06351589290136511","0.06351589290136511"
"4680","0.008938474233842118","0.008938474233842118","0.008938474233842118","0.01668209111511444","0.01668209111511444","0.01668209111511444","0.006113741362863982","0.006113741362863982","0.006113741362863982","4.525071807884907","4.525071807884907","4.525071807884907","0.09013655408026856","0.09013655408026856","0.09013655408026856"
"4690","0.001202168658736544","0.001202168658736544","0.001202168658736544","0.004502056981132273","0.004502056981132273","0.004502056981132273","0.0005279441524870379","0.0005279441524870379","0.0005279441524870379","4.367302642519562","4.367302642519562","4.367302642519562","0.051189044661091004","0.051189044661091004","0.051189044661091004"
"4700","0.0025213404166154756","0.0025213404166154756","0.0025213404166154756","0.006313815633555461","0.006313815633555461","0.006313815633555461","0.0015589146591623235","0.0015589146591623235","0.0015589146591623235","4.377442478248748","4.377442478248748","4.377442478248748","0.058870656619665","0.058870656619665","0.058870656619665"
"4710","0.003096982892637361","0.003096982892637361","0.003096982892637361","0.0070894734709542806","0.0070894734709542806","0.0070894734709542806","0.0012410182320627817","0.0012410182320627817","0.0012410182320627817","4.401952650866454","4.401952650866454","4.401952650866454","0.07421189680197098","0.07421189680197098","0.07421189680197098"
"4720","0.0013671609767168323","0.0013671609767168323","0.0013671609767168323","0.006016790700269785","0.006016790700269785","0.006016790700269785","0.0007924763805150708","0.0007924763805150708","0.0007924763805150708","4.364641065550311","4.364641065550311","4.364641065550311","0.06503965163405419","0.06503965163405419","0.06503965163405419"
"4730","0.0019675497002162355","0.0019675497002162355","0.0019675497002162355","0.006651565774563681","0.006651565774563681","0.006651565774563681","0.0011605524125057388","0.0011605524125057388","0.0011605524125057388","4.4709430697103345","4.4709430697103345","4.4709430697103345","0.059744642622394775","0.059744642622394775","0.059744642622394775"
"4740","0.002034499108311726","0.002034499108311726","0.002034499108311726","0.006925731914828019","0.006925731914828019","0.006925731914828019","0.001071154321964127","0.001071154321964127","0.001071154321964127","4.5315358802041334","4.5315358802041334","4.5315358802041334","0.06703847722618614","0.06703847722618614","0.06703847722618614"
"4750","0.0014474328126278147","0.0014474328126278147","0.0014474328126278147","0.004765532061693912","0.004765532061693912","0.004765532061693912","0.00090041328200552","0.00090041328200552","0.00090041328200552","4.306287210536182","4.306287210536182","4.306287210536182","0.049436123582310094","0.049436123582310094","0.049436123582310094"
"4760","0.0012091262851782695","0.0012091262851782695","0.0012091262851782695","0.005591794259824936","0.005591794259824936","0.005591794259824936","0.0006613210334632919","0.0006613210334632919","0.0006613210334632919","4.454445359324629","4.454445359324629","4.454445359324629","0.06040218702834089","0.06040218702834089","0.06040218702834089"
"4770","0.0011787563210454838","0.0011787563210454838","0.0011787563210454838","0.004326817927944503","0.004326817927944503","0.004326817927944503","0.0007241940104264893","0.0007241940104264893","0.0007241940104264893","4.316770226863318","4.316770226863318","4.316770226863318","0.057196532783144016","0.057196532783144016","0.057196532783144016"
"4780","0.000964413126266383","0.000964413126266383","0.000964413126266383","0.0037827278862868088","0.0037827278862868088","0.0037827278862868088","0.0006330685388816896","0.0006330685388816896","0.0006330685388816896","4.452182513362606","4.452182513362606","4.452182513362606","0.04615233026876855","0.04615233026876855","0.04615233026876855"
"4790","0.0014404087026240644","0.0014404087026240644","0.0014404087026240644","0.004723821483612816","0.004723821483612816","0.004723821483612816","0.001028080123975036","0.001028080123975036","0.001028080123975036","4.3085893024541155","4.3085893024541155","4.3085893024541155","0.047475118125823244","0.047475118125823244","0.047475118125823244"
"4800","0.0011565781276096003","0.0011565781276096003","0.0011565781276096003","0.005788021166000167","0.005788021166000167","0.005788021166000167","0.0006983772823947158","0.0006983772823947158","0.0006983772823947158","4.1912549303260604","4.1912549303260604","4.1912549303260604","0.0683313526896248","0.0683313526896248","0.0683313526896248"
"4810","0.0010054730894652607","0.0010054730894652607","0.0010054730894652607","0.0038891433428568855","0.0038891433428568855","0.0038891433428568855","0.0006440107915939067","0.0006440107915939067","0.0006440107915939067","4.360562920516789","4.360562920516789","4.360562920516789","0.04752681086804429","0.04752681086804429","0.04752681086804429"
"4820","0.0010398548991478406","0.0010398548991478406","0.0010398548991478406","0.0045958864505702725","0.0045958864505702725","0.0045958864505702725","0.0006326902557984592","0.0006326902557984592","0.0006326902557984592","4.461396245421231","4.461396245421231","4.461396245421231","0.058284146444391824","0.058284146444391824","0.058284146444391824"
"4830","0.0011193084129739344","0.0011193084129739344","0.0011193084129739344","0.004013951182163807","0.004013951182163807","0.004013951182163807","0.0008474824626309131","0.0008474824626309131","0.0008474824626309131","4.351578469437266","4.351578469437266","4.351578469437266","0.04573304366925797","0.04573304366925797","0.04573304366925797"
"4840","0.0012241656993690717","0.0012241656993690717","0.0012241656993690717","0.004731741693382668","0.004731741693382668","0.004731741693382668","0.0007671972531688835","0.0007671972531688835","0.0007671972531688835","4.38424145554608","4.38424145554608","4.38424145554608","0.05411991334082109","0.05411991334082109","0.05411991334082109"
"4850","0.0015149972901924618","0.0015149972901924618","0.0015149972901924618","0.004766911805076822","0.004766911805076822","0.004766911805076822","0.0007794260270946923","0.0007794260270946923","0.0007794260270946923","4.322654192983104","4.322654192983104","4.322654192983104","0.04913408721392915","0.04913408721392915","0.04913408721392915"
"4860","0.001209609085269379","0.001209609085269379","0.001209609085269379","0.004838621704788306","0.004838621704788306","0.004838621704788306","0.0008107791007850425","0.0008107791007850425","0.0008107791007850425","4.265135343964195","4.265135343964195","4.265135343964195","0.05864820160793701","0.05864820160793701","0.05864820160793701"
"4870","0.0016826357341626073","0.0016826357341626073","0.0016826357341626073","0.006384734562325699","0.006384734562325699","0.006384734562325699","0.0008893469630838469","0.0008893469630838469","0.0008893469630838469","4.392933276073647","4.392933276073647","4.392933276073647","0.05539001755888669","0.05539001755888669","0.05539001755888669"
"4880","0.0010813599825968418","0.0010813599825968418","0.0010813599825968418","0.003689974909069315","0.003689974909069315","0.003689974909069315","0.0005643526663624714","0.0005643526663624714","0.0005643526663624714","4.413103957054089","4.413103957054089","4.413103957054089","0.0397970232603313","0.0397970232603313","0.0397970232603313"
"4890","0.0011451199941567899","0.0011451199941567899","0.0011451199941567899","0.004735854053583641","0.004735854053583641","0.004735854053583641","0.00053828343068295","0.00053828343068295","0.00053828343068295","4.363152800145401","4.363152800145401","4.363152800145401","0.05279963194418308","0.05279963194418308","0.05279963194418308"
"4900","0.0014801376141894032","0.0014801376141894032","0.0014801376141894032","0.00439078556490329","0.00439078556490329","0.00439078556490329","0.0007622617377595582","0.0007622617377595582","0.0007622617377595582","4.412145167947971","4.412145167947971","4.412145167947971","0.044232367851950935","0.044232367851950935","0.044232367851950935"
"4910","0.00851529200914506","0.00851529200914506","0.00851529200914506","0.006230799698861192","0.006230799698861192","0.006230799698861192","0.0015289339101825388","0.0015289339101825388","0.0015289339101825388","4.402362170428978","4.402362170428978","4.402362170428978","0.05160932152417444","0.05160932152417444","0.05160932152417444"
"4920","0.0009588388654185092","0.0009588388654185092","0.0009588388654185092","0.0047209128423355","0.0047209128423355","0.0047209128423355","0.00048733678924191883","0.00048733678924191883","0.00048733678924191883","4.3331821193621005","4.3331821193621005","4.3331821193621005","0.0433858317806183","0.0433858317806183","0.0433858317806183"
"4930","0.0012266619763412472","0.0012266619763412472","0.0012266619763412472","0.00442970837062897","0.00442970837062897","0.00442970837062897","0.0005837526491698566","0.0005837526491698566","0.0005837526491698566","4.379221235362574","4.379221235362574","4.379221235362574","0.046460978950414566","0.046460978950414566","0.046460978950414566"
"4940","0.0009660836983029835","0.0009660836983029835","0.0009660836983029835","0.003441169369011422","0.003441169369011422","0.003441169369011422","0.0005453170518367437","0.0005453170518367437","0.0005453170518367437","3.471915660773034","3.471915660773034","3.471915660773034","0.035550734143139855","0.035550734143139855","0.035550734143139855"
"4950","0.0010510067768029856","0.0010510067768029856","0.0010510067768029856","0.00984851266744087","0.00984851266744087","0.00984851266744087","0.0009620102215637526","0.0009620102215637526","0.0009620102215637526","2.924668088567488","2.924668088567488","2.924668088567488","0.03781420947758968","0.03781420947758968","0.03781420947758968"
"4960","0.0024729938289318122","0.0024729938289318122","0.0024729938289318122","0.009854544463878217","0.009854544463878217","0.009854544463878217","0.00133483339757064","0.00133483339757064","0.00133483339757064","4.066633956616273","4.066633956616273","4.066633956616273","0.06837950632810798","0.06837950632810798","0.06837950632810798"
"4970","0.0006693849449369273","0.0006693849449369273","0.0006693849449369273","0.0034060472215600873","0.0034060472215600873","0.0034060472215600873","0.000495910872585619","0.000495910872585619","0.000495910872585619","3.338651376553545","3.338651376553545","3.338651376553545","0.031963214640962065","0.031963214640962065","0.031963214640962065"
"4980","0.0009344279110529059","0.0009344279110529059","0.0009344279110529059","0.003927796122943233","0.003927796122943233","0.003927796122943233","0.0007011396936847498","0.0007011396936847498","0.0007011396936847498","4.074375948343855","4.074375948343855","4.074375948343855","0.03955879002766256","0.03955879002766256","0.03955879002766256"
"4990","0.0005755850566041916","0.0005755850566041916","0.0005755850566041916","0.0022557037564386218","0.0022557037564386218","0.0022557037564386218","0.00044761302869280266","0.00044761302869280266","0.00044761302869280266","2.9158845518272622","2.9158845518272622","2.9158845518272622","0.02567048638998215","0.02567048638998215","0.02567048638998215"
"5000","0.0016056147631162288","0.0016056147631162288","0.0016056147631162288","0.004193834592464844","0.004193834592464844","0.004193834592464844","0.0009611633701239419","0.0009611633701239419","0.0009611633701239419","3.211231732427414","3.211231732427414","3.211231732427414","0.04737029260861724","0.04737029260861724","0.04737029260861724"
"5010","0.0014150646601929653","0.0014150646601929653","0.0014150646601929653","0.005951466900636473","0.005951466900636473","0.005951466900636473","0.0006688430581684007","0.0006688430581684007","0.0006688430581684007","4.423579426702337","4.423579426702337","4.423579426702337","0.062173159435808326","0.062173159435808326","0.062173159435808326"
"5020","0.0023217953013078864","0.0023217953013078864","0.0023217953013078864","0.008356637191965943","0.008356637191965943","0.008356637191965943","0.0011056282551827514","0.0011056282551827514","0.0011056282551827514","4.438811957664736","4.438811957664736","4.438811957664736","0.05779749045575243","0.05779749045575243","0.05779749045575243"
"5030","0.0017295299458229794","0.0017295299458229794","0.0017295299458229794","0.005736651137438206","0.005736651137438206","0.005736651137438206","0.0010345304960807276","0.0010345304960807276","0.0010345304960807276","4.338822248792245","4.338822248792245","4.338822248792245","0.04592197630627283","0.04592197630627283","0.04592197630627283"
"5040","0.0006950418174664095","0.0006950418174664095","0.0006950418174664095","0.0036606709543232567","0.0036606709543232567","0.0036606709543232567","0.0003777887070410624","0.0003777887070410624","0.0003777887070410624","4.311354812684033","4.311354812684033","4.311354812684033","0.03723032021870783","0.03723032021870783","0.03723032021870783"
"5050","0.0010239591506178503","0.0010239591506178503","0.0010239591506178503","0.0032353932197529537","0.0032353932197529537","0.0032353932197529537","0.0006933761518726358","0.0006933761518726358","0.0006933761518726358","4.326987386883624","4.326987386883624","4.326987386883624","0.03694033346080899","0.03694033346080899","0.03694033346080899"
"5060","0.0027807515104714036","0.0027807515104714036","0.0027807515104714036","0.006700969477395937","0.006700969477395937","0.006700969477395937","0.0016144529175918043","0.0016144529175918043","0.0016144529175918043","4.358673450754194","4.358673450754194","4.358673450754194","0.05056105241379355","0.05056105241379355","0.05056105241379355"
"5070","0.0010900706327311332","0.0010900706327311332","0.0010900706327311332","0.004180441057287159","0.004180441057287159","0.004180441057287159","0.0005602411796548274","0.0005602411796548274","0.0005602411796548274","4.026638109111903","4.026638109111903","4.026638109111903","0.03901916674324624","0.03901916674324624","0.03901916674324624"
"5080","0.0014017960821948825","0.0014017960821948825","0.0014017960821948825","0.009586842127264683","0.009586842127264683","0.009586842127264683","0.0008201128557284694","0.0008201128557284694","0.0008201128557284694","4.395547071154203","4.395547071154203","4.395547071154203","0.11554404164228625","0.11554404164228625","0.11554404164228625"
"5090","0.0016345628212615293","0.0016345628212615293","0.0016345628212615293","0.005012242537891554","0.005012242537891554","0.005012242537891554","0.0011674030579595755","0.0011674030579595755","0.0011674030579595755","4.375632320407192","4.375632320407192","4.375632320407192","0.04065228838345552","0.04065228838345552","0.04065228838345552"
"5100","0.0010112088021822672","0.0010112088021822672","0.0010112088021822672","0.0043505573348412525","0.0043505573348412525","0.0043505573348412525","0.0005697959221248497","0.0005697959221248497","0.0005697959221248497","4.511033530392194","4.511033530392194","4.511033530392194","0.04276941301224999","0.04276941301224999","0.04276941301224999"
"5110","0.0009753598834311127","0.0009753598834311127","0.0009753598834311127","0.004097527558530623","0.004097527558530623","0.004097527558530623","0.0007345631002446165","0.0007345631002446165","0.0007345631002446165","4.395578732992299","4.395578732992299","4.395578732992299","0.040676243505922076","0.040676243505922076","0.040676243505922076"
"5120","0.0006264483827493015","0.0006264483827493015","0.0006264483827493015","0.0035368310698090555","0.0035368310698090555","0.0035368310698090555","0.0004084788917220133","0.0004084788917220133","0.0004084788917220133","4.308898530259862","4.308898530259862","4.308898530259862","0.03318599143877532","0.03318599143877532","0.03318599143877532"
"5130","0.000739880774584465","0.000739880774584465","0.000739880774584465","0.0028431214388335586","0.0028431214388335586","0.0028431214388335586","0.0006313927237931089","0.0006313927237931089","0.0006313927237931089","4.293811774582404","4.293811774582404","4.293811774582404","0.0463874822613232","0.0463874822613232","0.0463874822613232"
"5140","0.001191281746854901","0.001191281746854901","0.001191281746854901","0.003914390834448595","0.003914390834448595","0.003914390834448595","0.0007200156929488883","0.0007200156929488883","0.0007200156929488883","4.408293092762804","4.408293092762804","4.408293092762804","0.038209094865680596","0.038209094865680596","0.038209094865680596"
"5150","0.0016738960829107208","0.0016738960829107208","0.0016738960829107208","0.005835897978098982","0.005835897978098982","0.005835897978098982","0.0011536784655370638","0.0011536784655370638","0.0011536784655370638","3.8090323831327795","3.8090323831327795","3.8090323831327795","0.045948339528414754","0.045948339528414754","0.045948339528414754"
"5160","0.0008653569948487397","0.0008653569948487397","0.0008653569948487397","0.0032276101222693645","0.0032276101222693645","0.0032276101222693645","0.0005049048696987903","0.0005049048696987903","0.0005049048696987903","4.128417039231877","4.128417039231877","4.128417039231877","0.03140275418698375","0.03140275418698375","0.03140275418698375"
"5170","0.0017577347817880613","0.0017577347817880613","0.0017577347817880613","0.005368729241011816","0.005368729241011816","0.005368729241011816","0.0007851238389261229","0.0007851238389261229","0.0007851238389261229","4.408706895441658","4.408706895441658","4.408706895441658","0.041369484930825415","0.041369484930825415","0.041369484930825415"
"5180","0.0012308438396866387","0.0012308438396866387","0.0012308438396866387","0.0044897340380173545","0.0044897340380173545","0.0044897340380173545","0.0007287752710867948","0.0007287752710867948","0.0007287752710867948","4.380257212460991","4.380257212460991","4.380257212460991","0.037432129012189536","0.037432129012189536","0.037432129012189536"
"5190","0.0010693238976428928","0.0010693238976428928","0.0010693238976428928","0.006399850956332301","0.006399850956332301","0.006399850956332301","0.0013775275453826717","0.0013775275453826717","0.0013775275453826717","4.223173579739677","4.223173579739677","4.223173579739677","0.040122874915627306","0.040122874915627306","0.040122874915627306"
"5200","0.0009432672729578809","0.0009432672729578809","0.0009432672729578809","0.004042942944290255","0.004042942944290255","0.004042942944290255","0.0007444617320877772","0.0007444617320877772","0.0007444617320877772","4.231153434516207","4.231153434516207","4.231153434516207","0.03680779560504218","0.03680779560504218","0.03680779560504218"
"5210","0.0024328485929559543","0.0024328485929559543","0.0024328485929559543","0.009110164580138842","0.009110164580138842","0.009110164580138842","0.0033488638646038513","0.0033488638646038513","0.0033488638646038513","4.1259245326899245","4.1259245326899245","4.1259245326899245","0.04589707204386251","0.04589707204386251","0.04589707204386251"
"5220","0.016206821438232467","0.016206821438232467","0.016206821438232467","0.0283383816370918","0.0283383816370918","0.0283383816370918","0.01984327832102328","0.01984327832102328","0.01984327832102328","4.403965205733812","4.403965205733812","4.403965205733812","0.09964478062848661","0.09964478062848661","0.09964478062848661"
"5230","0.013556726840508437","0.013556726840508437","0.013556726840508437","0.02560575480604903","0.02560575480604903","0.02560575480604903","0.011446959571197159","0.011446959571197159","0.011446959571197159","3.2759802967770124","3.2759802967770124","3.2759802967770124","0.09382886866066387","0.09382886866066387","0.09382886866066387"
"5240","0.0013544878175104115","0.0013544878175104115","0.0013544878175104115","0.0047351591802037634","0.0047351591802037634","0.0047351591802037634","0.0010489476936068327","0.0010489476936068327","0.0010489476936068327","3.14372447955348","3.14372447955348","3.14372447955348","0.04030245559380894","0.04030245559380894","0.04030245559380894"
"5250","0.0010218457608636394","0.0010218457608636394","0.0010218457608636394","0.0038910041015115205","0.0038910041015115205","0.0038910041015115205","0.0009456356296471306","0.0009456356296471306","0.0009456356296471306","4.058134876471629","4.058134876471629","4.058134876471629","0.03446508905908996","0.03446508905908996","0.03446508905908996"
"5260","0.0014296173426576319","0.0014296173426576319","0.0014296173426576319","0.004480171172223182","0.004480171172223182","0.004480171172223182","0.0011583079266838207","0.0011583079266838207","0.0011583079266838207","4.425656215713641","4.425656215713641","4.425656215713641","0.040808869240348516","0.040808869240348516","0.040808869240348516"
"5270","0.0017213417269020253","0.0017213417269020253","0.0017213417269020253","0.006009102062074854","0.006009102062074854","0.006009102062074854","0.001433556756266629","0.001433556756266629","0.001433556756266629","4.367403073911649","4.367403073911649","4.367403073911649","0.049016655623997214","0.049016655623997214","0.049016655623997214"
"5280","0.0026284410197582","0.0026284410197582","0.0026284410197582","0.008160677933969707","0.008160677933969707","0.008160677933969707","0.0019707040153185466","0.0019707040153185466","0.0019707040153185466","4.221740169387614","4.221740169387614","4.221740169387614","0.06045673993074225","0.06045673993074225","0.06045673993074225"
"5290","0.0008961923184649738","0.0008961923184649738","0.0008961923184649738","0.0037754975286668387","0.0037754975286668387","0.0037754975286668387","0.0004372902037495534","0.0004372902037495534","0.0004372902037495534","3.0435434348771353","3.0435434348771353","3.0435434348771353","0.028138532310901566","0.028138532310901566","0.028138532310901566"
"5300","0.002636138329991413","0.002636138329991413","0.002636138329991413","0.007248273071551336","0.007248273071551336","0.007248273071551336","0.0028897825908572638","0.0028897825908572638","0.0028897825908572638","2.98323218078171","2.98323218078171","2.98323218078171","0.027852070439645275","0.027852070439645275","0.027852070439645275"
"5310","0.0006522334410113043","0.0006522334410113043","0.0006522334410113043","0.0037718385399696085","0.0037718385399696085","0.0037718385399696085","0.00037990328597270457","0.00037990328597270457","0.00037990328597270457","4.376520657105107","4.376520657105107","4.376520657105107","0.0323994836901811","0.0323994836901811","0.0323994836901811"
"5320","0.0012810080382521238","0.0012810080382521238","0.0012810080382521238","0.005842304907110061","0.005842304907110061","0.005842304907110061","0.001010561362263255","0.001010561362263255","0.001010561362263255","4.115248566440141","4.115248566440141","4.115248566440141","0.038912176512342155","0.038912176512342155","0.038912176512342155"
"5330","0.0009064202274725156","0.0009064202274725156","0.0009064202274725156","0.0032917757369619748","0.0032917757369619748","0.0032917757369619748","0.0005383424580925338","0.0005383424580925338","0.0005383424580925338","3.9996278610254357","3.9996278610254357","3.9996278610254357","0.02906339197863856","0.02906339197863856","0.02906339197863856"
"5340","0.000711503427704893","0.000711503427704893","0.000711503427704893","0.003255425619441405","0.003255425619441405","0.003255425619441405","0.00041248097783179325","0.00041248097783179325","0.00041248097783179325","4.383621403047134","4.383621403047134","4.383621403047134","0.031124842315633026","0.031124842315633026","0.031124842315633026"
"5350","0.0009745794936448461","0.0009745794936448461","0.0009745794936448461","0.004133560047597629","0.004133560047597629","0.004133560047597629","0.0007840947430328831","0.0007840947430328831","0.0007840947430328831","4.265253129194771","4.265253129194771","4.265253129194771","0.03755811943709696","0.03755811943709696","0.03755811943709696"
"5360","0.0020705353783920647","0.0020705353783920647","0.0020705353783920647","0.006965652816138111","0.006965652816138111","0.006965652816138111","0.0008631760793651074","0.0008631760793651074","0.0008631760793651074","4.2712969119149795","4.2712969119149795","4.2712969119149795","0.04450866353024054","0.04450866353024054","0.04450866353024054"
"5370","0.0007085366778944477","0.0007085366778944477","0.0007085366778944477","0.0042107068311578386","0.0042107068311578386","0.0042107068311578386","0.0003436393454492246","0.0003436393454492246","0.0003436393454492246","4.4231195606794484","4.4231195606794484","4.4231195606794484","0.03318417013350949","0.03318417013350949","0.03318417013350949"
"5380","0.0013280552528417064","0.0013280552528417064","0.0013280552528417064","0.006512660504534728","0.006512660504534728","0.006512660504534728","0.0006222307181466524","0.0006222307181466524","0.0006222307181466524","4.416306590784827","4.416306590784827","4.416306590784827","0.04517201849080745","0.04517201849080745","0.04517201849080745"
"5390","0.0026047429280087724","0.0026047429280087724","0.0026047429280087724","0.010996736815429916","0.010996736815429916","0.010996736815429916","0.0013143357843603863","0.0013143357843603863","0.0013143357843603863","4.781590268306269","4.781590268306269","4.781590268306269","0.06695546681085239","0.06695546681085239","0.06695546681085239"
"5400","0.0008964455253975017","0.0008964455253975017","0.0008964455253975017","0.005079278998576439","0.005079278998576439","0.005079278998576439","0.0004331646144927646","0.0004331646144927646","0.0004331646144927646","4.519515042645503","4.519515042645503","4.519515042645503","0.04458662933472799","0.04458662933472799","0.04458662933472799"
"5410","0.0012662777003958738","0.0012662777003958738","0.0012662777003958738","0.004763473850485032","0.004763473850485032","0.004763473850485032","0.0007750220283848937","0.0007750220283848937","0.0007750220283848937","4.478651682542428","4.478651682542428","4.478651682542428","0.03338987598231197","0.03338987598231197","0.03338987598231197"
"5420","0.001223992710002571","0.001223992710002571","0.001223992710002571","0.0042766806247716525","0.0042766806247716525","0.0042766806247716525","0.0006139939163240619","0.0006139939163240619","0.0006139939163240619","4.379657048145822","4.379657048145822","4.379657048145822","0.031823563401371914","0.031823563401371914","0.031823563401371914"
"5430","0.0020432226484054026","0.0020432226484054026","0.0020432226484054026","0.0064744152109460764","0.0064744152109460764","0.0064744152109460764","0.0008389068902544261","0.0008389068902544261","0.0008389068902544261","4.336765105966375","4.336765105966375","4.336765105966375","0.0406807364873362","0.0406807364873362","0.0406807364873362"
"5440","0.0008344999739941845","0.0008344999739941845","0.0008344999739941845","0.0037063868474062843","0.0037063868474062843","0.0037063868474062843","0.0004501474327463579","0.0004501474327463579","0.0004501474327463579","4.3934049039909695","4.3934049039909695","4.3934049039909695","0.03015057006617262","0.03015057006617262","0.03015057006617262"
"5450","0.0013206929577861783","0.0013206929577861783","0.0013206929577861783","0.004250734284589297","0.004250734284589297","0.004250734284589297","0.0008523961706654784","0.0008523961706654784","0.0008523961706654784","4.3191195228844705","4.3191195228844705","4.3191195228844705","0.030874240646937973","0.030874240646937973","0.030874240646937973"
"5460","0.0012611033341949499","0.0012611033341949499","0.0012611033341949499","0.004285128730194754","0.004285128730194754","0.004285128730194754","0.0006138152434227386","0.0006138152434227386","0.0006138152434227386","3.9007283051128994","3.9007283051128994","3.9007283051128994","0.031209029683811906","0.031209029683811906","0.031209029683811906"
"5470","0.0008687188515268239","0.0008687188515268239","0.0008687188515268239","0.005054880448591006","0.005054880448591006","0.005054880448591006","0.00045055436940074294","0.00045055436940074294","0.00045055436940074294","4.251722276177344","4.251722276177344","4.251722276177344","0.05095433323025207","0.05095433323025207","0.05095433323025207"
"5480","0.0011338749276903995","0.0011338749276903995","0.0011338749276903995","0.004383900031234421","0.004383900031234421","0.004383900031234421","0.0005997807970760088","0.0005997807970760088","0.0005997807970760088","4.337450478981277","4.337450478981277","4.337450478981277","0.03355830560219519","0.03355830560219519","0.03355830560219519"
"5490","0.0007745653304640625","0.0007745653304640625","0.0007745653304640625","0.0040283275434829825","0.0040283275434829825","0.0040283275434829825","0.0005091484190495365","0.0005091484190495365","0.0005091484190495365","4.334263764725115","4.334263764725115","4.334263764725115","0.037809553560820344","0.037809553560820344","0.037809553560820344"
"5500","0.00043408228064408807","0.00043408228064408807","0.00043408228064408807","0.0027716188802534387","0.0027716188802534387","0.0027716188802534387","0.00024991039235775934","0.00024991039235775934","0.00024991039235775934","4.40942331910811","4.40942331910811","4.40942331910811","0.027511765338243958","0.027511765338243958","0.027511765338243958"
"5510","0.0024181297779417516","0.0024181297779417516","0.0024181297779417516","0.01051203282565479","0.01051203282565479","0.01051203282565479","0.0017351522330646982","0.0017351522330646982","0.0017351522330646982","4.461952678868659","4.461952678868659","4.461952678868659","0.06324311154547649","0.06324311154547649","0.06324311154547649"
"5520","0.0009455013627924572","0.0009455013627924572","0.0009455013627924572","0.004498083103907303","0.004498083103907303","0.004498083103907303","0.0004722220294784089","0.0004722220294784089","0.0004722220294784089","4.313094418669944","4.313094418669944","4.313094418669944","0.031830658166006255","0.031830658166006255","0.031830658166006255"
"5530","0.0007755039483038975","0.0007755039483038975","0.0007755039483038975","0.004008477276386712","0.004008477276386712","0.004008477276386712","0.00048152277590837993","0.00048152277590837993","0.00048152277590837993","4.374007645549124","4.374007645549124","4.374007645549124","0.032799769025878535","0.032799769025878535","0.032799769025878535"
"5540","0.0006433270844805869","0.0006433270844805869","0.0006433270844805869","0.0028621191851515887","0.0028621191851515887","0.0028621191851515887","0.000265104635653231","0.000265104635653231","0.000265104635653231","4.402526317417216","4.402526317417216","4.402526317417216","0.026086343066666438","0.026086343066666438","0.026086343066666438"
"5550","0.0005407208304089816","0.0005407208304089816","0.0005407208304089816","0.0023760233842161525","0.0023760233842161525","0.0023760233842161525","0.000311165117401269","0.000311165117401269","0.000311165117401269","3.823953312006153","3.823953312006153","3.823953312006153","0.02133818513619109","0.02133818513619109","0.02133818513619109"
"5560","0.0006040873399774816","0.0006040873399774816","0.0006040873399774816","0.002617171281876152","0.002617171281876152","0.002617171281876152","0.0003348402396495021","0.0003348402396495021","0.0003348402396495021","4.160637273729954","4.160637273729954","4.160637273729954","0.02241180315272998","0.02241180315272998","0.02241180315272998"
"5570","0.0009392655738680966","0.0009392655738680966","0.0009392655738680966","0.003849586568438905","0.003849586568438905","0.003849586568438905","0.0003214152827813172","0.0003214152827813172","0.0003214152827813172","4.462585754247498","4.462585754247498","4.462585754247498","0.03804457458059428","0.03804457458059428","0.03804457458059428"
"5580","0.0006883259433253297","0.0006883259433253297","0.0006883259433253297","0.0029353810593821714","0.0029353810593821714","0.0029353810593821714","0.0003898650093935548","0.0003898650093935548","0.0003898650093935548","4.414455310821468","4.414455310821468","4.414455310821468","0.024221185709494206","0.024221185709494206","0.024221185709494206"
"5590","0.002801612300223477","0.002801612300223477","0.002801612300223477","0.009047550117551454","0.009047550117551454","0.009047550117551454","0.000606917410319965","0.000606917410319965","0.000606917410319965","4.428483782517807","4.428483782517807","4.428483782517807","0.03690604218850548","0.03690604218850548","0.03690604218850548"
"5600","0.0007832203891716006","0.0007832203891716006","0.0007832203891716006","0.004489809544889284","0.004489809544889284","0.004489809544889284","0.00045018324003873465","0.00045018324003873465","0.00045018324003873465","4.325243070206516","4.325243070206516","4.325243070206516","0.03679420098492495","0.03679420098492495","0.03679420098492495"
"5610","0.0010400519321724457","0.0010400519321724457","0.0010400519321724457","0.0034593980197236193","0.0034593980197236193","0.0034593980197236193","0.000551745303257456","0.000551745303257456","0.000551745303257456","4.34321527944486","4.34321527944486","4.34321527944486","0.02728105400369368","0.02728105400369368","0.02728105400369368"
"5620","0.0006044514454455331","0.0006044514454455331","0.0006044514454455331","0.003103186175146365","0.003103186175146365","0.003103186175146365","0.00026051455484352","0.00026051455484352","0.00026051455484352","3.8160327357633257","3.8160327357633257","3.8160327357633257","0.02510734312136352","0.02510734312136352","0.02510734312136352"
"5630","0.001003291774167804","0.001003291774167804","0.001003291774167804","0.0030314194698938773","0.0030314194698938773","0.0030314194698938773","0.0006014280320847691","0.0006014280320847691","0.0006014280320847691","3.069361975547052","3.069361975547052","3.069361975547052","0.021551451142894484","0.021551451142894484","0.021551451142894484"
"5640","0.0006881435667621103","0.0006881435667621103","0.0006881435667621103","0.002144472097701395","0.002144472097701395","0.002144472097701395","0.0003610544458855949","0.0003610544458855949","0.0003610544458855949","3.4348987956947563","3.4348987956947563","3.4348987956947563","0.017970060057215815","0.017970060057215815","0.017970060057215815"
"5650","0.0007663223338287829","0.0007663223338287829","0.0007663223338287829","0.004198760720477339","0.004198760720477339","0.004198760720477339","0.00034914035157093047","0.00034914035157093047","0.00034914035157093047","4.464641936034892","4.464641936034892","4.464641936034892","0.045552220856242234","0.045552220856242234","0.045552220856242234"
"5660","0.0005628153175885755","0.0005628153175885755","0.0005628153175885755","0.0024049440707721464","0.0024049440707721464","0.0024049440707721464","0.0004776963116801347","0.0004776963116801347","0.0004776963116801347","4.225467500363355","4.225467500363355","4.225467500363355","0.022796688618863668","0.022796688618863668","0.022796688618863668"
"5670","0.0016916239024440144","0.0016916239024440144","0.0016916239024440144","0.006922151161343467","0.006922151161343467","0.006922151161343467","0.0008206969454921042","0.0008206969454921042","0.0008206969454921042","4.393436812620291","4.393436812620291","4.393436812620291","0.04506834738053994","0.04506834738053994","0.04506834738053994"
"5680","0.0005300729429654784","0.0005300729429654784","0.0005300729429654784","0.003909803093580777","0.003909803093580777","0.003909803093580777","0.00032237903519655495","0.00032237903519655495","0.00032237903519655495","4.3448046272627225","4.3448046272627225","4.3448046272627225","0.03749340693932941","0.03749340693932941","0.03749340693932941"
"5690","0.0005286395243283928","0.0005286395243283928","0.0005286395243283928","0.002333104170206487","0.002333104170206487","0.002333104170206487","0.00033645285445793756","0.00033645285445793756","0.00033645285445793756","2.993571334154873","2.993571334154873","2.993571334154873","0.019309569256982566","0.019309569256982566","0.019309569256982566"
"5700","0.0008123177565766757","0.0008123177565766757","0.0008123177565766757","0.0037136505262389046","0.0037136505262389046","0.0037136505262389046","0.0004598102256508491","0.0004598102256508491","0.0004598102256508491","2.789342621323739","2.789342621323739","2.789342621323739","0.023750224118693018","0.023750224118693018","0.023750224118693018"
"5710","0.0005294994688955745","0.0005294994688955745","0.0005294994688955745","0.0023492756357096477","0.0023492756357096477","0.0023492756357096477","0.00032764911676586727","0.00032764911676586727","0.00032764911676586727","4.333218317138382","4.333218317138382","4.333218317138382","0.02697327862172195","0.02697327862172195","0.02697327862172195"
"5720","0.0021144716674040822","0.0021144716674040822","0.0021144716674040822","0.004407033772073813","0.004407033772073813","0.004407033772073813","0.001807872051716807","0.001807872051716807","0.001807872051716807","4.1124015600260035","4.1124015600260035","4.1124015600260035","0.032825136969757994","0.032825136969757994","0.032825136969757994"
"5730","0.0006379495407772429","0.0006379495407772429","0.0006379495407772429","0.0025038416104745955","0.0025038416104745955","0.0025038416104745955","0.000377005365327549","0.000377005365327549","0.000377005365327549","4.40305075444196","4.40305075444196","4.40305075444196","0.025027241275121306","0.025027241275121306","0.025027241275121306"
"5740","0.0009928053804553671","0.0009928053804553671","0.0009928053804553671","0.003948289531878006","0.003948289531878006","0.003948289531878006","0.0003530130722441842","0.0003530130722441842","0.0003530130722441842","4.328294938109119","4.328294938109119","4.328294938109119","0.02584182576586831","0.02584182576586831","0.02584182576586831"
"5750","0.0005788603095452207","0.0005788603095452207","0.0005788603095452207","0.002690001297024854","0.002690001297024854","0.002690001297024854","0.00028718623581467","0.00028718623581467","0.00028718623581467","4.323128763238963","4.323128763238963","4.323128763238963","0.024903140609817305","0.024903140609817305","0.024903140609817305"
"5760","0.0007427649749013149","0.0007427649749013149","0.0007427649749013149","0.0033621375113278697","0.0033621375113278697","0.0033621375113278697","0.0003388336508557421","0.0003388336508557421","0.0003388336508557421","4.305502963444172","4.305502963444172","4.305502963444172","0.027264320012888","0.027264320012888","0.027264320012888"
"5770","0.0010003074398948508","0.0010003074398948508","0.0010003074398948508","0.004288304732249065","0.004288304732249065","0.004288304732249065","0.0005059321223710476","0.0005059321223710476","0.0005059321223710476","4.337812769748124","4.337812769748124","4.337812769748124","0.03488755746532098","0.03488755746532098","0.03488755746532098"
"5780","0.0005862083103607013","0.0005862083103607013","0.0005862083103607013","0.0027474081234747285","0.0027474081234747285","0.0027474081234747285","0.0003205093969858391","0.0003205093969858391","0.0003205093969858391","4.369558758984224","4.369558758984224","4.369558758984224","0.024329652000059113","0.024329652000059113","0.024329652000059113"
"5790","0.0006156961110737462","0.0006156961110737462","0.0006156961110737462","0.0028458829496390624","0.0028458829496390624","0.0028458829496390624","0.0003215830802271636","0.0003215830802271636","0.0003215830802271636","4.374945844387118","4.374945844387118","4.374945844387118","0.024246121287157547","0.024246121287157547","0.024246121287157547"
"5800","0.0007524982625962864","0.0007524982625962864","0.0007524982625962864","0.002530049969525398","0.002530049969525398","0.002530049969525398","0.00026595725689138744","0.00026595725689138744","0.00026595725689138744","4.343801041218627","4.343801041218627","4.343801041218627","0.023139852842711896","0.023139852842711896","0.023139852842711896"
"5810","0.0010411637249520902","0.0010411637249520902","0.0010411637249520902","0.004310323467584858","0.004310323467584858","0.004310323467584858","0.0005196178022595689","0.0005196178022595689","0.0005196178022595689","4.403449141854251","4.403449141854251","4.403449141854251","0.02932021718699284","0.02932021718699284","0.02932021718699284"
"5820","0.0008084135880194515","0.0008084135880194515","0.0008084135880194515","0.004412458065012838","0.004412458065012838","0.004412458065012838","0.0004390015356709467","0.0004390015356709467","0.0004390015356709467","4.298164110047119","4.298164110047119","4.298164110047119","0.03560279288550828","0.03560279288550828","0.03560279288550828"
"5830","0.0009664671538167836","0.0009664671538167836","0.0009664671538167836","0.003908832910535272","0.003908832910535272","0.003908832910535272","0.0005450893536502415","0.0005450893536502415","0.0005450893536502415","4.256193266158151","4.256193266158151","4.256193266158151","0.025861436278855877","0.025861436278855877","0.025861436278855877"
"5840","0.000678060322427329","0.000678060322427329","0.000678060322427329","0.0035676058213182653","0.0035676058213182653","0.0035676058213182653","0.0003202203846429134","0.0003202203846429134","0.0003202203846429134","4.328431992403779","4.328431992403779","4.328431992403779","0.026498747860521633","0.026498747860521633","0.026498747860521633"
"5850","0.0006750427900139298","0.0006750427900139298","0.0006750427900139298","0.002854323326653117","0.002854323326653117","0.002854323326653117","0.0003146342039469081","0.0003146342039469081","0.0003146342039469081","2.970572329403641","2.970572329403641","2.970572329403641","0.019961126019314098","0.019961126019314098","0.019961126019314098"
"5860","0.0005071953007938643","0.0005071953007938643","0.0005071953007938643","0.0021573051160808806","0.0021573051160808806","0.0021573051160808806","0.00034588320855684596","0.00034588320855684596","0.00034588320855684596","3.029926371008614","3.029926371008614","3.029926371008614","0.018238204106103592","0.018238204106103592","0.018238204106103592"
"5870","0.001780849800380364","0.001780849800380364","0.001780849800380364","0.005480841706005057","0.005480841706005057","0.005480841706005057","0.0008742789683250405","0.0008742789683250405","0.0008742789683250405","4.358271108456807","4.358271108456807","4.358271108456807","0.03421854006569653","0.03421854006569653","0.03421854006569653"
"5880","0.0028116309221112093","0.0028116309221112093","0.0028116309221112093","0.006252162569211908","0.006252162569211908","0.006252162569211908","0.0007469615043898906","0.0007469615043898906","0.0007469615043898906","4.087200629416831","4.087200629416831","4.087200629416831","0.04226473738253141","0.04226473738253141","0.04226473738253141"
"5890","0.0012006690593703083","0.0012006690593703083","0.0012006690593703083","0.004880784034363036","0.004880784034363036","0.004880784034363036","0.0006042644167041024","0.0006042644167041024","0.0006042644167041024","4.402157530039446","4.402157530039446","4.402157530039446","0.030485690549227458","0.030485690549227458","0.030485690549227458"
"5900","0.0010710122296275163","0.0010710122296275163","0.0010710122296275163","0.003949012937182821","0.003949012937182821","0.003949012937182821","0.0004979935702149569","0.0004979935702149569","0.0004979935702149569","4.362083562034244","4.362083562034244","4.362083562034244","0.02854828771553105","0.02854828771553105","0.02854828771553105"
"5910","0.0006843018582191931","0.0006843018582191931","0.0006843018582191931","0.003295840274718218","0.003295840274718218","0.003295840274718218","0.000306795292796332","0.000306795292796332","0.000306795292796332","4.380836337409142","4.380836337409142","4.380836337409142","0.02873107350319131","0.02873107350319131","0.02873107350319131"
"5920","0.0040838508076051685","0.0040838508076051685","0.0040838508076051685","0.0068905026952879","0.0068905026952879","0.0068905026952879","0.002988451931757419","0.002988451931757419","0.002988451931757419","4.310580447093723","4.310580447093723","4.310580447093723","0.03796641979585336","0.03796641979585336","0.03796641979585336"
"5930","0.0010969345398139066","0.0010969345398139066","0.0010969345398139066","0.005519593139815267","0.005519593139815267","0.005519593139815267","0.0006097430960241961","0.0006097430960241961","0.0006097430960241961","4.356935073169361","4.356935073169361","4.356935073169361","0.04076553927701362","0.04076553927701362","0.04076553927701362"
"5940","0.0007031688710883072","0.0007031688710883072","0.0007031688710883072","0.003442697714990687","0.003442697714990687","0.003442697714990687","0.00042761653763285476","0.00042761653763285476","0.00042761653763285476","4.329123823380697","4.329123823380697","4.329123823380697","0.023948694123572273","0.023948694123572273","0.023948694123572273"
"5950","0.0008220996046257762","0.0008220996046257762","0.0008220996046257762","0.003476798554192887","0.003476798554192887","0.003476798554192887","0.00047402875187616916","0.00047402875187616916","0.00047402875187616916","4.356453080542741","4.356453080542741","4.356453080542741","0.025406372206231414","0.025406372206231414","0.025406372206231414"
"5960","0.0004822302145982859","0.0004822302145982859","0.0004822302145982859","0.0023269556784938847","0.0023269556784938847","0.0023269556784938847","0.000268290012576866","0.000268290012576866","0.000268290012576866","4.397262168995082","4.397262168995082","4.397262168995082","0.019782698758333852","0.019782698758333852","0.019782698758333852"
"5970","0.0005427082117315897","0.0005427082117315897","0.0005427082117315897","0.002872247581774485","0.002872247581774485","0.002872247581774485","0.000274562299493221","0.000274562299493221","0.000274562299493221","4.331807674676348","4.331807674676348","4.331807674676348","0.020982873533308556","0.020982873533308556","0.020982873533308556"
"5980","0.0014483124382589723","0.0014483124382589723","0.0014483124382589723","0.004769324306795343","0.004769324306795343","0.004769324306795343","0.0008877060720866837","0.0008877060720866837","0.0008877060720866837","4.261974186489619","4.261974186489619","4.261974186489619","0.025106306510042507","0.025106306510042507","0.025106306510042507"
"5990","0.0005521960350276217","0.0005521960350276217","0.0005521960350276217","0.002762764501187124","0.002762764501187124","0.002762764501187124","0.000288224710367981","0.000288224710367981","0.000288224710367981","4.279658888855947","4.279658888855947","4.279658888855947","0.024047678363242363","0.024047678363242363","0.024047678363242363"
"6000","0.0004151091835419316","0.0004151091835419316","0.0004151091835419316","0.00216334410202988","0.00216334410202988","0.00216334410202988","0.0002979162273404064","0.0002979162273404064","0.0002979162273404064","4.404464226849184","4.404464226849184","4.404464226849184","0.02108330725117647","0.02108330725117647","0.02108330725117647"