"Step","zip2zip_1B_enc_layers1 - acc","zip2zip_1B_enc_layers1 - acc__MIN","zip2zip_1B_enc_layers1 - acc__MAX","zip2zip_1B_enc_heads2 - acc","zip2zip_1B_enc_heads2 - acc__MIN","zip2zip_1B_enc_heads2 - acc__MAX","zip2zip_1B_enc_heads4 - acc","zip2zip_1B_enc_heads4 - acc__MIN","zip2zip_1B_enc_heads4 - acc__MAX","zip2zip_1B_enc_dim1024 - acc","zip2zip_1B_enc_dim1024 - acc__MIN","zip2zip_1B_enc_dim1024 - acc__MAX","zip2zip_1B_enc_dim2048 - acc","zip2zip_1B_enc_dim2048 - acc__MIN","zip2zip_1B_enc_dim2048 - acc__MAX","zip2zip_1B_lm_ms2 - acc","zip2zip_1B_lm_ms2 - acc__MIN","zip2zip_1B_lm_ms2 - acc__MAX"
"10","0.12604141235351562","0.12604141235351562","0.12604141235351562","0.1219409927725792","0.1219409927725792","0.1219409927725792","0.12684288620948792","0.12684288620948792","0.12684288620948792","0.12653084099292755","0.12653084099292755","0.12653084099292755","0.12656250596046448","0.12656250596046448","0.12656250596046448","0.12653617560863495","0.12653617560863495","0.12653617560863495"
"20","0.023366546258330345","0.023366546258330345","0.023366546258330345","0.022430419921875","0.022430419921875","0.022430419921875","0.023009490221738815","0.023009490221738815","0.023009490221738815","0.023873519152402878","0.023873519152402878","0.023873519152402878","0.02393951453268528","0.02393951453268528","0.02393951453268528","0.023468779399991035","0.023468779399991035","0.023468779399991035"
"30","0.02489433065056801","0.02489433065056801","0.02489433065056801","0.022520065307617188","0.022520065307617188","0.022520065307617188","0.024154281243681908","0.024154281243681908","0.024154281243681908","0.02441253699362278","0.02441253699362278","0.02441253699362278","0.0021755218040198088","0.0021755218040198088","0.0021755218040198088","0.023060226812958717","0.023060226812958717","0.023060226812958717"
"40","0.08489646762609482","0.08489646762609482","0.08489646762609482","0.08150595426559448","0.08150595426559448","0.08150595426559448","0.08334045112133026","0.08334045112133026","0.08334045112133026","0.08447723090648651","0.08447723090648651","0.08447723090648651","0.08267059177160263","0.08267059177160263","0.08267059177160263","0.0836154967546463","0.0836154967546463","0.0836154967546463"
"50","0.0021526336204260588","0.0021526336204260588","0.0021526336204260588","0.0006465911865234375","0.0006465911865234375","0.0006465911865234375","0.00406990060582757","0.00406990060582757","0.00406990060582757","0.0017822266090661287","0.0017822266090661287","0.0017822266090661287","0.001953125","0.001953125","0.001953125","0.00423088064417243","0.00423088064417243","0.00423088064417243"
"60","0.04133110120892525","0.04133110120892525","0.04133110120892525","0.08004073798656464","0.08004073798656464","0.08004073798656464","0.08125114440917969","0.08125114440917969","0.08125114440917969","0.07913246005773544","0.07913246005773544","0.07913246005773544","0.02753295749425888","0.02753295749425888","0.02753295749425888","0.0798744186758995","0.0798744186758995","0.0798744186758995"
"70","0.026042558252811432","0.026042558252811432","0.026042558252811432","0.029497144743800163","0.029497144743800163","0.029497144743800163","0.02766571007668972","0.02766571007668972","0.02766571007668972","0.023410797119140625","0.023410797119140625","0.023410797119140625","0.0004901885986328125","0.0004901885986328125","0.0004901885986328125","0.024649428203701973","0.024649428203701973","0.024649428203701973"
"80","0.0059104920364916325","0.0059104920364916325","0.0059104920364916325","0.008419418707489967","0.008419418707489967","0.008419418707489967","0.00617294292896986","0.00617294292896986","0.00617294292896986","0.0015968322986736894","0.0015968322986736894","0.0015968322986736894","0.0008865356212481856","0.0008865356212481856","0.0008865356212481856","0.0070167542435228825","0.0070167542435228825","0.0070167542435228825"
"90","0.006118393037468195","0.006118393037468195","0.006118393037468195","0.009908294305205345","0.009908294305205345","0.009908294305205345","0.009351348504424095","0.009351348504424095","0.009351348504424095","0.0007884979713708162","0.0007884979713708162","0.0007884979713708162","0.0012916565174236894","0.0012916565174236894","0.0012916565174236894","0.00934753380715847","0.00934753380715847","0.00934753380715847"
"100","0.004351806826889515","0.004351806826889515","0.004351806826889515","0.008967209607362747","0.008967209607362747","0.008967209607362747","0.008417892269790173","0.008417892269790173","0.008417892269790173","0.0010772704845294356","0.0010772704845294356","0.0010772704845294356","0.0011798858176916838","0.0011798858176916838","0.0011798858176916838","0.00656662043184042","0.00656662043184042","0.00656662043184042"
"110","0.0067596435546875","0.0067596435546875","0.0067596435546875","0.00882034283131361","0.00882034283131361","0.00882034283131361","0.009938811883330345","0.009938811883330345","0.009938811883330345","0.005541610531508923","0.005541610531508923","0.005541610531508923","0.001819610595703125","0.001819610595703125","0.001819610595703125","0.009442901238799095","0.009442901238799095","0.009442901238799095"
"120","0.009283065795898438","0.009283065795898438","0.009283065795898438","0.008655166253447533","0.008655166253447533","0.008655166253447533","0.009810256771743298","0.009810256771743298","0.009810256771743298","0.005463028326630592","0.005463028326630592","0.005463028326630592","0.0015159607864916325","0.0015159607864916325","0.0015159607864916325","0.007761764340102673","0.007761764340102673","0.007761764340102673"
"130","0.10464286804199219","0.10464286804199219","0.10464286804199219","0.1116100326180458","0.1116100326180458","0.1116100326180458","0.08484306186437607","0.08484306186437607","0.08484306186437607","0.09187202900648117","0.09187202900648117","0.09187202900648117","0.07852745056152344","0.07852745056152344","0.07852745056152344","0.09192924201488495","0.09192924201488495","0.09192924201488495"
"140","0.007689666468650103","0.007689666468650103","0.007689666468650103","0.007188034243881702","0.007188034243881702","0.007188034243881702","0.007907104678452015","0.007907104678452015","0.007907104678452015","0.004712295718491077","0.004712295718491077","0.004712295718491077","0.004435730166733265","0.004435730166733265","0.004435730166733265","0.008013153448700905","0.008013153448700905","0.008013153448700905"
"150","0.00966033898293972","0.00966033898293972","0.00966033898293972","0.011710739694535732","0.011710739694535732","0.011710739694535732","0.011488724499940872","0.011488724499940872","0.011488724499940872","0.010126113891601562","0.010126113891601562","0.010126113891601562","0.005909728817641735","0.005909728817641735","0.005909728817641735","0.011986160650849342","0.011986160650849342","0.011986160650849342"
"160","0.01018524169921875","0.01018524169921875","0.01018524169921875","0.047306060791015625","0.047306060791015625","0.047306060791015625","0.04890022426843643","0.04890022426843643","0.04890022426843643","0.011095046997070312","0.011095046997070312","0.011095046997070312","0.044838715344667435","0.044838715344667435","0.044838715344667435","0.05171051248908043","0.05171051248908043","0.05171051248908043"
"170","0.010728073306381702","0.010728073306381702","0.010728073306381702","0.011707305908203125","0.011707305908203125","0.011707305908203125","0.009625243954360485","0.009625243954360485","0.009625243954360485","0.010014343075454235","0.010014343075454235","0.010014343075454235","0.00959014892578125","0.00959014892578125","0.00959014892578125","0.009764098562300205","0.009764098562300205","0.009764098562300205"
"180","0.011385727673768997","0.011385727673768997","0.011385727673768997","0.01316070556640625","0.01316070556640625","0.01316070556640625","0.011017226614058018","0.011017226614058018","0.011017226614058018","0.008237075991928577","0.008237075991928577","0.008237075991928577","0.010505295358598232","0.010505295358598232","0.010505295358598232","0.012527846731245518","0.012527846731245518","0.012527846731245518"
"190","0.04215431213378906","0.04215431213378906","0.04215431213378906","0.041233062744140625","0.041233062744140625","0.041233062744140625","0.01965484581887722","0.01965484581887722","0.01965484581887722","0.009615326300263405","0.009615326300263405","0.009615326300263405","0.017527390271425247","0.017527390271425247","0.017527390271425247","0.021154021844267845","0.021154021844267845","0.021154021844267845"
"200","0.06504592299461365","0.06504592299461365","0.06504592299461365","0.06845016777515411","0.06845016777515411","0.06845016777515411","0.06816558539867401","0.06816558539867401","0.06816558539867401","0.061091236770153046","0.061091236770153046","0.061091236770153046","0.06166725233197212","0.06166725233197212","0.06166725233197212","0.06875648349523544","0.06875648349523544","0.06875648349523544"
"210","0.05619850382208824","0.05619850382208824","0.05619850382208824","0.06032142788171768","0.06032142788171768","0.06032142788171768","0.05777435004711151","0.05777435004711151","0.05777435004711151","0.054499052464962006","0.054499052464962006","0.054499052464962006","0.05626068264245987","0.05626068264245987","0.05626068264245987","0.060028839856386185","0.060028839856386185","0.060028839856386185"
"220","0.014147186651825905","0.014147186651825905","0.014147186651825905","0.019544221460819244","0.019544221460819244","0.019544221460819244","0.017000962048768997","0.017000962048768997","0.017000962048768997","0.011273193173110485","0.011273193173110485","0.011273193173110485","0.01463165320456028","0.01463165320456028","0.01463165320456028","0.01800232008099556","0.01800232008099556","0.01800232008099556"
"230","0.014764022082090378","0.014764022082090378","0.014764022082090378","0.020745467394590378","0.020745467394590378","0.020745467394590378","0.019590377807617188","0.019590377807617188","0.019590377807617188","0.013206100091338158","0.013206100091338158","0.013206100091338158","0.01598053053021431","0.01598053053021431","0.01598053053021431","0.018684769049286842","0.018684769049286842","0.018684769049286842"
"240","0.014101791195571423","0.014101791195571423","0.014101791195571423","0.022994613274931908","0.022994613274931908","0.022994613274931908","0.022533416748046875","0.022533416748046875","0.022533416748046875","0.012926101684570312","0.012926101684570312","0.012926101684570312","0.011821364983916283","0.011821364983916283","0.011821364983916283","0.019124604761600494","0.019124604761600494","0.019124604761600494"
"250","0.014851761050522327","0.014851761050522327","0.014851761050522327","0.02495269849896431","0.02495269849896431","0.02495269849896431","0.026690293103456497","0.026690293103456497","0.026690293103456497","0.014401244930922985","0.014401244930922985","0.014401244930922985","0.017285536974668503","0.017285536974668503","0.017285536974668503","0.022405242547392845","0.022405242547392845","0.022405242547392845"
"260","0.019327543675899506","0.019327543675899506","0.019327543675899506","0.03101043775677681","0.03101043775677681","0.03101043775677681","0.03131904453039169","0.03131904453039169","0.03131904453039169","0.015327835455536842","0.015327835455536842","0.015327835455536842","0.015386582352221012","0.015386582352221012","0.015386582352221012","0.024937819689512253","0.024937819689512253","0.024937819689512253"
"270","0.021984100341796875","0.021984100341796875","0.021984100341796875","0.034540556371212006","0.034540556371212006","0.034540556371212006","0.03378143161535263","0.03378143161535263","0.03378143161535263","0.018574142828583717","0.018574142828583717","0.018574142828583717","0.020147323608398438","0.020147323608398438","0.020147323608398438","0.028725815936923027","0.028725815936923027","0.028725815936923027"
"280","0.024005889892578125","0.024005889892578125","0.024005889892578125","0.0374629981815815","0.0374629981815815","0.0374629981815815","0.0371524840593338","0.0371524840593338","0.0371524840593338","0.021155547350645065","0.021155547350645065","0.021155547350645065","0.022261809557676315","0.022261809557676315","0.022261809557676315","0.031479641795158386","0.031479641795158386","0.031479641795158386"
"290","0.02760162204504013","0.02760162204504013","0.02760162204504013","0.06481285393238068","0.06481285393238068","0.06481285393238068","0.0629810318350792","0.0629810318350792","0.0629810318350792","0.021509932354092598","0.021509932354092598","0.021509932354092598","0.022269822657108307","0.022269822657108307","0.022269822657108307","0.03372955322265625","0.03372955322265625","0.03372955322265625"
"300","0.05517540127038956","0.05517540127038956","0.05517540127038956","0.11055412143468857","0.11055412143468857","0.11055412143468857","0.1064353957772255","0.1064353957772255","0.1064353957772255","0.0877685546875","0.0877685546875","0.0877685546875","0.09323158860206604","0.09323158860206604","0.09323158860206604","0.10264472663402557","0.10264472663402557","0.10264472663402557"
"310","0.032135773450136185","0.032135773450136185","0.032135773450136185","0.06301651149988174","0.06301651149988174","0.06301651149988174","0.0659152939915657","0.0659152939915657","0.0659152939915657","0.021584318950772285","0.021584318950772285","0.021584318950772285","0.024444200098514557","0.024444200098514557","0.024444200098514557","0.03639373928308487","0.03639373928308487","0.03639373928308487"
"320","0.025736618787050247","0.025736618787050247","0.025736618787050247","0.11960525810718536","0.11960525810718536","0.11960525810718536","0.11844825744628906","0.11844825744628906","0.11844825744628906","0.1000240370631218","0.1000240370631218","0.1000240370631218","0.092340849339962","0.092340849339962","0.092340849339962","0.10339317470788956","0.10339317470788956","0.10339317470788956"
"330","0.13134117424488068","0.13134117424488068","0.13134117424488068","0.16976967453956604","0.16976967453956604","0.16976967453956604","0.16084709763526917","0.16084709763526917","0.16084709763526917","0.1751071959733963","0.1751071959733963","0.1751071959733963","0.10975074023008347","0.10975074023008347","0.10975074023008347","0.14014968276023865","0.14014968276023865","0.14014968276023865"
"340","0.04439735412597656","0.04439735412597656","0.04439735412597656","0.06073455512523651","0.06073455512523651","0.06073455512523651","0.059394072741270065","0.059394072741270065","0.059394072741270065","0.03778114169836044","0.03778114169836044","0.03778114169836044","0.04263496398925781","0.04263496398925781","0.04263496398925781","0.050596997141838074","0.050596997141838074","0.050596997141838074"
"350","0.03788719326257706","0.03788719326257706","0.03788719326257706","0.054256439208984375","0.054256439208984375","0.054256439208984375","0.052548982203006744","0.052548982203006744","0.052548982203006744","0.030324555933475494","0.030324555933475494","0.030324555933475494","0.03720893710851669","0.03720893710851669","0.03720893710851669","0.04376945644617081","0.04376945644617081","0.04376945644617081"
"360","0.04494361951947212","0.04494361951947212","0.04494361951947212","0.060861967504024506","0.060861967504024506","0.060861967504024506","0.05877876281738281","0.05877876281738281","0.05877876281738281","0.030942153185606003","0.030942153185606003","0.030942153185606003","0.033761218190193176","0.033761218190193176","0.033761218190193176","0.043154146522283554","0.043154146522283554","0.043154146522283554"
"370","0.03851203992962837","0.03851203992962837","0.03851203992962837","0.056119151413440704","0.056119151413440704","0.056119151413440704","0.05418205261230469","0.05418205261230469","0.05418205261230469","0.03469047695398331","0.03469047695398331","0.03469047695398331","0.03940887376666069","0.03940887376666069","0.03940887376666069","0.0472537986934185","0.0472537986934185","0.0472537986934185"
"380","0.04033241420984268","0.04033241420984268","0.04033241420984268","0.05632896348834038","0.05632896348834038","0.05632896348834038","0.05353126674890518","0.05353126674890518","0.05353126674890518","0.035402677953243256","0.035402677953243256","0.035402677953243256","0.04185371473431587","0.04185371473431587","0.04185371473431587","0.04856567829847336","0.04856567829847336","0.04856567829847336"
"390","0.04119262844324112","0.04119262844324112","0.04119262844324112","0.05988044664263725","0.05988044664263725","0.05988044664263725","0.055965423583984375","0.055965423583984375","0.055965423583984375","0.03641090542078018","0.03641090542078018","0.03641090542078018","0.04164734110236168","0.04164734110236168","0.04164734110236168","0.05033722147345543","0.05033722147345543","0.05033722147345543"
"400","0.04010162502527237","0.04010162502527237","0.04010162502527237","0.06513138115406036","0.06513138115406036","0.06513138115406036","0.0608089417219162","0.0608089417219162","0.0608089417219162","0.04037819057703018","0.04037819057703018","0.04037819057703018","0.04512214660644531","0.04512214660644531","0.04512214660644531","0.05480346828699112","0.05480346828699112","0.05480346828699112"
"410","0.06675872951745987","0.06675872951745987","0.06675872951745987","0.08997153490781784","0.08997153490781784","0.08997153490781784","0.08350906521081924","0.08350906521081924","0.08350906521081924","0.041304394602775574","0.041304394602775574","0.041304394602775574","0.07061805576086044","0.07061805576086044","0.07061805576086044","0.07835273444652557","0.07835273444652557","0.07835273444652557"
"420","0.11809234321117401","0.11809234321117401","0.11809234321117401","0.1375453919172287","0.1375453919172287","0.1375453919172287","0.13467177748680115","0.13467177748680115","0.13467177748680115","0.08833198249340057","0.08833198249340057","0.08833198249340057","0.12197799980640411","0.12197799980640411","0.12197799980640411","0.12966576218605042","0.12966576218605042","0.12966576218605042"
"430","0.05698051676154137","0.05698051676154137","0.05698051676154137","0.0780433639883995","0.0780433639883995","0.0780433639883995","0.07458877563476562","0.07458877563476562","0.07458877563476562","0.051042936742305756","0.051042936742305756","0.051042936742305756","0.06109924614429474","0.06109924614429474","0.06109924614429474","0.06835708022117615","0.06835708022117615","0.06835708022117615"
"440","0.04740447923541069","0.04740447923541069","0.04740447923541069","0.07018700242042542","0.07018700242042542","0.07018700242042542","0.06705589592456818","0.06705589592456818","0.06705589592456818","0.04730949178338051","0.04730949178338051","0.04730949178338051","0.05140113830566406","0.05140113830566406","0.05140113830566406","0.06042823940515518","0.06042823940515518","0.06042823940515518"
"450","0.05146293714642525","0.05146293714642525","0.05146293714642525","0.07545319199562073","0.07545319199562073","0.07545319199562073","0.07033500075340271","0.07033500075340271","0.07033500075340271","0.051889799535274506","0.051889799535274506","0.051889799535274506","0.057005688548088074","0.057005688548088074","0.057005688548088074","0.06454811245203018","0.06454811245203018","0.06454811245203018"
"460","0.05715560540556908","0.05715560540556908","0.05715560540556908","0.08143806457519531","0.08143806457519531","0.08143806457519531","0.08053436130285263","0.08053436130285263","0.08053436130285263","0.05739555507898331","0.05739555507898331","0.05739555507898331","0.06553955376148224","0.06553955376148224","0.06553955376148224","0.06817283481359482","0.06817283481359482","0.06817283481359482"
"470","0.05837287753820419","0.05837287753820419","0.05837287753820419","0.08159294724464417","0.08159294724464417","0.08159294724464417","0.08028450608253479","0.08028450608253479","0.08028450608253479","0.058446504175662994","0.058446504175662994","0.058446504175662994","0.06445274502038956","0.06445274502038956","0.06445274502038956","0.07230453193187714","0.07230453193187714","0.07230453193187714"
"480","0.05820617824792862","0.05820617824792862","0.05820617824792862","0.08256721496582031","0.08256721496582031","0.08256721496582031","0.0815303847193718","0.0815303847193718","0.0815303847193718","0.05985259637236595","0.05985259637236595","0.05985259637236595","0.06206474080681801","0.06206474080681801","0.06206474080681801","0.0699516236782074","0.0699516236782074","0.0699516236782074"
"490","0.05985641852021217","0.05985641852021217","0.05985641852021217","0.08254127949476242","0.08254127949476242","0.08254127949476242","0.0800224244594574","0.0800224244594574","0.0800224244594574","0.06153259053826332","0.06153259053826332","0.06153259053826332","0.06584739685058594","0.06584739685058594","0.06584739685058594","0.073938749730587","0.073938749730587","0.073938749730587"
"500","0.06570396572351456","0.06570396572351456","0.06570396572351456","0.08803367614746094","0.08803367614746094","0.08803367614746094","0.08572158962488174","0.08572158962488174","0.08572158962488174","0.06561660766601562","0.06561660766601562","0.06561660766601562","0.07105827331542969","0.07105827331542969","0.07105827331542969","0.07978972792625427","0.07978972792625427","0.07978972792625427"
"510","0.06809958815574646","0.06809958815574646","0.06809958815574646","0.09054870903491974","0.09054870903491974","0.09054870903491974","0.08737945556640625","0.08737945556640625","0.08737945556640625","0.06797218322753906","0.06797218322753906","0.06797218322753906","0.0728481262922287","0.0728481262922287","0.0728481262922287","0.08056679368019104","0.08056679368019104","0.08056679368019104"
"520","0.07216567546129227","0.07216567546129227","0.07216567546129227","0.09900283813476562","0.09900283813476562","0.09900283813476562","0.09924010932445526","0.09924010932445526","0.09924010932445526","0.07837143540382385","0.07837143540382385","0.07837143540382385","0.08520889282226562","0.08520889282226562","0.08520889282226562","0.09253693372011185","0.09253693372011185","0.09253693372011185"
"530","0.07879676669836044","0.07879676669836044","0.07879676669836044","0.10036582499742508","0.10036582499742508","0.10036582499742508","0.10131072998046875","0.10131072998046875","0.10131072998046875","0.07817573845386505","0.07817573845386505","0.07817573845386505","0.08499450981616974","0.08499450981616974","0.08499450981616974","0.09537772834300995","0.09537772834300995","0.09537772834300995"
"540","0.0728534683585167","0.0728534683585167","0.0728534683585167","0.09494094550609589","0.09494094550609589","0.09494094550609589","0.09673232585191727","0.09673232585191727","0.09673232585191727","0.07413367927074432","0.07413367927074432","0.07413367927074432","0.0806068480014801","0.0806068480014801","0.0806068480014801","0.09158210456371307","0.09158210456371307","0.09158210456371307"
"550","0.13251151144504547","0.13251151144504547","0.13251151144504547","0.21190567314624786","0.21190567314624786","0.21190567314624786","0.20928116142749786","0.20928116142749786","0.20928116142749786","0.1889781951904297","0.1889781951904297","0.1889781951904297","0.19305534660816193","0.19305534660816193","0.19305534660816193","0.2046840637922287","0.2046840637922287","0.2046840637922287"
"560","0.06882362067699432","0.06882362067699432","0.06882362067699432","0.10546912997961044","0.10546912997961044","0.10546912997961044","0.11310309916734695","0.11310309916734695","0.11310309916734695","0.08502350002527237","0.08502350002527237","0.08502350002527237","0.09424896538257599","0.09424896538257599","0.09424896538257599","0.1089782789349556","0.1089782789349556","0.1089782789349556"
"570","0.06958846747875214","0.06958846747875214","0.06958846747875214","0.095733642578125","0.095733642578125","0.095733642578125","0.09686851501464844","0.09686851501464844","0.09686851501464844","0.0747169479727745","0.0747169479727745","0.0747169479727745","0.08017387241125107","0.08017387241125107","0.08017387241125107","0.0916721373796463","0.0916721373796463","0.0916721373796463"
"580","0.15724410116672516","0.15724410116672516","0.15724410116672516","0.18592338263988495","0.18592338263988495","0.18592338263988495","0.1881309449672699","0.1881309449672699","0.1881309449672699","0.16413269937038422","0.16413269937038422","0.16413269937038422","0.17182311415672302","0.17182311415672302","0.17182311415672302","0.18163108825683594","0.18163108825683594","0.18163108825683594"
"590","0.08083190768957138","0.08083190768957138","0.08083190768957138","0.1083446517586708","0.1083446517586708","0.1083446517586708","0.10822944343090057","0.10822944343090057","0.10822944343090057","0.08470992743968964","0.08470992743968964","0.08470992743968964","0.09153938293457031","0.09153938293457031","0.09153938293457031","0.10353775322437286","0.10353775322437286","0.10353775322437286"
"600","0.26524314284324646","0.26524314284324646","0.26524314284324646","0.29022446274757385","0.29022446274757385","0.29022446274757385","0.2895317077636719","0.2895317077636719","0.2895317077636719","0.26933059096336365","0.26933059096336365","0.26933059096336365","0.272848516702652","0.272848516702652","0.272848516702652","0.28575897216796875","0.28575897216796875","0.28575897216796875"
"610","0.1799854189157486","0.1799854189157486","0.1799854189157486","0.20703506469726562","0.20703506469726562","0.20703506469726562","0.20704880356788635","0.20704880356788635","0.20704880356788635","0.18572233617305756","0.18572233617305756","0.18572233617305756","0.1887386441230774","0.1887386441230774","0.1887386441230774","0.20379029214382172","0.20379029214382172","0.20379029214382172"
"620","0.08817672729492188","0.08817672729492188","0.08817672729492188","0.11568565666675568","0.11568565666675568","0.11568565666675568","0.11668091267347336","0.11668091267347336","0.11668091267347336","0.09339866042137146","0.09339866042137146","0.09339866042137146","0.09745942056179047","0.09745942056179047","0.09745942056179047","0.11196289211511612","0.11196289211511612","0.11196289211511612"
"630","0.08896483480930328","0.08896483480930328","0.08896483480930328","0.11465683579444885","0.11465683579444885","0.11465683579444885","0.11665572971105576","0.11665572971105576","0.11665572971105576","0.09323616325855255","0.09323616325855255","0.09323616325855255","0.09816054999828339","0.09816054999828339","0.09816054999828339","0.11061973869800568","0.11061973869800568","0.11061973869800568"
"640","0.10523528605699539","0.10523528605699539","0.10523528605699539","0.13312263786792755","0.13312263786792755","0.13312263786792755","0.13445739448070526","0.13445739448070526","0.13445739448070526","0.1097843199968338","0.1097843199968338","0.1097843199968338","0.11552353203296661","0.11552353203296661","0.11552353203296661","0.12889213860034943","0.12889213860034943","0.12889213860034943"
"650","0.09772338718175888","0.09772338718175888","0.09772338718175888","0.1279071867465973","0.1279071867465973","0.1279071867465973","0.1293540894985199","0.1293540894985199","0.1293540894985199","0.10391311347484589","0.10391311347484589","0.10391311347484589","0.10894851386547089","0.10894851386547089","0.10894851386547089","0.1232398971915245","0.1232398971915245","0.1232398971915245"
"660","0.09273490309715271","0.09273490309715271","0.09273490309715271","0.12177085876464844","0.12177085876464844","0.12177085876464844","0.122467041015625","0.122467041015625","0.122467041015625","0.10017547756433487","0.10017547756433487","0.10017547756433487","0.10422973334789276","0.10422973334789276","0.10422973334789276","0.1179172545671463","0.1179172545671463","0.1179172545671463"
"670","0.09975738078355789","0.09975738078355789","0.09975738078355789","0.13196220993995667","0.13196220993995667","0.13196220993995667","0.1315746307373047","0.1315746307373047","0.1315746307373047","0.10759124159812927","0.10759124159812927","0.10759124159812927","0.11236687004566193","0.11236687004566193","0.11236687004566193","0.12680703401565552","0.12680703401565552","0.12680703401565552"
"680","0.10347786545753479","0.10347786545753479","0.10347786545753479","0.134417325258255","0.134417325258255","0.134417325258255","0.1347583830356598","0.1347583830356598","0.1347583830356598","0.11008910834789276","0.11008910834789276","0.11008910834789276","0.11334648728370667","0.11334648728370667","0.11334648728370667","0.12989310920238495","0.12989310920238495","0.12989310920238495"
"690","0.1045764908194542","0.1045764908194542","0.1045764908194542","0.1388927400112152","0.1388927400112152","0.1388927400112152","0.13764458894729614","0.13764458894729614","0.13764458894729614","0.11213530600070953","0.11213530600070953","0.11213530600070953","0.11542510986328125","0.11542510986328125","0.11542510986328125","0.1323745846748352","0.1323745846748352","0.1323745846748352"
"700","0.111394502222538","0.111394502222538","0.111394502222538","0.14844627678394318","0.14844627678394318","0.14844627678394318","0.14661140739917755","0.14661140739917755","0.14661140739917755","0.12133827805519104","0.12133827805519104","0.12133827805519104","0.12486915290355682","0.12486915290355682","0.12486915290355682","0.13992920517921448","0.13992920517921448","0.13992920517921448"
"710","0.11301498115062714","0.11301498115062714","0.11301498115062714","0.1527656614780426","0.1527656614780426","0.1527656614780426","0.15085944533348083","0.15085944533348083","0.15085944533348083","0.122894287109375","0.122894287109375","0.122894287109375","0.12802085280418396","0.12802085280418396","0.12802085280418396","0.14443588256835938","0.14443588256835938","0.14443588256835938"
"720","0.11202926933765411","0.11202926933765411","0.11202926933765411","0.14842072129249573","0.14842072129249573","0.14842072129249573","0.14755591750144958","0.14755591750144958","0.14755591750144958","0.12124061584472656","0.12124061584472656","0.12124061584472656","0.12593574821949005","0.12593574821949005","0.12593574821949005","0.14110717177391052","0.14110717177391052","0.14110717177391052"
"730","0.11557959765195847","0.11557959765195847","0.11557959765195847","0.15952034294605255","0.15952034294605255","0.15952034294605255","0.15713615715503693","0.15713615715503693","0.15713615715503693","0.12430457770824432","0.12430457770824432","0.12430457770824432","0.12842902541160583","0.12842902541160583","0.12842902541160583","0.14689558744430542","0.14689558744430542","0.14689558744430542"
"740","0.13016052544116974","0.13016052544116974","0.13016052544116974","0.18405532836914062","0.18405532836914062","0.18405532836914062","0.1834636628627777","0.1834636628627777","0.1834636628627777","0.14044609665870667","0.14044609665870667","0.14044609665870667","0.14438360929489136","0.14438360929489136","0.14438360929489136","0.16795577108860016","0.16795577108860016","0.16795577108860016"
"750","0.12746086716651917","0.12746086716651917","0.12746086716651917","0.16423416137695312","0.16423416137695312","0.16423416137695312","0.1634548157453537","0.1634548157453537","0.1634548157453537","0.13509750366210938","0.13509750366210938","0.13509750366210938","0.13761024177074432","0.13761024177074432","0.13761024177074432","0.15430337190628052","0.15430337190628052","0.15430337190628052"
"760","0.18401870131492615","0.18401870131492615","0.18401870131492615","0.22567519545555115","0.22567519545555115","0.22567519545555115","0.22572936117649078","0.22572936117649078","0.22572936117649078","0.19262315332889557","0.19262315332889557","0.19262315332889557","0.19371184706687927","0.19371184706687927","0.19371184706687927","0.21448442339897156","0.21448442339897156","0.21448442339897156"
"770","0.17852897942066193","0.17852897942066193","0.17852897942066193","0.224497988820076","0.224497988820076","0.224497988820076","0.22381018102169037","0.22381018102169037","0.22381018102169037","0.19058266282081604","0.19058266282081604","0.19058266282081604","0.19257622957229614","0.19257622957229614","0.19257622957229614","0.2128952145576477","0.2128952145576477","0.2128952145576477"
"780","0.12954941391944885","0.12954941391944885","0.12954941391944885","0.18415069580078125","0.18415069580078125","0.18415069580078125","0.18384666740894318","0.18384666740894318","0.18384666740894318","0.144572451710701","0.144572451710701","0.144572451710701","0.14601288735866547","0.14601288735866547","0.14601288735866547","0.17283400893211365","0.17283400893211365","0.17283400893211365"
"790","0.21218834817409515","0.21218834817409515","0.21218834817409515","0.2625407874584198","0.2625407874584198","0.2625407874584198","0.2584854066371918","0.2584854066371918","0.2584854066371918","0.22612380981445312","0.22612380981445312","0.22612380981445312","0.22560882568359375","0.22560882568359375","0.22560882568359375","0.2511482238769531","0.2511482238769531","0.2511482238769531"
"800","0.3231353759765625","0.3231353759765625","0.3231353759765625","0.3884544372558594","0.3884544372558594","0.3884544372558594","0.3872509002685547","0.3872509002685547","0.3872509002685547","0.3565341830253601","0.3565341830253601","0.3565341830253601","0.35345420241355896","0.35345420241355896","0.35345420241355896","0.37927475571632385","0.37927475571632385","0.37927475571632385"
"810","0.1718040406703949","0.1718040406703949","0.1718040406703949","0.22673073410987854","0.22673073410987854","0.22673073410987854","0.2256919890642166","0.2256919890642166","0.2256919890642166","0.18807409703731537","0.18807409703731537","0.18807409703731537","0.19072571396827698","0.19072571396827698","0.19072571396827698","0.21659699082374573","0.21659699082374573","0.21659699082374573"
"820","0.15498733520507812","0.15498733520507812","0.15498733520507812","0.21333885192871094","0.21333885192871094","0.21333885192871094","0.21194076538085938","0.21194076538085938","0.21194076538085938","0.17015495896339417","0.17015495896339417","0.17015495896339417","0.174479678273201","0.174479678273201","0.174479678273201","0.2032032012939453","0.2032032012939453","0.2032032012939453"
"830","0.22947464883327484","0.22947464883327484","0.22947464883327484","0.2855644226074219","0.2855644226074219","0.2855644226074219","0.28412550687789917","0.28412550687789917","0.28412550687789917","0.24283714592456818","0.24283714592456818","0.24283714592456818","0.2469043731689453","0.2469043731689453","0.2469043731689453","0.2747936248779297","0.2747936248779297","0.2747936248779297"
"840","0.13885992765426636","0.13885992765426636","0.13885992765426636","0.19553223252296448","0.19553223252296448","0.19553223252296448","0.19584961235523224","0.19584961235523224","0.19584961235523224","0.15579605102539062","0.15579605102539062","0.15579605102539062","0.159535214304924","0.159535214304924","0.159535214304924","0.18534012138843536","0.18534012138843536","0.18534012138843536"
"850","0.145263671875","0.145263671875","0.145263671875","0.21025657653808594","0.21025657653808594","0.21025657653808594","0.21041107177734375","0.21041107177734375","0.21041107177734375","0.165130615234375","0.165130615234375","0.165130615234375","0.16922150552272797","0.16922150552272797","0.16922150552272797","0.19973143935203552","0.19973143935203552","0.19973143935203552"
"860","0.14327086508274078","0.14327086508274078","0.14327086508274078","0.20641136169433594","0.20641136169433594","0.20641136169433594","0.20651856064796448","0.20651856064796448","0.20651856064796448","0.1631317138671875","0.1631317138671875","0.1631317138671875","0.16805648803710938","0.16805648803710938","0.16805648803710938","0.19871139526367188","0.19871139526367188","0.19871139526367188"
"870","0.1546604037284851","0.1546604037284851","0.1546604037284851","0.21569328010082245","0.21569328010082245","0.21569328010082245","0.216664120554924","0.216664120554924","0.216664120554924","0.17544326186180115","0.17544326186180115","0.17544326186180115","0.1797512173652649","0.1797512173652649","0.1797512173652649","0.20823784172534943","0.20823784172534943","0.20823784172534943"
"880","0.18604165315628052","0.18604165315628052","0.18604165315628052","0.246806338429451","0.246806338429451","0.246806338429451","0.24827614426612854","0.24827614426612854","0.24827614426612854","0.20749014616012573","0.20749014616012573","0.20749014616012573","0.21352729201316833","0.21352729201316833","0.21352729201316833","0.2388134002685547","0.2388134002685547","0.2388134002685547"
"890","0.15587463974952698","0.15587463974952698","0.15587463974952698","0.2185615450143814","0.2185615450143814","0.2185615450143814","0.2204994112253189","0.2204994112253189","0.2204994112253189","0.17938461899757385","0.17938461899757385","0.17938461899757385","0.1846565306186676","0.1846565306186676","0.1846565306186676","0.21215364336967468","0.21215364336967468","0.21215364336967468"
"900","0.1998729705810547","0.1998729705810547","0.1998729705810547","0.26036033034324646","0.26036033034324646","0.26036033034324646","0.25958749651908875","0.25958749651908875","0.25958749651908875","0.2215747833251953","0.2215747833251953","0.2215747833251953","0.22672384977340698","0.22672384977340698","0.22672384977340698","0.25366097688674927","0.25366097688674927","0.25366097688674927"
"910","0.1689506471157074","0.1689506471157074","0.1689506471157074","0.2321910858154297","0.2321910858154297","0.2321910858154297","0.23198050260543823","0.23198050260543823","0.23198050260543823","0.1956409513950348","0.1956409513950348","0.1956409513950348","0.19979362189769745","0.19979362189769745","0.19979362189769745","0.2253257781267166","0.2253257781267166","0.2253257781267166"
"920","0.17201806604862213","0.17201806604862213","0.17201806604862213","0.2279975861310959","0.2279975861310959","0.2279975861310959","0.22923356294631958","0.22923356294631958","0.22923356294631958","0.19476622343063354","0.19476622343063354","0.19476622343063354","0.19915008544921875","0.19915008544921875","0.19915008544921875","0.22316017746925354","0.22316017746925354","0.22316017746925354"
"930","0.18337859213352203","0.18337859213352203","0.18337859213352203","0.24087867140769958","0.24087867140769958","0.24087867140769958","0.24243813753128052","0.24243813753128052","0.24243813753128052","0.2080124020576477","0.2080124020576477","0.2080124020576477","0.2126007080078125","0.2126007080078125","0.2126007080078125","0.2354717254638672","0.2354717254638672","0.2354717254638672"
"940","0.1768592745065689","0.1768592745065689","0.1768592745065689","0.2338966429233551","0.2338966429233551","0.2338966429233551","0.23305359482765198","0.23305359482765198","0.23305359482765198","0.19989585876464844","0.19989585876464844","0.19989585876464844","0.20282554626464844","0.20282554626464844","0.20282554626464844","0.22751349210739136","0.22751349210739136","0.22751349210739136"
"950","0.21285057067871094","0.21285057067871094","0.21285057067871094","0.2678466737270355","0.2678466737270355","0.2678466737270355","0.27008703351020813","0.27008703351020813","0.27008703351020813","0.2317405641078949","0.2317405641078949","0.2317405641078949","0.23768578469753265","0.23768578469753265","0.23768578469753265","0.26019781827926636","0.26019781827926636","0.26019781827926636"
"960","0.18188056349754333","0.18188056349754333","0.18188056349754333","0.23719939589500427","0.23719939589500427","0.23719939589500427","0.23816260695457458","0.23816260695457458","0.23816260695457458","0.20178794860839844","0.20178794860839844","0.20178794860839844","0.20374107360839844","0.20374107360839844","0.20374107360839844","0.232716366648674","0.232716366648674","0.232716366648674"
"970","0.1909797638654709","0.1909797638654709","0.1909797638654709","0.24988976120948792","0.24988976120948792","0.24988976120948792","0.24884948134422302","0.24884948134422302","0.24884948134422302","0.21270333230495453","0.21270333230495453","0.21270333230495453","0.21630629897117615","0.21630629897117615","0.21630629897117615","0.2429790496826172","0.2429790496826172","0.2429790496826172"
"980","0.19071121513843536","0.19071121513843536","0.19071121513843536","0.24350547790527344","0.24350547790527344","0.24350547790527344","0.24474221467971802","0.24474221467971802","0.24474221467971802","0.210113525390625","0.210113525390625","0.210113525390625","0.2144119292497635","0.2144119292497635","0.2144119292497635","0.23892097175121307","0.23892097175121307","0.23892097175121307"
"990","0.21751518547534943","0.21751518547534943","0.21751518547534943","0.26486435532569885","0.26486435532569885","0.26486435532569885","0.2671111822128296","0.2671111822128296","0.2671111822128296","0.23658141493797302","0.23658141493797302","0.23658141493797302","0.23784485459327698","0.23784485459327698","0.23784485459327698","0.2614738345146179","0.2614738345146179","0.2614738345146179"
"1000","0.2635048031806946","0.2635048031806946","0.2635048031806946","0.30881309509277344","0.30881309509277344","0.30881309509277344","0.3097454011440277","0.3097454011440277","0.3097454011440277","0.2800937592983246","0.2800937592983246","0.2800937592983246","0.2838699221611023","0.2838699221611023","0.2838699221611023","0.3047286868095398","0.3047286868095398","0.3047286868095398"
"1010","0.21251145005226135","0.21251145005226135","0.21251145005226135","0.263140469789505","0.263140469789505","0.263140469789505","0.26420900225639343","0.26420900225639343","0.26420900225639343","0.23185309767723083","0.23185309767723083","0.23185309767723083","0.2363514006137848","0.2363514006137848","0.2363514006137848","0.25885009765625","0.25885009765625","0.25885009765625"
"1020","0.2875850796699524","0.2875850796699524","0.2875850796699524","0.3288509249687195","0.3288509249687195","0.3288509249687195","0.32931673526763916","0.32931673526763916","0.32931673526763916","0.3023696839809418","0.3023696839809418","0.3023696839809418","0.306069940328598","0.306069940328598","0.306069940328598","0.3225822448730469","0.3225822448730469","0.3225822448730469"
"1030","0.20848311483860016","0.20848311483860016","0.20848311483860016","0.2507953643798828","0.2507953643798828","0.2507953643798828","0.2522907257080078","0.2522907257080078","0.2522907257080078","0.22501373291015625","0.22501373291015625","0.22501373291015625","0.22829589247703552","0.22829589247703552","0.22829589247703552","0.2473926544189453","0.2473926544189453","0.2473926544189453"
"1040","0.2965068817138672","0.2965068817138672","0.2965068817138672","0.33511123061180115","0.33511123061180115","0.33511123061180115","0.3371421694755554","0.3371421694755554","0.3371421694755554","0.3114562928676605","0.3114562928676605","0.3114562928676605","0.31409910321235657","0.31409910321235657","0.31409910321235657","0.3314208984375","0.3314208984375","0.3314208984375"
"1050","0.22444382309913635","0.22444382309913635","0.22444382309913635","0.2649978697299957","0.2649978697299957","0.2649978697299957","0.2660663425922394","0.2660663425922394","0.2660663425922394","0.24032363295555115","0.24032363295555115","0.24032363295555115","0.24136923253536224","0.24136923253536224","0.24136923253536224","0.2600356936454773","0.2600356936454773","0.2600356936454773"
"1060","0.22864875197410583","0.22864875197410583","0.22864875197410583","0.2711856961250305","0.2711856961250305","0.2711856961250305","0.2714267671108246","0.2714267671108246","0.2714267671108246","0.24556580185890198","0.24556580185890198","0.24556580185890198","0.24736137688159943","0.24736137688159943","0.24736137688159943","0.26617127656936646","0.26617127656936646","0.26617127656936646"
"1070","0.22185134887695312","0.22185134887695312","0.22185134887695312","0.2602275609970093","0.2602275609970093","0.2602275609970093","0.2596668004989624","0.2596668004989624","0.2596668004989624","0.23461303114891052","0.23461303114891052","0.23461303114891052","0.2357528805732727","0.2357528805732727","0.2357528805732727","0.2545032501220703","0.2545032501220703","0.2545032501220703"
"1080","0.2269081026315689","0.2269081026315689","0.2269081026315689","0.26457977294921875","0.26457977294921875","0.26457977294921875","0.2657485902309418","0.2657485902309418","0.2657485902309418","0.2397128939628601","0.2397128939628601","0.2397128939628601","0.24297943711280823","0.24297943711280823","0.24297943711280823","0.25931471586227417","0.25931471586227417","0.25931471586227417"
"1090","0.23719100654125214","0.23719100654125214","0.23719100654125214","0.2770339846611023","0.2770339846611023","0.2770339846611023","0.27651864290237427","0.27651864290237427","0.27651864290237427","0.25161057710647583","0.25161057710647583","0.25161057710647583","0.2552204132080078","0.2552204132080078","0.2552204132080078","0.2717060148715973","0.2717060148715973","0.2717060148715973"
"1100","0.2528800964355469","0.2528800964355469","0.2528800964355469","0.2894447445869446","0.2894447445869446","0.2894447445869446","0.2905139923095703","0.2905139923095703","0.2905139923095703","0.2690528929233551","0.2690528929233551","0.2690528929233551","0.2681694030761719","0.2681694030761719","0.2681694030761719","0.28476637601852417","0.28476637601852417","0.28476637601852417"
"1110","0.2495262324810028","0.2495262324810028","0.2495262324810028","0.28624382615089417","0.28624382615089417","0.28624382615089417","0.28607407212257385","0.28607407212257385","0.28607407212257385","0.26466524600982666","0.26466524600982666","0.26466524600982666","0.26300889253616333","0.26300889253616333","0.26300889253616333","0.28240320086479187","0.28240320086479187","0.28240320086479187"
"1120","0.29098549485206604","0.29098549485206604","0.29098549485206604","0.32833558320999146","0.32833558320999146","0.32833558320999146","0.32848092913627625","0.32848092913627625","0.32848092913627625","0.30420035123825073","0.30420035123825073","0.30420035123825073","0.3071712553501129","0.3071712553501129","0.3071712553501129","0.3243449926376343","0.3243449926376343","0.3243449926376343"
"1130","0.23660393059253693","0.23660393059253693","0.23660393059253693","0.2705013155937195","0.2705013155937195","0.2705013155937195","0.27039068937301636","0.27039068937301636","0.27039068937301636","0.24643060564994812","0.24643060564994812","0.24643060564994812","0.25164568424224854","0.25164568424224854","0.25164568424224854","0.2644573152065277","0.2644573152065277","0.2644573152065277"
"1140","0.24638977646827698","0.24638977646827698","0.24638977646827698","0.2807087302207947","0.2807087302207947","0.2807087302207947","0.28187599778175354","0.28187599778175354","0.28187599778175354","0.25857239961624146","0.25857239961624146","0.25857239961624146","0.2618640959262848","0.2618640959262848","0.2618640959262848","0.27713584899902344","0.27713584899902344","0.27713584899902344"
"1150","0.24706803262233734","0.24706803262233734","0.24706803262233734","0.28166961669921875","0.28166961669921875","0.28166961669921875","0.28258246183395386","0.28258246183395386","0.28258246183395386","0.2603427767753601","0.2603427767753601","0.2603427767753601","0.26242902874946594","0.26242902874946594","0.26242902874946594","0.27843743562698364","0.27843743562698364","0.27843743562698364"
"1160","0.3221778869628906","0.3221778869628906","0.3221778869628906","0.3535083532333374","0.3535083532333374","0.3535083532333374","0.34341466426849365","0.34341466426849365","0.34341466426849365","0.33242642879486084","0.33242642879486084","0.33242642879486084","0.33624041080474854","0.33624041080474854","0.33624041080474854","0.34931832551956177","0.34931832551956177","0.34931832551956177"
"1170","0.25142669677734375","0.25142669677734375","0.25142669677734375","0.2834327816963196","0.2834327816963196","0.2834327816963196","0.28279876708984375","0.28279876708984375","0.28279876708984375","0.2620677947998047","0.2620677947998047","0.2620677947998047","0.2652244567871094","0.2652244567871094","0.2652244567871094","0.27992019057273865","0.27992019057273865","0.27992019057273865"
"1180","0.3440723419189453","0.3440723419189453","0.3440723419189453","0.37442970275878906","0.37442970275878906","0.37442970275878906","0.3459892272949219","0.3459892272949219","0.3459892272949219","0.3527114987373352","0.3527114987373352","0.3527114987373352","0.35715749859809875","0.35715749859809875","0.35715749859809875","0.37053337693214417","0.37053337693214417","0.37053337693214417"
"1190","0.32341310381889343","0.32341310381889343","0.32341310381889343","0.3507370352745056","0.3507370352745056","0.3507370352745056","0.32097548246383667","0.32097548246383667","0.32097548246383667","0.33043479919433594","0.33043479919433594","0.33043479919433594","0.3358653783798218","0.3358653783798218","0.3358653783798218","0.3487716615200043","0.3487716615200043","0.3487716615200043"
"1200","0.32136231660842896","0.32136231660842896","0.32136231660842896","0.34975242614746094","0.34975242614746094","0.34975242614746094","0.34526634216308594","0.34526634216308594","0.34526634216308594","0.33005601167678833","0.33005601167678833","0.33005601167678833","0.3338596522808075","0.3338596522808075","0.3338596522808075","0.3458404541015625","0.3458404541015625","0.3458404541015625"
"1210","0.2623310089111328","0.2623310089111328","0.2623310089111328","0.29211464524269104","0.29211464524269104","0.29211464524269104","0.28950995206832886","0.28950995206832886","0.28950995206832886","0.2727149724960327","0.2727149724960327","0.2727149724960327","0.27556878328323364","0.27556878328323364","0.27556878328323364","0.28784334659576416","0.28784334659576416","0.28784334659576416"
"1220","0.2814468443393707","0.2814468443393707","0.2814468443393707","0.31066322326660156","0.31066322326660156","0.31066322326660156","0.3082748353481293","0.3082748353481293","0.3082748353481293","0.29252737760543823","0.29252737760543823","0.29252737760543823","0.29226112365722656","0.29226112365722656","0.29226112365722656","0.3066181242465973","0.3066181242465973","0.3066181242465973"
"1230","0.4659549593925476","0.4659549593925476","0.4659549593925476","0.486812949180603","0.486812949180603","0.486812949180603","0.4854774475097656","0.4854774475097656","0.4854774475097656","0.47376593947410583","0.47376593947410583","0.47376593947410583","0.47373732924461365","0.47373732924461365","0.47373732924461365","0.48349839448928833","0.48349839448928833","0.48349839448928833"
"1240","0.2600444555282593","0.2600444555282593","0.2600444555282593","0.28710100054740906","0.28710100054740906","0.28710100054740906","0.28758659958839417","0.28758659958839417","0.28758659958839417","0.2698562741279602","0.2698562741279602","0.2698562741279602","0.27111703157424927","0.27111703157424927","0.27111703157424927","0.2826736271381378","0.2826736271381378","0.2826736271381378"
"1250","0.3326309025287628","0.3326309025287628","0.3326309025287628","0.35534781217575073","0.35534781217575073","0.35534781217575073","0.355752557516098","0.355752557516098","0.355752557516098","0.34032249450683594","0.34032249450683594","0.34032249450683594","0.34094393253326416","0.34094393253326416","0.34094393253326416","0.3527427613735199","0.3527427613735199","0.3527427613735199"
"1260","0.25287705659866333","0.25287705659866333","0.25287705659866333","0.2785499691963196","0.2785499691963196","0.2785499691963196","0.2785778045654297","0.2785778045654297","0.2785778045654297","0.26203233003616333","0.26203233003616333","0.26203233003616333","0.2637912631034851","0.2637912631034851","0.2637912631034851","0.2759460508823395","0.2759460508823395","0.2759460508823395"
"1270","0.27688294649124146","0.27688294649124146","0.27688294649124146","0.3066036105155945","0.3066036105155945","0.3066036105155945","0.30577772855758667","0.30577772855758667","0.30577772855758667","0.2871795892715454","0.2871795892715454","0.2871795892715454","0.28906670212745667","0.28906670212745667","0.28906670212745667","0.3022445738315582","0.3022445738315582","0.3022445738315582"
"1280","0.2703876495361328","0.2703876495361328","0.2703876495361328","0.29825058579444885","0.29825058579444885","0.29825058579444885","0.29735830426216125","0.29735830426216125","0.29735830426216125","0.2787429690361023","0.2787429690361023","0.2787429690361023","0.2816241979598999","0.2816241979598999","0.2816241979598999","0.2935020327568054","0.2935020327568054","0.2935020327568054"
"1290","0.3482478857040405","0.3482478857040405","0.3482478857040405","0.37243765592575073","0.37243765592575073","0.37243765592575073","0.3718219995498657","0.3718219995498657","0.3718219995498657","0.35593417286872864","0.35593417286872864","0.35593417286872864","0.3589019775390625","0.3589019775390625","0.3589019775390625","0.3690265715122223","0.3690265715122223","0.3690265715122223"
"1300","0.27112579345703125","0.27112579345703125","0.27112579345703125","0.29992830753326416","0.29992830753326416","0.29992830753326416","0.30332183837890625","0.30332183837890625","0.30332183837890625","0.279702365398407","0.279702365398407","0.279702365398407","0.28238144516944885","0.28238144516944885","0.28238144516944885","0.29933813214302063","0.29933813214302063","0.29933813214302063"
"1310","0.3547371029853821","0.3547371029853821","0.3547371029853821","0.3796977996826172","0.3796977996826172","0.3796977996826172","0.3795264959335327","0.3795264959335327","0.3795264959335327","0.36533433198928833","0.36533433198928833","0.36533433198928833","0.36602210998535156","0.36602210998535156","0.36602210998535156","0.3778964877128601","0.3778964877128601","0.3778964877128601"
"1320","0.2651199400424957","0.2651199400424957","0.2651199400424957","0.28968772292137146","0.28968772292137146","0.28968772292137146","0.28988152742385864","0.28988152742385864","0.28988152742385864","0.2753566801548004","0.2753566801548004","0.2753566801548004","0.27472686767578125","0.27472686767578125","0.27472686767578125","0.28765982389450073","0.28765982389450073","0.28765982389450073"
"1330","0.29801902174949646","0.29801902174949646","0.29801902174949646","0.32399749755859375","0.32399749755859375","0.32399749755859375","0.3222621977329254","0.3222621977329254","0.3222621977329254","0.3066943883895874","0.3066943883895874","0.3066943883895874","0.3085136413574219","0.3085136413574219","0.3085136413574219","0.3209373354911804","0.3209373354911804","0.3209373354911804"
"1340","0.28463324904441833","0.28463324904441833","0.28463324904441833","0.30885201692581177","0.30885201692581177","0.30885201692581177","0.3079284429550171","0.3079284429550171","0.3079284429550171","0.2947548031806946","0.2947548031806946","0.2947548031806946","0.29410475492477417","0.29410475492477417","0.29410475492477417","0.3042682409286499","0.3042682409286499","0.3042682409286499"
"1350","0.2658153474330902","0.2658153474330902","0.2658153474330902","0.2866455018520355","0.2866455018520355","0.2866455018520355","0.28816717863082886","0.28816717863082886","0.28816717863082886","0.2738479673862457","0.2738479673862457","0.2738479673862457","0.27381476759910583","0.27381476759910583","0.27381476759910583","0.2848750948905945","0.2848750948905945","0.2848750948905945"
"1360","0.31223830580711365","0.31223830580711365","0.31223830580711365","0.32860299944877625","0.32860299944877625","0.32860299944877625","0.32940673828125","0.32940673828125","0.32940673828125","0.31799277663230896","0.31799277663230896","0.31799277663230896","0.31832313537597656","0.31832313537597656","0.31832313537597656","0.32683029770851135","0.32683029770851135","0.32683029770851135"
"1370","0.2526252865791321","0.2526252865791321","0.2526252865791321","0.2724033296108246","0.2724033296108246","0.2724033296108246","0.27208787202835083","0.27208787202835083","0.27208787202835083","0.2580684721469879","0.2580684721469879","0.2580684721469879","0.2600986361503601","0.2600986361503601","0.2600986361503601","0.2697612941265106","0.2697612941265106","0.2697612941265106"
"1380","0.3513473570346832","0.3513473570346832","0.3513473570346832","0.3703243136405945","0.3703243136405945","0.3703243136405945","0.3702632784843445","0.3702632784843445","0.3702632784843445","0.35752221941947937","0.35752221941947937","0.35752221941947937","0.3587326109409332","0.3587326109409332","0.3587326109409332","0.36791038513183594","0.36791038513183594","0.36791038513183594"
"1390","0.3010272979736328","0.3010272979736328","0.3010272979736328","0.3210342526435852","0.3210342526435852","0.3210342526435852","0.32188719511032104","0.32188719511032104","0.32188719511032104","0.3082336485385895","0.3082336485385895","0.3082336485385895","0.30706024169921875","0.30706024169921875","0.30706024169921875","0.3190631866455078","0.3190631866455078","0.3190631866455078"
"1400","0.3629257082939148","0.3629257082939148","0.3629257082939148","0.38074684143066406","0.38074684143066406","0.38074684143066406","0.3821552097797394","0.3821552097797394","0.3821552097797394","0.370352566242218","0.370352566242218","0.370352566242218","0.36790692806243896","0.36790692806243896","0.36790692806243896","0.3806087374687195","0.3806087374687195","0.3806087374687195"
"1410","0.35077589750289917","0.35077589750289917","0.35077589750289917","0.3705066442489624","0.3705066442489624","0.3705066442489624","0.37074586749076843","0.37074586749076843","0.37074586749076843","0.3585342466831207","0.3585342466831207","0.3585342466831207","0.3458564877510071","0.3458564877510071","0.3458564877510071","0.36833345890045166","0.36833345890045166","0.36833345890045166"
"1420","0.29877814650535583","0.29877814650535583","0.29877814650535583","0.31893157958984375","0.31893157958984375","0.31893157958984375","0.31891632080078125","0.31891632080078125","0.31891632080078125","0.3057152032852173","0.3057152032852173","0.3057152032852173","0.3034606873989105","0.3034606873989105","0.3034606873989105","0.31611597537994385","0.31611597537994385","0.31611597537994385"
"1430","0.28071364760398865","0.28071364760398865","0.28071364760398865","0.30067482590675354","0.30067482590675354","0.30067482590675354","0.30111199617385864","0.30111199617385864","0.30111199617385864","0.2882324457168579","0.2882324457168579","0.2882324457168579","0.2878352999687195","0.2878352999687195","0.2878352999687195","0.2991451323032379","0.2991451323032379","0.2991451323032379"
"1440","0.3001708984375","0.3001708984375","0.3001708984375","0.32373809814453125","0.32373809814453125","0.32373809814453125","0.32325249910354614","0.32325249910354614","0.32325249910354614","0.3097846806049347","0.3097846806049347","0.3097846806049347","0.30830079317092896","0.30830079317092896","0.30830079317092896","0.3211841583251953","0.3211841583251953","0.3211841583251953"
"1450","0.3528457581996918","0.3528457581996918","0.3528457581996918","0.37190017104148865","0.37190017104148865","0.37190017104148865","0.37235987186431885","0.37235987186431885","0.37235987186431885","0.3598823547363281","0.3598823547363281","0.3598823547363281","0.3337409794330597","0.3337409794330597","0.3337409794330597","0.3692741394042969","0.3692741394042969","0.3692741394042969"
"1460","0.31209486722946167","0.31209486722946167","0.31209486722946167","0.33245849609375","0.33245849609375","0.33245849609375","0.3300613462924957","0.3300613462924957","0.3300613462924957","0.3211963474750519","0.3211963474750519","0.3211963474750519","0.31651192903518677","0.31651192903518677","0.31651192903518677","0.3271854519844055","0.3271854519844055","0.3271854519844055"
"1470","0.40438878536224365","0.40438878536224365","0.40438878536224365","0.4201454222202301","0.4201454222202301","0.4201454222202301","0.4186553955078125","0.4186553955078125","0.4186553955078125","0.41116294264793396","0.41116294264793396","0.41116294264793396","0.3768150210380554","0.3768150210380554","0.3768150210380554","0.4178756773471832","0.4178756773471832","0.4178756773471832"
"1480","0.31680870056152344","0.31680870056152344","0.31680870056152344","0.331661581993103","0.331661581993103","0.331661581993103","0.3337196111679077","0.3337196111679077","0.3337196111679077","0.32087212800979614","0.32087212800979614","0.32087212800979614","0.31941258907318115","0.31941258907318115","0.31941258907318115","0.33192178606987","0.33192178606987","0.33192178606987"
"1490","0.30151063203811646","0.30151063203811646","0.30151063203811646","0.32170677185058594","0.32170677185058594","0.32170677185058594","0.3200431764125824","0.3200431764125824","0.3200431764125824","0.3082408905029297","0.3082408905029297","0.3082408905029297","0.30624276399612427","0.30624276399612427","0.30624276399612427","0.31827086210250854","0.31827086210250854","0.31827086210250854"
"1500","0.3097694516181946","0.3097694516181946","0.3097694516181946","0.3295612335205078","0.3295612335205078","0.3295612335205078","0.328591912984848","0.328591912984848","0.328591912984848","0.31800612807273865","0.31800612807273865","0.31800612807273865","0.31548425555229187","0.31548425555229187","0.31548425555229187","0.3271663784980774","0.3271663784980774","0.3271663784980774"
"1510","0.2940608859062195","0.2940608859062195","0.2940608859062195","0.313119113445282","0.313119113445282","0.313119113445282","0.31196290254592896","0.31196290254592896","0.31196290254592896","0.30204010009765625","0.30204010009765625","0.30204010009765625","0.3000156581401825","0.3000156581401825","0.3000156581401825","0.3110107481479645","0.3110107481479645","0.3110107481479645"
"1520","0.36834222078323364","0.36834222078323364","0.36834222078323364","0.3850841522216797","0.3850841522216797","0.3850841522216797","0.3846168518066406","0.3846168518066406","0.3846168518066406","0.37523651123046875","0.37523651123046875","0.37523651123046875","0.37395554780960083","0.37395554780960083","0.37395554780960083","0.3828205466270447","0.3828205466270447","0.3828205466270447"
"1530","0.3038543462753296","0.3038543462753296","0.3038543462753296","0.32250022888183594","0.32250022888183594","0.32250022888183594","0.32263147830963135","0.32263147830963135","0.32263147830963135","0.31247368454933167","0.31247368454933167","0.31247368454933167","0.31048697233200073","0.31048697233200073","0.31048697233200073","0.3200080990791321","0.3200080990791321","0.3200080990791321"
"1540","0.30989912152290344","0.30989912152290344","0.30989912152290344","0.32837867736816406","0.32837867736816406","0.32837867736816406","0.3283744752407074","0.3283744752407074","0.3283744752407074","0.316689670085907","0.316689670085907","0.316689670085907","0.31571996212005615","0.31571996212005615","0.31571996212005615","0.32598304748535156","0.32598304748535156","0.32598304748535156"
"1550","0.29643937945365906","0.29643937945365906","0.29643937945365906","0.314108669757843","0.314108669757843","0.314108669757843","0.3140358030796051","0.3140358030796051","0.3140358030796051","0.30309218168258667","0.30309218168258667","0.30309218168258667","0.30200880765914917","0.30200880765914917","0.30200880765914917","0.31141358613967896","0.31141358613967896","0.31141358613967896"
"1560","0.3977615237236023","0.3977615237236023","0.3977615237236023","0.418587863445282","0.418587863445282","0.418587863445282","0.4182712733745575","0.4182712733745575","0.4182712733745575","0.40070226788520813","0.40070226788520813","0.40070226788520813","0.4055488407611847","0.4055488407611847","0.4055488407611847","0.41049766540527344","0.41049766540527344","0.41049766540527344"
"1570","0.30368271470069885","0.30368271470069885","0.30368271470069885","0.32149162888526917","0.32149162888526917","0.32149162888526917","0.3210288882255554","0.3210288882255554","0.3210288882255554","0.3102889955043793","0.3102889955043793","0.3102889955043793","0.30892297625541687","0.30892297625541687","0.30892297625541687","0.3184749484062195","0.3184749484062195","0.3184749484062195"
"1580","0.30107957124710083","0.30107957124710083","0.30107957124710083","0.31827011704444885","0.31827011704444885","0.31827011704444885","0.31810837984085083","0.31810837984085083","0.31810837984085083","0.3085311949253082","0.3085311949253082","0.3085311949253082","0.30697211623191833","0.30697211623191833","0.30697211623191833","0.3166709840297699","0.3166709840297699","0.3166709840297699"
"1590","0.30405962467193604","0.30405962467193604","0.30405962467193604","0.3252239227294922","0.3252239227294922","0.3252239227294922","0.3256828188896179","0.3256828188896179","0.3256828188896179","0.30851322412490845","0.30851322412490845","0.30851322412490845","0.31348076462745667","0.31348076462745667","0.31348076462745667","0.3236137330532074","0.3236137330532074","0.3236137330532074"
"1600","0.32881051301956177","0.32881051301956177","0.32881051301956177","0.34572145342826843","0.34572145342826843","0.34572145342826843","0.3443092405796051","0.3443092405796051","0.3443092405796051","0.3351173400878906","0.3351173400878906","0.3351173400878906","0.33255308866500854","0.33255308866500854","0.33255308866500854","0.34056931734085083","0.34056931734085083","0.34056931734085083"
"1610","0.30919378995895386","0.30919378995895386","0.30919378995895386","0.3247760832309723","0.3247760832309723","0.3247760832309723","0.3247562646865845","0.3247562646865845","0.3247562646865845","0.3146171569824219","0.3146171569824219","0.3146171569824219","0.3138313293457031","0.3138313293457031","0.3138313293457031","0.32222557067871094","0.32222557067871094","0.32222557067871094"
"1620","0.38266754150390625","0.38266754150390625","0.38266754150390625","0.3974796533584595","0.3974796533584595","0.3974796533584595","0.39797669649124146","0.39797669649124146","0.39797669649124146","0.3889034390449524","0.3889034390449524","0.3889034390449524","0.38696402311325073","0.38696402311325073","0.38696402311325073","0.39553987979888916","0.39553987979888916","0.39553987979888916"
"1630","0.3164321780204773","0.3164321780204773","0.3164321780204773","0.3324092924594879","0.3324092924594879","0.3324092924594879","0.33317792415618896","0.33317792415618896","0.33317792415618896","0.32337915897369385","0.32337915897369385","0.32337915897369385","0.32167738676071167","0.32167738676071167","0.32167738676071167","0.3295558989048004","0.3295558989048004","0.3295558989048004"
"1640","0.3165420591831207","0.3165420591831207","0.3165420591831207","0.33221131563186646","0.33221131563186646","0.33221131563186646","0.33223265409469604","0.33223265409469604","0.33223265409469604","0.3219310939311981","0.3219310939311981","0.3219310939311981","0.32176247239112854","0.32176247239112854","0.32176247239112854","0.3292469084262848","0.3292469084262848","0.3292469084262848"
"1650","0.31441688537597656","0.31441688537597656","0.31441688537597656","0.33009034395217896","0.33009034395217896","0.33009034395217896","0.3308982849121094","0.3308982849121094","0.3308982849121094","0.32068708539009094","0.32068708539009094","0.32068708539009094","0.318551242351532","0.318551242351532","0.318551242351532","0.32885244488716125","0.32885244488716125","0.32885244488716125"
"1660","0.3094116449356079","0.3094116449356079","0.3094116449356079","0.32651442289352417","0.32651442289352417","0.32651442289352417","0.3266414701938629","0.3266414701938629","0.3266414701938629","0.3153865933418274","0.3153865933418274","0.3153865933418274","0.31421127915382385","0.31421127915382385","0.31421127915382385","0.3239150941371918","0.3239150941371918","0.3239150941371918"
"1670","0.2970573604106903","0.2970573604106903","0.2970573604106903","0.31420403718948364","0.31420403718948364","0.31420403718948364","0.3135753571987152","0.3135753571987152","0.3135753571987152","0.30281946063041687","0.30281946063041687","0.30281946063041687","0.30216139554977417","0.30216139554977417","0.30216139554977417","0.3116527795791626","0.3116527795791626","0.3116527795791626"
"1680","0.3625774383544922","0.3625774383544922","0.3625774383544922","0.3763137757778168","0.3763137757778168","0.3763137757778168","0.3760826289653778","0.3760826289653778","0.3760826289653778","0.3674037754535675","0.3674037754535675","0.3674037754535675","0.3669201135635376","0.3669201135635376","0.3669201135635376","0.37460440397262573","0.37460440397262573","0.37460440397262573"
"1690","0.3379443883895874","0.3379443883895874","0.3379443883895874","0.3537796139717102","0.3537796139717102","0.3537796139717102","0.35406190156936646","0.35406190156936646","0.35406190156936646","0.3447425961494446","0.3447425961494446","0.3447425961494446","0.34304502606391907","0.34304502606391907","0.34304502606391907","0.35176581144332886","0.35176581144332886","0.35176581144332886"
"1700","0.37441787123680115","0.37441787123680115","0.37441787123680115","0.3897571563720703","0.3897571563720703","0.3897571563720703","0.389926552772522","0.389926552772522","0.389926552772522","0.38135451078414917","0.38135451078414917","0.38135451078414917","0.38075944781303406","0.38075944781303406","0.38075944781303406","0.38874971866607666","0.38874971866607666","0.38874971866607666"
"1710","0.30948370695114136","0.30948370695114136","0.30948370695114136","0.32397764921188354","0.32397764921188354","0.32397764921188354","0.32448461651802063","0.32448461651802063","0.32448461651802063","0.3149047791957855","0.3149047791957855","0.3149047791957855","0.31334954500198364","0.31334954500198364","0.31334954500198364","0.323446661233902","0.323446661233902","0.323446661233902"
"1720","0.31678351759910583","0.31678351759910583","0.31678351759910583","0.33158761262893677","0.33158761262893677","0.33158761262893677","0.3320484161376953","0.3320484161376953","0.3320484161376953","0.3222976624965668","0.3222976624965668","0.3222976624965668","0.32054632902145386","0.32054632902145386","0.32054632902145386","0.3292461633682251","0.3292461633682251","0.3292461633682251"
"1730","0.30998268723487854","0.30998268723487854","0.30998268723487854","0.3243370056152344","0.3243370056152344","0.3243370056152344","0.3238121271133423","0.3238121271133423","0.3238121271133423","0.31576958298683167","0.31576958298683167","0.31576958298683167","0.3145713806152344","0.3145713806152344","0.3145713806152344","0.3222637176513672","0.3222637176513672","0.3222637176513672"
"1740","0.3163006007671356","0.3163006007671356","0.3163006007671356","0.3309665620326996","0.3309665620326996","0.3309665620326996","0.33087730407714844","0.33087730407714844","0.33087730407714844","0.32203829288482666","0.32203829288482666","0.32203829288482666","0.3211193084716797","0.3211193084716797","0.3211193084716797","0.32962530851364136","0.32962530851364136","0.32962530851364136"
"1750","0.2943733334541321","0.2943733334541321","0.2943733334541321","0.30798569321632385","0.30798569321632385","0.30798569321632385","0.3072197139263153","0.3072197139263153","0.3072197139263153","0.2935298681259155","0.2935298681259155","0.2935298681259155","0.29200631380081177","0.29200631380081177","0.29200631380081177","0.29888075590133667","0.29888075590133667","0.29888075590133667"
"1760","0.3197147250175476","0.3197147250175476","0.3197147250175476","0.33454206585884094","0.33454206585884094","0.33454206585884094","0.33434832096099854","0.33434832096099854","0.33434832096099854","0.32436639070510864","0.32436639070510864","0.32436639070510864","0.3229084014892578","0.3229084014892578","0.3229084014892578","0.3306320309638977","0.3306320309638977","0.3306320309638977"
"1770","0.31040990352630615","0.31040990352630615","0.31040990352630615","0.32814329862594604","0.32814329862594604","0.32814329862594604","0.32893332839012146","0.32893332839012146","0.32893332839012146","0.32031023502349854","0.32031023502349854","0.32031023502349854","0.31776008009910583","0.31776008009910583","0.31776008009910583","0.3266018033027649","0.3266018033027649","0.3266018033027649"
"1780","0.32674330472946167","0.32674330472946167","0.32674330472946167","0.38225820660591125","0.38225820660591125","0.38225820660591125","0.3824092745780945","0.3824092745780945","0.3824092745780945","0.37486040592193604","0.37486040592193604","0.37486040592193604","0.3726062774658203","0.3726062774658203","0.3726062774658203","0.3810802698135376","0.3810802698135376","0.3810802698135376"
"1790","0.428170382976532","0.428170382976532","0.428170382976532","0.44742926955223083","0.44742926955223083","0.44742926955223083","0.44697338342666626","0.44697338342666626","0.44697338342666626","0.4406166076660156","0.4406166076660156","0.4406166076660156","0.4384452700614929","0.4384452700614929","0.4384452700614929","0.4459632933139801","0.4459632933139801","0.4459632933139801"
"1800","0.3220024108886719","0.3220024108886719","0.3220024108886719","0.353079229593277","0.353079229593277","0.353079229593277","0.35350000858306885","0.35350000858306885","0.35350000858306885","0.34585076570510864","0.34585076570510864","0.34585076570510864","0.34429818391799927","0.34429818391799927","0.34429818391799927","0.35175132751464844","0.35175132751464844","0.35175132751464844"
"1810","0.3106338381767273","0.3106338381767273","0.3106338381767273","0.34012794494628906","0.34012794494628906","0.34012794494628906","0.34083521366119385","0.34083521366119385","0.34083521366119385","0.3329826295375824","0.3329826295375824","0.3329826295375824","0.331289678812027","0.331289678812027","0.331289678812027","0.33838462829589844","0.33838462829589844","0.33838462829589844"
"1820","0.3205486238002777","0.3205486238002777","0.3205486238002777","0.3352031707763672","0.3352031707763672","0.3352031707763672","0.33484575152397156","0.33484575152397156","0.33484575152397156","0.32898902893066406","0.32898902893066406","0.32898902893066406","0.3265983462333679","0.3265983462333679","0.3265983462333679","0.3326248228549957","0.3326248228549957","0.3326248228549957"
"1830","0.3724159300327301","0.3724159300327301","0.3724159300327301","0.40313950181007385","0.40313950181007385","0.40313950181007385","0.4036827087402344","0.4036827087402344","0.4036827087402344","0.3961048126220703","0.3961048126220703","0.3961048126220703","0.3943168520927429","0.3943168520927429","0.3943168520927429","0.40143126249313354","0.40143126249313354","0.40143126249313354"
"1840","0.35761377215385437","0.35761377215385437","0.35761377215385437","0.4589267671108246","0.4589267671108246","0.4589267671108246","0.4593837857246399","0.4593837857246399","0.4593837857246399","0.4526054561138153","0.4526054561138153","0.4526054561138153","0.4513534605503082","0.4513534605503082","0.4513534605503082","0.4570331573486328","0.4570331573486328","0.4570331573486328"
"1850","0.33477821946144104","0.33477821946144104","0.33477821946144104","0.35599976778030396","0.35599976778030396","0.35599976778030396","0.3562103509902954","0.3562103509902954","0.3562103509902954","0.3456531763076782","0.3456531763076782","0.3456531763076782","0.3461768925189972","0.3461768925189972","0.3461768925189972","0.35348546504974365","0.35348546504974365","0.35348546504974365"
"1860","0.31774139404296875","0.31774139404296875","0.31774139404296875","0.35482025146484375","0.35482025146484375","0.35482025146484375","0.3534930944442749","0.3534930944442749","0.3534930944442749","0.34605371952056885","0.34605371952056885","0.34605371952056885","0.3419899046421051","0.3419899046421051","0.3419899046421051","0.34833911061286926","0.34833911061286926","0.34833911061286926"
"1870","0.34348106384277344","0.34348106384277344","0.34348106384277344","0.3603130280971527","0.3603130280971527","0.3603130280971527","0.3606830835342407","0.3606830835342407","0.3606830835342407","0.3529762327671051","0.3529762327671051","0.3529762327671051","0.3514762818813324","0.3514762818813324","0.3514762818813324","0.3580608665943146","0.3580608665943146","0.3580608665943146"
"1880","0.3055869936943054","0.3055869936943054","0.3055869936943054","0.32019996643066406","0.32019996643066406","0.32019996643066406","0.32062721252441406","0.32062721252441406","0.32062721252441406","0.3132305145263672","0.3132305145263672","0.3132305145263672","0.31107330322265625","0.31107330322265625","0.31107330322265625","0.3182388246059418","0.3182388246059418","0.3182388246059418"
"1890","0.3250312805175781","0.3250312805175781","0.3250312805175781","0.3385169804096222","0.3385169804096222","0.3385169804096222","0.33967170119285583","0.33967170119285583","0.33967170119285583","0.33167535066604614","0.33167535066604614","0.33167535066604614","0.3298233151435852","0.3298233151435852","0.3298233151435852","0.3380085229873657","0.3380085229873657","0.3380085229873657"
"1900","0.3154461085796356","0.3154461085796356","0.3154461085796356","0.3300510346889496","0.3300510346889496","0.3300510346889496","0.3316364288330078","0.3316364288330078","0.3316364288330078","0.32363927364349365","0.32363927364349365","0.32363927364349365","0.320272833108902","0.320272833108902","0.320272833108902","0.32809409499168396","0.32809409499168396","0.32809409499168396"
"1910","0.32273370027542114","0.32273370027542114","0.32273370027542114","0.3369709253311157","0.3369709253311157","0.3369709253311157","0.3375900089740753","0.3375900089740753","0.3375900089740753","0.32973021268844604","0.32973021268844604","0.32973021268844604","0.326882541179657","0.326882541179657","0.326882541179657","0.3342483639717102","0.3342483639717102","0.3342483639717102"
"1920","0.3364364504814148","0.3364364504814148","0.3364364504814148","0.3497413694858551","0.3497413694858551","0.3497413694858551","0.3497215509414673","0.3497215509414673","0.3497215509414673","0.3430149257183075","0.3430149257183075","0.3430149257183075","0.34146958589553833","0.34146958589553833","0.34146958589553833","0.347616970539093","0.347616970539093","0.347616970539093"
"1930","0.3870041072368622","0.3870041072368622","0.3870041072368622","0.4126361906528473","0.4126361906528473","0.4126361906528473","0.4129932224750519","0.4129932224750519","0.4129932224750519","0.4063819646835327","0.4063819646835327","0.4063819646835327","0.4045284390449524","0.4045284390449524","0.4045284390449524","0.411185085773468","0.411185085773468","0.411185085773468"
"1940","0.3369418978691101","0.3369418978691101","0.3369418978691101","0.3633781671524048","0.3633781671524048","0.3633781671524048","0.36357420682907104","0.36357420682907104","0.36357420682907104","0.3570575714111328","0.3570575714111328","0.3570575714111328","0.3553924262523651","0.3553924262523651","0.3553924262523651","0.3617107570171356","0.3617107570171356","0.3617107570171356"
"1950","0.3287254273891449","0.3287254273891449","0.3287254273891449","0.34609413146972656","0.34609413146972656","0.34609413146972656","0.34618911147117615","0.34618911147117615","0.34618911147117615","0.33797910809516907","0.33797910809516907","0.33797910809516907","0.336404025554657","0.336404025554657","0.336404025554657","0.3438354432582855","0.3438354432582855","0.3438354432582855"
"1960","0.3029903471469879","0.3029903471469879","0.3029903471469879","0.3178008794784546","0.3178008794784546","0.3178008794784546","0.3177471160888672","0.3177471160888672","0.3177471160888672","0.3117206394672394","0.3117206394672394","0.3117206394672394","0.30956801772117615","0.30956801772117615","0.30956801772117615","0.3160579800605774","0.3160579800605774","0.3160579800605774"
"1970","0.3286445736885071","0.3286445736885071","0.3286445736885071","0.3436470031738281","0.3436470031738281","0.3436470031738281","0.3436645567417145","0.3436645567417145","0.3436645567417145","0.33673208951950073","0.33673208951950073","0.33673208951950073","0.3342868685722351","0.3342868685722351","0.3342868685722351","0.3418445587158203","0.3418445587158203","0.3418445587158203"
"1980","0.35638120770454407","0.35638120770454407","0.35638120770454407","0.3699073791503906","0.3699073791503906","0.3699073791503906","0.36857378482818604","0.36857378482818604","0.36857378482818604","0.3620128631591797","0.3620128631591797","0.3620128631591797","0.36130866408348083","0.36130866408348083","0.36130866408348083","0.3672367036342621","0.3672367036342621","0.3672367036342621"
"1990","0.3617561459541321","0.3617561459541321","0.3617561459541321","0.37590906023979187","0.37590906023979187","0.37590906023979187","0.37507933378219604","0.37507933378219604","0.37507933378219604","0.36858442425727844","0.36858442425727844","0.36858442425727844","0.3671661615371704","0.3671661615371704","0.3671661615371704","0.3732303977012634","0.3732303977012634","0.3732303977012634"
"2000","0.33310166001319885","0.33310166001319885","0.33310166001319885","0.3474067747592926","0.3474067747592926","0.3474067747592926","0.3473705053329468","0.3473705053329468","0.3473705053329468","0.34055328369140625","0.34055328369140625","0.34055328369140625","0.33788564801216125","0.33788564801216125","0.33788564801216125","0.3458671569824219","0.3458671569824219","0.3458671569824219"
"2010","0.331442266702652","0.331442266702652","0.331442266702652","0.34694480895996094","0.34694480895996094","0.34694480895996094","0.34745901823043823","0.34745901823043823","0.34745901823043823","0.3416145443916321","0.3416145443916321","0.3416145443916321","0.3386402130126953","0.3386402130126953","0.3386402130126953","0.34211885929107666","0.34211885929107666","0.34211885929107666"
"2020","0.3269355595111847","0.3269355595111847","0.3269355595111847","0.36994895339012146","0.36994895339012146","0.36994895339012146","0.37009888887405396","0.37009888887405396","0.37009888887405396","0.36307716369628906","0.36307716369628906","0.36307716369628906","0.3608516454696655","0.3608516454696655","0.3608516454696655","0.36712875962257385","0.36712875962257385","0.36712875962257385"
"2030","0.39462965726852417","0.39462965726852417","0.39462965726852417","0.4098834991455078","0.4098834991455078","0.4098834991455078","0.41042977571487427","0.41042977571487427","0.41042977571487427","0.40460243821144104","0.40460243821144104","0.40460243821144104","0.40294915437698364","0.40294915437698364","0.40294915437698364","0.4081581234931946","0.4081581234931946","0.4081581234931946"
"2040","0.3295123875141144","0.3295123875141144","0.3295123875141144","0.34456631541252136","0.34456631541252136","0.34456631541252136","0.3453163206577301","0.3453163206577301","0.3453163206577301","0.3386348485946655","0.3386348485946655","0.3386348485946655","0.33728522062301636","0.33728522062301636","0.33728522062301636","0.3432266116142273","0.3432266116142273","0.3432266116142273"
"2050","0.35869672894477844","0.35869672894477844","0.35869672894477844","0.3738571107387543","0.3738571107387543","0.3738571107387543","0.3745594024658203","0.3745594024658203","0.3745594024658203","0.36784589290618896","0.36784589290618896","0.36784589290618896","0.3649330139160156","0.3649330139160156","0.3649330139160156","0.3723636567592621","0.3723636567592621","0.3723636567592621"
"2060","0.32902371883392334","0.32902371883392334","0.32902371883392334","0.3425758183002472","0.3425758183002472","0.3425758183002472","0.34291496872901917","0.34291496872901917","0.34291496872901917","0.3367694914340973","0.3367694914340973","0.3367694914340973","0.33359527587890625","0.33359527587890625","0.33359527587890625","0.3399108648300171","0.3399108648300171","0.3399108648300171"
"2070","0.3449932336807251","0.3449932336807251","0.3449932336807251","0.3598030209541321","0.3598030209541321","0.3598030209541321","0.3608264923095703","0.3608264923095703","0.3608264923095703","0.35357972979545593","0.35357972979545593","0.35357972979545593","0.35243910551071167","0.35243910551071167","0.35243910551071167","0.35845258831977844","0.35845258831977844","0.35845258831977844"
"2080","0.34354591369628906","0.34354591369628906","0.34354591369628906","0.3566211760044098","0.3566211760044098","0.3566211760044098","0.35762327909469604","0.35762327909469604","0.35762327909469604","0.35106468200683594","0.35106468200683594","0.35106468200683594","0.3490196168422699","0.3490196168422699","0.3490196168422699","0.35523682832717896","0.35523682832717896","0.35523682832717896"
"2090","0.3712993860244751","0.3712993860244751","0.3712993860244751","0.385110467672348","0.385110467672348","0.385110467672348","0.3843940496444702","0.3843940496444702","0.3843940496444702","0.378836065530777","0.378836065530777","0.378836065530777","0.37668609619140625","0.37668609619140625","0.37668609619140625","0.38256341218948364","0.38256341218948364","0.38256341218948364"
"2100","0.3812396824359894","0.3812396824359894","0.3812396824359894","0.3951553404331207","0.3951553404331207","0.3951553404331207","0.3944145143032074","0.3944145143032074","0.3944145143032074","0.3881469964981079","0.3881469964981079","0.3881469964981079","0.38604891300201416","0.38604891300201416","0.38604891300201416","0.39249342679977417","0.39249342679977417","0.39249342679977417"
"2110","0.3379249572753906","0.3379249572753906","0.3379249572753906","0.35141220688819885","0.35141220688819885","0.35141220688819885","0.3512634336948395","0.3512634336948395","0.3512634336948395","0.34512367844581604","0.34512367844581604","0.34512367844581604","0.3428218960762024","0.3428218960762024","0.3428218960762024","0.3497295379638672","0.3497295379638672","0.3497295379638672"
"2120","0.340475857257843","0.340475857257843","0.340475857257843","0.35507887601852417","0.35507887601852417","0.35507887601852417","0.3543708920478821","0.3543708920478821","0.3543708920478821","0.34712791442871094","0.34712791442871094","0.34712791442871094","0.3459121882915497","0.3459121882915497","0.3459121882915497","0.3523216247558594","0.3523216247558594","0.3523216247558594"
"2130","0.3601272702217102","0.3601272702217102","0.3601272702217102","0.37196388840675354","0.37196388840675354","0.37196388840675354","0.3713485896587372","0.3713485896587372","0.3713485896587372","0.3660125732421875","0.3660125732421875","0.3660125732421875","0.36431121826171875","0.36431121826171875","0.36431121826171875","0.37060546875","0.37060546875","0.37060546875"
"2140","0.32546350359916687","0.32546350359916687","0.32546350359916687","0.3402996361255646","0.3402996361255646","0.3402996361255646","0.34091684222221375","0.34091684222221375","0.34091684222221375","0.33341139554977417","0.33341139554977417","0.33341139554977417","0.3314182162284851","0.3314182162284851","0.3314182162284851","0.3386196196079254","0.3386196196079254","0.3386196196079254"
"2150","0.34724313020706177","0.34724313020706177","0.34724313020706177","0.36015164852142334","0.36015164852142334","0.36015164852142334","0.3616207242012024","0.3616207242012024","0.3616207242012024","0.35351258516311646","0.35351258516311646","0.35351258516311646","0.3515006899833679","0.3515006899833679","0.3515006899833679","0.3585823178291321","0.3585823178291321","0.3585823178291321"
"2160","0.3378772735595703","0.3378772735595703","0.3378772735595703","0.35051536560058594","0.35051536560058594","0.35051536560058594","0.35126495361328125","0.35126495361328125","0.35126495361328125","0.34489327669143677","0.34489327669143677","0.34489327669143677","0.3425480127334595","0.3425480127334595","0.3425480127334595","0.34895819425582886","0.34895819425582886","0.34895819425582886"
"2170","0.3503784239292145","0.3503784239292145","0.3503784239292145","0.36397096514701843","0.36397096514701843","0.36397096514701843","0.3633281886577606","0.3633281886577606","0.3633281886577606","0.3585311770439148","0.3585311770439148","0.3585311770439148","0.3549526333808899","0.3549526333808899","0.3549526333808899","0.3610538840293884","0.3610538840293884","0.3610538840293884"
"2180","0.346291720867157","0.346291720867157","0.346291720867157","0.3584667444229126","0.3584667444229126","0.3584667444229126","0.3596233129501343","0.3596233129501343","0.3596233129501343","0.3527275025844574","0.3527275025844574","0.3527275025844574","0.35075950622558594","0.35075950622558594","0.35075950622558594","0.3572521209716797","0.3572521209716797","0.3572521209716797"
"2190","0.34543800354003906","0.34543800354003906","0.34543800354003906","0.3581710755825043","0.3581710755825043","0.3581710755825043","0.3588607907295227","0.3588607907295227","0.3588607907295227","0.3518615663051605","0.3518615663051605","0.3518615663051605","0.35081517696380615","0.35081517696380615","0.35081517696380615","0.355669766664505","0.355669766664505","0.355669766664505"
"2200","0.3467193841934204","0.3467193841934204","0.3467193841934204","0.3603149354457855","0.3603149354457855","0.3603149354457855","0.3592414855957031","0.3592414855957031","0.3592414855957031","0.35288387537002563","0.35288387537002563","0.35288387537002563","0.35033151507377625","0.35033151507377625","0.35033151507377625","0.3576320707798004","0.3576320707798004","0.3576320707798004"
"2210","0.3213142454624176","0.3213142454624176","0.3213142454624176","0.3454475402832031","0.3454475402832031","0.3454475402832031","0.3455440402030945","0.3455440402030945","0.3455440402030945","0.33876267075538635","0.33876267075538635","0.33876267075538635","0.3364894986152649","0.3364894986152649","0.3364894986152649","0.3428032100200653","0.3428032100200653","0.3428032100200653"
"2220","0.38857728242874146","0.38857728242874146","0.38857728242874146","0.40035322308540344","0.40035322308540344","0.40035322308540344","0.4013878107070923","0.4013878107070923","0.4013878107070923","0.39546698331832886","0.39546698331832886","0.39546698331832886","0.39300498366355896","0.39300498366355896","0.39300498366355896","0.399722695350647","0.399722695350647","0.399722695350647"
"2230","0.35121577978134155","0.35121577978134155","0.35121577978134155","0.3622753322124481","0.3622753322124481","0.3622753322124481","0.3675578832626343","0.3675578832626343","0.3675578832626343","0.361331582069397","0.361331582069397","0.361331582069397","0.3594707250595093","0.3594707250595093","0.3594707250595093","0.36519432067871094","0.36519432067871094","0.36519432067871094"
"2240","0.344430536031723","0.344430536031723","0.344430536031723","0.3694126009941101","0.3694126009941101","0.3694126009941101","0.39380913972854614","0.39380913972854614","0.39380913972854614","0.3884296417236328","0.3884296417236328","0.3884296417236328","0.38811835646629333","0.38811835646629333","0.38811835646629333","0.39238548278808594","0.39238548278808594","0.39238548278808594"
"2250","0.32762831449508667","0.32762831449508667","0.32762831449508667","0.34006041288375854","0.34006041288375854","0.34006041288375854","0.3425094485282898","0.3425094485282898","0.3425094485282898","0.337179571390152","0.337179571390152","0.337179571390152","0.3361431360244751","0.3361431360244751","0.3361431360244751","0.34128379821777344","0.34128379821777344","0.34128379821777344"
"2260","0.3051326870918274","0.3051326870918274","0.3051326870918274","0.3156890869140625","0.3156890869140625","0.3156890869140625","0.31709861755371094","0.31709861755371094","0.31709861755371094","0.3113800287246704","0.3113800287246704","0.3113800287246704","0.3105045557022095","0.3105045557022095","0.3105045557022095","0.3156299591064453","0.3156299591064453","0.3156299591064453"
"2270","0.3470863103866577","0.3470863103866577","0.3470863103866577","0.36546438932418823","0.36546438932418823","0.36546438932418823","0.36633604764938354","0.36633604764938354","0.36633604764938354","0.35954245924949646","0.35954245924949646","0.35954245924949646","0.3592163026332855","0.3592163026332855","0.3592163026332855","0.36409491300582886","0.36409491300582886","0.36409491300582886"
"2280","0.3707515597343445","0.3707515597343445","0.3707515597343445","0.409829705953598","0.409829705953598","0.409829705953598","0.410147488117218","0.410147488117218","0.410147488117218","0.4042648375034332","0.4042648375034332","0.4042648375034332","0.40384331345558167","0.40384331345558167","0.40384331345558167","0.40887755155563354","0.40887755155563354","0.40887755155563354"
"2290","0.3334781527519226","0.3334781527519226","0.3334781527519226","0.34612157940864563","0.34612157940864563","0.34612157940864563","0.34578970074653625","0.34578970074653625","0.34578970074653625","0.34149014949798584","0.34149014949798584","0.34149014949798584","0.3371162414550781","0.3371162414550781","0.3371162414550781","0.3446849584579468","0.3446849584579468","0.3446849584579468"
"2300","0.3533145785331726","0.3533145785331726","0.3533145785331726","0.3661464750766754","0.3661464750766754","0.3661464750766754","0.36542779207229614","0.36542779207229614","0.36542779207229614","0.3600959777832031","0.3600959777832031","0.3600959777832031","0.3574325442314148","0.3574325442314148","0.3574325442314148","0.36399269104003906","0.36399269104003906","0.36399269104003906"
"2310","0.36902278661727905","0.36902278661727905","0.36902278661727905","0.3805709779262543","0.3805709779262543","0.3805709779262543","0.380441278219223","0.380441278219223","0.380441278219223","0.3752342164516449","0.3752342164516449","0.3752342164516449","0.3740829527378082","0.3740829527378082","0.3740829527378082","0.37939947843551636","0.37939947843551636","0.37939947843551636"
"2320","0.2984756529331207","0.2984756529331207","0.2984756529331207","0.30832594633102417","0.30832594633102417","0.30832594633102417","0.30795133113861084","0.30795133113861084","0.30795133113861084","0.3029361665248871","0.3029361665248871","0.3029361665248871","0.3020889163017273","0.3020889163017273","0.3020889163017273","0.3063739836215973","0.3063739836215973","0.3063739836215973"
"2330","0.38047218322753906","0.38047218322753906","0.38047218322753906","0.3966522216796875","0.3966522216796875","0.3966522216796875","0.39728888869285583","0.39728888869285583","0.39728888869285583","0.3915073275566101","0.3915073275566101","0.3915073275566101","0.3900352418422699","0.3900352418422699","0.3900352418422699","0.3951064944267273","0.3951064944267273","0.3951064944267273"
"2340","0.36613309383392334","0.36613309383392334","0.36613309383392334","0.3784450590610504","0.3784450590610504","0.3784450590610504","0.37925341725349426","0.37925341725349426","0.37925341725349426","0.3735259771347046","0.3735259771347046","0.3735259771347046","0.37236061692237854","0.37236061692237854","0.37236061692237854","0.3773544132709503","0.3773544132709503","0.3773544132709503"
"2350","0.33975982666015625","0.33975982666015625","0.33975982666015625","0.352383017539978","0.352383017539978","0.352383017539978","0.3521018624305725","0.3521018624305725","0.3521018624305725","0.34714391827583313","0.34714391827583313","0.34714391827583313","0.3448318541049957","0.3448318541049957","0.3448318541049957","0.35079383850097656","0.35079383850097656","0.35079383850097656"
"2360","0.33302536606788635","0.33302536606788635","0.33302536606788635","0.34466779232025146","0.34466779232025146","0.34466779232025146","0.3447929322719574","0.3447929322719574","0.3447929322719574","0.3395824432373047","0.3395824432373047","0.3395824432373047","0.33690106868743896","0.33690106868743896","0.33690106868743896","0.3432937562465668","0.3432937562465668","0.3432937562465668"
"2370","0.3363838195800781","0.3363838195800781","0.3363838195800781","0.34928590059280396","0.34928590059280396","0.34928590059280396","0.35063934326171875","0.35063934326171875","0.35063934326171875","0.34498634934425354","0.34498634934425354","0.34498634934425354","0.33688580989837646","0.33688580989837646","0.33688580989837646","0.34741175174713135","0.34741175174713135","0.34741175174713135"
"2380","0.37032508850097656","0.37032508850097656","0.37032508850097656","0.3855133056640625","0.3855133056640625","0.3855133056640625","0.38457754254341125","0.38457754254341125","0.38457754254341125","0.3804473876953125","0.3804473876953125","0.3804473876953125","0.377663791179657","0.377663791179657","0.377663791179657","0.3846706449985504","0.3846706449985504","0.3846706449985504"
"2390","0.3558536171913147","0.3558536171913147","0.3558536171913147","0.36666563153266907","0.36666563153266907","0.36666563153266907","0.36733168363571167","0.36733168363571167","0.36733168363571167","0.36213570833206177","0.36213570833206177","0.36213570833206177","0.36042100191116333","0.36042100191116333","0.36042100191116333","0.36572569608688354","0.36572569608688354","0.36572569608688354"
"2400","0.41555213928222656","0.41555213928222656","0.41555213928222656","0.4235572814941406","0.4235572814941406","0.4235572814941406","0.42596435546875","0.42596435546875","0.42596435546875","0.4210349917411804","0.4210349917411804","0.4210349917411804","0.4192195534706116","0.4192195534706116","0.4192195534706116","0.42314377427101135","0.42314377427101135","0.42314377427101135"
"2410","0.3507744073867798","0.3507744073867798","0.3507744073867798","0.3625606298446655","0.3625606298446655","0.3625606298446655","0.362518310546875","0.362518310546875","0.362518310546875","0.3565872311592102","0.3565872311592102","0.3565872311592102","0.35448378324508667","0.35448378324508667","0.35448378324508667","0.3597347140312195","0.3597347140312195","0.3597347140312195"
"2420","0.35158923268318176","0.35158923268318176","0.35158923268318176","0.3618503510951996","0.3618503510951996","0.3618503510951996","0.36241722106933594","0.36241722106933594","0.36241722106933594","0.3572406768798828","0.3572406768798828","0.3572406768798828","0.3556327819824219","0.3556327819824219","0.3556327819824219","0.36094778776168823","0.36094778776168823","0.36094778776168823"
"2430","0.36592215299606323","0.36592215299606323","0.36592215299606323","0.37747347354888916","0.37747347354888916","0.37747347354888916","0.3780132532119751","0.3780132532119751","0.3780132532119751","0.37256166338920593","0.37256166338920593","0.37256166338920593","0.37131351232528687","0.37131351232528687","0.37131351232528687","0.3767887353897095","0.3767887353897095","0.3767887353897095"
"2440","0.3576820194721222","0.3576820194721222","0.3576820194721222","0.3695613741874695","0.3695613741874695","0.3695613741874695","0.3694583773612976","0.3694583773612976","0.3694583773612976","0.36430513858795166","0.36430513858795166","0.36430513858795166","0.36290398240089417","0.36290398240089417","0.36290398240089417","0.36806488037109375","0.36806488037109375","0.36806488037109375"
"2450","0.37148362398147583","0.37148362398147583","0.37148362398147583","0.38395997881889343","0.38395997881889343","0.38395997881889343","0.3856792747974396","0.3856792747974396","0.3856792747974396","0.37948912382125854","0.37948912382125854","0.37948912382125854","0.3759220242500305","0.3759220242500305","0.3759220242500305","0.38187140226364136","0.38187140226364136","0.38187140226364136"
"2460","0.38856884837150574","0.38856884837150574","0.38856884837150574","0.4568542242050171","0.4568542242050171","0.4568542242050171","0.45845258235931396","0.45845258235931396","0.45845258235931396","0.4522949457168579","0.4522949457168579","0.4522949457168579","0.45002707839012146","0.45002707839012146","0.45002707839012146","0.45603981614112854","0.45603981614112854","0.45603981614112854"
"2470","0.37278059124946594","0.37278059124946594","0.37278059124946594","0.4112144708633423","0.4112144708633423","0.4112144708633423","0.4123462438583374","0.4123462438583374","0.4123462438583374","0.4065139889717102","0.4065139889717102","0.4065139889717102","0.40477484464645386","0.40477484464645386","0.40477484464645386","0.4092300236225128","0.4092300236225128","0.4092300236225128"
"2480","0.3828628361225128","0.3828628361225128","0.3828628361225128","0.39381903409957886","0.39381903409957886","0.39381903409957886","0.3945015072822571","0.3945015072822571","0.3945015072822571","0.38916322588920593","0.38916322588920593","0.38916322588920593","0.3881218135356903","0.3881218135356903","0.3881218135356903","0.39293748140335083","0.39293748140335083","0.39293748140335083"
"2490","0.34293824434280396","0.34293824434280396","0.34293824434280396","0.353262335062027","0.353262335062027","0.353262335062027","0.353738009929657","0.353738009929657","0.353738009929657","0.3485904633998871","0.3485904633998871","0.3485904633998871","0.34750252962112427","0.34750252962112427","0.34750252962112427","0.3519180417060852","0.3519180417060852","0.3519180417060852"
"2500","0.34406203031539917","0.34406203031539917","0.34406203031539917","0.35482674837112427","0.35482674837112427","0.35482674837112427","0.3555046021938324","0.3555046021938324","0.3555046021938324","0.35004693269729614","0.35004693269729614","0.35004693269729614","0.34783247113227844","0.34783247113227844","0.34783247113227844","0.352756142616272","0.352756142616272","0.352756142616272"
"2510","0.39008256793022156","0.39008256793022156","0.39008256793022156","0.39938127994537354","0.39938127994537354","0.39938127994537354","0.40093573927879333","0.40093573927879333","0.40093573927879333","0.3956458866596222","0.3956458866596222","0.3956458866596222","0.39415857195854187","0.39415857195854187","0.39415857195854187","0.3988666534423828","0.3988666534423828","0.3988666534423828"
"2520","0.4505821466445923","0.4505821466445923","0.4505821466445923","0.4605880677700043","0.4605880677700043","0.4605880677700043","0.46155738830566406","0.46155738830566406","0.46155738830566406","0.45657503604888916","0.45657503604888916","0.45657503604888916","0.4549427330493927","0.4549427330493927","0.4549427330493927","0.45959705114364624","0.45959705114364624","0.45959705114364624"
"2530","0.358462929725647","0.358462929725647","0.358462929725647","0.3684505522251129","0.3684505522251129","0.3684505522251129","0.36975061893463135","0.36975061893463135","0.36975061893463135","0.36445730924606323","0.36445730924606323","0.36445730924606323","0.3631027340888977","0.3631027340888977","0.3631027340888977","0.36776846647262573","0.36776846647262573","0.36776846647262573"
"2540","0.3581298589706421","0.3581298589706421","0.3581298589706421","0.36829376220703125","0.36829376220703125","0.36829376220703125","0.36953240633010864","0.36953240633010864","0.36953240633010864","0.36325302720069885","0.36325302720069885","0.36325302720069885","0.36228981614112854","0.36228981614112854","0.36228981614112854","0.36762964725494385","0.36762964725494385","0.36762964725494385"
"2550","0.357351690530777","0.357351690530777","0.357351690530777","0.3675861358642578","0.3675861358642578","0.3675861358642578","0.3679389953613281","0.3679389953613281","0.3679389953613281","0.36265677213668823","0.36265677213668823","0.36265677213668823","0.360543429851532","0.360543429851532","0.360543429851532","0.3668850064277649","0.3668850064277649","0.3668850064277649"
"2560","0.3750762939453125","0.3750762939453125","0.3750762939453125","0.3976566195487976","0.3976566195487976","0.3976566195487976","0.3987499475479126","0.3987499475479126","0.3987499475479126","0.39352378249168396","0.39352378249168396","0.39352378249168396","0.3918994963169098","0.3918994963169098","0.3918994963169098","0.3968837857246399","0.3968837857246399","0.3968837857246399"
"2570","0.3499412536621094","0.3499412536621094","0.3499412536621094","0.3614436984062195","0.3614436984062195","0.3614436984062195","0.36243629455566406","0.36243629455566406","0.36243629455566406","0.35730019211769104","0.35730019211769104","0.35730019211769104","0.3559402525424957","0.3559402525424957","0.3559402525424957","0.3609962463378906","0.3609962463378906","0.3609962463378906"
"2580","0.36752206087112427","0.36752206087112427","0.36752206087112427","0.37717896699905396","0.37717896699905396","0.37717896699905396","0.37818336486816406","0.37818336486816406","0.37818336486816406","0.37364768981933594","0.37364768981933594","0.37364768981933594","0.3720245361328125","0.3720245361328125","0.3720245361328125","0.37659531831741333","0.37659531831741333","0.37659531831741333"
"2590","0.349373996257782","0.349373996257782","0.349373996257782","0.3591674864292145","0.3591674864292145","0.3591674864292145","0.3597598969936371","0.3597598969936371","0.3597598969936371","0.3550735414028168","0.3550735414028168","0.3550735414028168","0.3535469174385071","0.3535469174385071","0.3535469174385071","0.35806044936180115","0.35806044936180115","0.35806044936180115"
"2600","0.3576812744140625","0.3576812744140625","0.3576812744140625","0.36773455142974854","0.36773455142974854","0.36773455142974854","0.3683498501777649","0.3683498501777649","0.3683498501777649","0.3631645441055298","0.3631645441055298","0.3631645441055298","0.36242830753326416","0.36242830753326416","0.36242830753326416","0.36598777770996094","0.36598777770996094","0.36598777770996094"
"2610","0.3619312644004822","0.3619312644004822","0.3619312644004822","0.3717220425605774","0.3717220425605774","0.3717220425605774","0.3728035092353821","0.3728035092353821","0.3728035092353821","0.36765289306640625","0.36765289306640625","0.36765289306640625","0.36634713411331177","0.36634713411331177","0.36634713411331177","0.37099993228912354","0.37099993228912354","0.37099993228912354"
"2620","0.4212840795516968","0.4212840795516968","0.4212840795516968","0.4305339753627777","0.4305339753627777","0.4305339753627777","0.43113136291503906","0.43113136291503906","0.43113136291503906","0.42687302827835083","0.42687302827835083","0.42687302827835083","0.425515353679657","0.425515353679657","0.425515353679657","0.4297286868095398","0.4297286868095398","0.4297286868095398"
"2630","0.3518180847167969","0.3518180847167969","0.3518180847167969","0.36221539974212646","0.36221539974212646","0.36221539974212646","0.36260986328125","0.36260986328125","0.36260986328125","0.35777169466018677","0.35777169466018677","0.35777169466018677","0.3566451668739319","0.3566451668739319","0.3566451668739319","0.3613964021205902","0.3613964021205902","0.3613964021205902"
"2640","0.3790317475795746","0.3790317475795746","0.3790317475795746","0.3889976441860199","0.3889976441860199","0.3889976441860199","0.3896438479423523","0.3896438479423523","0.3896438479423523","0.3847152590751648","0.3847152590751648","0.3847152590751648","0.38292351365089417","0.38292351365089417","0.38292351365089417","0.3883765935897827","0.3883765935897827","0.3883765935897827"
"2650","0.366214394569397","0.366214394569397","0.366214394569397","0.3767520785331726","0.3767520785331726","0.3767520785331726","0.3769473731517792","0.3769473731517792","0.3769473731517792","0.3719116151332855","0.3719116151332855","0.3719116151332855","0.3707462251186371","0.3707462251186371","0.3707462251186371","0.3754344880580902","0.3754344880580902","0.3754344880580902"
"2660","0.4058486819267273","0.4058486819267273","0.4058486819267273","0.41412353515625","0.41412353515625","0.41412353515625","0.4160907566547394","0.4160907566547394","0.4160907566547394","0.4104667901992798","0.4104667901992798","0.4104667901992798","0.40994834899902344","0.40994834899902344","0.40994834899902344","0.4147884249687195","0.4147884249687195","0.4147884249687195"
"2670","0.44620245695114136","0.44620245695114136","0.44620245695114136","0.4550636410713196","0.4550636410713196","0.4550636410713196","0.4552955627441406","0.4552955627441406","0.4552955627441406","0.4509376287460327","0.4509376287460327","0.4509376287460327","0.4502185583114624","0.4502185583114624","0.4502185583114624","0.454254150390625","0.454254150390625","0.454254150390625"
"2680","0.4292644262313843","0.4292644262313843","0.4292644262313843","0.43904000520706177","0.43904000520706177","0.43904000520706177","0.4393954873085022","0.4393954873085022","0.4393954873085022","0.43453675508499146","0.43453675508499146","0.43453675508499146","0.4338207244873047","0.4338207244873047","0.4338207244873047","0.4386085867881775","0.4386085867881775","0.4386085867881775"
"2690","0.3580211400985718","0.3580211400985718","0.3580211400985718","0.36738890409469604","0.36738890409469604","0.36738890409469604","0.3681468963623047","0.3681468963623047","0.3681468963623047","0.36373862624168396","0.36373862624168396","0.36373862624168396","0.3626544773578644","0.3626544773578644","0.3626544773578644","0.3667469024658203","0.3667469024658203","0.3667469024658203"
"2700","0.3688057065010071","0.3688057065010071","0.3688057065010071","0.3772598206996918","0.3772598206996918","0.3772598206996918","0.3779487609863281","0.3779487609863281","0.3779487609863281","0.37364423274993896","0.37364423274993896","0.37364423274993896","0.37297630310058594","0.37297630310058594","0.37297630310058594","0.37634164094924927","0.37634164094924927","0.37634164094924927"
"2710","0.364004522562027","0.364004522562027","0.364004522562027","0.3719005584716797","0.3719005584716797","0.3719005584716797","0.3769637942314148","0.3769637942314148","0.3769637942314148","0.36764639616012573","0.36764639616012573","0.36764639616012573","0.3679405450820923","0.3679405450820923","0.3679405450820923","0.37436676025390625","0.37436676025390625","0.37436676025390625"
"2720","0.3681316375732422","0.3681316375732422","0.3681316375732422","0.3775375187397003","0.3775375187397003","0.3775375187397003","0.3785247802734375","0.3785247802734375","0.3785247802734375","0.373195618391037","0.373195618391037","0.373195618391037","0.37228429317474365","0.37228429317474365","0.37228429317474365","0.3771003782749176","0.3771003782749176","0.3771003782749176"
"2730","0.4318138062953949","0.4318138062953949","0.4318138062953949","0.44887426495552063","0.44887426495552063","0.44887426495552063","0.4479469358921051","0.4479469358921051","0.4479469358921051","0.43906861543655396","0.43906861543655396","0.43906861543655396","0.44355738162994385","0.44355738162994385","0.44355738162994385","0.44792404770851135","0.44792404770851135","0.44792404770851135"
"2740","0.36664390563964844","0.36664390563964844","0.36664390563964844","0.3779071569442749","0.3779071569442749","0.3779071569442749","0.3774242401123047","0.3774242401123047","0.3774242401123047","0.3712150752544403","0.3712150752544403","0.3712150752544403","0.36763840913772583","0.36763840913772583","0.36763840913772583","0.3760662078857422","0.3760662078857422","0.3760662078857422"
"2750","0.3405265808105469","0.3405265808105469","0.3405265808105469","0.3497932255268097","0.3497932255268097","0.3497932255268097","0.34999656677246094","0.34999656677246094","0.34999656677246094","0.34510764479637146","0.34510764479637146","0.34510764479637146","0.34407538175582886","0.34407538175582886","0.34407538175582886","0.34874802827835083","0.34874802827835083","0.34874802827835083"
"2760","0.3556815981864929","0.3556815981864929","0.3556815981864929","0.3669315278530121","0.3669315278530121","0.3669315278530121","0.3666202425956726","0.3666202425956726","0.3666202425956726","0.3617194890975952","0.3617194890975952","0.3617194890975952","0.3607994019985199","0.3607994019985199","0.3607994019985199","0.365420937538147","0.365420937538147","0.365420937538147"
"2770","0.3646552860736847","0.3646552860736847","0.3646552860736847","0.37450945377349854","0.37450945377349854","0.37450945377349854","0.3753204345703125","0.3753204345703125","0.3753204345703125","0.36964988708496094","0.36964988708496094","0.36964988708496094","0.36803513765335083","0.36803513765335083","0.36803513765335083","0.37328529357910156","0.37328529357910156","0.37328529357910156"
"2780","0.3658618927001953","0.3658618927001953","0.3658618927001953","0.3760967254638672","0.3760967254638672","0.3760967254638672","0.37654343247413635","0.37654343247413635","0.37654343247413635","0.37128946185112","0.37128946185112","0.37128946185112","0.3694618046283722","0.3694618046283722","0.3694618046283722","0.3744937777519226","0.3744937777519226","0.3744937777519226"
"2790","0.3571651577949524","0.3571651577949524","0.3571651577949524","0.3666130304336548","0.3666130304336548","0.3666130304336548","0.3671279847621918","0.3671279847621918","0.3671279847621918","0.36241722106933594","0.36241722106933594","0.36241722106933594","0.36108171939849854","0.36108171939849854","0.36108171939849854","0.3651920258998871","0.3651920258998871","0.3651920258998871"
"2800","0.36826515197753906","0.36826515197753906","0.36826515197753906","0.3774612247943878","0.3774612247943878","0.3774612247943878","0.3782421052455902","0.3782421052455902","0.3782421052455902","0.37324297428131104","0.37324297428131104","0.37324297428131104","0.37179678678512573","0.37179678678512573","0.37179678678512573","0.3762497007846832","0.3762497007846832","0.3762497007846832"
"2810","0.3866729736328125","0.3866729736328125","0.3866729736328125","0.3957844078540802","0.3957844078540802","0.3957844078540802","0.39674413204193115","0.39674413204193115","0.39674413204193115","0.3921150267124176","0.3921150267124176","0.3921150267124176","0.3905037045478821","0.3905037045478821","0.3905037045478821","0.39498746395111084","0.39498746395111084","0.39498746395111084"
"2820","0.40440332889556885","0.40440332889556885","0.40440332889556885","0.41231614351272583","0.41231614351272583","0.41231614351272583","0.41357800364494324","0.41357800364494324","0.41357800364494324","0.4093341827392578","0.4093341827392578","0.4093341827392578","0.40816038846969604","0.40816038846969604","0.40816038846969604","0.41210782527923584","0.41210782527923584","0.41210782527923584"
"2830","0.364310085773468","0.364310085773468","0.364310085773468","0.3722679018974304","0.3722679018974304","0.3722679018974304","0.37325820326805115","0.37325820326805115","0.37325820326805115","0.3687896728515625","0.3687896728515625","0.3687896728515625","0.36765405535697937","0.36765405535697937","0.36765405535697937","0.37191885709762573","0.37191885709762573","0.37191885709762573"
"2840","0.3723865747451782","0.3723865747451782","0.3723865747451782","0.3818359375","0.3818359375","0.3818359375","0.38276100158691406","0.38276100158691406","0.38276100158691406","0.3779872953891754","0.3779872953891754","0.3779872953891754","0.3767295777797699","0.3767295777797699","0.3767295777797699","0.3813018798828125","0.3813018798828125","0.3813018798828125"
"2850","0.37668532133102417","0.37668532133102417","0.37668532133102417","0.38520699739456177","0.38520699739456177","0.38520699739456177","0.38584059476852417","0.38584059476852417","0.38584059476852417","0.3816283941268921","0.3816283941268921","0.3816283941268921","0.38036805391311646","0.38036805391311646","0.38036805391311646","0.3848319947719574","0.3848319947719574","0.3848319947719574"
"2860","0.36818426847457886","0.36818426847457886","0.36818426847457886","0.37736091017723083","0.37736091017723083","0.37736091017723083","0.37812310457229614","0.37812310457229614","0.37812310457229614","0.37389031052589417","0.37389031052589417","0.37389031052589417","0.3717273771762848","0.3717273771762848","0.3717273771762848","0.37677380442619324","0.37677380442619324","0.37677380442619324"
"2870","0.36648330092430115","0.36648330092430115","0.36648330092430115","0.3747696280479431","0.3747696280479431","0.3747696280479431","0.37584418058395386","0.37584418058395386","0.37584418058395386","0.37162744998931885","0.37162744998931885","0.37162744998931885","0.3697700500488281","0.3697700500488281","0.3697700500488281","0.3745799958705902","0.3745799958705902","0.3745799958705902"
"2880","0.37158432602882385","0.37158432602882385","0.37158432602882385","0.38046228885650635","0.38046228885650635","0.38046228885650635","0.38057708740234375","0.38057708740234375","0.38057708740234375","0.37678033113479614","0.37678033113479614","0.37678033113479614","0.37539517879486084","0.37539517879486084","0.37539517879486084","0.3799598813056946","0.3799598813056946","0.3799598813056946"
"2890","0.3695705533027649","0.3695705533027649","0.3695705533027649","0.37889671325683594","0.37889671325683594","0.37889671325683594","0.3795059323310852","0.3795059323310852","0.3795059323310852","0.37570685148239136","0.37570685148239136","0.37570685148239136","0.3736160397529602","0.3736160397529602","0.3736160397529602","0.37783509492874146","0.37783509492874146","0.37783509492874146"
"2900","0.37163466215133667","0.37163466215133667","0.37163466215133667","0.3804680109024048","0.3804680109024048","0.3804680109024048","0.38066598773002625","0.38066598773002625","0.38066598773002625","0.376736044883728","0.376736044883728","0.376736044883728","0.3748222291469574","0.3748222291469574","0.3748222291469574","0.3789016604423523","0.3789016604423523","0.3789016604423523"
"2910","0.4180237054824829","0.4180237054824829","0.4180237054824829","0.4266933500766754","0.4266933500766754","0.4266933500766754","0.42738837003707886","0.42738837003707886","0.42738837003707886","0.4233337342739105","0.4233337342739105","0.4233337342739105","0.4209747314453125","0.4209747314453125","0.4209747314453125","0.42465436458587646","0.42465436458587646","0.42465436458587646"
"2920","0.44730108976364136","0.44730108976364136","0.44730108976364136","0.45549315214157104","0.45549315214157104","0.45549315214157104","0.4557098150253296","0.4557098150253296","0.4557098150253296","0.45202142000198364","0.45202142000198364","0.45202142000198364","0.45134127140045166","0.45134127140045166","0.45134127140045166","0.4543876647949219","0.4543876647949219","0.4543876647949219"
"2930","0.3731788694858551","0.3731788694858551","0.3731788694858551","0.38108062744140625","0.38108062744140625","0.38108062744140625","0.38204267621040344","0.38204267621040344","0.38204267621040344","0.37760353088378906","0.37760353088378906","0.37760353088378906","0.3756908178329468","0.3756908178329468","0.3756908178329468","0.379794716835022","0.379794716835022","0.379794716835022"
"2940","0.3867431581020355","0.3867431581020355","0.3867431581020355","0.39539527893066406","0.39539527893066406","0.39539527893066406","0.39539986848831177","0.39539986848831177","0.39539986848831177","0.39180755615234375","0.39180755615234375","0.39180755615234375","0.3900028169155121","0.3900028169155121","0.3900028169155121","0.3941005766391754","0.3941005766391754","0.3941005766391754"
"2950","0.415317177772522","0.415317177772522","0.415317177772522","0.4242015779018402","0.4242015779018402","0.4242015779018402","0.4247398376464844","0.4247398376464844","0.4247398376464844","0.42094647884368896","0.42094647884368896","0.42094647884368896","0.41924628615379333","0.41924628615379333","0.41924628615379333","0.4233783781528473","0.4233783781528473","0.4233783781528473"
"2960","0.3684028387069702","0.3684028387069702","0.3684028387069702","0.37781181931495667","0.37781181931495667","0.37781181931495667","0.3784294128417969","0.3784294128417969","0.3784294128417969","0.37463417649269104","0.37463417649269104","0.37463417649269104","0.3723636567592621","0.3723636567592621","0.3723636567592621","0.37685051560401917","0.37685051560401917","0.37685051560401917"
"2970","0.38478928804397583","0.38478928804397583","0.38478928804397583","0.3940078914165497","0.3940078914165497","0.3940078914165497","0.39406129717826843","0.39406129717826843","0.39406129717826843","0.39029350876808167","0.39029350876808167","0.39029350876808167","0.38884276151657104","0.38884276151657104","0.38884276151657104","0.3929199278354645","0.3929199278354645","0.3929199278354645"
"2980","0.4322681427001953","0.4322681427001953","0.4322681427001953","0.4412052035331726","0.4412052035331726","0.4412052035331726","0.4421188235282898","0.4421188235282898","0.4421188235282898","0.4379982054233551","0.4379982054233551","0.4379982054233551","0.4362907409667969","0.4362907409667969","0.4362907409667969","0.43985745310783386","0.43985745310783386","0.43985745310783386"
"2990","0.36064568161964417","0.36064568161964417","0.36064568161964417","0.3683055639266968","0.3683055639266968","0.3683055639266968","0.3695308566093445","0.3695308566093445","0.3695308566093445","0.36532479524612427","0.36532479524612427","0.36532479524612427","0.3638126254081726","0.3638126254081726","0.3638126254081726","0.3682418763637543","0.3682418763637543","0.3682418763637543"
"3000","0.4016483426094055","0.4016483426094055","0.4016483426094055","0.40935251116752625","0.40935251116752625","0.40935251116752625","0.40998420119285583","0.40998420119285583","0.40998420119285583","0.4056568145751953","0.4056568145751953","0.4056568145751953","0.40468254685401917","0.40468254685401917","0.40468254685401917","0.40861016511917114","0.40861016511917114","0.40861016511917114"
"3010","0.5064442157745361","0.5064442157745361","0.5064442157745361","0.5131721496582031","0.5131721496582031","0.5131721496582031","0.513989269733429","0.513989269733429","0.513989269733429","0.5099899172782898","0.5099899172782898","0.5099899172782898","0.5090194940567017","0.5090194940567017","0.5090194940567017","0.5124378204345703","0.5124378204345703","0.5124378204345703"
"3020","0.3764488399028778","0.3764488399028778","0.3764488399028778","0.38486939668655396","0.38486939668655396","0.38486939668655396","0.38577765226364136","0.38577765226364136","0.38577765226364136","0.38082921504974365","0.38082921504974365","0.38082921504974365","0.37978172302246094","0.37978172302246094","0.37978172302246094","0.38387948274612427","0.38387948274612427","0.38387948274612427"
"3030","0.36040574312210083","0.36040574312210083","0.36040574312210083","0.36788254976272583","0.36788254976272583","0.36788254976272583","0.36912840604782104","0.36912840604782104","0.36912840604782104","0.365500271320343","0.365500271320343","0.365500271320343","0.36341819167137146","0.36341819167137146","0.36341819167137146","0.3678756654262543","0.3678756654262543","0.3678756654262543"
"3040","0.4548015296459198","0.4548015296459198","0.4548015296459198","0.46292954683303833","0.46292954683303833","0.46292954683303833","0.46340981125831604","0.46340981125831604","0.46340981125831604","0.4591507017612457","0.4591507017612457","0.4591507017612457","0.45759543776512146","0.45759543776512146","0.45759543776512146","0.4615287780761719","0.4615287780761719","0.4615287780761719"
"3050","0.4449051022529602","0.4449051022529602","0.4449051022529602","0.4521781802177429","0.4521781802177429","0.4521781802177429","0.45342063903808594","0.45342063903808594","0.45342063903808594","0.4494953155517578","0.4494953155517578","0.4494953155517578","0.44777753949165344","0.44777753949165344","0.44777753949165344","0.4515647888183594","0.4515647888183594","0.4515647888183594"
"3060","0.37453001737594604","0.37453001737594604","0.37453001737594604","0.38303452730178833","0.38303452730178833","0.38303452730178833","0.38362884521484375","0.38362884521484375","0.38362884521484375","0.37964630126953125","0.37964630126953125","0.37964630126953125","0.3781189024448395","0.3781189024448395","0.3781189024448395","0.38155022263526917","0.38155022263526917","0.38155022263526917"
"3070","0.3907443881034851","0.3907443881034851","0.3907443881034851","0.3993343114852905","0.3993343114852905","0.3993343114852905","0.3998771607875824","0.3998771607875824","0.3998771607875824","0.39598962664604187","0.39598962664604187","0.39598962664604187","0.39441949129104614","0.39441949129104614","0.39441949129104614","0.39830702543258667","0.39830702543258667","0.39830702543258667"
"3080","0.3681289553642273","0.3681289553642273","0.3681289553642273","0.3760570287704468","0.3760570287704468","0.3760570287704468","0.37714883685112","0.37714883685112","0.37714883685112","0.37281036376953125","0.37281036376953125","0.37281036376953125","0.3711582124233246","0.3711582124233246","0.3711582124233246","0.37555694580078125","0.37555694580078125","0.37555694580078125"
"3090","0.3840702176094055","0.3840702176094055","0.3840702176094055","0.39182165265083313","0.39182165265083313","0.39182165265083313","0.3929370939731598","0.3929370939731598","0.3929370939731598","0.3888511657714844","0.3888511657714844","0.3888511657714844","0.3869243860244751","0.3869243860244751","0.3869243860244751","0.3912067413330078","0.3912067413330078","0.3912067413330078"
"3100","0.4371417760848999","0.4371417760848999","0.4371417760848999","0.4453185796737671","0.4453185796737671","0.4453185796737671","0.44486504793167114","0.44486504793167114","0.44486504793167114","0.4436187744140625","0.4436187744140625","0.4436187744140625","0.4396496117115021","0.4396496117115021","0.4396496117115021","0.4454265832901001","0.4454265832901001","0.4454265832901001"
"3110","0.3988815248012543","0.3988815248012543","0.3988815248012543","0.4054027795791626","0.4054027795791626","0.4054027795791626","0.40820351243019104","0.40820351243019104","0.40820351243019104","0.4046795070171356","0.4046795070171356","0.4046795070171356","0.40277329087257385","0.40277329087257385","0.40277329087257385","0.40715065598487854","0.40715065598487854","0.40715065598487854"
"3120","0.3738971948623657","0.3738971948623657","0.3738971948623657","0.3824489712715149","0.3824489712715149","0.3824489712715149","0.38375017046928406","0.38375017046928406","0.38375017046928406","0.3795219361782074","0.3795219361782074","0.3795219361782074","0.37795066833496094","0.37795066833496094","0.37795066833496094","0.3824283480644226","0.3824283480644226","0.3824283480644226"
"3130","0.37747764587402344","0.37747764587402344","0.37747764587402344","0.3855735957622528","0.3855735957622528","0.3855735957622528","0.38677483797073364","0.38677483797073364","0.38677483797073364","0.3828468322753906","0.3828468322753906","0.3828468322753906","0.38129502534866333","0.38129502534866333","0.38129502534866333","0.3854289948940277","0.3854289948940277","0.3854289948940277"
"3140","0.3781234920024872","0.3781234920024872","0.3781234920024872","0.38709986209869385","0.38709986209869385","0.38709986209869385","0.38706356287002563","0.38706356287002563","0.38706356287002563","0.384225457906723","0.384225457906723","0.384225457906723","0.38218915462493896","0.38218915462493896","0.38218915462493896","0.38598328828811646","0.38598328828811646","0.38598328828811646"
"3150","0.3682106137275696","0.3682106137275696","0.3682106137275696","0.37669676542282104","0.37669676542282104","0.37669676542282104","0.3769340515136719","0.3769340515136719","0.3769340515136719","0.3732414245605469","0.3732414245605469","0.3732414245605469","0.3720504939556122","0.3720504939556122","0.3720504939556122","0.3756866455078125","0.3756866455078125","0.3756866455078125"
"3160","0.37121087312698364","0.37121087312698364","0.37121087312698364","0.379494845867157","0.379494845867157","0.379494845867157","0.3800758719444275","0.3800758719444275","0.3800758719444275","0.376626580953598","0.376626580953598","0.376626580953598","0.37439459562301636","0.37439459562301636","0.37439459562301636","0.378744512796402","0.378744512796402","0.378744512796402"
"3170","0.36846923828125","0.36846923828125","0.36846923828125","0.37634849548339844","0.37634849548339844","0.37634849548339844","0.3767204284667969","0.3767204284667969","0.3767204284667969","0.3731090724468231","0.3731090724468231","0.3731090724468231","0.37164270877838135","0.37164270877838135","0.37164270877838135","0.375491738319397","0.375491738319397","0.375491738319397"
"3180","0.374545693397522","0.374545693397522","0.374545693397522","0.381857305765152","0.381857305765152","0.381857305765152","0.3807033598423004","0.3807033598423004","0.3807033598423004","0.3786243498325348","0.3786243498325348","0.3786243498325348","0.3768607974052429","0.3768607974052429","0.3768607974052429","0.37930870056152344","0.37930870056152344","0.37930870056152344"
"3190","0.46654319763183594","0.46654319763183594","0.46654319763183594","0.4623527526855469","0.4623527526855469","0.4623527526855469","0.4588615298271179","0.4588615298271179","0.4588615298271179","0.4701782166957855","0.4701782166957855","0.4701782166957855","0.46606066823005676","0.46606066823005676","0.46606066823005676","0.4465286135673523","0.4465286135673523","0.4465286135673523"
"3200","0.38717538118362427","0.38717538118362427","0.38717538118362427","0.3946727514266968","0.3946727514266968","0.3946727514266968","0.39419785141944885","0.39419785141944885","0.39419785141944885","0.3923507630825043","0.3923507630825043","0.3923507630825043","0.3899848759174347","0.3899848759174347","0.3899848759174347","0.3912029266357422","0.3912029266357422","0.3912029266357422"
"3210","0.3640701174736023","0.3640701174736023","0.3640701174736023","0.37182730436325073","0.37182730436325073","0.37182730436325073","0.372061550617218","0.372061550617218","0.372061550617218","0.3685489594936371","0.3685489594936371","0.3685489594936371","0.36755332350730896","0.36755332350730896","0.36755332350730896","0.370086669921875","0.370086669921875","0.370086669921875"
"3220","0.38092535734176636","0.38092535734176636","0.38092535734176636","0.3898178040981293","0.3898178040981293","0.3898178040981293","0.3876663148403168","0.3876663148403168","0.3876663148403168","0.38560447096824646","0.38560447096824646","0.38560447096824646","0.3844325840473175","0.3844325840473175","0.3844325840473175","0.3896636962890625","0.3896636962890625","0.3896636962890625"
"3230","0.3733844459056854","0.3733844459056854","0.3733844459056854","0.3803074061870575","0.3803074061870575","0.3803074061870575","0.3808826208114624","0.3808826208114624","0.3808826208114624","0.3762233853340149","0.3762233853340149","0.3762233853340149","0.3756954073905945","0.3756954073905945","0.3756954073905945","0.37945252656936646","0.37945252656936646","0.37945252656936646"
"3240","0.36994171142578125","0.36994171142578125","0.36994171142578125","0.377529501914978","0.377529501914978","0.377529501914978","0.37835806608200073","0.37835806608200073","0.37835806608200073","0.3738662898540497","0.3738662898540497","0.3738662898540497","0.3729240298271179","0.3729240298271179","0.3729240298271179","0.37654417753219604","0.37654417753219604","0.37654417753219604"
"3250","0.38542482256889343","0.38542482256889343","0.38542482256889343","0.3943065404891968","0.3943065404891968","0.3943065404891968","0.3942401707172394","0.3942401707172394","0.3942401707172394","0.3875102698802948","0.3875102698802948","0.3875102698802948","0.38847464323043823","0.38847464323043823","0.38847464323043823","0.39069631695747375","0.39069631695747375","0.39069631695747375"
"3260","0.49703025817871094","0.49703025817871094","0.49703025817871094","0.4832611083984375","0.4832611083984375","0.4832611083984375","0.5034168362617493","0.5034168362617493","0.5034168362617493","0.49992331862449646","0.49992331862449646","0.49992331862449646","0.49927598237991333","0.49927598237991333","0.49927598237991333","0.5023697018623352","0.5023697018623352","0.5023697018623352"
"3270","0.4632144868373871","0.4632144868373871","0.4632144868373871","0.46853217482566833","0.46853217482566833","0.46853217482566833","0.469940185546875","0.469940185546875","0.469940185546875","0.4669654965400696","0.4669654965400696","0.4669654965400696","0.465645968914032","0.465645968914032","0.465645968914032","0.4687667787075043","0.4687667787075043","0.4687667787075043"
"3280","0.4090682864189148","0.4090682864189148","0.4090682864189148","0.4155948758125305","0.4155948758125305","0.4155948758125305","0.41621285676956177","0.41621285676956177","0.41621285676956177","0.4132903814315796","0.4132903814315796","0.4132903814315796","0.41142427921295166","0.41142427921295166","0.41142427921295166","0.4151676297187805","0.4151676297187805","0.4151676297187805"
"3290","0.3860553801059723","0.3860553801059723","0.3860553801059723","0.3933273255825043","0.3933273255825043","0.3933273255825043","0.39418715238571167","0.39418715238571167","0.39418715238571167","0.39091378450393677","0.39091378450393677","0.39091378450393677","0.3892399072647095","0.3892399072647095","0.3892399072647095","0.3929431736469269","0.3929431736469269","0.3929431736469269"
"3300","0.38030165433883667","0.38030165433883667","0.38030165433883667","0.387542724609375","0.387542724609375","0.387542724609375","0.38810157775878906","0.38810157775878906","0.38810157775878906","0.38542062044143677","0.38542062044143677","0.38542062044143677","0.3833957314491272","0.3833957314491272","0.3833957314491272","0.38636818528175354","0.38636818528175354","0.38636818528175354"
"3310","0.37749022245407104","0.37749022245407104","0.37749022245407104","0.385964572429657","0.385964572429657","0.385964572429657","0.38616639375686646","0.38616639375686646","0.38616639375686646","0.3819485008716583","0.3819485008716583","0.3819485008716583","0.3805389404296875","0.3805389404296875","0.3805389404296875","0.3845504820346832","0.3845504820346832","0.3845504820346832"
"3320","0.38084909319877625","0.38084909319877625","0.38084909319877625","0.3894321322441101","0.3894321322441101","0.3894321322441101","0.3901023864746094","0.3901023864746094","0.3901023864746094","0.38592416048049927","0.38592416048049927","0.38592416048049927","0.3846549987792969","0.3846549987792969","0.3846549987792969","0.38868939876556396","0.38868939876556396","0.38868939876556396"
"3330","0.3770618736743927","0.3770618736743927","0.3770618736743927","0.38419950008392334","0.38419950008392334","0.38419950008392334","0.38528746366500854","0.38528746366500854","0.38528746366500854","0.3813224732875824","0.3813224732875824","0.3813224732875824","0.3791007995605469","0.3791007995605469","0.3791007995605469","0.3837722837924957","0.3837722837924957","0.3837722837924957"
"3340","0.3754955530166626","0.3754955530166626","0.3754955530166626","0.38373643159866333","0.38373643159866333","0.38373643159866333","0.38529396057128906","0.38529396057128906","0.38529396057128906","0.38095778226852417","0.38095778226852417","0.38095778226852417","0.37926405668258667","0.37926405668258667","0.37926405668258667","0.38300973176956177","0.38300973176956177","0.38300973176956177"
"3350","0.4430301785469055","0.4430301785469055","0.4430301785469055","0.45007628202438354","0.45007628202438354","0.45007628202438354","0.4514148533344269","0.4514148533344269","0.4514148533344269","0.44769591093063354","0.44769591093063354","0.44769591093063354","0.44642752408981323","0.44642752408981323","0.44642752408981323","0.44938963651657104","0.44938963651657104","0.44938963651657104"
"3360","0.4373947083950043","0.4373947083950043","0.4373947083950043","0.4447872042655945","0.4447872042655945","0.4447872042655945","0.44573819637298584","0.44573819637298584","0.44573819637298584","0.44187772274017334","0.44187772274017334","0.44187772274017334","0.4408012330532074","0.4408012330532074","0.4408012330532074","0.4439445734024048","0.4439445734024048","0.4439445734024048"
"3370","0.3827190399169922","0.3827190399169922","0.3827190399169922","0.3901500403881073","0.3901500403881073","0.3901500403881073","0.3907203674316406","0.3907203674316406","0.3907203674316406","0.38728445768356323","0.38728445768356323","0.38728445768356323","0.38548165559768677","0.38548165559768677","0.38548165559768677","0.3893226385116577","0.3893226385116577","0.3893226385116577"
"3380","0.4545387327671051","0.4545387327671051","0.4545387327671051","0.4609260559082031","0.4609260559082031","0.4609260559082031","0.4610629975795746","0.4610629975795746","0.4610629975795746","0.45968592166900635","0.45968592166900635","0.45968592166900635","0.4575122892856598","0.4575122892856598","0.4575122892856598","0.45998573303222656","0.45998573303222656","0.45998573303222656"
"3390","0.3821948766708374","0.3821948766708374","0.3821948766708374","0.3895794153213501","0.3895794153213501","0.3895794153213501","0.39000892639160156","0.39000892639160156","0.39000892639160156","0.3870502710342407","0.3870502710342407","0.3870502710342407","0.3849548399448395","0.3849548399448395","0.3849548399448395","0.38878440856933594","0.38878440856933594","0.38878440856933594"
"3400","0.4407779574394226","0.4407779574394226","0.4407779574394226","0.44738614559173584","0.44738614559173584","0.44738614559173584","0.4479709565639496","0.4479709565639496","0.4479709565639496","0.44564932584762573","0.44564932584762573","0.44564932584762573","0.44335705041885376","0.44335705041885376","0.44335705041885376","0.44730567932128906","0.44730567932128906","0.44730567932128906"
"3410","0.3803207278251648","0.3803207278251648","0.3803207278251648","0.3872993588447571","0.3872993588447571","0.3872993588447571","0.38812559843063354","0.38812559843063354","0.38812559843063354","0.38465654850006104","0.38465654850006104","0.38465654850006104","0.3826870024204254","0.3826870024204254","0.3826870024204254","0.3866947293281555","0.3866947293281555","0.3866947293281555"
"3420","0.3853466212749481","0.3853466212749481","0.3853466212749481","0.39291876554489136","0.39291876554489136","0.39291876554489136","0.39324647188186646","0.39324647188186646","0.39324647188186646","0.390377402305603","0.390377402305603","0.390377402305603","0.3876693844795227","0.3876693844795227","0.3876693844795227","0.39211809635162354","0.39211809635162354","0.39211809635162354"
"3430","0.4432918429374695","0.4432918429374695","0.4432918429374695","0.450478732585907","0.450478732585907","0.450478732585907","0.4508209228515625","0.4508209228515625","0.4508209228515625","0.44777071475982666","0.44777071475982666","0.44777071475982666","0.4444892704486847","0.4444892704486847","0.4444892704486847","0.45014187693595886","0.45014187693595886","0.45014187693595886"
"3440","0.4454185366630554","0.4454185366630554","0.4454185366630554","0.4512726068496704","0.4512726068496704","0.4512726068496704","0.45298993587493896","0.45298993587493896","0.45298993587493896","0.4475463628768921","0.4475463628768921","0.4475463628768921","0.4465774893760681","0.4465774893760681","0.4465774893760681","0.4463237524032593","0.4463237524032593","0.4463237524032593"
"3450","0.37559548020362854","0.37559548020362854","0.37559548020362854","0.38231125473976135","0.38231125473976135","0.38231125473976135","0.3838310241699219","0.3838310241699219","0.3838310241699219","0.37977370619773865","0.37977370619773865","0.37977370619773865","0.37813225388526917","0.37813225388526917","0.37813225388526917","0.3817936182022095","0.3817936182022095","0.3817936182022095"
"3460","0.4116653501987457","0.4116653501987457","0.4116653501987457","0.4189663231372833","0.4189663231372833","0.4189663231372833","0.41948890686035156","0.41948890686035156","0.41948890686035156","0.4163128137588501","0.4163128137588501","0.4163128137588501","0.4137924015522003","0.4137924015522003","0.4137924015522003","0.41833457350730896","0.41833457350730896","0.41833457350730896"
"3470","0.4427478611469269","0.4427478611469269","0.4427478611469269","0.44983595609664917","0.44983595609664917","0.44983595609664917","0.45008546113967896","0.45008546113967896","0.45008546113967896","0.446615993976593","0.446615993976593","0.446615993976593","0.4450470209121704","0.4450470209121704","0.4450470209121704","0.4487415552139282","0.4487415552139282","0.4487415552139282"
"3480","0.42758023738861084","0.42758023738861084","0.42758023738861084","0.43416786193847656","0.43416786193847656","0.43416786193847656","0.43487587571144104","0.43487587571144104","0.43487587571144104","0.43156319856643677","0.43156319856643677","0.43156319856643677","0.4299991726875305","0.4299991726875305","0.4299991726875305","0.43381959199905396","0.43381959199905396","0.43381959199905396"
"3490","0.3965308964252472","0.3965308964252472","0.3965308964252472","0.40347057580947876","0.40347057580947876","0.40347057580947876","0.4034099578857422","0.4034099578857422","0.4034099578857422","0.40046656131744385","0.40046656131744385","0.40046656131744385","0.3990497589111328","0.3990497589111328","0.3990497589111328","0.40220144391059875","0.40220144391059875","0.40220144391059875"
"3500","0.37778323888778687","0.37778323888778687","0.37778323888778687","0.3846759796142578","0.3846759796142578","0.3846759796142578","0.3849811553955078","0.3849811553955078","0.3849811553955078","0.3819030523300171","0.3819030523300171","0.3819030523300171","0.3803703188896179","0.3803703188896179","0.3803703188896179","0.38378334045410156","0.38378334045410156","0.38378334045410156"
"3510","0.4538688659667969","0.4538688659667969","0.4538688659667969","0.45988962054252625","0.45988962054252625","0.45988962054252625","0.46122702956199646","0.46122702956199646","0.46122702956199646","0.45789188146591187","0.45789188146591187","0.45789188146591187","0.45646095275878906","0.45646095275878906","0.45646095275878906","0.4599868655204773","0.4599868655204773","0.4599868655204773"
"3520","0.3867179751396179","0.3867179751396179","0.3867179751396179","0.39440804719924927","0.39440804719924927","0.39440804719924927","0.3948722779750824","0.3948722779750824","0.3948722779750824","0.39135169982910156","0.39135169982910156","0.39135169982910156","0.3893775939941406","0.3893775939941406","0.3893775939941406","0.39296871423721313","0.39296871423721313","0.39296871423721313"
"3530","0.3840206265449524","0.3840206265449524","0.3840206265449524","0.39091265201568604","0.39091265201568604","0.39091265201568604","0.39216235280036926","0.39216235280036926","0.39216235280036926","0.38887637853622437","0.38887637853622437","0.38887637853622437","0.3869655728340149","0.3869655728340149","0.3869655728340149","0.3904068171977997","0.3904068171977997","0.3904068171977997"
"3540","0.3803539574146271","0.3803539574146271","0.3803539574146271","0.38758620619773865","0.38758620619773865","0.38758620619773865","0.3885635435581207","0.3885635435581207","0.3885635435581207","0.38507920503616333","0.38507920503616333","0.38507920503616333","0.3830142915248871","0.3830142915248871","0.3830142915248871","0.3869549036026001","0.3869549036026001","0.3869549036026001"
"3550","0.5146770477294922","0.5146770477294922","0.5146770477294922","0.5200816988945007","0.5200816988945007","0.5200816988945007","0.5205360651016235","0.5205360651016235","0.5205360651016235","0.5179450511932373","0.5179450511932373","0.5179450511932373","0.5166404843330383","0.5166404843330383","0.5166404843330383","0.5195247530937195","0.5195247530937195","0.5195247530937195"
"3560","0.41178208589553833","0.41178208589553833","0.41178208589553833","0.41902273893356323","0.41902273893356323","0.41902273893356323","0.41897010803222656","0.41897010803222656","0.41897010803222656","0.4159431457519531","0.4159431457519531","0.4159431457519531","0.41467171907424927","0.41467171907424927","0.41467171907424927","0.4179050326347351","0.4179050326347351","0.4179050326347351"
"3570","0.38112562894821167","0.38112562894821167","0.38112562894821167","0.38854408264160156","0.38854408264160156","0.38854408264160156","0.38863104581832886","0.38863104581832886","0.38863104581832886","0.385528564453125","0.385528564453125","0.385528564453125","0.3838130831718445","0.3838130831718445","0.3838130831718445","0.3878113031387329","0.3878113031387329","0.3878113031387329"
"3580","0.4442119598388672","0.4442119598388672","0.4442119598388672","0.4512687623500824","0.4512687623500824","0.4512687623500824","0.45163461565971375","0.45163461565971375","0.45163461565971375","0.4486721158027649","0.4486721158027649","0.4486721158027649","0.44704973697662354","0.44704973697662354","0.44704973697662354","0.4504008889198303","0.4504008889198303","0.4504008889198303"
"3590","0.3956432342529297","0.3956432342529297","0.3956432342529297","0.40278318524360657","0.40278318524360657","0.40278318524360657","0.40313106775283813","0.40313106775283813","0.40313106775283813","0.4005252718925476","0.4005252718925476","0.4005252718925476","0.3985183835029602","0.3985183835029602","0.3985183835029602","0.40205079317092896","0.40205079317092896","0.40205079317092896"
"3600","0.3924297094345093","0.3924297094345093","0.3924297094345093","0.39905011653900146","0.39905011653900146","0.39905011653900146","0.39990881085395813","0.39990881085395813","0.39990881085395813","0.39649698138237","0.39649698138237","0.39649698138237","0.3950187563896179","0.3950187563896179","0.3950187563896179","0.3983657956123352","0.3983657956123352","0.3983657956123352"
"3610","0.3960105776786804","0.3960105776786804","0.3960105776786804","0.40275612473487854","0.40275612473487854","0.40275612473487854","0.4028392732143402","0.4028392732143402","0.4028392732143402","0.3998855650424957","0.3998855650424957","0.3998855650424957","0.398651123046875","0.398651123046875","0.398651123046875","0.40170401334762573","0.40170401334762573","0.40170401334762573"
"3620","0.39288824796676636","0.39288824796676636","0.39288824796676636","0.3993972837924957","0.3993972837924957","0.3993972837924957","0.40048831701278687","0.40048831701278687","0.40048831701278687","0.39722710847854614","0.39722710847854614","0.39722710847854614","0.39546698331832886","0.39546698331832886","0.39546698331832886","0.3989143371582031","0.3989143371582031","0.3989143371582031"
"3630","0.4593273401260376","0.4593273401260376","0.4593273401260376","0.4651150107383728","0.4651150107383728","0.4651150107383728","0.4652557373046875","0.4652557373046875","0.4652557373046875","0.4641536474227905","0.4641536474227905","0.4641536474227905","0.46096497774124146","0.46096497774124146","0.46096497774124146","0.46486014127731323","0.46486014127731323","0.46486014127731323"
"3640","0.41666871309280396","0.41666871309280396","0.41666871309280396","0.42227551341056824","0.42227551341056824","0.42227551341056824","0.4229007959365845","0.4229007959365845","0.4229007959365845","0.42190247774124146","0.42190247774124146","0.42190247774124146","0.4180900454521179","0.4180900454521179","0.4180900454521179","0.41823041439056396","0.41823041439056396","0.41823041439056396"
"3650","0.39665257930755615","0.39665257930755615","0.39665257930755615","0.4034317135810852","0.4034317135810852","0.4034317135810852","0.4026275873184204","0.4026275873184204","0.4026275873184204","0.4009716212749481","0.4009716212749481","0.4009716212749481","0.39774665236473083","0.39774665236473083","0.39774665236473083","0.4024333953857422","0.4024333953857422","0.4024333953857422"
"3660","0.38581809401512146","0.38581809401512146","0.38581809401512146","0.3926631808280945","0.3926631808280945","0.3926631808280945","0.3933776915073395","0.3933776915073395","0.3933776915073395","0.3906311094760895","0.3906311094760895","0.3906311094760895","0.3886825442314148","0.3886825442314148","0.3886825442314148","0.3918803930282593","0.3918803930282593","0.3918803930282593"
"3670","0.3909114897251129","0.3909114897251129","0.3909114897251129","0.3981861174106598","0.3981861174106598","0.3981861174106598","0.39879417419433594","0.39879417419433594","0.39879417419433594","0.3957950472831726","0.3957950472831726","0.3957950472831726","0.39468613266944885","0.39468613266944885","0.39468613266944885","0.3976733982563019","0.3976733982563019","0.3976733982563019"
"3680","0.3820708990097046","0.3820708990097046","0.3820708990097046","0.38857728242874146","0.38857728242874146","0.38857728242874146","0.38925591111183167","0.38925591111183167","0.38925591111183167","0.3862922787666321","0.3862922787666321","0.3862922787666321","0.3844410181045532","0.3844410181045532","0.3844410181045532","0.38803136348724365","0.38803136348724365","0.38803136348724365"
"3690","0.3954887092113495","0.3954887092113495","0.3954887092113495","0.40257036685943604","0.40257036685943604","0.40257036685943604","0.4030681848526001","0.4030681848526001","0.4030681848526001","0.40050697326660156","0.40050697326660156","0.40050697326660156","0.3981429934501648","0.3981429934501648","0.3981429934501648","0.4019660949707031","0.4019660949707031","0.4019660949707031"
"3700","0.4174346923828125","0.4174346923828125","0.4174346923828125","0.4237751364707947","0.4237751364707947","0.4237751364707947","0.42391321063041687","0.42391321063041687","0.42391321063041687","0.4216029942035675","0.4216029942035675","0.4216029942035675","0.4203571379184723","0.4203571379184723","0.4203571379184723","0.42352330684661865","0.42352330684661865","0.42352330684661865"
"3710","0.4236999452114105","0.4236999452114105","0.4236999452114105","0.4302879571914673","0.4302879571914673","0.4302879571914673","0.4302089512348175","0.4302089512348175","0.4302089512348175","0.4282512664794922","0.4282512664794922","0.4282512664794922","0.4267162084579468","0.4267162084579468","0.4267162084579468","0.42987480759620667","0.42987480759620667","0.42987480759620667"
"3720","0.39447057247161865","0.39447057247161865","0.39447057247161865","0.40093573927879333","0.40093573927879333","0.40093573927879333","0.40145567059516907","0.40145567059516907","0.40145567059516907","0.39890632033348083","0.39890632033348083","0.39890632033348083","0.3972454071044922","0.3972454071044922","0.3972454071044922","0.400473415851593","0.400473415851593","0.400473415851593"
"3730","0.3890792727470398","0.3890792727470398","0.3890792727470398","0.3951454162597656","0.3951454162597656","0.3951454162597656","0.3959079682826996","0.3959079682826996","0.3959079682826996","0.39296606183052063","0.39296606183052063","0.39296606183052063","0.39156341552734375","0.39156341552734375","0.39156341552734375","0.39519843459129333","0.39519843459129333","0.39519843459129333"
"3740","0.5036681890487671","0.5036681890487671","0.5036681890487671","0.509143054485321","0.509143054485321","0.509143054485321","0.5098991394042969","0.5098991394042969","0.5098991394042969","0.5074226260185242","0.5074226260185242","0.5074226260185242","0.5059398412704468","0.5059398412704468","0.5059398412704468","0.5087054967880249","0.5087054967880249","0.5087054967880249"
"3750","0.4218994379043579","0.4218994379043579","0.4218994379043579","0.42860525846481323","0.42860525846481323","0.42860525846481323","0.42899513244628906","0.42899513244628906","0.42899513244628906","0.4270515739917755","0.4270515739917755","0.4270515739917755","0.4248889684677124","0.4248889684677124","0.4248889684677124","0.42883455753326416","0.42883455753326416","0.42883455753326416"
"3760","0.38919565081596375","0.38919565081596375","0.38919565081596375","0.3963523805141449","0.3963523805141449","0.3963523805141449","0.39717864990234375","0.39717864990234375","0.39717864990234375","0.3941456079483032","0.3941456079483032","0.3941456079483032","0.3924728333950043","0.3924728333950043","0.3924728333950043","0.39633825421333313","0.39633825421333313","0.39633825421333313"
"3770","0.38728445768356323","0.38728445768356323","0.38728445768356323","0.3954124450683594","0.3954124450683594","0.3954124450683594","0.3957557678222656","0.3957557678222656","0.3957557678222656","0.39267614483833313","0.39267614483833313","0.39267614483833313","0.3908042907714844","0.3908042907714844","0.3908042907714844","0.3944263458251953","0.3944263458251953","0.3944263458251953"
"3780","0.3929084837436676","0.3929084837436676","0.3929084837436676","0.40000876784324646","0.40000876784324646","0.40000876784324646","0.4000919461250305","0.4000919461250305","0.4000919461250305","0.3975696563720703","0.3975696563720703","0.3975696563720703","0.3955703675746918","0.3955703675746918","0.3955703675746918","0.3987617492675781","0.3987617492675781","0.3987617492675781"
"3790","0.454022616147995","0.454022616147995","0.454022616147995","0.45983046293258667","0.45983046293258667","0.45983046293258667","0.4599185883998871","0.4599185883998871","0.4599185883998871","0.4576064944267273","0.4576064944267273","0.4576064944267273","0.4560653865337372","0.4560653865337372","0.4560653865337372","0.4587860107421875","0.4587860107421875","0.4587860107421875"
"3800","0.3909622132778168","0.3909622132778168","0.3909622132778168","0.3974384367465973","0.3974384367465973","0.3974384367465973","0.39751094579696655","0.39751094579696655","0.39751094579696655","0.3947421908378601","0.3947421908378601","0.3947421908378601","0.39311179518699646","0.39311179518699646","0.39311179518699646","0.39676666259765625","0.39676666259765625","0.39676666259765625"
"3810","0.38509368896484375","0.38509368896484375","0.38509368896484375","0.39185410737991333","0.39185410737991333","0.39185410737991333","0.3925918638706207","0.3925918638706207","0.3925918638706207","0.389883816242218","0.389883816242218","0.389883816242218","0.38735467195510864","0.38735467195510864","0.38735467195510864","0.3888324499130249","0.3888324499130249","0.3888324499130249"
"3820","0.41746026277542114","0.41746026277542114","0.41746026277542114","0.4246937036514282","0.4246937036514282","0.4246937036514282","0.4237644076347351","0.4237644076347351","0.4237644076347351","0.42087477445602417","0.42087477445602417","0.42087477445602417","0.41950148344039917","0.41950148344039917","0.41950148344039917","0.42347413301467896","0.42347413301467896","0.42347413301467896"
"3830","0.4472488462924957","0.4472488462924957","0.4472488462924957","0.45605695247650146","0.45605695247650146","0.45605695247650146","0.4524509310722351","0.4524509310722351","0.4524509310722351","0.45138320326805115","0.45138320326805115","0.45138320326805115","0.4506961703300476","0.4506961703300476","0.4506961703300476","0.4508136510848999","0.4508136510848999","0.4508136510848999"
"3840","0.3773506283760071","0.3773506283760071","0.3773506283760071","0.38443830609321594","0.38443830609321594","0.38443830609321594","0.38467633724212646","0.38467633724212646","0.38467633724212646","0.38151776790618896","0.38151776790618896","0.38151776790618896","0.38004225492477417","0.38004225492477417","0.38004225492477417","0.3833850920200348","0.3833850920200348","0.3833850920200348"
"3850","0.3780830502510071","0.3780830502510071","0.3780830502510071","0.38463401794433594","0.38463401794433594","0.38463401794433594","0.3849323093891144","0.3849323093891144","0.3849323093891144","0.38190802931785583","0.38190802931785583","0.38190802931785583","0.3805873990058899","0.3805873990058899","0.3805873990058899","0.38386231660842896","0.38386231660842896","0.38386231660842896"
"3860","0.4492977261543274","0.4492977261543274","0.4492977261543274","0.456076055765152","0.456076055765152","0.456076055765152","0.4566921293735504","0.4566921293735504","0.4566921293735504","0.453677773475647","0.453677773475647","0.453677773475647","0.45193058252334595","0.45193058252334595","0.45193058252334595","0.45571404695510864","0.45571404695510864","0.45571404695510864"
"3870","0.3824920654296875","0.3824920654296875","0.3824920654296875","0.3890213072299957","0.3890213072299957","0.3890213072299957","0.3897598087787628","0.3897598087787628","0.3897598087787628","0.3872356414794922","0.3872356414794922","0.3872356414794922","0.3852173089981079","0.3852173089981079","0.3852173089981079","0.38852083683013916","0.38852083683013916","0.38852083683013916"
"3880","0.5704395174980164","0.5704395174980164","0.5704395174980164","0.5749405026435852","0.5749405026435852","0.5749405026435852","0.5759117007255554","0.5759117007255554","0.5759117007255554","0.5727127194404602","0.5727127194404602","0.5727127194404602","0.5724449157714844","0.5724449157714844","0.5724449157714844","0.5750362277030945","0.5750362277030945","0.5750362277030945"
"3890","0.4060310125350952","0.4060310125350952","0.4060310125350952","0.4117916226387024","0.4117916226387024","0.4117916226387024","0.4124862551689148","0.4124862551689148","0.4124862551689148","0.40915223956108093","0.40915223956108093","0.40915223956108093","0.40800362825393677","0.40800362825393677","0.40800362825393677","0.4094371795654297","0.4094371795654297","0.4094371795654297"
"3900","0.3917461335659027","0.3917461335659027","0.3917461335659027","0.39813995361328125","0.39813995361328125","0.39813995361328125","0.3988277316093445","0.3988277316093445","0.3988277316093445","0.39577826857566833","0.39577826857566833","0.39577826857566833","0.39416998624801636","0.39416998624801636","0.39416998624801636","0.3974113464355469","0.3974113464355469","0.3974113464355469"
"3910","0.4549003541469574","0.4549003541469574","0.4549003541469574","0.46103745698928833","0.46103745698928833","0.46103745698928833","0.4618568420410156","0.4618568420410156","0.4618568420410156","0.4586502015590668","0.4586502015590668","0.4586502015590668","0.45734864473342896","0.45734864473342896","0.45734864473342896","0.4600532650947571","0.4600532650947571","0.4600532650947571"
"3920","0.38627052307128906","0.38627052307128906","0.38627052307128906","0.39306795597076416","0.39306795597076416","0.39306795597076416","0.39386290311813354","0.39386290311813354","0.39386290311813354","0.3906822204589844","0.3906822204589844","0.3906822204589844","0.38815078139305115","0.38815078139305115","0.38815078139305115","0.39246103167533875","0.39246103167533875","0.39246103167533875"
"3930","0.5157077312469482","0.5157077312469482","0.5157077312469482","0.5210078954696655","0.5210078954696655","0.5210078954696655","0.521304726600647","0.521304726600647","0.521304726600647","0.5189307928085327","0.5189307928085327","0.5189307928085327","0.5179420709609985","0.5179420709609985","0.5179420709609985","0.5205814242362976","0.5205814242362976","0.5205814242362976"
"3940","0.3945327699184418","0.3945327699184418","0.3945327699184418","0.4008808135986328","0.4008808135986328","0.4008808135986328","0.40154188871383667","0.40154188871383667","0.40154188871383667","0.39853399991989136","0.39853399991989136","0.39853399991989136","0.3968246579170227","0.3968246579170227","0.3968246579170227","0.4004859924316406","0.4004859924316406","0.4004859924316406"
"3950","0.4428257346153259","0.4428257346153259","0.4428257346153259","0.44833147525787354","0.44833147525787354","0.44833147525787354","0.44876062870025635","0.44876062870025635","0.44876062870025635","0.4462558627128601","0.4462558627128601","0.4462558627128601","0.444858193397522","0.444858193397522","0.444858193397522","0.4480484127998352","0.4480484127998352","0.4480484127998352"
"3960","0.400473028421402","0.400473028421402","0.400473028421402","0.40667763352394104","0.40667763352394104","0.40667763352394104","0.407357394695282","0.407357394695282","0.407357394695282","0.40422362089157104","0.40422362089157104","0.40422362089157104","0.4027808904647827","0.4027808904647827","0.4027808904647827","0.40619122982025146","0.40619122982025146","0.40619122982025146"
"3970","0.5244979858398438","0.5244979858398438","0.5244979858398438","0.5293213129043579","0.5293213129043579","0.5293213129043579","0.5298240780830383","0.5298240780830383","0.5298240780830383","0.5276042819023132","0.5276042819023132","0.5276042819023132","0.5263458490371704","0.5263458490371704","0.5263458490371704","0.528866171836853","0.528866171836853","0.528866171836853"
"3980","0.400058388710022","0.400058388710022","0.400058388710022","0.40562593936920166","0.40562593936920166","0.40562593936920166","0.4072021543979645","0.4072021543979645","0.4072021543979645","0.4037456512451172","0.4037456512451172","0.4037456512451172","0.4024539887905121","0.4024539887905121","0.4024539887905121","0.4051342308521271","0.4051342308521271","0.4051342308521271"
"3990","0.3925968408584595","0.3925968408584595","0.3925968408584595","0.3985580801963806","0.3985580801963806","0.3985580801963806","0.39949876070022583","0.39949876070022583","0.39949876070022583","0.39615362882614136","0.39615362882614136","0.39615362882614136","0.3951420187950134","0.3951420187950134","0.3951420187950134","0.39816856384277344","0.39816856384277344","0.39816856384277344"
"4000","0.3973323702812195","0.3973323702812195","0.3973323702812195","0.4040897488594055","0.4040897488594055","0.4040897488594055","0.40439414978027344","0.40439414978027344","0.40439414978027344","0.40134161710739136","0.40134161710739136","0.40134161710739136","0.39966318011283875","0.39966318011283875","0.39966318011283875","0.4034541845321655","0.4034541845321655","0.4034541845321655"
"4010","0.39771002531051636","0.39771002531051636","0.39771002531051636","0.4034576416015625","0.4034576416015625","0.4034576416015625","0.40447309613227844","0.40447309613227844","0.40447309613227844","0.4013412594795227","0.4013412594795227","0.4013412594795227","0.3998836278915405","0.3998836278915405","0.3998836278915405","0.40278246998786926","0.40278246998786926","0.40278246998786926"
"4020","0.466086208820343","0.466086208820343","0.466086208820343","0.4710681736469269","0.4710681736469269","0.4710681736469269","0.47167208790779114","0.47167208790779114","0.47167208790779114","0.4689311981201172","0.4689311981201172","0.4689311981201172","0.46746593713760376","0.46746593713760376","0.46746593713760376","0.47004279494285583","0.47004279494285583","0.47004279494285583"
"4030","0.40230634808540344","0.40230634808540344","0.40230634808540344","0.40851709246635437","0.40851709246635437","0.40851709246635437","0.40901070833206177","0.40901070833206177","0.40901070833206177","0.4059807062149048","0.4059807062149048","0.4059807062149048","0.404074490070343","0.404074490070343","0.404074490070343","0.40787965059280396","0.40787965059280396","0.40787965059280396"
"4040","0.41041868925094604","0.41041868925094604","0.41041868925094604","0.41717374324798584","0.41717374324798584","0.41717374324798584","0.4174533784389496","0.4174533784389496","0.4174533784389496","0.4140704870223999","0.4140704870223999","0.4140704870223999","0.41240501403808594","0.41240501403808594","0.41240501403808594","0.41610831022262573","0.41610831022262573","0.41610831022262573"
"4050","0.4055103063583374","0.4055103063583374","0.4055103063583374","0.412100225687027","0.412100225687027","0.412100225687027","0.4127788543701172","0.4127788543701172","0.4127788543701172","0.4098087549209595","0.4098087549209595","0.4098087549209595","0.40741461515426636","0.40741461515426636","0.40741461515426636","0.41098517179489136","0.41098517179489136","0.41098517179489136"
"4060","0.439239501953125","0.439239501953125","0.439239501953125","0.44512099027633667","0.44512099027633667","0.44512099027633667","0.4455063045024872","0.4455063045024872","0.4455063045024872","0.44322624802589417","0.44322624802589417","0.44322624802589417","0.44145315885543823","0.44145315885543823","0.44145315885543823","0.44426995515823364","0.44426995515823364","0.44426995515823364"
"4070","0.40017661452293396","0.40017661452293396","0.40017661452293396","0.4070442020893097","0.4070442020893097","0.4070442020893097","0.40753477811813354","0.40753477811813354","0.40753477811813354","0.4043758511543274","0.4043758511543274","0.4043758511543274","0.4026855230331421","0.4026855230331421","0.4026855230331421","0.406197726726532","0.406197726726532","0.406197726726532"
"4080","0.3953644037246704","0.3953644037246704","0.3953644037246704","0.40193939208984375","0.40193939208984375","0.40193939208984375","0.40246888995170593","0.40246888995170593","0.40246888995170593","0.39931565523147583","0.39931565523147583","0.39931565523147583","0.39761197566986084","0.39761197566986084","0.39761197566986084","0.4012279510498047","0.4012279510498047","0.4012279510498047"
"4090","0.40991824865341187","0.40991824865341187","0.40991824865341187","0.41325151920318604","0.41325151920318604","0.41325151920318604","0.4138721525669098","0.4138721525669098","0.4138721525669098","0.41041260957717896","0.41041260957717896","0.41041260957717896","0.41105616092681885","0.41105616092681885","0.41105616092681885","0.41533586382865906","0.41533586382865906","0.41533586382865906"
"4100","0.41267168521881104","0.41267168521881104","0.41267168521881104","0.420279324054718","0.420279324054718","0.420279324054718","0.4212844967842102","0.4212844967842102","0.4212844967842102","0.4188880920410156","0.4188880920410156","0.4188880920410156","0.417828768491745","0.417828768491745","0.417828768491745","0.4188247621059418","0.4188247621059418","0.4188247621059418"
"4110","0.40044936537742615","0.40044936537742615","0.40044936537742615","0.4066154360771179","0.4066154360771179","0.4066154360771179","0.4066494107246399","0.4066494107246399","0.4066494107246399","0.4038471281528473","0.4038471281528473","0.4038471281528473","0.4029354155063629","0.4029354155063629","0.4029354155063629","0.4062042236328125","0.4062042236328125","0.4062042236328125"
"4120","0.38634949922561646","0.38634949922561646","0.38634949922561646","0.3927188813686371","0.3927188813686371","0.3927188813686371","0.3927291929721832","0.3927291929721832","0.3927291929721832","0.38978463411331177","0.38978463411331177","0.38978463411331177","0.3885669410228729","0.3885669410228729","0.3885669410228729","0.39213258028030396","0.39213258028030396","0.39213258028030396"
"4130","0.4729290008544922","0.4729290008544922","0.4729290008544922","0.47888678312301636","0.47888678312301636","0.47888678312301636","0.4790534973144531","0.4790534973144531","0.4790534973144531","0.47599220275878906","0.47599220275878906","0.47599220275878906","0.4757934510707855","0.4757934510707855","0.4757934510707855","0.47839927673339844","0.47839927673339844","0.47839927673339844"
"4140","0.39732247591018677","0.39732247591018677","0.39732247591018677","0.4026443362236023","0.4026443362236023","0.4026443362236023","0.4043266177177429","0.4043266177177429","0.4043266177177429","0.4006664454936981","0.4006664454936981","0.4006664454936981","0.39913827180862427","0.39913827180862427","0.39913827180862427","0.4030441343784332","0.4030441343784332","0.4030441343784332"
"4150","0.39329755306243896","0.39329755306243896","0.39329755306243896","0.39884722232818604","0.39884722232818604","0.39884722232818604","0.3996860384941101","0.3996860384941101","0.3996860384941101","0.3965247869491577","0.3965247869491577","0.3965247869491577","0.39499473571777344","0.39499473571777344","0.39499473571777344","0.398489773273468","0.398489773273468","0.398489773273468"
"4160","0.39481163024902344","0.39481163024902344","0.39481163024902344","0.4006294310092926","0.4006294310092926","0.4006294310092926","0.40125542879104614","0.40125542879104614","0.40125542879104614","0.39875832200050354","0.39875832200050354","0.39875832200050354","0.39697951078414917","0.39697951078414917","0.39697951078414917","0.3999057710170746","0.3999057710170746","0.3999057710170746"
"4170","0.3882862329483032","0.3882862329483032","0.3882862329483032","0.3941386938095093","0.3941386938095093","0.3941386938095093","0.39459532499313354","0.39459532499313354","0.39459532499313354","0.3918628692626953","0.3918628692626953","0.3918628692626953","0.39041292667388916","0.39041292667388916","0.39041292667388916","0.3931163549423218","0.3931163549423218","0.3931163549423218"
"4180","0.3859012722969055","0.3859012722969055","0.3859012722969055","0.39200860261917114","0.39200860261917114","0.39200860261917114","0.3925231695175171","0.3925231695175171","0.3925231695175171","0.38959386944770813","0.38959386944770813","0.38959386944770813","0.38794633746147156","0.38794633746147156","0.38794633746147156","0.3911781311035156","0.3911781311035156","0.3911781311035156"
"4190","0.45459556579589844","0.45459556579589844","0.45459556579589844","0.4601452052593231","0.4601452052593231","0.4601452052593231","0.4608055353164673","0.4608055353164673","0.4608055353164673","0.4582725465297699","0.4582725465297699","0.4582725465297699","0.45681649446487427","0.45681649446487427","0.45681649446487427","0.4601215422153473","0.4601215422153473","0.4601215422153473"
"4200","0.4725063443183899","0.4725063443183899","0.4725063443183899","0.477512001991272","0.477512001991272","0.477512001991272","0.47786903381347656","0.47786903381347656","0.47786903381347656","0.47543907165527344","0.47543907165527344","0.47543907165527344","0.47449761629104614","0.47449761629104614","0.47449761629104614","0.4770919680595398","0.4770919680595398","0.4770919680595398"
"4210","0.40516549348831177","0.40516549348831177","0.40516549348831177","0.41144561767578125","0.41144561767578125","0.41144561767578125","0.4109176993370056","0.4109176993370056","0.4109176993370056","0.40954285860061646","0.40954285860061646","0.40954285860061646","0.40789833664894104","0.40789833664894104","0.40789833664894104","0.4109283685684204","0.4109283685684204","0.4109283685684204"
"4220","0.4352172911167145","0.4352172911167145","0.4352172911167145","0.4413280487060547","0.4413280487060547","0.4413280487060547","0.44148215651512146","0.44148215651512146","0.44148215651512146","0.43849411606788635","0.43849411606788635","0.43849411606788635","0.4379119873046875","0.4379119873046875","0.4379119873046875","0.44013482332229614","0.44013482332229614","0.44013482332229614"
"4230","0.3989063501358032","0.3989063501358032","0.3989063501358032","0.40537720918655396","0.40537720918655396","0.40537720918655396","0.4064830541610718","0.4064830541610718","0.4064830541610718","0.40306738018989563","0.40306738018989563","0.40306738018989563","0.4011703133583069","0.4011703133583069","0.4011703133583069","0.4048972725868225","0.4048972725868225","0.4048972725868225"
"4240","0.4067741632461548","0.4067741632461548","0.4067741632461548","0.41337889432907104","0.41337889432907104","0.41337889432907104","0.4139701724052429","0.4139701724052429","0.4139701724052429","0.4110240936279297","0.4110240936279297","0.4110240936279297","0.4093742370605469","0.4093742370605469","0.4093742370605469","0.41253775358200073","0.41253775358200073","0.41253775358200073"
"4250","0.39907151460647583","0.39907151460647583","0.39907151460647583","0.4053798317909241","0.4053798317909241","0.4053798317909241","0.405621737241745","0.405621737241745","0.405621737241745","0.4028617739677429","0.4028617739677429","0.4028617739677429","0.40097424387931824","0.40097424387931824","0.40097424387931824","0.40474933385849","0.40474933385849","0.40474933385849"
"4260","0.3962222933769226","0.3962222933769226","0.3962222933769226","0.4029712677001953","0.4029712677001953","0.4029712677001953","0.40293771028518677","0.40293771028518677","0.40293771028518677","0.4003933072090149","0.4003933072090149","0.4003933072090149","0.39885252714157104","0.39885252714157104","0.39885252714157104","0.40210190415382385","0.40210190415382385","0.40210190415382385"
"4270","0.43165817856788635","0.43165817856788635","0.43165817856788635","0.4375091791152954","0.4375091791152954","0.4375091791152954","0.43780821561813354","0.43780821561813354","0.43780821561813354","0.4350315034389496","0.4350315034389496","0.4350315034389496","0.4334384799003601","0.4334384799003601","0.4334384799003601","0.4369007349014282","0.4369007349014282","0.4369007349014282"
"4280","0.42747193574905396","0.42747193574905396","0.42747193574905396","0.4338458776473999","0.4338458776473999","0.4338458776473999","0.4339897334575653","0.4339897334575653","0.4339897334575653","0.43154221773147583","0.43154221773147583","0.43154221773147583","0.4299358129501343","0.4299358129501343","0.4299358129501343","0.43352773785591125","0.43352773785591125","0.43352773785591125"
"4290","0.44031181931495667","0.44031181931495667","0.44031181931495667","0.44505196809768677","0.44505196809768677","0.44505196809768677","0.44614145159721375","0.44614145159721375","0.44614145159721375","0.4433097839355469","0.4433097839355469","0.4433097839355469","0.441510409116745","0.441510409116745","0.441510409116745","0.443765252828598","0.443765252828598","0.443765252828598"
"4300","0.4155685603618622","0.4155685603618622","0.4155685603618622","0.4221011996269226","0.4221011996269226","0.4221011996269226","0.42137259244918823","0.42137259244918823","0.42137259244918823","0.42014506459236145","0.42014506459236145","0.42014506459236145","0.4177929162979126","0.4177929162979126","0.4177929162979126","0.419852077960968","0.419852077960968","0.419852077960968"
"4310","0.35696104168891907","0.35696104168891907","0.35696104168891907","0.36211585998535156","0.36211585998535156","0.36211585998535156","0.36225053668022156","0.36225053668022156","0.36225053668022156","0.3599556088447571","0.3599556088447571","0.3599556088447571","0.3585868775844574","0.3585868775844574","0.3585868775844574","0.36153146624565125","0.36153146624565125","0.36153146624565125"
"4320","0.4097076654434204","0.4097076654434204","0.4097076654434204","0.41619911789894104","0.41619911789894104","0.41619911789894104","0.4161251187324524","0.4161251187324524","0.4161251187324524","0.4138069152832031","0.4138069152832031","0.4138069152832031","0.412078857421875","0.412078857421875","0.412078857421875","0.41561585664749146","0.41561585664749146","0.41561585664749146"
"4330","0.40967023372650146","0.40967023372650146","0.40967023372650146","0.4158645570278168","0.4158645570278168","0.4158645570278168","0.4159885048866272","0.4159885048866272","0.4159885048866272","0.4136684536933899","0.4136684536933899","0.4136684536933899","0.4120723605155945","0.4120723605155945","0.4120723605155945","0.4152187705039978","0.4152187705039978","0.4152187705039978"
"4340","0.4599689841270447","0.4599689841270447","0.4599689841270447","0.465097039937973","0.465097039937973","0.465097039937973","0.46527862548828125","0.46527862548828125","0.46527862548828125","0.46331822872161865","0.46331822872161865","0.46331822872161865","0.46148681640625","0.46148681640625","0.46148681640625","0.4643886387348175","0.4643886387348175","0.4643886387348175"
"4350","0.399078369140625","0.399078369140625","0.399078369140625","0.4053199887275696","0.4053199887275696","0.4053199887275696","0.4044532775878906","0.4044532775878906","0.4044532775878906","0.4028667211532593","0.4028667211532593","0.4028667211532593","0.40141335129737854","0.40141335129737854","0.40141335129737854","0.4046214818954468","0.4046214818954468","0.4046214818954468"
"4360","0.4029189944267273","0.4029189944267273","0.4029189944267273","0.4096904993057251","0.4096904993057251","0.4096904993057251","0.40970802307128906","0.40970802307128906","0.40970802307128906","0.40625685453414917","0.40625685453414917","0.40625685453414917","0.40497058629989624","0.40497058629989624","0.40497058629989624","0.40853503346443176","0.40853503346443176","0.40853503346443176"
"4370","0.39795607328414917","0.39795607328414917","0.39795607328414917","0.40389442443847656","0.40389442443847656","0.40389442443847656","0.4040248990058899","0.4040248990058899","0.4040248990058899","0.401058554649353","0.401058554649353","0.401058554649353","0.4001483917236328","0.4001483917236328","0.4001483917236328","0.4032512605190277","0.4032512605190277","0.4032512605190277"
"4380","0.40269774198532104","0.40269774198532104","0.40269774198532104","0.40858229994773865","0.40858229994773865","0.40858229994773865","0.40857428312301636","0.40857428312301636","0.40857428312301636","0.40597760677337646","0.40597760677337646","0.40597760677337646","0.40447044372558594","0.40447044372558594","0.40447044372558594","0.40808868408203125","0.40808868408203125","0.40808868408203125"
"4390","0.40166133642196655","0.40166133642196655","0.40166133642196655","0.40887871384620667","0.40887871384620667","0.40887871384620667","0.4086662232875824","0.4086662232875824","0.4086662232875824","0.4057365357875824","0.4057365357875824","0.4057365357875824","0.40432626008987427","0.40432626008987427","0.40432626008987427","0.4075065553188324","0.4075065553188324","0.4075065553188324"
"4400","0.45481449365615845","0.45481449365615845","0.45481449365615845","0.4598579406738281","0.4598579406738281","0.4598579406738281","0.4602169096469879","0.4602169096469879","0.4602169096469879","0.45811766386032104","0.45811766386032104","0.45811766386032104","0.45688289403915405","0.45688289403915405","0.45688289403915405","0.4594711363315582","0.4594711363315582","0.4594711363315582"
"4410","0.40310096740722656","0.40310096740722656","0.40310096740722656","0.4090362787246704","0.4090362787246704","0.4090362787246704","0.4093700349330902","0.4093700349330902","0.4093700349330902","0.4067420959472656","0.4067420959472656","0.4067420959472656","0.4053608179092407","0.4053608179092407","0.4053608179092407","0.4084930419921875","0.4084930419921875","0.4084930419921875"
"4420","0.3450912535190582","0.3450912535190582","0.3450912535190582","0.35019341111183167","0.35019341111183167","0.35019341111183167","0.3509025573730469","0.3509025573730469","0.3509025573730469","0.3484382629394531","0.3484382629394531","0.3484382629394531","0.3469795286655426","0.3469795286655426","0.3469795286655426","0.3504981994628906","0.3504981994628906","0.3504981994628906"
"4430","0.40245628356933594","0.40245628356933594","0.40245628356933594","0.40856286883354187","0.40856286883354187","0.40856286883354187","0.4085945188999176","0.4085945188999176","0.4085945188999176","0.40558433532714844","0.40558433532714844","0.40558433532714844","0.4044853150844574","0.4044853150844574","0.4044853150844574","0.4082096219062805","0.4082096219062805","0.4082096219062805"
"4440","0.4149097502231598","0.4149097502231598","0.4149097502231598","0.4212360382080078","0.4212360382080078","0.4212360382080078","0.42100104689598083","0.42100104689598083","0.42100104689598083","0.4186805486679077","0.4186805486679077","0.4186805486679077","0.4177078306674957","0.4177078306674957","0.4177078306674957","0.42039909958839417","0.42039909958839417","0.42039909958839417"
"4450","0.4637252986431122","0.4637252986431122","0.4637252986431122","0.4688095152378082","0.4688095152378082","0.4688095152378082","0.4684791564941406","0.4684791564941406","0.4684791564941406","0.4664737582206726","0.4664737582206726","0.4664737582206726","0.46547815203666687","0.46547815203666687","0.46547815203666687","0.46878015995025635","0.46878015995025635","0.46878015995025635"
"4460","0.38337022066116333","0.38337022066116333","0.38337022066116333","0.38839834928512573","0.38839834928512573","0.38839834928512573","0.3887931704521179","0.3887931704521179","0.3887931704521179","0.3862953186035156","0.3862953186035156","0.3862953186035156","0.384988397359848","0.384988397359848","0.384988397359848","0.3883701264858246","0.3883701264858246","0.3883701264858246"
"4470","0.3849036991596222","0.3849036991596222","0.3849036991596222","0.39030763506889343","0.39030763506889343","0.39030763506889343","0.3909679353237152","0.3909679353237152","0.3909679353237152","0.3883182406425476","0.3883182406425476","0.3883182406425476","0.3868282437324524","0.3868282437324524","0.3868282437324524","0.39013826847076416","0.39013826847076416","0.39013826847076416"
"4480","0.39735716581344604","0.39735716581344604","0.39735716581344604","0.40320470929145813","0.40320470929145813","0.40320470929145813","0.40349656343460083","0.40349656343460083","0.40349656343460083","0.4011039733886719","0.4011039733886719","0.4011039733886719","0.399527370929718","0.399527370929718","0.399527370929718","0.40265464782714844","0.40265464782714844","0.40265464782714844"
"4490","0.39928704500198364","0.39928704500198364","0.39928704500198364","0.40539437532424927","0.40539437532424927","0.40539437532424927","0.405636191368103","0.405636191368103","0.405636191368103","0.40298575162887573","0.40298575162887573","0.40298575162887573","0.40161705017089844","0.40161705017089844","0.40161705017089844","0.4049278199672699","0.4049278199672699","0.4049278199672699"
"4500","0.40381357073783875","0.40381357073783875","0.40381357073783875","0.40982627868652344","0.40982627868652344","0.40982627868652344","0.4097110629081726","0.4097110629081726","0.4097110629081726","0.40750160813331604","0.40750160813331604","0.40750160813331604","0.40590858459472656","0.40590858459472656","0.40590858459472656","0.4087783694267273","0.4087783694267273","0.4087783694267273"
"4510","0.4229244291782379","0.4229244291782379","0.4229244291782379","0.4287574887275696","0.4287574887275696","0.4287574887275696","0.4288661777973175","0.4288661777973175","0.4288661777973175","0.4264865815639496","0.4264865815639496","0.4264865815639496","0.42498284578323364","0.42498284578323364","0.42498284578323364","0.4276336431503296","0.4276336431503296","0.4276336431503296"
"4520","0.4630771577358246","0.4630771577358246","0.4630771577358246","0.4689396023750305","0.4689396023750305","0.4689396023750305","0.46903684735298157","0.46903684735298157","0.46903684735298157","0.4667770266532898","0.4667770266532898","0.4667770266532898","0.46511000394821167","0.46511000394821167","0.46511000394821167","0.4681667387485504","0.4681667387485504","0.4681667387485504"
"4530","0.405038446187973","0.405038446187973","0.405038446187973","0.4108036160469055","0.4108036160469055","0.4108036160469055","0.41080665588378906","0.41080665588378906","0.41080665588378906","0.4092918336391449","0.4092918336391449","0.4092918336391449","0.4070449769496918","0.4070449769496918","0.4070449769496918","0.4106205105781555","0.4106205105781555","0.4106205105781555"
"4540","0.4209972620010376","0.4209972620010376","0.4209972620010376","0.4268249571323395","0.4268249571323395","0.4268249571323395","0.42708396911621094","0.42708396911621094","0.42708396911621094","0.4244979918003082","0.4244979918003082","0.4244979918003082","0.42272910475730896","0.42272910475730896","0.42272910475730896","0.42640113830566406","0.42640113830566406","0.42640113830566406"
"4550","0.412295937538147","0.412295937538147","0.412295937538147","0.4191398620605469","0.4191398620605469","0.4191398620605469","0.4190933406352997","0.4190933406352997","0.4190933406352997","0.4168422818183899","0.4168422818183899","0.4168422818183899","0.41493454575538635","0.41493454575538635","0.41493454575538635","0.41813012957572937","0.41813012957572937","0.41813012957572937"
"4560","0.3844066560268402","0.3844066560268402","0.3844066560268402","0.39052045345306396","0.39052045345306396","0.39052045345306396","0.39065322279930115","0.39065322279930115","0.39065322279930115","0.3883487582206726","0.3883487582206726","0.3883487582206726","0.3870185911655426","0.3870185911655426","0.3870185911655426","0.3897289037704468","0.3897289037704468","0.3897289037704468"
"4570","0.399178683757782","0.399178683757782","0.399178683757782","0.40478670597076416","0.40478670597076416","0.40478670597076416","0.40545159578323364","0.40545159578323364","0.40545159578323364","0.4030570983886719","0.4030570983886719","0.4030570983886719","0.4015648066997528","0.4015648066997528","0.4015648066997528","0.4048404395580292","0.4048404395580292","0.4048404395580292"
"4580","0.39468228816986084","0.39468228816986084","0.39468228816986084","0.4001285433769226","0.4001285433769226","0.4001285433769226","0.40049248933792114","0.40049248933792114","0.40049248933792114","0.3978816866874695","0.3978816866874695","0.3978816866874695","0.3967365026473999","0.3967365026473999","0.3967365026473999","0.4001113772392273","0.4001113772392273","0.4001113772392273"
"4590","0.46496811509132385","0.46496811509132385","0.46496811509132385","0.47018736600875854","0.47018736600875854","0.47018736600875854","0.47026902437210083","0.47026902437210083","0.47026902437210083","0.46791648864746094","0.46791648864746094","0.46791648864746094","0.46642571687698364","0.46642571687698364","0.46642571687698364","0.46968233585357666","0.46968233585357666","0.46968233585357666"
"4600","0.401519775390625","0.401519775390625","0.401519775390625","0.40813636779785156","0.40813636779785156","0.40813636779785156","0.40847551822662354","0.40847551822662354","0.40847551822662354","0.4055267572402954","0.4055267572402954","0.4055267572402954","0.40379637479782104","0.40379637479782104","0.40379637479782104","0.4071952700614929","0.4071952700614929","0.4071952700614929"
"4610","0.39932477474212646","0.39932477474212646","0.39932477474212646","0.40502089262008667","0.40502089262008667","0.40502089262008667","0.40515100955963135","0.40515100955963135","0.40515100955963135","0.4025745391845703","0.4025745391845703","0.4025745391845703","0.40122300386428833","0.40122300386428833","0.40122300386428833","0.4044197201728821","0.4044197201728821","0.4044197201728821"
"4620","0.4317878484725952","0.4317878484725952","0.4317878484725952","0.4377075433731079","0.4377075433731079","0.4377075433731079","0.43788376450538635","0.43788376450538635","0.43788376450538635","0.4360397458076477","0.4360397458076477","0.4360397458076477","0.4342697262763977","0.4342697262763977","0.4342697262763977","0.4372463524341583","0.4372463524341583","0.4372463524341583"
"4630","0.3972770571708679","0.3972770571708679","0.3972770571708679","0.4035041928291321","0.4035041928291321","0.4035041928291321","0.40366512537002563","0.40366512537002563","0.40366512537002563","0.4010555148124695","0.4010555148124695","0.4010555148124695","0.39964982867240906","0.39964982867240906","0.39964982867240906","0.40250396728515625","0.40250396728515625","0.40250396728515625"
"4640","0.4146549105644226","0.4146549105644226","0.4146549105644226","0.4205188751220703","0.4205188751220703","0.4205188751220703","0.42042315006256104","0.42042315006256104","0.42042315006256104","0.4177032709121704","0.4177032709121704","0.4177032709121704","0.41647568345069885","0.41647568345069885","0.41647568345069885","0.4201042056083679","0.4201042056083679","0.4201042056083679"
"4650","0.46405714750289917","0.46405714750289917","0.46405714750289917","0.469265341758728","0.469265341758728","0.469265341758728","0.4693737030029297","0.4693737030029297","0.4693737030029297","0.4676353633403778","0.4676353633403778","0.4676353633403778","0.4657665491104126","0.4657665491104126","0.4657665491104126","0.4692562222480774","0.4692562222480774","0.4692562222480774"
"4660","0.4534240961074829","0.4534240961074829","0.4534240961074829","0.45800095796585083","0.45800095796585083","0.45800095796585083","0.458282470703125","0.458282470703125","0.458282470703125","0.4563499093055725","0.4563499093055725","0.4563499093055725","0.45511892437934875","0.45511892437934875","0.45511892437934875","0.45793265104293823","0.45793265104293823","0.45793265104293823"
"4670","0.38306161761283875","0.38306161761283875","0.38306161761283875","0.3884719908237457","0.3884719908237457","0.3884719908237457","0.3885402977466583","0.3885402977466583","0.3885402977466583","0.38609886169433594","0.38609886169433594","0.38609886169433594","0.38497087359428406","0.38497087359428406","0.38497087359428406","0.3881366550922394","0.3881366550922394","0.3881366550922394"
"4680","0.416207492351532","0.416207492351532","0.416207492351532","0.42238083481788635","0.42238083481788635","0.42238083481788635","0.42271459102630615","0.42271459102630615","0.42271459102630615","0.4201499819755554","0.4201499819755554","0.4201499819755554","0.41845130920410156","0.41845130920410156","0.41845130920410156","0.42182427644729614","0.42182427644729614","0.42182427644729614"
"4690","0.4158126711845398","0.4158126711845398","0.4158126711845398","0.4212386906147003","0.4212386906147003","0.4212386906147003","0.4223354160785675","0.4223354160785675","0.4223354160785675","0.42138901352882385","0.42138901352882385","0.42138901352882385","0.41763877868652344","0.41763877868652344","0.41763877868652344","0.4218570590019226","0.4218570590019226","0.4218570590019226"
"4700","0.4189544916152954","0.4189544916152954","0.4189544916152954","0.4249736964702606","0.4249736964702606","0.4249736964702606","0.4250873327255249","0.4250873327255249","0.4250873327255249","0.42281609773635864","0.42281609773635864","0.42281609773635864","0.42135125398635864","0.42135125398635864","0.42135125398635864","0.42442017793655396","0.42442017793655396","0.42442017793655396"
"4710","0.39341241121292114","0.39341241121292114","0.39341241121292114","0.3996414244174957","0.3996414244174957","0.3996414244174957","0.39990007877349854","0.39990007877349854","0.39990007877349854","0.39727210998535156","0.39727210998535156","0.39727210998535156","0.3955078125","0.3955078125","0.3955078125","0.39903298020362854","0.39903298020362854","0.39903298020362854"
"4720","0.39222490787506104","0.39222490787506104","0.39222490787506104","0.39685553312301636","0.39685553312301636","0.39685553312301636","0.3994178771972656","0.3994178771972656","0.3994178771972656","0.396022766828537","0.396022766828537","0.396022766828537","0.39369508624076843","0.39369508624076843","0.39369508624076843","0.3986114263534546","0.3986114263534546","0.3986114263534546"
"4730","0.4082382321357727","0.4082382321357727","0.4082382321357727","0.4147830903530121","0.4147830903530121","0.4147830903530121","0.4139835238456726","0.4139835238456726","0.4139835238456726","0.4121139645576477","0.4121139645576477","0.4121139645576477","0.41074904799461365","0.41074904799461365","0.41074904799461365","0.4138450622558594","0.4138450622558594","0.4138450622558594"
"4740","0.4125095307826996","0.4125095307826996","0.4125095307826996","0.41705477237701416","0.41705477237701416","0.41705477237701416","0.418478399515152","0.418478399515152","0.418478399515152","0.4161968231201172","0.4161968231201172","0.4161968231201172","0.41496050357818604","0.41496050357818604","0.41496050357818604","0.4175174832344055","0.4175174832344055","0.4175174832344055"
"4750","0.41603201627731323","0.41603201627731323","0.41603201627731323","0.42216265201568604","0.42216265201568604","0.42216265201568604","0.4223083555698395","0.4223083555698395","0.4223083555698395","0.419943630695343","0.419943630695343","0.419943630695343","0.4185439944267273","0.4185439944267273","0.4185439944267273","0.4212009310722351","0.4212009310722351","0.4212009310722351"
"4760","0.46737825870513916","0.46737825870513916","0.46737825870513916","0.4720432460308075","0.4720432460308075","0.4720432460308075","0.4723849892616272","0.4723849892616272","0.4723849892616272","0.47066766023635864","0.47066766023635864","0.47066766023635864","0.46902236342430115","0.46902236342430115","0.46902236342430115","0.47115135192871094","0.47115135192871094","0.47115135192871094"
"4770","0.3897724151611328","0.3897724151611328","0.3897724151611328","0.3948112428188324","0.3948112428188324","0.3948112428188324","0.39518165588378906","0.39518165588378906","0.39518165588378906","0.3931991457939148","0.3931991457939148","0.3931991457939148","0.3917125463485718","0.3917125463485718","0.3917125463485718","0.39452970027923584","0.39452970027923584","0.39452970027923584"
"4780","0.4219478666782379","0.4219478666782379","0.4219478666782379","0.4280109405517578","0.4280109405517578","0.4280109405517578","0.4279674291610718","0.4279674291610718","0.4279674291610718","0.4256912171840668","0.4256912171840668","0.4256912171840668","0.42455482482910156","0.42455482482910156","0.42455482482910156","0.4274272918701172","0.4274272918701172","0.4274272918701172"
"4790","0.4550754427909851","0.4550754427909851","0.4550754427909851","0.4602183997631073","0.4602183997631073","0.4602183997631073","0.46031075716018677","0.46031075716018677","0.46031075716018677","0.45826950669288635","0.45826950669288635","0.45826950669288635","0.4568744897842407","0.4568744897842407","0.4568744897842407","0.4598346948623657","0.4598346948623657","0.4598346948623657"
"4800","0.38971251249313354","0.38971251249313354","0.38971251249313354","0.3954433500766754","0.3954433500766754","0.3954433500766754","0.3953418731689453","0.3953418731689453","0.3953418731689453","0.39296454191207886","0.39296454191207886","0.39296454191207886","0.3916652798652649","0.3916652798652649","0.3916652798652649","0.39496687054634094","0.39496687054634094","0.39496687054634094"
"4810","0.47061994671821594","0.47061994671821594","0.47061994671821594","0.4860672056674957","0.4860672056674957","0.4860672056674957","0.48648643493652344","0.48648643493652344","0.48648643493652344","0.484867125749588","0.484867125749588","0.484867125749588","0.4835929870605469","0.4835929870605469","0.4835929870605469","0.47962379455566406","0.47962379455566406","0.47962379455566406"
"4820","0.4646938443183899","0.4646938443183899","0.4646938443183899","0.46944427490234375","0.46944427490234375","0.46944427490234375","0.46999090909957886","0.46999090909957886","0.46999090909957886","0.4678657650947571","0.4678657650947571","0.4678657650947571","0.46683886647224426","0.46683886647224426","0.46683886647224426","0.4696071445941925","0.4696071445941925","0.4696071445941925"
"4830","0.40185776352882385","0.40185776352882385","0.40185776352882385","0.407785028219223","0.407785028219223","0.407785028219223","0.40794411301612854","0.40794411301612854","0.40794411301612854","0.4058334231376648","0.4058334231376648","0.4058334231376648","0.40382498502731323","0.40382498502731323","0.40382498502731323","0.4074562191963196","0.4074562191963196","0.4074562191963196"
"4840","0.4121513366699219","0.4121513366699219","0.4121513366699219","0.41846275329589844","0.41846275329589844","0.41846275329589844","0.418060302734375","0.418060302734375","0.418060302734375","0.41603392362594604","0.41603392362594604","0.41603392362594604","0.41443711519241333","0.41443711519241333","0.41443711519241333","0.4175090789794922","0.4175090789794922","0.4175090789794922"
"4850","0.39943426847457886","0.39943426847457886","0.39943426847457886","0.4053821563720703","0.4053821563720703","0.4053821563720703","0.4055858850479126","0.4055858850479126","0.4055858850479126","0.40308189392089844","0.40308189392089844","0.40308189392089844","0.4017479121685028","0.4017479121685028","0.4017479121685028","0.4051136076450348","0.4051136076450348","0.4051136076450348"
"4860","0.40382230281829834","0.40382230281829834","0.40382230281829834","0.41494712233543396","0.41494712233543396","0.41494712233543396","0.41494789719581604","0.41494789719581604","0.41494789719581604","0.4123588502407074","0.4123588502407074","0.4123588502407074","0.4108959436416626","0.4108959436416626","0.4108959436416626","0.4142349362373352","0.4142349362373352","0.4142349362373352"
"4870","0.45726698637008667","0.45726698637008667","0.45726698637008667","0.4625045657157898","0.4625045657157898","0.4625045657157898","0.4625091254711151","0.4625091254711151","0.4625091254711151","0.4605022072792053","0.4605022072792053","0.4605022072792053","0.4592125117778778","0.4592125117778778","0.4592125117778778","0.4621296226978302","0.4621296226978302","0.4621296226978302"
"4880","0.41159820556640625","0.41159820556640625","0.41159820556640625","0.41736680269241333","0.41736680269241333","0.41736680269241333","0.41782036423683167","0.41782036423683167","0.41782036423683167","0.4150070250034332","0.4150070250034332","0.4150070250034332","0.413900762796402","0.413900762796402","0.413900762796402","0.4167202115058899","0.4167202115058899","0.4167202115058899"
"4890","0.4055713713169098","0.4055713713169098","0.4055713713169098","0.411368191242218","0.411368191242218","0.411368191242218","0.411569207906723","0.411569207906723","0.411569207906723","0.409432590007782","0.409432590007782","0.409432590007782","0.4078754484653473","0.4078754484653473","0.4078754484653473","0.4111579656600952","0.4111579656600952","0.4111579656600952"
"4900","0.3959648013114929","0.3959648013114929","0.3959648013114929","0.4017333984375","0.4017333984375","0.4017333984375","0.40185052156448364","0.40185052156448364","0.40185052156448364","0.39990195631980896","0.39990195631980896","0.39990195631980896","0.3979823887348175","0.3979823887348175","0.3979823887348175","0.4012477993965149","0.4012477993965149","0.4012477993965149"
"4910","0.4349662661552429","0.4349662661552429","0.4349662661552429","0.4399043917655945","0.4399043917655945","0.4399043917655945","0.44001197814941406","0.44001197814941406","0.44001197814941406","0.43790704011917114","0.43790704011917114","0.43790704011917114","0.4367290437221527","0.4367290437221527","0.4367290437221527","0.43956831097602844","0.43956831097602844","0.43956831097602844"
"4920","0.43546372652053833","0.43546372652053833","0.43546372652053833","0.4422294497489929","0.4422294497489929","0.4422294497489929","0.4401657283306122","0.4401657283306122","0.4401657283306122","0.43992501497268677","0.43992501497268677","0.43992501497268677","0.43732985854148865","0.43732985854148865","0.43732985854148865","0.43989259004592896","0.43989259004592896","0.43989259004592896"
"4930","0.41399461030960083","0.41399461030960083","0.41399461030960083","0.4199569821357727","0.4199569821357727","0.4199569821357727","0.42000696063041687","0.42000696063041687","0.42000696063041687","0.41811448335647583","0.41811448335647583","0.41811448335647583","0.41616591811180115","0.41616591811180115","0.41616591811180115","0.41952669620513916","0.41952669620513916","0.41952669620513916"
"4940","0.3988208770751953","0.3988208770751953","0.3988208770751953","0.4047103822231293","0.4047103822231293","0.4047103822231293","0.40464475750923157","0.40464475750923157","0.40464475750923157","0.4027694761753082","0.4027694761753082","0.4027694761753082","0.4008499085903168","0.4008499085903168","0.4008499085903168","0.40417250990867615","0.40417250990867615","0.40417250990867615"
"4950","0.4054420590400696","0.4054420590400696","0.4054420590400696","0.4114658236503601","0.4114658236503601","0.4114658236503601","0.41132012009620667","0.41132012009620667","0.41132012009620667","0.40915411710739136","0.40915411710739136","0.40915411710739136","0.40769994258880615","0.40769994258880615","0.40769994258880615","0.4103660583496094","0.4103660583496094","0.4103660583496094"
"4960","0.41076356172561646","0.41076356172561646","0.41076356172561646","0.41630324721336365","0.41630324721336365","0.41630324721336365","0.4166625738143921","0.4166625738143921","0.4166625738143921","0.41426047682762146","0.41426047682762146","0.41426047682762146","0.41258853673934937","0.41258853673934937","0.41258853673934937","0.41626396775245667","0.41626396775245667","0.41626396775245667"
"4970","0.407387912273407","0.407387912273407","0.407387912273407","0.41290587186813354","0.41290587186813354","0.41290587186813354","0.41218796372413635","0.41218796372413635","0.41218796372413635","0.4105674922466278","0.4105674922466278","0.4105674922466278","0.4092037081718445","0.4092037081718445","0.4092037081718445","0.4124336242675781","0.4124336242675781","0.4124336242675781"
"4980","0.46493375301361084","0.46493375301361084","0.46493375301361084","0.4706791043281555","0.4706791043281555","0.4706791043281555","0.47065046429634094","0.47065046429634094","0.47065046429634094","0.46864473819732666","0.46864473819732666","0.46864473819732666","0.46734505891799927","0.46734505891799927","0.46734505891799927","0.4701107144355774","0.4701107144355774","0.4701107144355774"
"4990","0.4647845923900604","0.4647845923900604","0.4647845923900604","0.469516396522522","0.469516396522522","0.469516396522522","0.4698619842529297","0.4698619842529297","0.4698619842529297","0.46748387813568115","0.46748387813568115","0.46748387813568115","0.4664897918701172","0.4664897918701172","0.4664897918701172","0.469356894493103","0.469356894493103","0.469356894493103"
"5000","0.40524065494537354","0.40524065494537354","0.40524065494537354","0.4112358093261719","0.4112358093261719","0.4112358093261719","0.4111553430557251","0.4111553430557251","0.4111553430557251","0.4090995788574219","0.4090995788574219","0.4090995788574219","0.4074661135673523","0.4074661135673523","0.4074661135673523","0.41045111417770386","0.41045111417770386","0.41045111417770386"
"5010","0.44777873158454895","0.44777873158454895","0.44777873158454895","0.4530830383300781","0.4530830383300781","0.4530830383300781","0.45322227478027344","0.45322227478027344","0.45322227478027344","0.4507087767124176","0.4507087767124176","0.4507087767124176","0.4497016966342926","0.4497016966342926","0.4497016966342926","0.4524974822998047","0.4524974822998047","0.4524974822998047"
"5020","0.4008018374443054","0.4008018374443054","0.4008018374443054","0.4063030481338501","0.4063030481338501","0.4063030481338501","0.4058856964111328","0.4058856964111328","0.4058856964111328","0.40427666902542114","0.40427666902542114","0.40427666902542114","0.4029873013496399","0.4029873013496399","0.4029873013496399","0.4056766629219055","0.4056766629219055","0.4056766629219055"
"5030","0.37111586332321167","0.37111586332321167","0.37111586332321167","0.3758968114852905","0.3758968114852905","0.3758968114852905","0.3763542175292969","0.3763542175292969","0.3763542175292969","0.37406423687934875","0.37406423687934875","0.37406423687934875","0.3728610873222351","0.3728610873222351","0.3728610873222351","0.37587469816207886","0.37587469816207886","0.37587469816207886"
"5040","0.4215904176235199","0.4215904176235199","0.4215904176235199","0.427007257938385","0.427007257938385","0.427007257938385","0.4275898039340973","0.4275898039340973","0.4275898039340973","0.4255954623222351","0.4255954623222351","0.4255954623222351","0.4235881567001343","0.4235881567001343","0.4235881567001343","0.42701491713523865","0.42701491713523865","0.42701491713523865"
"5050","0.41727256774902344","0.41727256774902344","0.41727256774902344","0.42274779081344604","0.42274779081344604","0.42274779081344604","0.4230239987373352","0.4230239987373352","0.4230239987373352","0.4209343194961548","0.4209343194961548","0.4209343194961548","0.41898348927497864","0.41898348927497864","0.41898348927497864","0.4222702085971832","0.4222702085971832","0.4222702085971832"
"5060","0.39905816316604614","0.39905816316604614","0.39905816316604614","0.40425756573677063","0.40425756573677063","0.40425756573677063","0.4048973023891449","0.4048973023891449","0.4048973023891449","0.4024650454521179","0.4024650454521179","0.4024650454521179","0.40078049898147583","0.40078049898147583","0.40078049898147583","0.4043327271938324","0.4043327271938324","0.4043327271938324"
"5070","0.434531033039093","0.434531033039093","0.434531033039093","0.440411776304245","0.440411776304245","0.440411776304245","0.44043388962745667","0.44043388962745667","0.44043388962745667","0.4384101927280426","0.4384101927280426","0.4384101927280426","0.4365188479423523","0.4365188479423523","0.4365188479423523","0.4399612545967102","0.4399612545967102","0.4399612545967102"
"5080","0.4155696630477905","0.4155696630477905","0.4155696630477905","0.42110326886177063","0.42110326886177063","0.42110326886177063","0.4211574196815491","0.4211574196815491","0.4211574196815491","0.41898155212402344","0.41898155212402344","0.41898155212402344","0.41758841276168823","0.41758841276168823","0.41758841276168823","0.4208518862724304","0.4208518862724304","0.4208518862724304"
"5090","0.4113982915878296","0.4113982915878296","0.4113982915878296","0.41730841994285583","0.41730841994285583","0.41730841994285583","0.4177127778530121","0.4177127778530121","0.4177127778530121","0.41515541076660156","0.41515541076660156","0.41515541076660156","0.4136856198310852","0.4136856198310852","0.4136856198310852","0.4174465239048004","0.4174465239048004","0.4174465239048004"
"5100","0.4104838967323303","0.4104838967323303","0.4104838967323303","0.4157615602016449","0.4157615602016449","0.4157615602016449","0.4162525236606598","0.4162525236606598","0.4162525236606598","0.41416168212890625","0.41416168212890625","0.41416168212890625","0.41226959228515625","0.41226959228515625","0.41226959228515625","0.4155830144882202","0.4155830144882202","0.4155830144882202"
"5110","0.4085487425327301","0.4085487425327301","0.4085487425327301","0.41499632596969604","0.41499632596969604","0.41499632596969604","0.41530418395996094","0.41530418395996094","0.41530418395996094","0.4124801754951477","0.4124801754951477","0.4124801754951477","0.41156426072120667","0.41156426072120667","0.41156426072120667","0.4144710302352905","0.4144710302352905","0.4144710302352905"
"5120","0.4248310327529907","0.4248310327529907","0.4248310327529907","0.4312114715576172","0.4312114715576172","0.4312114715576172","0.43135643005371094","0.43135643005371094","0.43135643005371094","0.42841988801956177","0.42841988801956177","0.42841988801956177","0.42734605073928833","0.42734605073928833","0.42734605073928833","0.4298679530620575","0.4298679530620575","0.4298679530620575"
"5130","0.4139370024204254","0.4139370024204254","0.4139370024204254","0.41989633440971375","0.41989633440971375","0.41989633440971375","0.4195602536201477","0.4195602536201477","0.4195602536201477","0.4172084927558899","0.4172084927558899","0.4172084927558899","0.41588136553764343","0.41588136553764343","0.41588136553764343","0.4184783697128296","0.4184783697128296","0.4184783697128296"
"5140","0.4040054380893707","0.4040054380893707","0.4040054380893707","0.40981101989746094","0.40981101989746094","0.40981101989746094","0.4096466302871704","0.4096466302871704","0.4096466302871704","0.4074264466762543","0.4074264466762543","0.4074264466762543","0.40622252225875854","0.40622252225875854","0.40622252225875854","0.4091625213623047","0.4091625213623047","0.4091625213623047"
"5150","0.3988536596298218","0.3988536596298218","0.3988536596298218","0.40451887249946594","0.40451887249946594","0.40451887249946594","0.4049209654331207","0.4049209654331207","0.4049209654331207","0.40211790800094604","0.40211790800094604","0.40211790800094604","0.40086597204208374","0.40086597204208374","0.40086597204208374","0.40411072969436646","0.40411072969436646","0.40411072969436646"
"5160","0.4104946255683899","0.4104946255683899","0.4104946255683899","0.41598546504974365","0.41598546504974365","0.41598546504974365","0.4162273406982422","0.4162273406982422","0.4162273406982422","0.4140583276748657","0.4140583276748657","0.4140583276748657","0.41224366426467896","0.41224366426467896","0.41224366426467896","0.41553840041160583","0.41553840041160583","0.41553840041160583"
"5170","0.40488776564598083","0.40488776564598083","0.40488776564598083","0.4108745753765106","0.4108745753765106","0.4108745753765106","0.41089552640914917","0.41089552640914917","0.41089552640914917","0.40837591886520386","0.40837591886520386","0.40837591886520386","0.4069598913192749","0.4069598913192749","0.4069598913192749","0.41047555208206177","0.41047555208206177","0.41047555208206177"
"5180","0.420065313577652","0.420065313577652","0.420065313577652","0.4255717992782593","0.4255717992782593","0.4255717992782593","0.42621535062789917","0.42621535062789917","0.42621535062789917","0.4235111176967621","0.4235111176967621","0.4235111176967621","0.42179107666015625","0.42179107666015625","0.42179107666015625","0.4252281188964844","0.4252281188964844","0.4252281188964844"
"5190","0.4420021176338196","0.4420021176338196","0.4420021176338196","0.4460316002368927","0.4460316002368927","0.4460316002368927","0.44648587703704834","0.44648587703704834","0.44648587703704834","0.44467735290527344","0.44467735290527344","0.44467735290527344","0.44337499141693115","0.44337499141693115","0.44337499141693115","0.44605255126953125","0.44605255126953125","0.44605255126953125"
"5200","0.42137908935546875","0.42137908935546875","0.42137908935546875","0.42676544189453125","0.42676544189453125","0.42676544189453125","0.42707061767578125","0.42707061767578125","0.42707061767578125","0.42465439438819885","0.42465439438819885","0.42465439438819885","0.4228076934814453","0.4228076934814453","0.4228076934814453","0.42624813318252563","0.42624813318252563","0.42624813318252563"
"5210","0.3955257534980774","0.3955257534980774","0.3955257534980774","0.40076062083244324","0.40076062083244324","0.40076062083244324","0.4007858335971832","0.4007858335971832","0.4007858335971832","0.39874422550201416","0.39874422550201416","0.39874422550201416","0.397164911031723","0.397164911031723","0.397164911031723","0.4002021849155426","0.4002021849155426","0.4002021849155426"
"5220","0.4784744381904602","0.4784744381904602","0.4784744381904602","0.48331794142723083","0.48331794142723083","0.48331794142723083","0.48381537199020386","0.48381537199020386","0.48381537199020386","0.4812687039375305","0.4812687039375305","0.4812687039375305","0.4801750183105469","0.4801750183105469","0.4801750183105469","0.4832690954208374","0.4832690954208374","0.4832690954208374"
"5230","0.48597490787506104","0.48597490787506104","0.48597490787506104","0.4909599721431732","0.4909599721431732","0.4909599721431732","0.4906787872314453","0.4906787872314453","0.4906787872314453","0.4890010952949524","0.4890010952949524","0.4890010952949524","0.48772352933883667","0.48772352933883667","0.48772352933883667","0.49030038714408875","0.49030038714408875","0.49030038714408875"
"5240","0.4220813512802124","0.4220813512802124","0.4220813512802124","0.42733386158943176","0.42733386158943176","0.42733386158943176","0.4279506802558899","0.4279506802558899","0.4279506802558899","0.42527809739112854","0.42527809739112854","0.42527809739112854","0.42425423860549927","0.42425423860549927","0.42425423860549927","0.4269363284111023","0.4269363284111023","0.4269363284111023"
"5250","0.39223596453666687","0.39223596453666687","0.39223596453666687","0.3980919122695923","0.3980919122695923","0.3980919122695923","0.39852944016456604","0.39852944016456604","0.39852944016456604","0.3961261510848999","0.3961261510848999","0.3961261510848999","0.3941822052001953","0.3941822052001953","0.3941822052001953","0.39732474088668823","0.39732474088668823","0.39732474088668823"
"5260","0.4362819492816925","0.4362819492816925","0.4362819492816925","0.44213181734085083","0.44213181734085083","0.44213181734085083","0.44217759370803833","0.44217759370803833","0.44217759370803833","0.4394676387310028","0.4394676387310028","0.4394676387310028","0.43819159269332886","0.43819159269332886","0.43819159269332886","0.44130250811576843","0.44130250811576843","0.44130250811576843"
"5270","0.39918023347854614","0.39918023347854614","0.39918023347854614","0.4048236906528473","0.4048236906528473","0.4048236906528473","0.4052078127861023","0.4052078127861023","0.4052078127861023","0.40252381563186646","0.40252381563186646","0.40252381563186646","0.40116846561431885","0.40116846561431885","0.40116846561431885","0.404232382774353","0.404232382774353","0.404232382774353"
"5280","0.4053588807582855","0.4053588807582855","0.4053588807582855","0.4106300473213196","0.4106300473213196","0.4106300473213196","0.4107475280761719","0.4107475280761719","0.4107475280761719","0.40868568420410156","0.40868568420410156","0.40868568420410156","0.40691566467285156","0.40691566467285156","0.40691566467285156","0.41048237681388855","0.41048237681388855","0.41048237681388855"
"5290","0.4188629388809204","0.4188629388809204","0.4188629388809204","0.42419320344924927","0.42419320344924927","0.42419320344924927","0.42440950870513916","0.42440950870513916","0.42440950870513916","0.42226600646972656","0.42226600646972656","0.42226600646972656","0.42048609256744385","0.42048609256744385","0.42048609256744385","0.42407530546188354","0.42407530546188354","0.42407530546188354"
"5300","0.4013324975967407","0.4013324975967407","0.4013324975967407","0.40673792362213135","0.40673792362213135","0.40673792362213135","0.4072231352329254","0.4072231352329254","0.4072231352329254","0.40506285429000854","0.40506285429000854","0.40506285429000854","0.4031875729560852","0.4031875729560852","0.4031875729560852","0.4065086245536804","0.4065086245536804","0.4065086245536804"
"5310","0.41657257080078125","0.41657257080078125","0.41657257080078125","0.42257994413375854","0.42257994413375854","0.42257994413375854","0.4227561950683594","0.4227561950683594","0.4227561950683594","0.4197826385498047","0.4197826385498047","0.4197826385498047","0.4184272885322571","0.4184272885322571","0.4184272885322571","0.4218582510948181","0.4218582510948181","0.4218582510948181"
"5320","0.41486626863479614","0.41486626863479614","0.41486626863479614","0.4191242456436157","0.4191242456436157","0.4191242456436157","0.41937220096588135","0.41937220096588135","0.41937220096588135","0.4173294007778168","0.4173294007778168","0.4173294007778168","0.4164077639579773","0.4164077639579773","0.4164077639579773","0.418679803609848","0.418679803609848","0.418679803609848"
"5330","0.4710811972618103","0.4710811972618103","0.4710811972618103","0.47637251019477844","0.47637251019477844","0.47637251019477844","0.4763130247592926","0.4763130247592926","0.4763130247592926","0.4740924835205078","0.4740924835205078","0.4740924835205078","0.47305524349212646","0.47305524349212646","0.47305524349212646","0.4757087528705597","0.4757087528705597","0.4757087528705597"
"5340","0.4137805998325348","0.4137805998325348","0.4137805998325348","0.41987112164497375","0.41987112164497375","0.41987112164497375","0.42052802443504333","0.42052802443504333","0.42052802443504333","0.41731834411621094","0.41731834411621094","0.41731834411621094","0.41596949100494385","0.41596949100494385","0.41596949100494385","0.4194396734237671","0.4194396734237671","0.4194396734237671"
"5350","0.4054035246372223","0.4054035246372223","0.4054035246372223","0.41106608510017395","0.41106608510017395","0.41106608510017395","0.4112304747104645","0.4112304747104645","0.4112304747104645","0.40904122591018677","0.40904122591018677","0.40904122591018677","0.40738868713378906","0.40738868713378906","0.40738868713378906","0.4106292724609375","0.4106292724609375","0.4106292724609375"
"5360","0.42625388503074646","0.42625388503074646","0.42625388503074646","0.4312977194786072","0.4312977194786072","0.4312977194786072","0.43148118257522583","0.43148118257522583","0.43148118257522583","0.42916223406791687","0.42916223406791687","0.42916223406791687","0.4275306761264801","0.4275306761264801","0.4275306761264801","0.4310096800327301","0.4310096800327301","0.4310096800327301"
"5370","0.4048442840576172","0.4048442840576172","0.4048442840576172","0.4108062982559204","0.4108062982559204","0.4108062982559204","0.4111309051513672","0.4111309051513672","0.4111309051513672","0.40862616896629333","0.40862616896629333","0.40862616896629333","0.40715330839157104","0.40715330839157104","0.40715330839157104","0.4103950560092926","0.4103950560092926","0.4103950560092926"
"5380","0.41266974806785583","0.41266974806785583","0.41266974806785583","0.418356716632843","0.418356716632843","0.418356716632843","0.4184139370918274","0.4184139370918274","0.4184139370918274","0.4162254333496094","0.4162254333496094","0.4162254333496094","0.41458702087402344","0.41458702087402344","0.41458702087402344","0.41771775484085083","0.41771775484085083","0.41771775484085083"
"5390","0.4256153106689453","0.4256153106689453","0.4256153106689453","0.43046531081199646","0.43046531081199646","0.43046531081199646","0.43082505464553833","0.43082505464553833","0.43082505464553833","0.428750216960907","0.428750216960907","0.428750216960907","0.4275752902030945","0.4275752902030945","0.4275752902030945","0.4306999444961548","0.4306999444961548","0.4306999444961548"
"5400","0.42914241552352905","0.42914241552352905","0.42914241552352905","0.4346492886543274","0.4346492886543274","0.4346492886543274","0.4347614347934723","0.4347614347934723","0.4347614347934723","0.4326767027378082","0.4326767027378082","0.4326767027378082","0.4309665858745575","0.4309665858745575","0.4309665858745575","0.43387946486473083","0.43387946486473083","0.43387946486473083"
"5410","0.41875380277633667","0.41875380277633667","0.41875380277633667","0.42442166805267334","0.42442166805267334","0.42442166805267334","0.4239017367362976","0.4239017367362976","0.4239017367362976","0.42195892333984375","0.42195892333984375","0.42195892333984375","0.4202815890312195","0.4202815890312195","0.4202815890312195","0.42386817932128906","0.42386817932128906","0.42386817932128906"
"5420","0.4063148498535156","0.4063148498535156","0.4063148498535156","0.4116630554199219","0.4116630554199219","0.4116630554199219","0.4117279052734375","0.4117279052734375","0.4117279052734375","0.4097091555595398","0.4097091555595398","0.4097091555595398","0.40823477506637573","0.40823477506637573","0.40823477506637573","0.4113403558731079","0.4113403558731079","0.4113403558731079"
"5430","0.4117744565010071","0.4117744565010071","0.4117744565010071","0.4170757234096527","0.4170757234096527","0.4170757234096527","0.41753122210502625","0.41753122210502625","0.41753122210502625","0.4151134490966797","0.4151134490966797","0.4151134490966797","0.41359710693359375","0.41359710693359375","0.41359710693359375","0.41682472825050354","0.41682472825050354","0.41682472825050354"
"5440","0.45122718811035156","0.45122718811035156","0.45122718811035156","0.45700910687446594","0.45700910687446594","0.45700910687446594","0.4557773470878601","0.4557773470878601","0.4557773470878601","0.4543781280517578","0.4543781280517578","0.4543781280517578","0.453377902507782","0.453377902507782","0.453377902507782","0.4551887512207031","0.4551887512207031","0.4551887512207031"
"5450","0.4390525817871094","0.4390525817871094","0.4390525817871094","0.4442581236362457","0.4442581236362457","0.4442581236362457","0.44481468200683594","0.44481468200683594","0.44481468200683594","0.44238507747650146","0.44238507747650146","0.44238507747650146","0.44107627868652344","0.44107627868652344","0.44107627868652344","0.4441417455673218","0.4441417455673218","0.4441417455673218"
"5460","0.4210697412490845","0.4210697412490845","0.4210697412490845","0.42686688899993896","0.42686688899993896","0.42686688899993896","0.4268764555454254","0.4268764555454254","0.4268764555454254","0.42438775300979614","0.42438775300979614","0.42438775300979614","0.42320096492767334","0.42320096492767334","0.42320096492767334","0.42612534761428833","0.42612534761428833","0.42612534761428833"
"5470","0.46582794189453125","0.46582794189453125","0.46582794189453125","0.4706481695175171","0.4706481695175171","0.4706481695175171","0.47115057706832886","0.47115057706832886","0.47115057706832886","0.46887779235839844","0.46887779235839844","0.46887779235839844","0.4675052762031555","0.4675052762031555","0.4675052762031555","0.4706230163574219","0.4706230163574219","0.4706230163574219"
"5480","0.4395431578159332","0.4395431578159332","0.4395431578159332","0.4447082579135895","0.4447082579135895","0.4447082579135895","0.44503745436668396","0.44503745436668396","0.44503745436668396","0.4427066743373871","0.4427066743373871","0.4427066743373871","0.4414943754673004","0.4414943754673004","0.4414943754673004","0.44448354840278625","0.44448354840278625","0.44448354840278625"
"5490","0.4288501739501953","0.4288501739501953","0.4288501739501953","0.43407630920410156","0.43407630920410156","0.43407630920410156","0.4340553283691406","0.4340553283691406","0.4340553283691406","0.4321228265762329","0.4321228265762329","0.4321228265762329","0.4304943084716797","0.4304943084716797","0.4304943084716797","0.43379899859428406","0.43379899859428406","0.43379899859428406"
"5500","0.4145374298095703","0.4145374298095703","0.4145374298095703","0.4201721251010895","0.4201721251010895","0.4201721251010895","0.4202369451522827","0.4202369451522827","0.4202369451522827","0.418182373046875","0.418182373046875","0.418182373046875","0.41649097204208374","0.41649097204208374","0.41649097204208374","0.41984063386917114","0.41984063386917114","0.41984063386917114"
"5510","0.41319045424461365","0.41319045424461365","0.41319045424461365","0.4184249937534332","0.4184249937534332","0.4184249937534332","0.41873013973236084","0.41873013973236084","0.41873013973236084","0.4168620705604553","0.4168620705604553","0.4168620705604553","0.41524621844291687","0.41524621844291687","0.41524621844291687","0.41812628507614136","0.41812628507614136","0.41812628507614136"
"5520","0.387088418006897","0.387088418006897","0.387088418006897","0.39197462797164917","0.39197462797164917","0.39197462797164917","0.3925430178642273","0.3925430178642273","0.3925430178642273","0.38997381925582886","0.38997381925582886","0.38997381925582886","0.3884410858154297","0.3884410858154297","0.3884410858154297","0.39196130633354187","0.39196130633354187","0.39196130633354187"
"5530","0.45108988881111145","0.45108988881111145","0.45108988881111145","0.45677947998046875","0.45677947998046875","0.45677947998046875","0.45641404390335083","0.45641404390335083","0.45641404390335083","0.45485496520996094","0.45485496520996094","0.45485496520996094","0.4530807435512543","0.4530807435512543","0.4530807435512543","0.4561878442764282","0.4561878442764282","0.4561878442764282"
"5540","0.5371906161308289","0.5371906161308289","0.5371906161308289","0.5415798425674438","0.5415798425674438","0.5415798425674438","0.5419445037841797","0.5419445037841797","0.5419445037841797","0.539929986000061","0.539929986000061","0.539929986000061","0.5386871099472046","0.5386871099472046","0.5386871099472046","0.5413329601287842","0.5413329601287842","0.5413329601287842"
"5550","0.46811598539352417","0.46811598539352417","0.46811598539352417","0.47258299589157104","0.47258299589157104","0.47258299589157104","0.47317197918891907","0.47317197918891907","0.47317197918891907","0.47086450457572937","0.47086450457572937","0.47086450457572937","0.46964988112449646","0.46964988112449646","0.46964988112449646","0.47265663743019104","0.47265663743019104","0.47265663743019104"
"5560","0.42319756746292114","0.42319756746292114","0.42319756746292114","0.4286884069442749","0.4286884069442749","0.4286884069442749","0.4289356470108032","0.4289356470108032","0.4289356470108032","0.42683297395706177","0.42683297395706177","0.42683297395706177","0.4251411259174347","0.4251411259174347","0.4251411259174347","0.42843931913375854","0.42843931913375854","0.42843931913375854"
"5570","0.42033272981643677","0.42033272981643677","0.42033272981643677","0.4272998869419098","0.4272998869419098","0.4272998869419098","0.42737579345703125","0.42737579345703125","0.42737579345703125","0.4240596890449524","0.4240596890449524","0.4240596890449524","0.4225131869316101","0.4225131869316101","0.4225131869316101","0.42664945125579834","0.42664945125579834","0.42664945125579834"
"5580","0.40547865629196167","0.40547865629196167","0.40547865629196167","0.4108085632324219","0.4108085632324219","0.4108085632324219","0.410732626914978","0.410732626914978","0.410732626914978","0.4087234437465668","0.4087234437465668","0.4087234437465668","0.4072113037109375","0.4072113037109375","0.4072113037109375","0.4105324149131775","0.4105324149131775","0.4105324149131775"
"5590","0.4659019410610199","0.4659019410610199","0.4659019410610199","0.4695545434951782","0.4695545434951782","0.4695545434951782","0.4705543518066406","0.4705543518066406","0.4705543518066406","0.468600869178772","0.468600869178772","0.468600869178772","0.46721723675727844","0.46721723675727844","0.46721723675727844","0.46959763765335083","0.46959763765335083","0.46959763765335083"
"5600","0.4271053373813629","0.4271053373813629","0.4271053373813629","0.43271905183792114","0.43271905183792114","0.43271905183792114","0.4322624206542969","0.4322624206542969","0.4322624206542969","0.4308517575263977","0.4308517575263977","0.4308517575263977","0.42845839262008667","0.42845839262008667","0.42845839262008667","0.4326969385147095","0.4326969385147095","0.4326969385147095"
"5610","0.4483760595321655","0.4483760595321655","0.4483760595321655","0.45320242643356323","0.45320242643356323","0.45320242643356323","0.4531112611293793","0.4531112611293793","0.4531112611293793","0.4524429142475128","0.4524429142475128","0.4524429142475128","0.44927939772605896","0.44927939772605896","0.44927939772605896","0.45260849595069885","0.45260849595069885","0.45260849595069885"
"5620","0.4147788882255554","0.4147788882255554","0.4147788882255554","0.4202278256416321","0.4202278256416321","0.4202278256416321","0.4202289581298828","0.4202289581298828","0.4202289581298828","0.4179760217666626","0.4179760217666626","0.4179760217666626","0.41673165559768677","0.41673165559768677","0.41673165559768677","0.4198295474052429","0.4198295474052429","0.4198295474052429"
"5630","0.40974390506744385","0.40974390506744385","0.40974390506744385","0.4150150418281555","0.4150150418281555","0.4150150418281555","0.4150967001914978","0.4150967001914978","0.4150967001914978","0.413015753030777","0.413015753030777","0.413015753030777","0.41156843304634094","0.41156843304634094","0.41156843304634094","0.4146610200405121","0.4146610200405121","0.4146610200405121"
"5640","0.4085971713066101","0.4085971713066101","0.4085971713066101","0.4142807126045227","0.4142807126045227","0.4142807126045227","0.41410523653030396","0.41410523653030396","0.41410523653030396","0.41175156831741333","0.41175156831741333","0.41175156831741333","0.4106059968471527","0.4106059968471527","0.4106059968471527","0.4136844277381897","0.4136844277381897","0.4136844277381897"
"5650","0.44606512784957886","0.44606512784957886","0.44606512784957886","0.4511421322822571","0.4511421322822571","0.4511421322822571","0.4511711001396179","0.4511711001396179","0.4511711001396179","0.44923973083496094","0.44923973083496094","0.44923973083496094","0.44789960980415344","0.44789960980415344","0.44789960980415344","0.4507492184638977","0.4507492184638977","0.4507492184638977"
"5660","0.40588951110839844","0.40588951110839844","0.40588951110839844","0.41112250089645386","0.41112250089645386","0.41112250089645386","0.41138267517089844","0.41138267517089844","0.41138267517089844","0.40869903564453125","0.40869903564453125","0.40869903564453125","0.4076949954032898","0.4076949954032898","0.4076949954032898","0.410849004983902","0.410849004983902","0.410849004983902"
"5670","0.4167270362377167","0.4167270362377167","0.4167270362377167","0.42155683040618896","0.42155683040618896","0.42155683040618896","0.4232849180698395","0.4232849180698395","0.4232849180698395","0.41903573274612427","0.41903573274612427","0.41903573274612427","0.4178321957588196","0.4178321957588196","0.4178321957588196","0.42237281799316406","0.42237281799316406","0.42237281799316406"
"5680","0.42737042903900146","0.42737042903900146","0.42737042903900146","0.4331500828266144","0.4331500828266144","0.4331500828266144","0.43348389863967896","0.43348389863967896","0.43348389863967896","0.43066519498825073","0.43066519498825073","0.43066519498825073","0.4293399751186371","0.4293399751186371","0.4293399751186371","0.4323738217353821","0.4323738217353821","0.4323738217353821"
"5690","0.47048377990722656","0.47048377990722656","0.47048377990722656","0.4753097593784332","0.4753097593784332","0.4753097593784332","0.47606658935546875","0.47606658935546875","0.47606658935546875","0.47384071350097656","0.47384071350097656","0.47384071350097656","0.472542941570282","0.472542941570282","0.472542941570282","0.47523537278175354","0.47523537278175354","0.47523537278175354"
"5700","0.5315700769424438","0.5315700769424438","0.5315700769424438","0.5361854434013367","0.5361854434013367","0.5361854434013367","0.536360502243042","0.536360502243042","0.536360502243042","0.5344375371932983","0.5344375371932983","0.5344375371932983","0.5334506630897522","0.5334506630897522","0.5334506630897522","0.5359050631523132","0.5359050631523132","0.5359050631523132"
"5710","0.416263222694397","0.416263222694397","0.416263222694397","0.4217754304409027","0.4217754304409027","0.4217754304409027","0.422415167093277","0.422415167093277","0.422415167093277","0.4200943112373352","0.4200943112373352","0.4200943112373352","0.418417751789093","0.418417751789093","0.418417751789093","0.4216011166572571","0.4216011166572571","0.4216011166572571"
"5720","0.41194382309913635","0.41194382309913635","0.41194382309913635","0.41700974106788635","0.41700974106788635","0.41700974106788635","0.41717109084129333","0.41717109084129333","0.41717109084129333","0.4152534604072571","0.4152534604072571","0.4152534604072571","0.41357725858688354","0.41357725858688354","0.41357725858688354","0.416843056678772","0.416843056678772","0.416843056678772"
"5730","0.44122007489204407","0.44122007489204407","0.44122007489204407","0.4459381103515625","0.4459381103515625","0.4459381103515625","0.44599607586860657","0.44599607586860657","0.44599607586860657","0.44563332200050354","0.44563332200050354","0.44563332200050354","0.44377630949020386","0.44377630949020386","0.44377630949020386","0.444827675819397","0.444827675819397","0.444827675819397"
"5740","0.4173843264579773","0.4173843264579773","0.4173843264579773","0.42208021879196167","0.42208021879196167","0.42208021879196167","0.4224906861782074","0.4224906861782074","0.4224906861782074","0.42058297991752625","0.42058297991752625","0.42058297991752625","0.4190612733364105","0.4190612733364105","0.4190612733364105","0.42215538024902344","0.42215538024902344","0.42215538024902344"
"5750","0.4187721312046051","0.4187721312046051","0.4187721312046051","0.42409437894821167","0.42409437894821167","0.42409437894821167","0.4241809844970703","0.4241809844970703","0.4241809844970703","0.4222896695137024","0.4222896695137024","0.4222896695137024","0.4204765260219574","0.4204765260219574","0.4204765260219574","0.4237937927246094","0.4237937927246094","0.4237937927246094"
"5760","0.383636474609375","0.383636474609375","0.383636474609375","0.38879358768463135","0.38879358768463135","0.38879358768463135","0.3889823853969574","0.3889823853969574","0.3889823853969574","0.3863227963447571","0.3863227963447571","0.3863227963447571","0.3851569890975952","0.3851569890975952","0.3851569890975952","0.3884941041469574","0.3884941041469574","0.3884941041469574"
"5770","0.40422898530960083","0.40422898530960083","0.40422898530960083","0.40934067964553833","0.40934067964553833","0.40934067964553833","0.4095008671283722","0.4095008671283722","0.4095008671283722","0.40747565031051636","0.40747565031051636","0.40747565031051636","0.40620651841163635","0.40620651841163635","0.40620651841163635","0.409249484539032","0.409249484539032","0.409249484539032"
"5780","0.4188942313194275","0.4188942313194275","0.4188942313194275","0.42391929030418396","0.42391929030418396","0.42391929030418396","0.4243297576904297","0.4243297576904297","0.4243297576904297","0.4221157133579254","0.4221157133579254","0.4221157133579254","0.42082828283309937","0.42082828283309937","0.42082828283309937","0.4238380491733551","0.4238380491733551","0.4238380491733551"
"5790","0.4180675446987152","0.4180675446987152","0.4180675446987152","0.4235267639160156","0.4235267639160156","0.4235267639160156","0.4237045347690582","0.4237045347690582","0.4237045347690582","0.4216274619102478","0.4216274619102478","0.4216274619102478","0.41977500915527344","0.41977500915527344","0.41977500915527344","0.4233795404434204","0.4233795404434204","0.4233795404434204"
"5800","0.4115661382675171","0.4115661382675171","0.4115661382675171","0.4169330596923828","0.4169330596923828","0.4169330596923828","0.41737136244773865","0.41737136244773865","0.41737136244773865","0.4152687191963196","0.4152687191963196","0.4152687191963196","0.41363945603370667","0.41363945603370667","0.41363945603370667","0.41680261492729187","0.41680261492729187","0.41680261492729187"
"5810","0.4093368649482727","0.4093368649482727","0.4093368649482727","0.4143817722797394","0.4143817722797394","0.4143817722797394","0.4147796630859375","0.4147796630859375","0.4147796630859375","0.41242292523384094","0.41242292523384094","0.41242292523384094","0.41092756390571594","0.41092756390571594","0.41092756390571594","0.4140583276748657","0.4140583276748657","0.4140583276748657"
"5820","0.47598305344581604","0.47598305344581604","0.47598305344581604","0.48095399141311646","0.48095399141311646","0.48095399141311646","0.48110276460647583","0.48110276460647583","0.48110276460647583","0.47915875911712646","0.47915875911712646","0.47915875911712646","0.4776412844657898","0.4776412844657898","0.4776412844657898","0.4808017611503601","0.4808017611503601","0.4808017611503601"
"5830","0.41705358028411865","0.41705358028411865","0.41705358028411865","0.4220646023750305","0.4220646023750305","0.4220646023750305","0.4225757420063019","0.4225757420063019","0.4225757420063019","0.4202567934989929","0.4202567934989929","0.4202567934989929","0.41859015822410583","0.41859015822410583","0.41859015822410583","0.422000527381897","0.422000527381897","0.422000527381897"
"5840","0.4271930456161499","0.4271930456161499","0.4271930456161499","0.43239057064056396","0.43239057064056396","0.43239057064056396","0.43280336260795593","0.43280336260795593","0.43280336260795593","0.430398553609848","0.430398553609848","0.430398553609848","0.4289085268974304","0.4289085268974304","0.4289085268974304","0.4321403503417969","0.4321403503417969","0.4321403503417969"
"5850","0.4524940252304077","0.4524940252304077","0.4524940252304077","0.4574207365512848","0.4574207365512848","0.4574207365512848","0.4575607180595398","0.4575607180595398","0.4575607180595398","0.45544546842575073","0.45544546842575073","0.45544546842575073","0.45395392179489136","0.45395392179489136","0.45395392179489136","0.45728570222854614","0.45728570222854614","0.45728570222854614"
"5860","0.4431404173374176","0.4431404173374176","0.4431404173374176","0.44755858182907104","0.44755858182907104","0.44755858182907104","0.4481262266635895","0.4481262266635895","0.4481262266635895","0.4467613101005554","0.4467613101005554","0.4467613101005554","0.444919228553772","0.444919228553772","0.444919228553772","0.44734498858451843","0.44734498858451843","0.44734498858451843"
"5870","0.4406108856201172","0.4406108856201172","0.4406108856201172","0.44640272855758667","0.44640272855758667","0.44640272855758667","0.44646263122558594","0.44646263122558594","0.44646263122558594","0.44352492690086365","0.44352492690086365","0.44352492690086365","0.44250792264938354","0.44250792264938354","0.44250792264938354","0.44588392972946167","0.44588392972946167","0.44588392972946167"
"5880","0.41190147399902344","0.41190147399902344","0.41190147399902344","0.4175441861152649","0.4175441861152649","0.4175441861152649","0.41797715425491333","0.41797715425491333","0.41797715425491333","0.4154213070869446","0.4154213070869446","0.4154213070869446","0.413936972618103","0.413936972618103","0.413936972618103","0.4175220727920532","0.4175220727920532","0.4175220727920532"
"5890","0.4641609191894531","0.4641609191894531","0.4641609191894531","0.4686145782470703","0.4686145782470703","0.4686145782470703","0.46915704011917114","0.46915704011917114","0.46915704011917114","0.4671710729598999","0.4671710729598999","0.4671710729598999","0.46562081575393677","0.46562081575393677","0.46562081575393677","0.46871718764305115","0.46871718764305115","0.46871718764305115"
"5900","0.44891470670700073","0.44891470670700073","0.44891470670700073","0.4540576934814453","0.4540576934814453","0.4540576934814453","0.45466119050979614","0.45466119050979614","0.45466119050979614","0.45218658447265625","0.45218658447265625","0.45218658447265625","0.4510246217250824","0.4510246217250824","0.4510246217250824","0.4541042447090149","0.4541042447090149","0.4541042447090149"
"5910","0.47418975830078125","0.47418975830078125","0.47418975830078125","0.4779170751571655","0.4779170751571655","0.4779170751571655","0.477883905172348","0.477883905172348","0.477883905172348","0.4791709780693054","0.4791709780693054","0.4791709780693054","0.47661322355270386","0.47661322355270386","0.47661322355270386","0.4782119691371918","0.4782119691371918","0.4782119691371918"
"5920","0.4217628538608551","0.4217628538608551","0.4217628538608551","0.4265151917934418","0.4265151917934418","0.4265151917934418","0.42716485261917114","0.42716485261917114","0.42716485261917114","0.4247795045375824","0.4247795045375824","0.4247795045375824","0.4234638214111328","0.4234638214111328","0.4234638214111328","0.4260917603969574","0.4260917603969574","0.4260917603969574"
"5930","0.4583545923233032","0.4583545923233032","0.4583545923233032","0.4639778137207031","0.4639778137207031","0.4639778137207031","0.4640617370605469","0.4640617370605469","0.4640617370605469","0.46158331632614136","0.46158331632614136","0.46158331632614136","0.45992928743362427","0.45992928743362427","0.45992928743362427","0.46362873911857605","0.46362873911857605","0.46362873911857605"
"5940","0.44078177213668823","0.44078177213668823","0.44078177213668823","0.4454544186592102","0.4454544186592102","0.4454544186592102","0.4456573724746704","0.4456573724746704","0.4456573724746704","0.44350355863571167","0.44350355863571167","0.44350355863571167","0.44234275817871094","0.44234275817871094","0.44234275817871094","0.4449874758720398","0.4449874758720398","0.4449874758720398"
"5950","0.45298463106155396","0.45298463106155396","0.45298463106155396","0.4579330384731293","0.4579330384731293","0.4579330384731293","0.4581192135810852","0.4581192135810852","0.4581192135810852","0.45620691776275635","0.45620691776275635","0.45620691776275635","0.45414620637893677","0.45414620637893677","0.45414620637893677","0.457427978515625","0.457427978515625","0.457427978515625"
"5960","0.4350612759590149","0.4350612759590149","0.4350612759590149","0.4399711787700653","0.4399711787700653","0.4399711787700653","0.4403495788574219","0.4403495788574219","0.4403495788574219","0.43816909193992615","0.43816909193992615","0.43816909193992615","0.4367755651473999","0.4367755651473999","0.4367755651473999","0.43991318345069885","0.43991318345069885","0.43991318345069885"
"5970","0.4096587896347046","0.4096587896347046","0.4096587896347046","0.4151046872138977","0.4151046872138977","0.4151046872138977","0.4154418706893921","0.4154418706893921","0.4154418706893921","0.41333848237991333","0.41333848237991333","0.41333848237991333","0.4117119014263153","0.4117119014263153","0.4117119014263153","0.4148551821708679","0.4148551821708679","0.4148551821708679"
"5980","0.40348511934280396","0.40348511934280396","0.40348511934280396","0.40914154052734375","0.40914154052734375","0.40914154052734375","0.40928003191947937","0.40928003191947937","0.40928003191947937","0.4070678949356079","0.4070678949356079","0.4070678949356079","0.40557631850242615","0.40557631850242615","0.40557631850242615","0.40877723693847656","0.40877723693847656","0.40877723693847656"
"5990","0.44288748502731323","0.44288748502731323","0.44288748502731323","0.447561651468277","0.447561651468277","0.447561651468277","0.44813650846481323","0.44813650846481323","0.44813650846481323","0.44607776403427124","0.44607776403427124","0.44607776403427124","0.4441429078578949","0.4441429078578949","0.4441429078578949","0.44755440950393677","0.44755440950393677","0.44755440950393677"
"6000","0.48223307728767395","0.48223307728767395","0.48223307728767395","0.4876907467842102","0.4876907467842102","0.4876907467842102","0.4864448606967926","0.4864448606967926","0.4864448606967926","0.4867130219936371","0.4867130219936371","0.4867130219936371","0.4839092493057251","0.4839092493057251","0.4839092493057251","0.4863830506801605","0.4863830506801605","0.4863830506801605"