"Step","zip2zip_1B_enc_layers1 - ppl","zip2zip_1B_enc_layers1 - ppl__MIN","zip2zip_1B_enc_layers1 - ppl__MAX","zip2zip_1B_enc_heads2 - ppl","zip2zip_1B_enc_heads2 - ppl__MIN","zip2zip_1B_enc_heads2 - ppl__MAX","zip2zip_1B_enc_heads4 - ppl","zip2zip_1B_enc_heads4 - ppl__MIN","zip2zip_1B_enc_heads4 - ppl__MAX","zip2zip_1B_enc_dim1024 - ppl","zip2zip_1B_enc_dim1024 - ppl__MIN","zip2zip_1B_enc_dim1024 - ppl__MAX","zip2zip_1B_enc_dim2048 - ppl","zip2zip_1B_enc_dim2048 - ppl__MIN","zip2zip_1B_enc_dim2048 - ppl__MAX","zip2zip_1B_lm_ms2 - ppl","zip2zip_1B_lm_ms2 - ppl__MIN","zip2zip_1B_lm_ms2 - ppl__MAX"
"10","9.019123754858723e+35","9.019123754858723e+35","9.019123754858723e+35","209204863870.436","209204863870.436","209204863870.436","117497395991734090000","117497395991734090000","117497395991734090000","4.3194306021636925e+68","4.3194306021636925e+68","4.3194306021636925e+68","3.3413456504049105e+102","3.3413456504049105e+102","3.3413456504049105e+102","9.607023183013899e+40","9.607023183013899e+40","9.607023183013899e+40"
"20","46185893233461.91","46185893233461.91","46185893233461.91","4317527.5665179035","4317527.5665179035","4317527.5665179035","5873526213.915216","5873526213.915216","5873526213.915216","1.531453292124076e+32","1.531453292124076e+32","1.531453292124076e+32","7.610536360617127e+53","7.610536360617127e+53","7.610536360617127e+53","33058402157484550","33058402157484550","33058402157484550"
"30","5975669.110431697","5975669.110431697","5975669.110431697","28445.27385563406","28445.27385563406","28445.27385563406","2790783.990836065","2790783.990836065","2790783.990836065","142197241732.92383","142197241732.92383","142197241732.92383","340366573985348.8","340366573985348.8","340366573985348.8","28852843.748835374","28852843.748835374","28852843.748835374"
"40","25271.970416439206","25271.970416439206","25271.970416439206","62455.86006685872","62455.86006685872","62455.86006685872","53782.73719652502","53782.73719652502","53782.73719652502","372571.456452533","372571.456452533","372571.456452533","9430536.076476933","9430536.076476933","9430536.076476933","166594.54926963092","166594.54926963092","166594.54926963092"
"50","57794.242100961026","57794.242100961026","57794.242100961026","45251.05182197642","45251.05182197642","45251.05182197642","102057.32144440725","102057.32144440725","102057.32144440725","10163230.178024016","10163230.178024016","10163230.178024016","23145118.77266387","23145118.77266387","23145118.77266387","153981.78803170362","153981.78803170362","153981.78803170362"
"60","39988.715356625115","39988.715356625115","39988.715356625115","7461.494336399837","7461.494336399837","7461.494336399837","13520.894394584238","13520.894394584238","13520.894394584238","47840.603200609556","47840.603200609556","47840.603200609556","4912500826517071000","4912500826517071000","4912500826517071000","93771.65794017774","93771.65794017774","93771.65794017774"
"70","183427.63343440281","183427.63343440281","183427.63343440281","5961.009181086851","5961.009181086851","5961.009181086851","3235.3734570449797","3235.3734570449797","3235.3734570449797","1789549.1756922484","1789549.1756922484","1789549.1756922484","1606295123440474.5","1606295123440474.5","1606295123440474.5","154260.75884270476","154260.75884270476","154260.75884270476"
"80","173201.68268877646","173201.68268877646","173201.68268877646","5734.587646704025","5734.587646704025","5734.587646704025","4145.104605632596","4145.104605632596","4145.104605632596","21345028.68391845","21345028.68391845","21345028.68391845","100232801.94257428","100232801.94257428","100232801.94257428","2244122.363309648","2244122.363309648","2244122.363309648"
"90","38756.432944369066","38756.432944369066","38756.432944369066","3787.5847784375055","3787.5847784375055","3787.5847784375055","2818.6870493712886","2818.6870493712886","2818.6870493712886","125490.75548315758","125490.75548315758","125490.75548315758","2995272519.643904","2995272519.643904","2995272519.643904","1111078.9972343517","1111078.9972343517","1111078.9972343517"
"100","39618.497295346155","39618.497295346155","39618.497295346155","2339.5107502645274","2339.5107502645274","2339.5107502645274","1458.7324358872095","1458.7324358872095","1458.7324358872095","19475.770278361917","19475.770278361917","19475.770278361917","337974545.05958587","337974545.05958587","337974545.05958587","323172.5584268952","323172.5584268952","323172.5584268952"
"110","39334.70923050632","39334.70923050632","39334.70923050632","2655.6474376009023","2655.6474376009023","2655.6474376009023","1938.8706341746733","1938.8706341746733","1938.8706341746733","25174.5006829484","25174.5006829484","25174.5006829484","8530784588.138873","8530784588.138873","8530784588.138873","602731.4317902984","602731.4317902984","602731.4317902984"
"120","9644.424044707457","9644.424044707457","9644.424044707457","1882.3432941082444","1882.3432941082444","1882.3432941082444","1792.4005204973246","1792.4005204973246","1792.4005204973246","10652.76571637111","10652.76571637111","10652.76571637111","90223675.57042806","90223675.57042806","90223675.57042806","97884.24722836792","97884.24722836792","97884.24722836792"
"130","3020.6907645842543","3020.6907645842543","3020.6907645842543","689.4843400828372","689.4843400828372","689.4843400828372","1030.164496648706","1030.164496648706","1030.164496648706","4337.338596856415","4337.338596856415","4337.338596856415","3603093.682001933","3603093.682001933","3603093.682001933","6700.96042192973","6700.96042192973","6700.96042192973"
"140","4029.3836926365625","4029.3836926365625","4029.3836926365625","3940.6666420225147","3940.6666420225147","3940.6666420225147","5806.61355628049","5806.61355628049","5806.61355628049","17752.180116742802","17752.180116742802","17752.180116742802","1707418.9992554926","1707418.9992554926","1707418.9992554926","2711.6550458727484","2711.6550458727484","2711.6550458727484"
"150","1583.550829465246","1583.550829465246","1583.550829465246","1348.7589793740694","1348.7589793740694","1348.7589793740694","1474.0053422318902","1474.0053422318902","1474.0053422318902","4078.7863658338315","4078.7863658338315","4078.7863658338315","53262.001546445164","53262.001546445164","53262.001546445164","950.6901787754497","950.6901787754497","950.6901787754497"
"160","1504.3229565333133","1504.3229565333133","1504.3229565333133","2012.3817719535389","2012.3817719535389","2012.3817719535389","824.1362914082489","824.1362914082489","824.1362914082489","1930.5106586659738","1930.5106586659738","1930.5106586659738","6217.728175772813","6217.728175772813","6217.728175772813","545.5783934032323","545.5783934032323","545.5783934032323"
"170","705.8992774984077","705.8992774984077","705.8992774984077","833.1935597055306","833.1935597055306","833.1935597055306","764.6379008340278","764.6379008340278","764.6379008340278","1375.8626628390723","1375.8626628390723","1375.8626628390723","2372.2090329124203","2372.2090329124203","2372.2090329124203","663.0206557741496","663.0206557741496","663.0206557741496"
"180","640.6971234840387","640.6971234840387","640.6971234840387","514.3322087144761","514.3322087144761","514.3322087144761","583.5032525625437","583.5032525625437","583.5032525625437","1233.4741147709772","1233.4741147709772","1233.4741147709772","1118.2804393474887","1118.2804393474887","1118.2804393474887","519.9641469328776","519.9641469328776","519.9641469328776"
"190","724.4964597715955","724.4964597715955","724.4964597715955","745.2522869151563","745.2522869151563","745.2522869151563","531.4195360226754","531.4195360226754","531.4195360226754","1047.3426652506869","1047.3426652506869","1047.3426652506869","811.0849865198265","811.0849865198265","811.0849865198265","492.85304582969235","492.85304582969235","492.85304582969235"
"200","551.5267039083976","551.5267039083976","551.5267039083976","479.0766928292085","479.0766928292085","479.0766928292085","415.22974056189884","415.22974056189884","415.22974056189884","533.7885212886293","533.7885212886293","533.7885212886293","607.9451866866962","607.9451866866962","607.9451866866962","400.9747235279095","400.9747235279095","400.9747235279095"
"210","592.6265280837285","592.6265280837285","592.6265280837285","444.1165282059693","444.1165282059693","444.1165282059693","483.2372142554326","483.2372142554326","483.2372142554326","1003.7593763188396","1003.7593763188396","1003.7593763188396","514.5728579025049","514.5728579025049","514.5728579025049","420.0464158569055","420.0464158569055","420.0464158569055"
"220","623.821016612281","623.821016612281","623.821016612281","531.7802474145495","531.7802474145495","531.7802474145495","584.4221542557038","584.4221542557038","584.4221542557038","770.98640915251","770.98640915251","770.98640915251","611.1720887862061","611.1720887862061","611.1720887862061","552.4192190453815","552.4192190453815","552.4192190453815"
"230","647.82488117805","647.82488117805","647.82488117805","490.88407502987695","490.88407502987695","490.88407502987695","477.83968242258885","477.83968242258885","477.83968242258885","625.8992615140806","625.8992615140806","625.8992615140806","546.8799231982239","546.8799231982239","546.8799231982239","515.9489978969825","515.9489978969825","515.9489978969825"
"240","638.8042468087385","638.8042468087385","638.8042468087385","429.05104144903356","429.05104144903356","429.05104144903356","420.1517835771722","420.1517835771722","420.1517835771722","563.7164260591085","563.7164260591085","563.7164260591085","689.0945270190233","689.0945270190233","689.0945270190233","455.0110710536012","455.0110710536012","455.0110710536012"
"250","483.7956271128375","483.7956271128375","483.7956271128375","383.03096162033796","383.03096162033796","383.03096162033796","364.7759790459476","364.7759790459476","364.7759790459476","492.56312799745666","492.56312799745666","492.56312799745666","530.3153514167584","530.3153514167584","530.3153514167584","379.7397033277271","379.7397033277271","379.7397033277271"
"260","516.116813314521","516.116813314521","516.116813314521","382.8876133855988","382.8876133855988","382.8876133855988","379.42367969420127","379.42367969420127","379.42367969420127","558.5606232544211","558.5606232544211","558.5606232544211","591.0765942133265","591.0765942133265","591.0765942133265","435.37641364785657","435.37641364785657","435.37641364785657"
"270","500.59883596281315","500.59883596281315","500.59883596281315","365.19541236782953","365.19541236782953","365.19541236782953","365.4528801459489","365.4528801459489","365.4528801459489","555.3331240489904","555.3331240489904","555.3331240489904","552.9776754233876","552.9776754233876","552.9776754233876","397.94880112830776","397.94880112830776","397.94880112830776"
"280","462.0504109716307","462.0504109716307","462.0504109716307","325.86720883830105","325.86720883830105","325.86720883830105","326.98744006063527","326.98744006063527","326.98744006063527","512.1423625494394","512.1423625494394","512.1423625494394","509.3491798662357","509.3491798662357","509.3491798662357","363.6979374212293","363.6979374212293","363.6979374212293"
"290","363.5235140207982","363.5235140207982","363.5235140207982","240.7180582013961","240.7180582013961","240.7180582013961","239.4345417638868","239.4345417638868","239.4345417638868","381.7445774336887","381.7445774336887","381.7445774336887","380.3558542623624","380.3558542623624","380.3558542623624","274.59265210496557","274.59265210496557","274.59265210496557"
"300","298.2083878068048","298.2083878068048","298.2083878068048","179.96525516362996","179.96525516362996","179.96525516362996","189.32794731586455","189.32794731586455","189.32794731586455","465.55375927320324","465.55375927320324","465.55375927320324","264.9175536323059","264.9175536323059","264.9175536323059","201.12190346188527","201.12190346188527","201.12190346188527"
"310","386.0682457667149","386.0682457667149","386.0682457667149","248.2962744799585","248.2962744799585","248.2962744799585","251.87971317859368","251.87971317859368","251.87971317859368","489.13680340536325","489.13680340536325","489.13680340536325","393.675063071304","393.675063071304","393.675063071304","296.81174073321495","296.81174073321495","296.81174073321495"
"320","335.4828479630729","335.4828479630729","335.4828479630729","174.27441939284415","174.27441939284415","174.27441939284415","182.86136792770404","182.86136792770404","182.86136792770404","283.68050035060736","283.68050035060736","283.68050035060736","264.864756075256","264.864756075256","264.864756075256","206.82379895857815","206.82379895857815","206.82379895857815"
"330","183.0986924575206","183.0986924575206","183.0986924575206","109.00412722939859","109.00412722939859","109.00412722939859","118.55916073147257","118.55916073147257","118.55916073147257","219.72984933544026","219.72984933544026","219.72984933544026","153.11159434540562","153.11159434540562","153.11159434540562","155.28991791408495","155.28991791408495","155.28991791408495"
"340","338.68173934549736","338.68173934549736","338.68173934549736","211.94050515237683","211.94050515237683","211.94050515237683","226.36326478212294","226.36326478212294","226.36326478212294","402.4573430845244","402.4573430845244","402.4573430845244","316.67663188782484","316.67663188782484","316.67663188782484","274.6363882049421","274.6363882049421","274.6363882049421"
"350","347.29677446316634","347.29677446316634","347.29677446316634","230.29730600830598","230.29730600830598","230.29730600830598","242.77545320813482","242.77545320813482","242.77545320813482","390.7481967673883","390.7481967673883","390.7481967673883","335.87148172218957","335.87148172218957","335.87148172218957","282.58841366196225","282.58841366196225","282.58841366196225"
"360","295.48615939583044","295.48615939583044","295.48615939583044","200.01050386440428","200.01050386440428","200.01050386440428","210.6119935708305","210.6119935708305","210.6119935708305","328.69233018273684","328.69233018273684","328.69233018273684","293.733664671943","293.733664671943","293.733664671943","241.08104688414497","241.08104688414497","241.08104688414497"
"370","340.75163528098295","340.75163528098295","340.75163528098295","228.6560772247954","228.6560772247954","228.6560772247954","239.58803715287846","239.58803715287846","239.58803715287846","376.7191531732056","376.7191531732056","376.7191531732056","326.5098950434964","326.5098950434964","326.5098950434964","266.6993611988597","266.6993611988597","266.6993611988597"
"380","297.91233883860474","297.91233883860474","297.91233883860474","198.11353865222455","198.11353865222455","198.11353865222455","208.2105055731238","208.2105055731238","208.2105055731238","323.28288234293234","323.28288234293234","323.28288234293234","274.99269076583886","274.99269076583886","274.99269076583886","227.3481805681306","227.3481805681306","227.3481805681306"
"390","276.9593791066375","276.9593791066375","276.9593791066375","192.38839880960134","192.38839880960134","192.38839880960134","201.7187247299884","201.7187247299884","201.7187247299884","305.3350803525952","305.3350803525952","305.3350803525952","266.3357697012036","266.3357697012036","266.3357697012036","222.2384482030221","222.2384482030221","222.2384482030221"
"400","278.24085128547665","278.24085128547665","278.24085128547665","182.54486237572266","182.54486237572266","182.54486237572266","192.62568759156218","192.62568759156218","192.62568759156218","272.7748881945317","272.7748881945317","272.7748881945317","245.1004132010381","245.1004132010381","245.1004132010381","209.46632935048598","209.46632935048598","209.46632935048598"
"410","239.9260963536092","239.9260963536092","239.9260963536092","159.11835013988073","159.11835013988073","159.11835013988073","171.7744124144812","171.7744124144812","171.7744124144812","247.8749027080845","247.8749027080845","247.8749027080845","216.3463608247944","216.3463608247944","216.3463608247944","184.64002297620303","184.64002297620303","184.64002297620303"
"420","159.6155659643399","159.6155659643399","159.6155659643399","117.97559390493791","117.97559390493791","117.97559390493791","122.89200969305263","122.89200969305263","122.89200969305263","167.543017469803","167.543017469803","167.543017469803","149.90048171098837","149.90048171098837","149.90048171098837","132.19855544363182","132.19855544363182","132.19855544363182"
"430","211.48853717329263","211.48853717329263","211.48853717329263","151.457731681379","151.457731681379","151.457731681379","157.67672220675405","157.67672220675405","157.67672220675405","217.1194937735665","217.1194937735665","217.1194937735665","198.8940544170902","198.8940544170902","198.8940544170902","167.64634804285606","167.64634804285606","167.64634804285606"
"440","226.9862775912203","226.9862775912203","226.9862775912203","154.15706317407856","154.15706317407856","154.15706317407856","161.85570166360657","161.85570166360657","161.85570166360657","219.52301541406428","219.52301541406428","219.52301541406428","203.41912719644122","203.41912719644122","203.41912719644122","174.7973228629073","174.7973228629073","174.7973228629073"
"450","224.13854095477987","224.13854095477987","224.13854095477987","150.08815768466073","150.08815768466073","150.08815768466073","161.84520568539804","161.84520568539804","161.84520568539804","212.63481809349832","212.63481809349832","212.63481809349832","197.08791957088764","197.08791957088764","197.08791957088764","173.92259500319045","173.92259500319045","173.92259500319045"
"460","197.338720587583","197.338720587583","197.338720587583","135.34658994719157","135.34658994719157","135.34658994719157","142.00713517883335","142.00713517883335","142.00713517883335","191.36294266769474","191.36294266769474","191.36294266769474","176.15517118649828","176.15517118649828","176.15517118649828","155.84441436247621","155.84441436247621","155.84441436247621"
"470","201.31456769708376","201.31456769708376","201.31456769708376","139.5899587523527","139.5899587523527","139.5899587523527","144.3763675540148","144.3763675540148","144.3763675540148","196.3158957387913","196.3158957387913","196.3158957387913","181.55308667715428","181.55308667715428","181.55308667715428","156.83299346623457","156.83299346623457","156.83299346623457"
"480","182.7369828506016","182.7369828506016","182.7369828506016","125.32904400450268","125.32904400450268","125.32904400450268","130.74627207687817","130.74627207687817","130.74627207687817","174.57550305432815","174.57550305432815","174.57550305432815","164.29703641625898","164.29703641625898","164.29703641625898","143.33098772492667","143.33098772492667","143.33098772492667"
"490","204.49514673598875","204.49514673598875","204.49514673598875","144.48593994294635","144.48593994294635","144.48593994294635","148.8538531791736","148.8538531791736","148.8538531791736","195.51221234182674","195.51221234182674","195.51221234182674","184.57690677478968","184.57690677478968","184.57690677478968","161.3488148079402","161.3488148079402","161.3488148079402"
"500","173.84714256669017","173.84714256669017","173.84714256669017","124.95811622983499","124.95811622983499","124.95811622983499","128.76521943090071","128.76521943090071","128.76521943090071","168.25066191767993","168.25066191767993","168.25066191767993","158.5775342087663","158.5775342087663","158.5775342087663","136.0153041987813","136.0153041987813","136.0153041987813"
"510","158.55500234275627","158.55500234275627","158.55500234275627","115.46122343862899","115.46122343862899","115.46122343862899","119.70796605569589","119.70796605569589","119.70796605569589","154.17286816465142","154.17286816465142","154.17286816465142","146.29390374869695","146.29390374869695","146.29390374869695","125.75281079929829","125.75281079929829","125.75281079929829"
"520","165.4415994998285","165.4415994998285","165.4415994998285","120.33188567866388","120.33188567866388","120.33188567866388","121.111480133325","121.111480133325","121.111480133325","157.21298083524601","157.21298083524601","157.21298083524601","145.73043718589537","145.73043718589537","145.73043718589537","128.07882235271805","128.07882235271805","128.07882235271805"
"530","157.30011429223626","157.30011429223626","157.30011429223626","116.43334618717621","116.43334618717621","116.43334618717621","115.06034105232447","115.06034105232447","115.06034105232447","151.32172902977925","151.32172902977925","151.32172902977925","141.66126623705696","141.66126623705696","141.66126623705696","121.60265931425246","121.60265931425246","121.60265931425246"
"540","157.04799455760903","157.04799455760903","157.04799455760903","113.04414823458471","113.04414823458471","113.04414823458471","112.09497727100907","112.09497727100907","112.09497727100907","148.32861434624124","148.32861434624124","148.32861434624124","138.83857665375893","138.83857665375893","138.83857665375893","118.68320335142194","118.68320335142194","118.68320335142194"
"550","88.44297365321378","88.44297365321378","88.44297365321378","58.22394652374375","58.22394652374375","58.22394652374375","58.622458731315156","58.622458731315156","58.622458731315156","72.4574170810359","72.4574170810359","72.4574170810359","71.33138183746394","71.33138183746394","71.33138183746394","60.27359531927436","60.27359531927436","60.27359531927436"
"560","156.57781461580012","156.57781461580012","156.57781461580012","100.21701169747868","100.21701169747868","100.21701169747868","98.56153520859486","98.56153520859486","98.56153520859486","130.99114162179086","130.99114162179086","130.99114162179086","123.43295656212726","123.43295656212726","123.43295656212726","100.72810433053733","100.72810433053733","100.72810433053733"
"570","153.28764789148312","153.28764789148312","153.28764789148312","103.11626161965185","103.11626161965185","103.11626161965185","103.47276651327117","103.47276651327117","103.47276651327117","140.2409810397256","140.2409810397256","140.2409810397256","129.2687607686215","129.2687607686215","129.2687607686215","108.62763223253563","108.62763223253563","108.62763223253563"
"580","110.18227498589539","110.18227498589539","110.18227498589539","76.76196034514244","76.76196034514244","76.76196034514244","75.36337504901442","75.36337504901442","75.36337504901442","97.94283229576796","97.94283229576796","97.94283229576796","91.98346471146439","91.98346471146439","91.98346471146439","78.71076070077049","78.71076070077049","78.71076070077049"
"590","164.48893189141424","164.48893189141424","164.48893189141424","113.01806187813345","113.01806187813345","113.01806187813345","113.7764191028011","113.7764191028011","113.7764191028011","150.21617513751121","150.21617513751121","150.21617513751121","139.57711293936475","139.57711293936475","139.57711293936475","117.90366550789327","117.90366550789327","117.90366550789327"
"600","54.195264123905076","54.195264123905076","54.195264123905076","39.762083415922774","39.762083415922774","39.762083415922774","39.68215249950896","39.68215249950896","39.68215249950896","50.1157340878459","50.1157340878459","50.1157340878459","48.407909945162665","48.407909945162665","48.407909945162665","41.09280102775143","41.09280102775143","41.09280102775143"
"610","80.05144166623747","80.05144166623747","80.05144166623747","56.818835289108584","56.818835289108584","56.818835289108584","56.43045823013908","56.43045823013908","56.43045823013908","73.00433045433056","73.00433045433056","73.00433045433056","70.13670874846656","70.13670874846656","70.13670874846656","58.15019830817434","58.15019830817434","58.15019830817434"
"620","129.8704083111702","129.8704083111702","129.8704083111702","91.16364715442681","91.16364715442681","91.16364715442681","90.19070943205621","90.19070943205621","90.19070943205621","118.12560916885725","118.12560916885725","118.12560916885725","112.95443427486391","112.95443427486391","112.95443427486391","93.93517561437348","93.93517561437348","93.93517561437348"
"630","138.5045196457508","138.5045196457508","138.5045196457508","98.80957220340872","98.80957220340872","98.80957220340872","96.7960402300004","96.7960402300004","96.7960402300004","126.04781748485377","126.04781748485377","126.04781748485377","120.38795774277014","120.38795774277014","120.38795774277014","101.81350111771853","101.81350111771853","101.81350111771853"
"640","114.68830044461498","114.68830044461498","114.68830044461498","80.31154404200686","80.31154404200686","80.31154404200686","79.36184533806741","79.36184533806741","79.36184533806741","104.1687631153704","104.1687631153704","104.1687631153704","98.55608361429516","98.55608361429516","98.55608361429516","83.21326297756418","83.21326297756418","83.21326297756418"
"650","113.38290018694461","113.38290018694461","113.38290018694461","77.8324151067704","77.8324151067704","77.8324151067704","77.04891348238218","77.04891348238218","77.04891348238218","101.33980257100367","101.33980257100367","101.33980257100367","96.45269647841047","96.45269647841047","96.45269647841047","80.17238390967778","80.17238390967778","80.17238390967778"
"660","130.85560799269635","130.85560799269635","130.85560799269635","91.80429126668962","91.80429126668962","91.80429126668962","90.50498655002727","90.50498655002727","90.50498655002727","115.23560362592337","115.23560362592337","115.23560362592337","110.83510710857341","110.83510710857341","110.83510710857341","94.07417767486332","94.07417767486332","94.07417767486332"
"670","110.73864446666303","110.73864446666303","110.73864446666303","76.01645145129051","76.01645145129051","76.01645145129051","76.08763854379981","76.08763854379981","76.08763854379981","99.02763007803462","99.02763007803462","99.02763007803462","93.85901568369479","93.85901568369479","93.85901568369479","78.81483120965041","78.81483120965041","78.81483120965041"
"680","104.15088289677388","104.15088289677388","104.15088289677388","72.54609304661004","72.54609304661004","72.54609304661004","71.93720260498871","71.93720260498871","71.93720260498871","93.25035421375742","93.25035421375742","93.25035421375742","91.01744377469507","91.01744377469507","91.01744377469507","75.05692618508792","75.05692618508792","75.05692618508792"
"690","108.66166864704213","108.66166864704213","108.66166864704213","74.38020141765544","74.38020141765544","74.38020141765544","74.40233627074015","74.40233627074015","74.40233627074015","96.14572793798034","96.14572793798034","96.14572793798034","93.39257344282171","93.39257344282171","93.39257344282171","78.06758608134707","78.06758608134707","78.06758608134707"
"700","99.54286164247424","99.54286164247424","99.54286164247424","67.44917038245549","67.44917038245549","67.44917038245549","67.84683453496729","67.84683453496729","67.84683453496729","86.85235053086865","86.85235053086865","86.85235053086865","84.17689319157489","84.17689319157489","84.17689319157489","70.82465511792964","70.82465511792964","70.82465511792964"
"710","96.24384225085757","96.24384225085757","96.24384225085757","64.38942535814081","64.38942535814081","64.38942535814081","64.5935565606352","64.5935565606352","64.5935565606352","83.59505625442027","83.59505625442027","83.59505625442027","80.49346204995153","80.49346204995153","80.49346204995153","67.21780678013772","67.21780678013772","67.21780678013772"
"720","98.39506873531947","98.39506873531947","98.39506873531947","67.49640112464381","67.49640112464381","67.49640112464381","67.9223858845477","67.9223858845477","67.9223858845477","87.47274899860285","87.47274899860285","87.47274899860285","83.92936142512163","83.92936142512163","83.92936142512163","71.46555488787244","71.46555488787244","71.46555488787244"
"730","86.6951595379278","86.6951595379278","86.6951595379278","57.79969338559372","57.79969338559372","57.79969338559372","58.02475290661096","58.02475290661096","58.02475290661096","76.94574382126994","76.94574382126994","76.94574382126994","73.99775167189847","73.99775167189847","73.99775167189847","61.49765256222146","61.49765256222146","61.49765256222146"
"740","72.88676344187115","72.88676344187115","72.88676344187115","47.90492653074234","47.90492653074234","47.90492653074234","47.52471652997788","47.52471652997788","47.52471652997788","64.44446913295552","64.44446913295552","64.44446913295552","62.55298669414526","62.55298669414526","62.55298669414526","51.19344448445254","51.19344448445254","51.19344448445254"
"750","98.63901802696193","98.63901802696193","98.63901802696193","71.34985353392987","71.34985353392987","71.34985353392987","70.4919758851333","70.4919758851333","70.4919758851333","88.64639624940952","88.64639624940952","88.64639624940952","91.1609955099104","91.1609955099104","91.1609955099104","75.51107304276296","75.51107304276296","75.51107304276296"
"760","63.61299199499161","63.61299199499161","63.61299199499161","45.12475900592231","45.12475900592231","45.12475900592231","44.25993349736944","44.25993349736944","44.25993349736944","56.66723395840922","56.66723395840922","56.66723395840922","58.05029642200729","58.05029642200729","58.05029642200729","47.47361956000353","47.47361956000353","47.47361956000353"
"770","67.05412478521762","67.05412478521762","67.05412478521762","45.604150912022774","45.604150912022774","45.604150912022774","45.00509962431698","45.00509962431698","45.00509962431698","57.78550119186903","57.78550119186903","57.78550119186903","57.580338930305544","57.580338930305544","57.580338930305544","47.987666171662234","47.987666171662234","47.987666171662234"
"780","74.96889882393882","74.96889882393882","74.96889882393882","48.855613534087574","48.855613534087574","48.855613534087574","48.601729873327876","48.601729873327876","48.601729873327876","63.786612144232016","63.786612144232016","63.786612144232016","63.55871902171645","63.55871902171645","63.55871902171645","51.34532227457952","51.34532227457952","51.34532227457952"
"790","42.85933030032464","42.85933030032464","42.85933030032464","29.099100803692608","29.099100803692608","29.099100803692608","29.950289596156118","29.950289596156118","29.950289596156118","37.78571293563152","37.78571293563152","37.78571293563152","37.72193035893645","37.72193035893645","37.72193035893645","31.0346958821712","31.0346958821712","31.0346958821712"
"800","28.293424637216162","28.293424637216162","28.293424637216162","18.50028029313601","18.50028029313601","18.50028029313601","18.60100086563281","18.60100086563281","18.60100086563281","23.342293475378845","23.342293475378845","23.342293475378845","23.36437007106317","23.36437007106317","23.36437007106317","19.132415967058243","19.132415967058243","19.132415967058243"
"810","63.530266969635306","63.530266969635306","63.530266969635306","41.851215712414685","41.851215712414685","41.851215712414685","41.61692942986418","41.61692942986418","41.61692942986418","54.51945266382443","54.51945266382443","54.51945266382443","53.31945069628629","53.31945069628629","53.31945069628629","43.815549496506556","43.815549496506556","43.815549496506556"
"820","65.78292848757546","65.78292848757546","65.78292848757546","42.519216682842675","42.519216682842675","42.519216682842675","42.1403577341279","42.1403577341279","42.1403577341279","56.4568882104598","56.4568882104598","56.4568882104598","54.73662020339785","54.73662020339785","54.73662020339785","43.82014617167109","43.82014617167109","43.82014617167109"
"830","42.805196456438885","42.805196456438885","42.805196456438885","28.87536213985877","28.87536213985877","28.87536213985877","28.69038753596219","28.69038753596219","28.69038753596219","37.65655856311214","37.65655856311214","37.65655856311214","36.792946239546076","36.792946239546076","36.792946239546076","29.587824936461892","29.587824936461892","29.587824936461892"
"840","76.04480225729367","76.04480225729367","76.04480225729367","48.37821163655978","48.37821163655978","48.37821163655978","47.9216504147555","47.9216504147555","47.9216504147555","63.918631601959724","63.918631601959724","63.918631601959724","62.647103813698806","62.647103813698806","62.647103813698806","51.4715174251896","51.4715174251896","51.4715174251896"
"850","67.90859003294946","67.90859003294946","67.90859003294946","42.25645019577061","42.25645019577061","42.25645019577061","41.68483310661949","41.68483310661949","41.68483310661949","56.34699714634974","56.34699714634974","56.34699714634974","54.732157207647674","54.732157207647674","54.732157207647674","44.18794039082113","44.18794039082113","44.18794039082113"
"860","68.26220507045596","68.26220507045596","68.26220507045596","43.567794459722414","43.567794459722414","43.567794459722414","43.03398147006959","43.03398147006959","43.03398147006959","57.21523240534912","57.21523240534912","57.21523240534912","55.48336469008697","55.48336469008697","55.48336469008697","44.483712025936335","44.483712025936335","44.483712025936335"
"870","63.86961005494263","63.86961005494263","63.86961005494263","41.70143360381363","41.70143360381363","41.70143360381363","41.0071543449118","41.0071543449118","41.0071543449118","53.58932806929866","53.58932806929866","53.58932806929866","52.08135158286365","52.08135158286365","52.08135158286365","42.83417983246523","42.83417983246523","42.83417983246523"
"880","50.34342702086515","50.34342702086515","50.34342702086515","33.10591576250169","33.10591576250169","33.10591576250169","32.39954590014162","32.39954590014162","32.39954590014162","42.30934534492236","42.30934534492236","42.30934534492236","40.525618821240734","40.525618821240734","40.525618821240734","33.92149231992738","33.92149231992738","33.92149231992738"
"890","59.56922785854964","59.56922785854964","59.56922785854964","38.73019579113865","38.73019579113865","38.73019579113865","37.85586656777218","37.85586656777218","37.85586656777218","49.42823181670511","49.42823181670511","49.42823181670511","47.76471712329301","47.76471712329301","47.76471712329301","39.60803839074308","39.60803839074308","39.60803839074308"
"900","46.969457811862306","46.969457811862306","46.969457811862306","31.499049499524563","31.499049499524563","31.499049499524563","31.351711829500825","31.351711829500825","31.351711829500825","39.5162522294803","39.5162522294803","39.5162522294803","38.49798556650521","38.49798556650521","38.49798556650521","32.01878938818958","32.01878938818958","32.01878938818958"
"910","52.88735136015253","52.88735136015253","52.88735136015253","34.81408774927186","34.81408774927186","34.81408774927186","34.5055044382235","34.5055044382235","34.5055044382235","43.35064925098071","43.35064925098071","43.35064925098071","42.15192346887863","42.15192346887863","42.15192346887863","35.55229208498098","35.55229208498098","35.55229208498098"
"920","54.57080771658394","54.57080771658394","54.57080771658394","37.354712678199384","37.354712678199384","37.354712678199384","36.63460900551501","36.63460900551501","36.63460900551501","45.73234801363621","45.73234801363621","45.73234801363621","44.60094303011493","44.60094303011493","44.60094303011493","37.95440006363242","37.95440006363242","37.95440006363242"
"930","46.775009413464126","46.775009413464126","46.775009413464126","32.62926108314429","32.62926108314429","32.62926108314429","31.890735977560077","31.890735977560077","31.890735977560077","39.23048400414408","39.23048400414408","39.23048400414408","38.07411716736301","38.07411716736301","38.07411716736301","33.0300084845545","33.0300084845545","33.0300084845545"
"940","50.88782008295947","50.88782008295947","50.88782008295947","34.85942041398727","34.85942041398727","34.85942041398727","34.67445822379032","34.67445822379032","34.67445822379032","42.612359346443995","42.612359346443995","42.612359346443995","41.92357956773183","41.92357956773183","41.92357956773183","35.82302596037176","35.82302596037176","35.82302596037176"
"950","38.061828111894826","38.061828111894826","38.061828111894826","26.964407496993747","26.964407496993747","26.964407496993747","26.494653776830862","26.494653776830862","26.494653776830862","33.50154887702682","33.50154887702682","33.50154887702682","31.931028719923425","31.931028719923425","31.931028719923425","27.3134302153107","27.3134302153107","27.3134302153107"
"960","47.698189272612154","47.698189272612154","47.698189272612154","33.70558258065491","33.70558258065491","33.70558258065491","33.38802516114551","33.38802516114551","33.38802516114551","41.64449263947419","41.64449263947419","41.64449263947419","40.63206035174171","40.63206035174171","40.63206035174171","33.85410139632225","33.85410139632225","33.85410139632225"
"970","48.327752494043374","48.327752494043374","48.327752494043374","33.78768212964128","33.78768212964128","33.78768212964128","33.84504644424627","33.84504644424627","33.84504644424627","41.826247960273086","41.826247960273086","41.826247960273086","40.79113836634475","40.79113836634475","40.79113836634475","34.48489435199404","34.48489435199404","34.48489435199404"
"980","43.08547692101993","43.08547692101993","43.08547692101993","30.953130355313906","30.953130355313906","30.953130355313906","30.53561826097887","30.53561826097887","30.53561826097887","37.65531961629429","37.65531961629429","37.65531961629429","36.52585314387563","36.52585314387563","36.52585314387563","31.014643001900907","31.014643001900907","31.014643001900907"
"990","39.656890313435674","39.656890313435674","39.656890313435674","29.486501739725245","29.486501739725245","29.486501739725245","28.627013650882116","28.627013650882116","28.627013650882116","34.696041900066625","34.696041900066625","34.696041900066625","34.22490991963609","34.22490991963609","34.22490991963609","29.574220345171337","29.574220345171337","29.574220345171337"
"1000","32.251286988515275","32.251286988515275","32.251286988515275","24.258485640451337","24.258485640451337","24.258485640451337","23.720878504596527","23.720878504596527","23.720878504596527","28.46881399179518","28.46881399179518","28.46881399179518","27.85007424683225","27.85007424683225","27.85007424683225","24.36863633426563","24.36863633426563","24.36863633426563"
"1010","39.344197264396165","39.344197264396165","39.344197264396165","29.017114991328842","29.017114991328842","29.017114991328842","28.525205971409058","28.525205971409058","28.525205971409058","34.61562210657362","34.61562210657362","34.61562210657362","33.48870761288426","33.48870761288426","33.48870761288426","29.05238473628901","29.05238473628901","29.05238473628901"
"1020","29.062409296517764","29.062409296517764","29.062409296517764","22.34613670865205","22.34613670865205","22.34613670865205","21.982112059622267","21.982112059622267","21.982112059622267","25.853788360396212","25.853788360396212","25.853788360396212","25.34743897066397","25.34743897066397","25.34743897066397","22.50726075513782","22.50726075513782","22.50726075513782"
"1030","42.071992877684224","42.071992877684224","42.071992877684224","32.277264231187374","32.277264231187374","32.277264231187374","31.314733242933823","31.314733242933823","31.314733242933823","37.30947060738237","37.30947060738237","37.30947060738237","36.39099125131662","36.39099125131662","36.39099125131662","32.141348554133295","32.141348554133295","32.141348554133295"
"1040","26.220323214943573","26.220323214943573","26.220323214943573","20.759565842984692","20.759565842984692","20.759565842984692","20.220697623018637","20.220697623018637","20.220697623018637","23.60485784678239","23.60485784678239","23.60485784678239","23.16842400914192","23.16842400914192","23.16842400914192","20.718901312635886","20.718901312635886","20.718901312635886"
"1050","37.767060283110744","37.767060283110744","37.767060283110744","29.304828687830025","29.304828687830025","29.304828687830025","28.615556413417384","28.615556413417384","28.615556413417384","33.54119777078181","33.54119777078181","33.54119777078181","33.371805958490555","33.371805958490555","33.371805958490555","29.3624146337186","29.3624146337186","29.3624146337186"
"1060","35.501157307920096","35.501157307920096","35.501157307920096","27.602336342614887","27.602336342614887","27.602336342614887","27.092341312765036","27.092341312765036","27.092341312765036","31.548849811322768","31.548849811322768","31.548849811322768","31.2629395861982","31.2629395861982","31.2629395861982","27.821696181039744","27.821696181039744","27.821696181039744"
"1070","38.98013206377583","38.98013206377583","38.98013206377583","30.855156519579737","30.855156519579737","30.855156519579737","30.313190468402883","30.313190468402883","30.313190468402883","35.464568789518076","35.464568789518076","35.464568789518076","35.080797603985864","35.080797603985864","35.080797603985864","31.027763561069","31.027763561069","31.027763561069"
"1080","35.972649136825694","35.972649136825694","35.972649136825694","28.957230499764215","28.957230499764215","28.957230499764215","28.236723393574593","28.236723393574593","28.236723393574593","32.812715775091455","32.812715775091455","32.812715775091455","32.306250794601084","32.306250794601084","32.306250794601084","28.975200129488588","28.975200129488588","28.975200129488588"
"1090","34.16076836492748","34.16076836492748","34.16076836492748","27.053993672445696","27.053993672445696","27.053993672445696","26.665071375505324","26.665071375505324","26.665071375505324","30.929966450778632","30.929966450778632","30.929966450778632","30.199920690901642","30.199920690901642","30.199920690901642","27.22082370653104","27.22082370653104","27.22082370653104"
"1100","34.0266146272761","34.0266146272761","34.0266146272761","27.733878713643016","27.733878713643016","27.733878713643016","27.27575157871275","27.27575157871275","27.27575157871275","30.813525096232958","30.813525096232958","30.813525096232958","31.039335557507105","31.039335557507105","31.039335557507105","27.932904708716432","27.932904708716432","27.932904708716432"
"1110","32.4587398567414","32.4587398567414","32.4587398567414","26.01722408094727","26.01722408094727","26.01722408094727","25.626374232102208","25.626374232102208","25.626374232102208","29.20139021169564","29.20139021169564","29.20139021169564","29.632844340781766","29.632844340781766","29.632844340781766","26.026114483674117","26.026114483674117","26.026114483674117"
"1120","26.132276452030954","26.132276452030954","26.132276452030954","20.979929171452362","20.979929171452362","20.979929171452362","20.633284754872406","20.633284754872406","20.633284754872406","23.84270430757841","23.84270430757841","23.84270430757841","23.29072183123557","23.29072183123557","23.29072183123557","21.05166022022245","21.05166022022245","21.05166022022245"
"1130","34.039678383551504","34.039678383551504","34.039678383551504","27.645995685950638","27.645995685950638","27.645995685950638","27.235033915141113","27.235033915141113","27.235033915141113","31.487238549490918","31.487238549490918","31.487238549490918","30.721427485663302","30.721427485663302","30.721427485663302","27.94526789062362","27.94526789062362","27.94526789062362"
"1140","32.15936187237982","32.15936187237982","32.15936187237982","26.219673076134608","26.219673076134608","26.219673076134608","25.604290702519037","25.604290702519037","25.604290702519037","29.571703229732936","29.571703229732936","29.571703229732936","29.06098195379354","29.06098195379354","29.06098195379354","26.098268045185897","26.098268045185897","26.098268045185897"
"1150","32.558203532194725","32.558203532194725","32.558203532194725","26.59672119365588","26.59672119365588","26.59672119365588","26.007462407071085","26.007462407071085","26.007462407071085","29.85452193760607","29.85452193760607","29.85452193760607","29.375144383472243","29.375144383472243","29.375144383472243","26.447250615588125","26.447250615588125","26.447250615588125"
"1160","22.43573120232271","22.43573120232271","22.43573120232271","18.737149112129327","18.737149112129327","18.737149112129327","18.918792581702977","18.918792581702977","18.918792581702977","20.85819478504236","20.85819478504236","20.85819478504236","20.53504366005685","20.53504366005685","20.53504366005685","18.80298720102173","18.80298720102173","18.80298720102173"
"1170","31.277678956612213","31.277678956612213","31.277678956612213","25.969176723069584","25.969176723069584","25.969176723069584","25.685009790365914","25.685009790365914","25.685009790365914","29.39300894292792","29.39300894292792","29.39300894292792","28.534028153357493","28.534028153357493","28.534028153357493","25.853628096282325","25.853628096282325","25.853628096282325"
"1180","19.70426206729272","19.70426206729272","19.70426206729272","16.557264076920628","16.557264076920628","16.557264076920628","20.534642197234867","20.534642197234867","20.534642197234867","18.583890318824377","18.583890318824377","18.583890318824377","18.019357386604355","18.019357386604355","18.019357386604355","16.47406582833692","16.47406582833692","16.47406582833692"
"1190","21.19231671046515","21.19231671046515","21.19231671046515","18.13555462359268","18.13555462359268","18.13555462359268","19.905235168365163","19.905235168365163","19.905235168365163","20.31835525535601","20.31835525535601","20.31835525535601","19.60962145109342","19.60962145109342","19.60962145109342","17.834082673718815","17.834082673718815","17.834082673718815"
"1200","21.824487256163835","21.824487256163835","21.824487256163835","18.588591933616666","18.588591933616666","18.588591933616666","18.76671903988813","18.76671903988813","18.76671903988813","20.692825864356394","20.692825864356394","20.692825864356394","20.158092941851088","20.158092941851088","20.158092941851088","18.543605407015665","18.543605407015665","18.543605407015665"
"1210","29.221044021145985","29.221044021145985","29.221044021145985","24.55241436018747","24.55241436018747","24.55241436018747","24.590217693242085","24.590217693242085","24.590217693242085","27.243703901194916","27.243703901194916","27.243703901194916","26.740520036684835","26.740520036684835","26.740520036684835","24.527449102622253","24.527449102622253","24.527449102622253"
"1220","25.073070126457107","25.073070126457107","25.073070126457107","21.41029455872004","21.41029455872004","21.41029455872004","21.050164579493373","21.050164579493373","21.050164579493373","23.62948121051409","23.62948121051409","23.62948121051409","23.547955950500477","23.547955950500477","23.547955950500477","21.356416922783936","21.356416922783936","21.356416922783936"
"1230","11.022728030773296","11.022728030773296","11.022728030773296","9.742607654296771","9.742607654296771","9.742607654296771","9.724469408917367","9.724469408917367","9.724469408917367","10.479605529848298","10.479605529848298","10.479605529848298","10.458960528466895","10.458960528466895","10.458960528466895","9.694246212596882","9.694246212596882","9.694246212596882"
"1240","29.351019957710996","29.351019957710996","29.351019957710996","25.016684448087627","25.016684448087627","25.016684448087627","24.575676474976234","24.575676474976234","24.575676474976234","27.623120095741115","27.623120095741115","27.623120095741115","27.319754127664226","27.319754127664226","27.319754127664226","25.007828818950404","25.007828818950404","25.007828818950404"
"1250","21.145263242787344","21.145263242787344","21.145263242787344","18.40695875765187","18.40695875765187","18.40695875765187","18.161022689212395","18.161022689212395","18.161022689212395","20.09731594926484","20.09731594926484","20.09731594926484","20.048721157174516","20.048721157174516","20.048721157174516","18.33586567056695","18.33586567056695","18.33586567056695"
"1260","31.254607498535158","31.254607498535158","31.254607498535158","26.752687137296505","26.752687137296505","26.752687137296505","26.318798628908862","26.318798628908862","26.318798628908862","29.36832368835276","29.36832368835276","29.36832368835276","28.99521326045235","28.99521326045235","28.99521326045235","26.531209128636977","26.531209128636977","26.531209128636977"
"1270","24.462321062901076","24.462321062901076","24.462321062901076","20.682699756138806","20.682699756138806","20.682699756138806","20.489034314553265","20.489034314553265","20.489034314553265","22.84073404147712","22.84073404147712","22.84073404147712","22.55496801529242","22.55496801529242","22.55496801529242","20.68669436515309","20.68669436515309","20.68669436515309"
"1280","27.23074215685308","27.23074215685308","27.23074215685308","23.15849989765798","23.15849989765798","23.15849989765798","22.87441845090696","22.87441845090696","22.87441845090696","25.705636847672466","25.705636847672466","25.705636847672466","25.223913714060544","25.223913714060544","25.223913714060544","23.11666882046271","23.11666882046271","23.11666882046271"
"1290","18.98897644152746","18.98897644152746","18.98897644152746","16.482795541806876","16.482795541806876","16.482795541806876","16.34127342395173","16.34127342395173","16.34127342395173","17.98062203398646","17.98062203398646","17.98062203398646","17.75491701966287","17.75491701966287","17.75491701966287","16.310340723317573","16.310340723317573","16.310340723317573"
"1300","27.098827243800436","27.098827243800436","27.098827243800436","22.909665485414713","22.909665485414713","22.909665485414713","22.16754397923948","22.16754397923948","22.16754397923948","25.21859201856497","25.21859201856497","25.21859201856497","24.981513021004776","24.981513021004776","24.981513021004776","22.405101813844713","22.405101813844713","22.405101813844713"
"1310","17.713840023262755","17.713840023262755","17.713840023262755","15.42777317736523","15.42777317736523","15.42777317736523","15.144884395628674","15.144884395628674","15.144884395628674","16.548581723532415","16.548581723532415","16.548581723532415","16.459680933910676","16.459680933910676","16.459680933910676","15.222346185548295","15.222346185548295","15.222346185548295"
"1320","28.11403454974814","28.11403454974814","28.11403454974814","24.285938911068015","24.285938911068015","24.285938911068015","23.91113052344459","23.91113052344459","23.91113052344459","26.304846971485702","26.304846971485702","26.304846971485702","26.30813974878464","26.30813974878464","26.30813974878464","24.035807251268107","24.035807251268107","24.035807251268107"
"1330","23.517529437341004","23.517529437341004","23.517529437341004","20.528753346009506","20.528753346009506","20.528753346009506","20.322085688276314","20.322085688276314","20.322085688276314","22.283915643596195","22.283915643596195","22.283915643596195","22.06669549945873","22.06669549945873","22.06669549945873","20.31831165694228","20.31831165694228","20.31831165694228"
"1340","25.319763687769278","25.319763687769278","25.319763687769278","21.8486963123974","21.8486963123974","21.8486963123974","21.672317133215792","21.672317133215792","21.672317133215792","23.62860236851343","23.62860236851343","23.62860236851343","23.472699271684938","23.472699271684938","23.472699271684938","21.908176898198086","21.908176898198086","21.908176898198086"
"1350","26.816258901225684","26.816258901225684","26.816258901225684","23.760896594661883","23.760896594661883","23.760896594661883","23.17757319937471","23.17757319937471","23.17757319937471","25.440325061779276","25.440325061779276","25.440325061779276","25.456148664360427","25.456148664360427","25.456148664360427","23.572559298044315","23.572559298044315","23.572559298044315"
"1360","30.221320129160127","30.221320129160127","30.221320129160127","26.863055309566178","26.863055309566178","26.863055309566178","26.66609494434731","26.66609494434731","26.66609494434731","29.549706980444363","29.549706980444363","29.549706980444363","28.497009620953865","28.497009620953865","28.497009620953865","27.189702729442654","27.189702729442654","27.189702729442654"
"1370","34.446166585001784","34.446166585001784","34.446166585001784","30.606683349758836","30.606683349758836","30.606683349758836","30.327727908287947","30.327727908287947","30.327727908287947","33.38434769329535","33.38434769329535","33.38434769329535","32.72057901420338","32.72057901420338","32.72057901420338","30.24926808593878","30.24926808593878","30.24926808593878"
"1380","18.000120911680895","18.000120911680895","18.000120911680895","16.104634598249206","16.104634598249206","16.104634598249206","15.89098674488005","15.89098674488005","15.89098674488005","17.23344247010131","17.23344247010131","17.23344247010131","17.05163770268155","17.05163770268155","17.05163770268155","15.928140490725378","15.928140490725378","15.928140490725378"
"1390","22.86086460379127","22.86086460379127","22.86086460379127","20.34027287250835","20.34027287250835","20.34027287250835","19.9170414178607","19.9170414178607","19.9170414178607","21.758364422944172","21.758364422944172","21.758364422944172","21.923554512726014","21.923554512726014","21.923554512726014","20.094120223839244","20.094120223839244","20.094120223839244"
"1400","16.650335756436995","16.650335756436995","16.650335756436995","15.01485681031869","15.01485681031869","15.01485681031869","14.758112992095079","14.758112992095079","14.758112992095079","15.852343536293201","15.852343536293201","15.852343536293201","16.069551642304223","16.069551642304223","16.069551642304223","14.770063503279822","14.770063503279822","14.770063503279822"
"1410","18.603049867257536","18.603049867257536","18.603049867257536","16.618734819234632","16.618734819234632","16.618734819234632","16.354108197748506","16.354108197748506","16.354108197748506","17.66704012307192","17.66704012307192","17.66704012307192","18.761006184460708","18.761006184460708","18.761006184460708","16.385534093292193","16.385534093292193","16.385534093292193"
"1420","22.25444855141414","22.25444855141414","22.25444855141414","19.816129159349426","19.816129159349426","19.816129159349426","19.52217853210455","19.52217853210455","19.52217853210455","21.193888140397572","21.193888140397572","21.193888140397572","21.487605329276594","21.487605329276594","21.487605329276594","19.504104365542307","19.504104365542307","19.504104365542307"
"1430","26.86501520441047","26.86501520441047","26.86501520441047","23.818687845302577","23.818687845302577","23.818687845302577","23.042872895495343","23.042872895495343","23.042872895495343","25.637117518375444","25.637117518375444","25.637117518375444","25.356729225453005","25.356729225453005","25.356729225453005","23.334987463538468","23.334987463538468","23.334987463538468"
"1440","21.662000924432842","21.662000924432842","21.662000924432842","19.01416505873306","19.01416505873306","19.01416505873306","18.80467736100183","18.80467736100183","18.80467736100183","20.476151824696426","20.476151824696426","20.476151824696426","20.580479177076253","20.580479177076253","20.580479177076253","18.806331802641303","18.806331802641303","18.806331802641303"
"1450","17.434996856282883","17.434996856282883","17.434996856282883","15.632725756440609","15.632725756440609","15.632725756440609","15.402483766958497","15.402483766958497","15.402483766958497","16.674735818167733","16.674735818167733","16.674735818167733","18.45910275199721","18.45910275199721","18.45910275199721","15.500878532153358","15.500878532153358","15.500878532153358"
"1460","21.31227625161676","21.31227625161676","21.31227625161676","19.056494476815804","19.056494476815804","19.056494476815804","19.25728742995131","19.25728742995131","19.25728742995131","20.03231339739221","20.03231339739221","20.03231339739221","20.75152946580039","20.75152946580039","20.75152946580039","18.94330095534394","18.94330095534394","18.94330095534394"
"1470","14.525794064811322","14.525794064811322","14.525794064811322","13.301100231530068","13.301100231530068","13.301100231530068","13.269365601589046","13.269365601589046","13.269365601589046","13.932103822935275","13.932103822935275","13.932103822935275","16.127381340340254","16.127381340340254","16.127381340340254","13.086234283799392","13.086234283799392","13.086234283799392"
"1480","20.674441745859244","20.674441745859244","20.674441745859244","18.86980793349394","18.86980793349394","18.86980793349394","18.2808529488443","18.2808529488443","18.2808529488443","19.894678612845283","19.894678612845283","19.894678612845283","20.169274946696802","20.169274946696802","20.169274946696802","18.24568760908727","18.24568760908727","18.24568760908727"
"1490","22.212523933983093","22.212523933983093","22.212523933983093","19.84062209096607","19.84062209096607","19.84062209096607","19.687211511153883","19.687211511153883","19.687211511153883","21.21212726829101","21.21212726829101","21.21212726829101","21.47221097513779","21.47221097513779","21.47221097513779","19.618132340001278","19.618132340001278","19.618132340001278"
"1500","21.127066496287874","21.127066496287874","21.127066496287874","18.880149267774726","18.880149267774726","18.880149267774726","18.784423378588997","18.784423378588997","18.784423378588997","20.045007450795662","20.045007450795662","20.045007450795662","20.312756046957176","20.312756046957176","20.312756046957176","18.703527259815285","18.703527259815285","18.703527259815285"
"1510","23.572149031679743","23.572149031679743","23.572149031679743","21.181693667648236","21.181693667648236","21.181693667648236","21.01676622540472","21.01676622540472","21.01676622540472","22.44993754580032","22.44993754580032","22.44993754580032","22.740476934760455","22.740476934760455","22.740476934760455","20.996452294769455","20.996452294769455","20.996452294769455"
"1520","16.500552097310294","16.500552097310294","16.500552097310294","14.975080503344204","14.975080503344204","14.975080503344204","14.798434929247584","14.798434929247584","14.798434929247584","15.70972350087069","15.70972350087069","15.70972350087069","15.824750821276647","15.824750821276647","15.824750821276647","14.817789286733305","14.817789286733305","14.817789286733305"
"1530","21.876869836816585","21.876869836816585","21.876869836816585","19.654405764472354","19.654405764472354","19.654405764472354","19.399728578351663","19.399728578351663","19.399728578351663","20.774954484732138","20.774954484732138","20.774954484732138","20.930048545256742","20.930048545256742","20.930048545256742","19.480454149208043","19.480454149208043","19.480454149208043"
"1540","20.99358908985694","20.99358908985694","20.99358908985694","18.98468954892976","18.98468954892976","18.98468954892976","18.712091015069234","18.712091015069234","18.712091015069234","20.102410037401405","20.102410037401405","20.102410037401405","20.17277119630967","20.17277119630967","20.17277119630967","18.842070048353964","18.842070048353964","18.842070048353964"
"1550","22.061124687074926","22.061124687074926","22.061124687074926","19.951065621757802","19.951065621757802","19.951065621757802","19.72448263843559","19.72448263843559","19.72448263843559","21.106555374302772","21.106555374302772","21.106555374302772","21.23226513491789","21.23226513491789","21.23226513491789","19.776115019713252","19.776115019713252","19.776115019713252"
"1560","12.006834351966816","12.006834351966816","12.006834351966816","10.855306568793646","10.855306568793646","10.855306568793646","10.753199853239645","10.753199853239645","10.753199853239645","11.730986759122098","11.730986759122098","11.730986759122098","11.590024459672728","11.590024459672728","11.590024459672728","11.005732580659352","11.005732580659352","11.005732580659352"
"1570","21.586275603083816","21.586275603083816","21.586275603083816","19.518413445118526","19.518413445118526","19.518413445118526","19.289076218182203","19.289076218182203","19.289076218182203","20.691148523934203","20.691148523934203","20.691148523934203","20.792282821023182","20.792282821023182","20.792282821023182","19.4670872154824","19.4670872154824","19.4670872154824"
"1580","22.02779235605951","22.02779235605951","22.02779235605951","19.955913292707955","19.955913292707955","19.955913292707955","19.706808473109177","19.706808473109177","19.706808473109177","21.050315142541695","21.050315142541695","21.050315142541695","21.109937280216503","21.109937280216503","21.109937280216503","19.714938501511888","19.714938501511888","19.714938501511888"
"1590","21.734483459950486","21.734483459950486","21.734483459950486","19.41886344137076","19.41886344137076","19.41886344137076","19.100375316237532","19.100375316237532","19.100375316237532","20.796491966291846","20.796491966291846","20.796491966291846","20.564866857351426","20.564866857351426","20.564866857351426","19.01045262375183","19.01045262375183","19.01045262375183"
"1600","18.19327893434598","18.19327893434598","18.19327893434598","16.581808437544492","16.581808437544492","16.581808437544492","16.42171408046274","16.42171408046274","16.42171408046274","17.512452127482582","17.512452127482582","17.512452127482582","17.65604982983112","17.65604982983112","17.65604982983112","16.451991115046557","16.451991115046557","16.451991115046557"
"1610","20.477426038942575","20.477426038942575","20.477426038942575","18.74357416853316","18.74357416853316","18.74357416853316","18.528433842956392","18.528433842956392","18.528433842956392","19.789184582769575","19.789184582769575","19.789184582769575","19.851220956273952","19.851220956273952","19.851220956273952","18.605799964395658","18.605799964395658","18.605799964395658"
"1620","14.849972997174978","14.849972997174978","14.849972997174978","13.726990760896076","13.726990760896076","13.726990760896076","13.518288653692391","13.518288653692391","13.518288653692391","14.322699896959973","14.322699896959973","14.322699896959973","14.40912863152931","14.40912863152931","14.40912863152931","13.504704045779576","13.504704045779576","13.504704045779576"
"1630","20.413252657247682","20.413252657247682","20.413252657247682","18.629512004539816","18.629512004539816","18.629512004539816","18.331096863167826","18.331096863167826","18.331096863167826","19.589929638769192","19.589929638769192","19.589929638769192","19.63547417505667","19.63547417505667","19.63547417505667","18.45937561558301","18.45937561558301","18.45937561558301"
"1640","20.01430136639554","20.01430136639554","20.01430136639554","18.391754288428885","18.391754288428885","18.391754288428885","18.080022096831705","18.080022096831705","18.080022096831705","19.24532623114777","19.24532623114777","19.24532623114777","19.271966801137143","19.271966801137143","19.271966801137143","18.027160883460546","18.027160883460546","18.027160883460546"
"1650","20.28190092975066","20.28190092975066","20.28190092975066","18.56716292869795","18.56716292869795","18.56716292869795","18.286794542859965","18.286794542859965","18.286794542859965","19.45564509598949","19.45564509598949","19.45564509598949","19.800785094163224","19.800785094163224","19.800785094163224","18.186114604179558","18.186114604179558","18.186114604179558"
"1660","20.74129056374205","20.74129056374205","20.74129056374205","18.847946892492956","18.847946892492956","18.847946892492956","18.706666848241664","18.706666848241664","18.706666848241664","19.809855972210975","19.809855972210975","19.809855972210975","20.042732727229577","20.042732727229577","20.042732727229577","18.50267551830061","18.50267551830061","18.50267551830061"
"1670","22.703563108205767","22.703563108205767","22.703563108205767","20.70895500199477","20.70895500199477","20.70895500199477","20.71265344453065","20.71265344453065","20.71265344453065","21.915464636447066","21.915464636447066","21.915464636447066","21.910088715415487","21.910088715415487","21.910088715415487","20.50834879987447","20.50834879987447","20.50834879987447"
"1680","17.0121918384504","17.0121918384504","17.0121918384504","15.67970215701181","15.67970215701181","15.67970215701181","15.565703191651513","15.565703191651513","15.565703191651513","16.453458180622683","16.453458180622683","16.453458180622683","16.433440499033505","16.433440499033505","16.433440499033505","15.504400931960594","15.504400931960594","15.504400931960594"
"1690","18.281511093433934","18.281511093433934","18.281511093433934","16.755547553056033","16.755547553056033","16.755547553056033","16.52193957568258","16.52193957568258","16.52193957568258","17.463377805715574","17.463377805715574","17.463377805715574","17.581136443340398","17.581136443340398","17.581136443340398","16.461651047263786","16.461651047263786","16.461651047263786"
"1700","15.98506111642531","15.98506111642531","15.98506111642531","14.561328528221905","14.561328528221905","14.561328528221905","14.361750024911956","14.361750024911956","14.361750024911956","15.148817091104934","15.148817091104934","15.148817091104934","15.20083970172405","15.20083970172405","15.20083970172405","14.312483053005357","14.312483053005357","14.312483053005357"
"1710","20.739198888100123","20.739198888100123","20.739198888100123","19.13409468132282","19.13409468132282","19.13409468132282","18.845241878788492","18.845241878788492","18.845241878788492","19.928650360363505","19.928650360363505","19.928650360363505","20.108938874693244","20.108938874693244","20.108938874693244","18.755742234518195","18.755742234518195","18.755742234518195"
"1720","19.58041326164674","19.58041326164674","19.58041326164674","18.06532887954937","18.06532887954937","18.06532887954937","17.787253465745522","17.787253465745522","17.787253465745522","18.881297154150467","18.881297154150467","18.881297154150467","19.047110077709544","19.047110077709544","19.047110077709544","17.753456659503904","17.753456659503904","17.753456659503904"
"1730","21.017713285587558","21.017713285587558","21.017713285587558","19.406820391308976","19.406820391308976","19.406820391308976","19.216811846772625","19.216811846772625","19.216811846772625","20.204948763886236","20.204948763886236","20.204948763886236","20.327430605599158","20.327430605599158","20.327430605599158","19.117861123324968","19.117861123324968","19.117861123324968"
"1740","19.15929307775764","19.15929307775764","19.15929307775764","17.702082012965096","17.702082012965096","17.702082012965096","17.51115783418825","17.51115783418825","17.51115783418825","18.477221725136946","18.477221725136946","18.477221725136946","18.540471083636948","18.540471083636948","18.540471083636948","17.342115585088052","17.342115585088052","17.342115585088052"
"1750","15.447538125142776","15.447538125142776","15.447538125142776","14.202751409811876","14.202751409811876","14.202751409811876","14.214042099254236","14.214042099254236","14.214042099254236","15.214784623570281","15.214784623570281","15.214784623570281","15.353152967689944","15.353152967689944","15.353152967689944","14.578339328736826","14.578339328736826","14.578339328736826"
"1760","19.619788183718992","19.619788183718992","19.619788183718992","18.0688222835208","18.0688222835208","18.0688222835208","17.880169768035874","17.880169768035874","17.880169768035874","18.97197037465775","18.97197037465775","18.97197037465775","19.139222970638922","19.139222970638922","19.139222970638922","17.959988102897753","17.959988102897753","17.959988102897753"
"1770","20.457852899834084","20.457852899834084","20.457852899834084","18.720221287927803","18.720221287927803","18.720221287927803","18.40029374053179","18.40029374053179","18.40029374053179","19.40208760218824","19.40208760218824","19.40208760218824","19.55901598040269","19.55901598040269","19.55901598040269","18.531787046202762","18.531787046202762","18.531787046202762"
"1780","18.884700709818805","18.884700709818805","18.884700709818805","14.782792010842712","14.782792010842712","14.782792010842712","14.56415128677916","14.56415128677916","14.56415128677916","15.251342761829763","15.251342761829763","15.251342761829763","15.40231851712172","15.40231851712172","15.40231851712172","14.522712126733698","14.522712126733698","14.522712126733698"
"1790","12.21482357044758","12.21482357044758","12.21482357044758","10.885559617593913","10.885559617593913","10.885559617593913","10.770018456195265","10.770018456195265","10.770018456195265","11.221340355142491","11.221340355142491","11.221340355142491","11.345290553948525","11.345290553948525","11.345290553948525","10.632379334387547","10.632379334387547","10.632379334387547"
"1800","19.446161497172255","19.446161497172255","19.446161497172255","17.040603639340926","17.040603639340926","17.040603639340926","16.78828519815046","16.78828519815046","16.78828519815046","17.603668518556823","17.603668518556823","17.603668518556823","17.74752333022184","17.74752333022184","17.74752333022184","16.759662737175432","16.759662737175432","16.759662737175432"
"1810","20.5712074735405","20.5712074735405","20.5712074735405","17.70461449724257","17.70461449724257","17.70461449724257","17.457824454858923","17.457824454858923","17.457824454858923","18.338930426007167","18.338930426007167","18.338930426007167","18.455780301284296","18.455780301284296","18.455780301284296","17.34273579856173","17.34273579856173","17.34273579856173"
"1820","22.356208395255692","22.356208395255692","22.356208395255692","21.111870041170416","21.111870041170416","21.111870041170416","20.849349727486274","20.849349727486274","20.849349727486274","21.224071068934524","21.224071068934524","21.224071068934524","21.67664241328848","21.67664241328848","21.67664241328848","20.04613057127438","20.04613057127438","20.04613057127438"
"1830","16.204049079306305","16.204049079306305","16.204049079306305","13.754971966185716","13.754971966185716","13.754971966185716","13.549284379431933","13.549284379431933","13.549284379431933","14.19306002776265","14.19306002776265","14.19306002776265","14.343706047897417","14.343706047897417","14.343706047897417","13.435537539467239","13.435537539467239","13.435537539467239"
"1840","13.39057799371623","13.39057799371623","13.39057799371623","10.319520583886199","10.319520583886199","10.319520583886199","10.212229647095286","10.212229647095286","10.212229647095286","10.624625195563024","10.624625195563024","10.624625195563024","10.684519003791678","10.684519003791678","10.684519003791678","10.229104461909433","10.229104461909433","10.229104461909433"
"1850","18.374253570992224","18.374253570992224","18.374253570992224","16.118371020443735","16.118371020443735","16.118371020443735","15.925186259446413","15.925186259446413","15.925186259446413","16.9451807662435","16.9451807662435","16.9451807662435","16.857669838737664","16.857669838737664","16.857669838737664","15.941129657533912","15.941129657533912","15.941129657533912"
"1860","17.722064713853168","17.722064713853168","17.722064713853168","14.159582150353113","14.159582150353113","14.159582150353113","14.074234148286441","14.074234148286441","14.074234148286441","14.814482920924906","14.814482920924906","14.814482920924906","15.003448677612013","15.003448677612013","15.003448677612013","14.295393918020089","14.295393918020089","14.295393918020089"
"1870","18.62694048302444","18.62694048302444","18.62694048302444","16.776541561718723","16.776541561718723","16.776541561718723","16.6633695726925","16.6633695726925","16.6633695726925","17.378497554277118","17.378497554277118","17.378497554277118","17.496826801849533","17.496826801849533","17.496826801849533","16.69725271565989","16.69725271565989","16.69725271565989"
"1880","21.46601230808424","21.46601230808424","21.46601230808424","19.71282343154404","19.71282343154404","19.71282343154404","19.394812554500806","19.394812554500806","19.394812554500806","20.373596800238545","20.373596800238545","20.373596800238545","20.544534176293922","20.544534176293922","20.544534176293922","19.43591328133662","19.43591328133662","19.43591328133662"
"1890","18.40645846850217","18.40645846850217","18.40645846850217","16.89115872709401","16.89115872709401","16.89115872709401","16.566551340292545","16.566551340292545","16.566551340292545","17.37278480456451","17.37278480456451","17.37278480456451","17.653238087492113","17.653238087492113","17.653238087492113","16.542857808637084","16.542857808637084","16.542857808637084"
"1900","20.715819124803854","20.715819124803854","20.715819124803854","19.00949176967334","19.00949176967334","19.00949176967334","18.712871760633313","18.712871760633313","18.712871760633313","19.61842233643333","19.61842233643333","19.61842233643333","19.9339440789333","19.9339440789333","19.9339440789333","18.71533466865323","18.71533466865323","18.71533466865323"
"1910","18.745839995349474","18.745839995349474","18.745839995349474","17.32307342995165","17.32307342995165","17.32307342995165","17.03505070146714","17.03505070146714","17.03505070146714","17.929350898946474","17.929350898946474","17.929350898946474","18.123110521680342","18.123110521680342","18.123110521680342","17.054784633711517","17.054784633711517","17.054784633711517"
"1920","19.1590692504249","19.1590692504249","19.1590692504249","17.636612506796183","17.636612506796183","17.636612506796183","17.53063243705746","17.53063243705746","17.53063243705746","18.265125551135345","18.265125551135345","18.265125551135345","18.29080610144726","18.29080610144726","18.29080610144726","17.321793133074067","17.321793133074067","17.321793133074067"
"1930","13.713889574454566","13.713889574454566","13.713889574454566","12.250100879990653","12.250100879990653","12.250100879990653","12.117065605304594","12.117065605304594","12.117065605304594","12.605262188862607","12.605262188862607","12.605262188862607","12.708222218110173","12.708222218110173","12.708222218110173","12.079933375098676","12.079933375098676","12.079933375098676"
"1940","20.59821988080061","20.59821988080061","20.59821988080061","17.832862398169922","17.832862398169922","17.832862398169922","17.564469886564794","17.564469886564794","17.564469886564794","18.246253132270137","18.246253132270137","18.246253132270137","18.364622797056573","18.364622797056573","18.364622797056573","17.31452614419659","17.31452614419659","17.31452614419659"
"1950","18.542955510816633","18.542955510816633","18.542955510816633","16.837987347740917","16.837987347740917","16.837987347740917","16.629352984274338","16.629352984274338","16.629352984274338","17.462736624053303","17.462736624053303","17.462736624053303","17.566882165067966","17.566882165067966","17.566882165067966","16.63948996527851","16.63948996527851","16.63948996527851"
"1960","23.753170737491075","23.753170737491075","23.753170737491075","21.716167966564175","21.716167966564175","21.716167966564175","21.517847429516188","21.517847429516188","21.517847429516188","22.32780084668711","22.32780084668711","22.32780084668711","22.58682004595016","22.58682004595016","22.58682004595016","21.37410795142766","21.37410795142766","21.37410795142766"
"1970","18.793781411314257","18.793781411314257","18.793781411314257","17.222840989521575","17.222840989521575","17.222840989521575","17.134574255999375","17.134574255999375","17.134574255999375","17.902581418473048","17.902581418473048","17.902581418473048","17.966677824426036","17.966677824426036","17.966677824426036","17.04980429357178","17.04980429357178","17.04980429357178"
"1980","16.852309102900552","16.852309102900552","16.852309102900552","15.618691952191423","15.618691952191423","15.618691952191423","15.585083753490897","15.585083753490897","15.585083753490897","16.215658728737097","16.215658728737097","16.215658728737097","16.27571764533559","16.27571764533559","16.27571764533559","15.490726081778678","15.490726081778678","15.490726081778678"
"1990","15.516774480399745","15.516774480399745","15.516774480399745","14.360130513131205","14.360130513131205","14.360130513131205","14.271018201771916","14.271018201771916","14.271018201771916","14.869876906356977","14.869876906356977","14.869876906356977","14.929051192697887","14.929051192697887","14.929051192697887","14.11119374027936","14.11119374027936","14.11119374027936"
"2000","18.360236096851164","18.360236096851164","18.360236096851164","16.957814657204665","16.957814657204665","16.957814657204665","16.794942906748457","16.794942906748457","16.794942906748457","17.51087811240266","17.51087811240266","17.51087811240266","17.74856427021417","17.74856427021417","17.74856427021417","16.707889180135087","16.707889180135087","16.707889180135087"
"2010","16.025796805094195","16.025796805094195","16.025796805094195","14.897793599473944","14.897793599473944","14.897793599473944","14.715655319746764","14.715655319746764","14.715655319746764","15.244366483403025","15.244366483403025","15.244366483403025","15.5271179934419","15.5271179934419","15.5271179934419","14.991334353115915","14.991334353115915","14.991334353115915"
"2020","18.123641998483127","18.123641998483127","18.123641998483127","15.395431012406494","15.395431012406494","15.395431012406494","15.216906851654388","15.216906851654388","15.216906851654388","15.876997424371119","15.876997424371119","15.876997424371119","16.029442308374644","16.029442308374644","16.029442308374644","15.190097856818602","15.190097856818602","15.190097856818602"
"2030","13.924837899065006","13.924837899065006","13.924837899065006","12.67544494089722","12.67544494089722","12.67544494089722","12.49334764015616","12.49334764015616","12.49334764015616","12.957259842307865","12.957259842307865","12.957259842307865","13.039343753147081","13.039343753147081","13.039343753147081","12.46985929331969","12.46985929331969","12.46985929331969"
"2040","18.22359807791417","18.22359807791417","18.22359807791417","16.746681368527017","16.746681368527017","16.746681368527017","16.52272348261295","16.52272348261295","16.52272348261295","17.21544312481989","17.21544312481989","17.21544312481989","17.29886707200082","17.29886707200082","17.29886707200082","16.524779937839277","16.524779937839277","16.524779937839277"
"2050","16.501484490702534","16.501484490702534","16.501484490702534","15.226495029467737","15.226495029467737","15.226495029467737","15.016621765710685","15.016621765710685","15.016621765710685","15.64717133700955","15.64717133700955","15.64717133700955","15.910802658521295","15.910802658521295","15.910802658521295","15.000927033398044","15.000927033398044","15.000927033398044"
"2060","22.562105117842485","22.562105117842485","22.562105117842485","20.95556355935445","20.95556355935445","20.95556355935445","20.78391168345553","20.78391168345553","20.78391168345553","21.507707306132488","21.507707306132488","21.507707306132488","21.97063738836522","21.97063738836522","21.97063738836522","20.888412594211204","20.888412594211204","20.888412594211204"
"2070","16.834362654355022","16.834362654355022","16.834362654355022","15.569459331444971","15.569459331444971","15.569459331444971","15.33048574155526","15.33048574155526","15.33048574155526","16.00338030070096","16.00338030070096","16.00338030070096","16.096581039303672","16.096581039303672","16.096581039303672","15.328278236637777","15.328278236637777","15.328278236637777"
"2080","17.16456542085192","17.16456542085192","17.16456542085192","15.9499762506212","15.9499762506212","15.9499762506212","15.720978982855913","15.720978982855913","15.720978982855913","16.35341026958155","16.35341026958155","16.35341026958155","16.47299359475307","16.47299359475307","16.47299359475307","15.601367342303998","15.601367342303998","15.601367342303998"
"2090","13.800332394782693","13.800332394782693","13.800332394782693","12.844167585576223","12.844167585576223","12.844167585576223","12.74165231833966","12.74165231833966","12.74165231833966","13.216571292418674","13.216571292418674","13.216571292418674","13.309855705112204","13.309855705112204","13.309855705112204","12.578747052211734","12.578747052211734","12.578747052211734"
"2100","14.318732451565443","14.318732451565443","14.318732451565443","13.295313996769682","13.295313996769682","13.295313996769682","13.272115109809683","13.272115109809683","13.272115109809683","13.77798006822534","13.77798006822534","13.77798006822534","13.872395527901183","13.872395527901183","13.872395527901183","13.141584394900143","13.141584394900143","13.141584394900143"
"2110","17.22651647117602","17.22651647117602","17.22651647117602","16.019971071495313","16.019971071495313","16.019971071495313","15.862653565567443","15.862653565567443","15.862653565567443","16.51892641039827","16.51892641039827","16.51892641039827","16.611164750758462","16.611164750758462","16.611164750758462","15.791230071624694","15.791230071624694","15.791230071624694"
"2120","16.687991648550447","16.687991648550447","16.687991648550447","15.432047916616588","15.432047916616588","15.432047916616588","15.347751054301117","15.347751054301117","15.347751054301117","15.983468141140422","15.983468141140422","15.983468141140422","16.03927095446434","16.03927095446434","16.03927095446434","15.32227499291579","15.32227499291579","15.32227499291579"
"2130","15.073846117526879","15.073846117526879","15.073846117526879","14.143626480540362","14.143626480540362","14.143626480540362","14.015199801774944","14.015199801774944","14.015199801774944","14.431661869759541","14.431661869759541","14.431661869759541","14.562633942646052","14.562633942646052","14.562633942646052","13.853110051816707","13.853110051816707","13.853110051816707"
"2140","17.611972224737787","17.611972224737787","17.611972224737787","16.22587235187375","16.22587235187375","16.22587235187375","16.024348769238376","16.024348769238376","16.024348769238376","16.756406464345268","16.756406464345268","16.756406464345268","16.84877773569127","16.84877773569127","16.84877773569127","15.982195399391506","15.982195399391506","15.982195399391506"
"2150","16.078488670721658","16.078488670721658","16.078488670721658","14.960249530024248","14.960249530024248","14.960249530024248","14.695681045408053","14.695681045408053","14.695681045408053","15.392531545611892","15.392531545611892","15.392531545611892","15.520411502618646","15.520411502618646","15.520411502618646","14.744424920210488","14.744424920210488","14.744424920210488"
"2160","17.543786480820426","17.543786480820426","17.543786480820426","16.422277884951225","16.422277884951225","16.422277884951225","16.170492077412078","16.170492077412078","16.170492077412078","16.79530729530592","16.79530729530592","16.79530729530592","16.963581038205625","16.963581038205625","16.963581038205625","16.078576839403127","16.078576839403127","16.078576839403127"
"2170","14.421381053008256","14.421381053008256","14.421381053008256","13.451271655457784","13.451271655457784","13.451271655457784","13.343172735859266","13.343172735859266","13.343172735859266","13.80521928946449","13.80521928946449","13.80521928946449","14.003896780142526","14.003896780142526","14.003896780142526","13.273361909986555","13.273361909986555","13.273361909986555"
"2180","16.414758169504044","16.414758169504044","16.414758169504044","15.387145125732422","15.387145125732422","15.387145125732422","15.107810598777139","15.107810598777139","15.107810598777139","15.758189839848747","15.758189839848747","15.758189839848747","15.906524243731925","15.906524243731925","15.906524243731925","15.074629604811776","15.074629604811776","15.074629604811776"
"2190","16.38289733983207","16.38289733983207","16.38289733983207","15.378313717367728","15.378313717367728","15.378313717367728","15.10133562175202","15.10133562175202","15.10133562175202","15.71741862128028","15.71741862128028","15.71741862128028","15.765288496690404","15.765288496690404","15.765288496690404","15.059211738610356","15.059211738610356","15.059211738610356"
"2200","16.223795073810003","16.223795073810003","16.223795073810003","15.136884927867168","15.136884927867168","15.136884927867168","15.024661559613941","15.024661559613941","15.024661559613941","15.63258412605622","15.63258412605622","15.63258412605622","15.79080840591934","15.79080840591934","15.79080840591934","14.969140640219196","14.969140640219196","14.969140640219196"
"2210","18.583899180315935","18.583899180315935","18.583899180315935","17.161353225686895","17.161353225686895","17.161353225686895","16.995554062785658","16.995554062785658","16.995554062785658","17.630558495720116","17.630558495720116","17.630558495720116","17.8864374243663","17.8864374243663","17.8864374243663","16.990100870653208","16.990100870653208","16.990100870653208"
"2220","13.597564548459532","13.597564548459532","13.597564548459532","12.71311944153673","12.71311944153673","12.71311944153673","12.602410454553821","12.602410454553821","12.602410454553821","13.03763401325329","13.03763401325329","13.03763401325329","13.135566899893234","13.135566899893234","13.135566899893234","12.45518109101664","12.45518109101664","12.45518109101664"
"2230","15.95325837935919","15.95325837935919","15.95325837935919","15.044519829386044","15.044519829386044","15.044519829386044","14.288245118904776","14.288245118904776","14.288245118904776","14.825793321845776","14.825793321845776","14.825793321845776","14.907290882947567","14.907290882947567","14.907290882947567","14.213157626034615","14.213157626034615","14.213157626034615"
"2240","15.456508785365967","15.456508785365967","15.456508785365967","14.335972532232374","14.335972532232374","14.335972532232374","12.928228735545522","12.928228735545522","12.928228735545522","13.378572957942856","13.378572957942856","13.378572957942856","13.397165870331445","13.397165870331445","13.397165870331445","12.811748313655686","12.811748313655686","12.811748313655686"
"2250","19.29583314749381","19.29583314749381","19.29583314749381","17.98921935199268","17.98921935199268","17.98921935199268","17.57743977947027","17.57743977947027","17.57743977947027","18.182897645296897","18.182897645296897","18.182897645296897","18.21133670904096","18.21133670904096","18.21133670904096","17.47245679924159","17.47245679924159","17.47245679924159"
"2260","23.198736245762518","23.198736245762518","23.198736245762518","21.951510544405384","21.951510544405384","21.951510544405384","21.55092706078213","21.55092706078213","21.55092706078213","22.307857795651785","22.307857795651785","22.307857795651785","22.37687221397643","22.37687221397643","22.37687221397643","21.42076667815229","21.42076667815229","21.42076667815229"
"2270","15.949694848073692","15.949694848073692","15.949694848073692","14.842837045191887","14.842837045191887","14.842837045191887","14.594917633620025","14.594917633620025","14.594917633620025","15.177945004468938","15.177945004468938","15.177945004468938","15.191256813523909","15.191256813523909","15.191256813523909","14.519430062453408","14.519430062453408","14.519430062453408"
"2280","14.654901833489072","14.654901833489072","14.654901833489072","12.902519958876017","12.902519958876017","12.902519958876017","12.742029016891475","12.742029016891475","12.742029016891475","13.156538250354803","13.156538250354803","13.156538250354803","13.290198843314615","13.290198843314615","13.290198843314615","12.66764437916422","12.66764437916422","12.66764437916422"
"2290","15.611357815596707","15.611357815596707","15.611357815596707","14.516411772173472","14.516411772173472","14.516411772173472","14.441870821518117","14.441870821518117","14.441870821518117","14.872380066997408","14.872380066997408","14.872380066997408","15.246518283052238","15.246518283052238","15.246518283052238","14.361558276142096","14.361558276142096","14.361558276142096"
"2300","15.404426503525931","15.404426503525931","15.404426503525931","14.393790850914613","14.393790850914613","14.393790850914613","14.307130058509927","14.307130058509927","14.307130058509927","14.728003349971495","14.728003349971495","14.728003349971495","14.944022257059078","14.944022257059078","14.944022257059078","14.199893744698723","14.199893744698723","14.199893744698723"
"2310","13.786441350827257","13.786441350827257","13.786441350827257","13.05404743784716","13.05404743784716","13.05404743784716","12.909209352189658","12.909209352189658","12.909209352189658","13.264402742191406","13.264402742191406","13.264402742191406","13.322129403816659","13.322129403816659","13.322129403816659","12.807295540851934","12.807295540851934","12.807295540851934"
"2320","27.371585852626335","27.371585852626335","27.371585852626335","26.360496899856457","26.360496899856457","26.360496899856457","25.90186307314769","25.90186307314769","25.90186307314769","26.727415350787552","26.727415350787552","26.727415350787552","26.749102751678222","26.749102751678222","26.749102751678222","26.018024278910733","26.018024278910733","26.018024278910733"
"2330","13.665004153361254","13.665004153361254","13.665004153361254","12.721772984554024","12.721772984554024","12.721772984554024","12.55438874031812","12.55438874031812","12.55438874031812","12.983956815672833","12.983956815672833","12.983956815672833","13.052379336925977","13.052379336925977","13.052379336925977","12.49406253569551","12.49406253569551","12.49406253569551"
"2340","15.262779271341259","15.262779271341259","15.262779271341259","14.24396017739261","14.24396017739261","14.24396017739261","14.07275777980707","14.07275777980707","14.07275777980707","14.508218479244569","14.508218479244569","14.508218479244569","14.626697481909009","14.626697481909009","14.626697481909009","13.98251815427078","13.98251815427078","13.98251815427078"
"2350","16.17551637329911","16.17551637329911","16.17551637329911","15.10969095077219","15.10969095077219","15.10969095077219","14.99462656439746","14.99462656439746","14.99462656439746","15.421628016128407","15.421628016128407","15.421628016128407","15.595740517963089","15.595740517963089","15.595740517963089","14.880033983845752","14.880033983845752","14.880033983845752"
"2360","18.822956030598693","18.822956030598693","18.822956030598693","17.634014072444913","17.634014072444913","17.634014072444913","17.3978329182148","17.3978329182148","17.3978329182148","18.017054797556874","18.017054797556874","18.017054797556874","18.351072064190145","18.351072064190145","18.351072064190145","17.353688286498414","17.353688286498414","17.353688286498414"
"2370","15.976168400522077","15.976168400522077","15.976168400522077","15.012923831506926","15.012923831506926","15.012923831506926","14.792205401052763","14.792205401052763","14.792205401052763","15.250291935229692","15.250291935229692","15.250291935229692","15.637333170752294","15.637333170752294","15.637333170752294","14.794586139817406","14.794586139817406","14.794586139817406"
"2380","14.169139192279278","14.169139192279278","14.169139192279278","13.229522254438338","13.229522254438338","13.229522254438338","13.074950985970116","13.074950985970116","13.074950985970116","13.470193618806078","13.470193618806078","13.470193618806078","13.673151558420118","13.673151558420118","13.673151558420118","13.009067943420801","13.009067943420801","13.009067943420801"
"2390","14.959561153184987","14.959561153184987","14.959561153184987","14.138208548466812","14.138208548466812","14.138208548466812","13.939257219423295","13.939257219423295","13.939257219423295","14.358726855753025","14.358726855753025","14.358726855753025","14.503521878442438","14.503521878442438","14.503521878442438","13.870712144700057","13.870712144700057","13.870712144700057"
"2400","11.80759357072867","11.80759357072867","11.80759357072867","11.294153172135745","11.294153172135745","11.294153172135745","11.095138231732111","11.095138231732111","11.095138231732111","11.409646815398984","11.409646815398984","11.409646815398984","11.481866412215144","11.481866412215144","11.481866412215144","11.117118503426095","11.117118503426095","11.117118503426095"
"2410","15.424606513859096","15.424606513859096","15.424606513859096","14.547004436694444","14.547004436694444","14.547004436694444","14.347926709366766","14.347926709366766","14.347926709366766","14.895630642838983","14.895630642838983","14.895630642838983","14.942928476795274","14.942928476795274","14.942928476795274","14.428789107498337","14.428789107498337","14.428789107498337"
"2420","15.945713914311998","15.945713914311998","15.945713914311998","15.10105839049519","15.10105839049519","15.10105839049519","14.910806376585255","14.910806376585255","14.910806376585255","15.389159308670804","15.389159308670804","15.389159308670804","15.50538793881867","15.50538793881867","15.50538793881867","14.890744724682108","14.890744724682108","14.890744724682108"
"2430","14.626408040829117","14.626408040829117","14.626408040829117","13.83351167121148","13.83351167121148","13.83351167121148","13.654257011857608","13.654257011857608","13.654257011857608","14.086483910549186","14.086483910549186","14.086483910549186","14.156314649001267","14.156314649001267","14.156314649001267","13.558448895003211","13.558448895003211","13.558448895003211"
"2440","14.997232964117325","14.997232964117325","14.997232964117325","14.138077087425863","14.138077087425863","14.138077087425863","13.954240407124598","13.954240407124598","13.954240407124598","14.382124209469678","14.382124209469678","14.382124209469678","14.500956336843686","14.500956336843686","14.500956336843686","13.887389621591144","13.887389621591144","13.887389621591144"
"2450","13.706861636826137","13.706861636826137","13.706861636826137","12.947307009268773","12.947307009268773","12.947307009268773","12.726317390369198","12.726317390369198","12.726317390369198","13.118366001415238","13.118366001415238","13.118366001415238","13.308329427208335","13.308329427208335","13.308329427208335","12.783713744470019","12.783713744470019","12.783713744470019"
"2460","11.283575676098039","11.283575676098039","11.283575676098039","9.591253808859442","9.591253808859442","9.591253808859442","9.414976842802908","9.414976842802908","9.414976842802908","9.738501776305652","9.738501776305652","9.738501776305652","9.843077698830559","9.843077698830559","9.843077698830559","9.383471361100725","9.383471361100725","9.383471361100725"
"2470","13.191223166045956","13.191223166045956","13.191223166045956","11.815523694024302","11.815523694024302","11.815523694024302","11.634881658987446","11.634881658987446","11.634881658987446","12.005706519900214","12.005706519900214","12.005706519900214","12.129913721824266","12.129913721824266","12.129913721824266","11.635281117805825","11.635281117805825","11.635281117805825"
"2480","13.429798484617754","13.429798484617754","13.429798484617754","12.653336708859015","12.653336708859015","12.653336708859015","12.457063925845805","12.457063925845805","12.457063925845805","12.864014281559307","12.864014281559307","12.864014281559307","12.932288801448756","12.932288801448756","12.932288801448756","12.44335306768325","12.44335306768325","12.44335306768325"
"2490","17.022903108746277","17.022903108746277","17.022903108746277","16.11472834479741","16.11472834479741","16.11472834479741","15.904776038378271","15.904776038378271","15.904776038378271","16.411349792341586","16.411349792341586","16.411349792341586","16.470774724939094","16.470774724939094","16.470774724939094","15.751913067676051","15.751913067676051","15.751913067676051"
"2500","15.824856463238218","15.824856463238218","15.824856463238218","15.014301948343132","15.014301948343132","15.014301948343132","14.798794812250042","14.798794812250042","14.798794812250042","15.26569069310486","15.26569069310486","15.26569069310486","15.41029292454979","15.41029292454979","15.41029292454979","14.763793118747191","14.763793118747191","14.763793118747191"
"2510","14.19761885851635","14.19761885851635","14.19761885851635","13.530109377806658","13.530109377806658","13.530109377806658","13.301442728716676","13.301442728716676","13.301442728716676","13.69992222474752","13.69992222474752","13.69992222474752","13.848242522749349","13.848242522749349","13.848242522749349","13.215216399127986","13.215216399127986","13.215216399127986"
"2520","9.961593503421465","9.961593503421465","9.961593503421465","9.46963182837596","9.46963182837596","9.46963182837596","9.335494761122979","9.335494761122979","9.335494761122979","9.599322508539178","9.599322508539178","9.599322508539178","9.65586486541947","9.65586486541947","9.65586486541947","9.262076861220693","9.262076861220693","9.262076861220693"
"2530","15.472462522503267","15.472462522503267","15.472462522503267","14.691161937214089","14.691161937214089","14.691161937214089","14.451735543461735","14.451735543461735","14.451735543461735","14.91961474514545","14.91961474514545","14.91961474514545","14.995784908345865","14.995784908345865","14.995784908345865","14.435846460323733","14.435846460323733","14.435846460323733"
"2540","14.994211870415072","14.994211870415072","14.994211870415072","14.23730552387219","14.23730552387219","14.23730552387219","14.02022963757768","14.02022963757768","14.02022963757768","14.497762145892139","14.497762145892139","14.497762145892139","14.555528487567978","14.555528487567978","14.555528487567978","13.97129145497691","13.97129145497691","13.97129145497691"
"2550","15.186994461353454","15.186994461353454","15.186994461353454","14.395585766584942","14.395585766584942","14.395585766584942","14.259036312030165","14.259036312030165","14.259036312030165","14.653888608264491","14.653888608264491","14.653888608264491","14.751837129613074","14.751837129613074","14.751837129613074","14.067001422361665","14.067001422361665","14.067001422361665"
"2560","13.739429645153031","13.739429645153031","13.739429645153031","12.606013543429563","12.606013543429563","12.606013543429563","12.447664468110807","12.447664468110807","12.447664468110807","12.802392563076312","12.802392563076312","12.802392563076312","12.881852157855663","12.881852157855663","12.881852157855663","12.31483524604725","12.31483524604725","12.31483524604725"
"2570","15.67830408306128","15.67830408306128","15.67830408306128","14.744850283071568","14.744850283071568","14.744850283071568","14.509377300181361","14.509377300181361","14.509377300181361","14.964359049609264","14.964359049609264","14.964359049609264","15.043953110959816","15.043953110959816","15.043953110959816","14.486087214641046","14.486087214641046","14.486087214641046"
"2580","13.967637808838278","13.967637808838278","13.967637808838278","13.268258365634864","13.268258365634864","13.268258365634864","13.066203620704961","13.066203620704961","13.066203620704961","13.438459250074708","13.438459250074708","13.438459250074708","13.52629698460522","13.52629698460522","13.52629698460522","13.006648917630928","13.006648917630928","13.006648917630928"
"2590","16.400913839628302","16.400913839628302","16.400913839628302","15.57950366084667","15.57950366084667","15.57950366084667","15.39874221065776","15.39874221065776","15.39874221065776","15.859295548276867","15.859295548276867","15.859295548276867","15.904688822753009","15.904688822753009","15.904688822753009","15.356045016804174","15.356045016804174","15.356045016804174"
"2600","15.033734323064522","15.033734323064522","15.033734323064522","14.297616294202268","14.297616294202268","14.297616294202268","14.120075108443658","14.120075108443658","14.120075108443658","14.50917666187167","14.50917666187167","14.50917666187167","14.53854083772654","14.53854083772654","14.53854083772654","14.085217820687134","14.085217820687134","14.085217820687134"
"2610","14.874365876526669","14.874365876526669","14.874365876526669","14.162127813382682","14.162127813382682","14.162127813382682","13.960449877302676","13.960449877302676","13.960449877302676","14.359586151665138","14.359586151665138","14.359586151665138","14.417523768102782","14.417523768102782","14.417523768102782","13.894172229330145","13.894172229330145","13.894172229330145"
"2620","11.461208753650169","11.461208753650169","11.461208753650169","10.954430560802141","10.954430560802141","10.954430560802141","10.813949960426001","10.813949960426001","10.813949960426001","11.09906982477198","11.09906982477198","11.09906982477198","11.14439668833229","11.14439668833229","11.14439668833229","10.74217107845701","10.74217107845701","10.74217107845701"
"2630","15.580317145128562","15.580317145128562","15.580317145128562","14.799782771363203","14.799782771363203","14.799782771363203","14.60288483964545","14.60288483964545","14.60288483964545","15.03052311393887","15.03052311393887","15.03052311393887","15.10055434670356","15.10055434670356","15.10055434670356","14.507537066566629","14.507537066566629","14.507537066566629"
"2640","13.767997509954434","13.767997509954434","13.767997509954434","13.077650856212577","13.077650856212577","13.077650856212577","12.933904550485877","12.933904550485877","12.933904550485877","13.330104160087183","13.330104160087183","13.330104160087183","13.414383720753415","13.414383720753415","13.414383720753415","12.85118826816757","12.85118826816757","12.85118826816757"
"2650","14.235866354838866","14.235866354838866","14.235866354838866","13.52389785653665","13.52389785653665","13.52389785653665","13.361079329581896","13.361079329581896","13.361079329581896","13.783016780835974","13.783016780835974","13.783016780835974","13.843795876130184","13.843795876130184","13.843795876130184","13.19220130747389","13.19220130747389","13.19220130747389"
"2660","12.224216244474531","12.224216244474531","12.224216244474531","11.681728241219087","11.681728241219087","11.681728241219087","11.482961460540462","11.482961460540462","11.482961460540462","11.865841460368538","11.865841460368538","11.865841460368538","11.888690932266647","11.888690932266647","11.888690932266647","11.400877310770493","11.400877310770493","11.400877310770493"
"2670","10.438913681339963","10.438913681339963","10.438913681339963","9.980492889273949","9.980492889273949","9.980492889273949","9.887319622114228","9.887319622114228","9.887319622114228","10.114418526679762","10.114418526679762","10.114418526679762","10.150219654279342","10.150219654279342","10.150219654279342","9.80384530535043","9.80384530535043","9.80384530535043"
"2680","10.992641508756703","10.992641508756703","10.992641508756703","10.488046472253284","10.488046472253284","10.488046472253284","10.36398880998274","10.36398880998274","10.36398880998274","10.628653600857636","10.628653600857636","10.628653600857636","10.658958568355288","10.658958568355288","10.658958568355288","10.259982390630611","10.259982390630611","10.259982390630611"
"2690","14.701498377342599","14.701498377342599","14.701498377342599","14.035634493448994","14.035634493448994","14.035634493448994","13.826850979535992","13.826850979535992","13.826850979535992","14.208610743783483","14.208610743783483","14.208610743783483","14.249017755920196","14.249017755920196","14.249017755920196","13.747903308574497","13.747903308574497","13.747903308574497"
"2700","14.33505996537095","14.33505996537095","14.33505996537095","13.762132848951419","13.762132848951419","13.762132848951419","13.519326503127745","13.519326503127745","13.519326503127745","13.86564669149678","13.86564669149678","13.86564669149678","13.940696316335472","13.940696316335472","13.940696316335472","13.438622653964494","13.438622653964494","13.438622653964494"
"2710","14.851835421931025","14.851835421931025","14.851835421931025","14.309361082437645","14.309361082437645","14.309361082437645","13.817093256266205","13.817093256266205","13.817093256266205","14.479329797908116","14.479329797908116","14.479329797908116","14.464786331433348","14.464786331433348","14.464786331433348","13.712748515450754","13.712748515450754","13.712748515450754"
"2720","14.61123261768435","14.61123261768435","14.61123261768435","13.933126935598278","13.933126935598278","13.933126935598278","13.71810479591504","13.71810479591504","13.71810479591504","14.141940529368464","14.141940529368464","14.141940529368464","14.200878964756107","14.200878964756107","14.200878964756107","13.651724523323937","13.651724523323937","13.651724523323937"
"2730","9.810953634427978","9.810953634427978","9.810953634427978","9.175986675047051","9.175986675047051","9.175986675047051","9.26197969867732","9.26197969867732","9.26197969867732","9.49328853741268","9.49328853741268","9.49328853741268","9.695831886113401","9.695831886113401","9.695831886113401","9.031837495298308","9.031837495298308","9.031837495298308"
"2740","14.029408306244468","14.029408306244468","14.029408306244468","13.274738589372083","13.274738589372083","13.274738589372083","13.153317188958065","13.153317188958065","13.153317188958065","13.60158187078147","13.60158187078147","13.60158187078147","13.662466414142674","13.662466414142674","13.662466414142674","13.072005458686485","13.072005458686485","13.072005458686485"
"2750","16.81750985772838","16.81750985772838","16.81750985772838","16.039519520302772","16.039519520302772","16.039519520302772","15.86942470319111","15.86942470319111","15.86942470319111","16.310227951747894","16.310227951747894","16.310227951747894","16.387167140050867","16.387167140050867","16.387167140050867","15.811528509675487","15.811528509675487","15.811528509675487"
"2760","16.030661482414526","16.030661482414526","16.030661482414526","15.225805292021416","15.225805292021416","15.225805292021416","15.029534085033964","15.029534085033964","15.029534085033964","15.494430881464876","15.494430881464876","15.494430881464876","15.560081810396673","15.560081810396673","15.560081810396673","14.917694027582415","14.917694027582415","14.917694027582415"
"2770","14.73322928420276","14.73322928420276","14.73322928420276","14.056715620469353","14.056715620469353","14.056715620469353","13.876328627743268","13.876328627743268","13.876328627743268","14.291280706861084","14.291280706861084","14.291280706861084","14.370120983568967","14.370120983568967","14.370120983568967","13.792803054339627","13.792803054339627","13.792803054339627"
"2780","14.275159615718087","14.275159615718087","14.275159615718087","13.582271330346417","13.582271330346417","13.582271330346417","13.447548805331092","13.447548805331092","13.447548805331092","13.852911882905243","13.852911882905243","13.852911882905243","13.926571015624356","13.926571015624356","13.926571015624356","13.374522651722243","13.374522651722243","13.374522651722243"
"2790","15.379798711722465","15.379798711722465","15.379798711722465","14.69699500041821","14.69699500041821","14.69699500041821","14.514456448892172","14.514456448892172","14.514456448892172","14.925595451082396","14.925595451082396","14.925595451082396","14.998319991678342","14.998319991678342","14.998319991678342","14.458907537553895","14.458907537553895","14.458907537553895"
"2800","14.038234852938883","14.038234852938883","14.038234852938883","13.422954538075084","13.422954538075084","13.422954538075084","13.227740271860924","13.227740271860924","13.227740271860924","13.62207277021824","13.62207277021824","13.62207277021824","13.67941206329013","13.67941206329013","13.67941206329013","13.169552840005187","13.169552840005187","13.169552840005187"
"2810","13.342415617392605","13.342415617392605","13.342415617392605","12.764021368509113","12.764021368509113","12.764021368509113","12.600190214694432","12.600190214694432","12.600190214694432","12.935230602210538","12.935230602210538","12.935230602210538","13.001781216716287","13.001781216716287","13.001781216716287","12.500716004204385","12.500716004204385","12.500716004204385"
"2820","12.359462201159502","12.359462201159502","12.359462201159502","11.904415706150246","11.904415706150246","11.904415706150246","11.72732061561916","11.72732061561916","11.72732061561916","12.0284180888595","12.0284180888595","12.0284180888595","12.061066316135811","12.061066316135811","12.061066316135811","11.653676613439279","11.653676613439279","11.653676613439279"
"2830","14.732161469520609","14.732161469520609","14.732161469520609","14.150935716460912","14.150935716460912","14.150935716460912","13.93962611925154","13.93962611925154","13.93962611925154","14.312029216071808","14.312029216071808","14.312029216071808","14.355403131472062","14.355403131472062","14.355403131472062","13.817989321794432","13.817989321794432","13.817989321794432"
"2840","13.601718071995972","13.601718071995972","13.601718071995972","13.017966384204204","13.017966384204204","13.017966384204204","12.858427384665463","12.858427384665463","12.858427384665463","13.184359346050535","13.184359346050535","13.184359346050535","13.24214492803384","13.24214492803384","13.24214492803384","12.70416586128085","12.70416586128085","12.70416586128085"
"2850","13.121031040263476","13.121031040263476","13.121031040263476","12.59519835725412","12.59519835725412","12.59519835725412","12.46538268957056","12.46538268957056","12.46538268957056","12.733656178209065","12.733656178209065","12.733656178209065","12.801312084474874","12.801312084474874","12.801312084474874","12.32172816711615","12.32172816711615","12.32172816711615"
"2860","14.104937397980722","14.104937397980722","14.104937397980722","13.536427026374447","13.536427026374447","13.536427026374447","13.354891279077648","13.354891279077648","13.354891279077648","13.640926032982085","13.640926032982085","13.640926032982085","13.77380227533379","13.77380227533379","13.77380227533379","13.274412604110548","13.274412604110548","13.274412604110548"
"2870","14.382614559912042","14.382614559912042","14.382614559912042","13.862893210387359","13.862893210387359","13.862893210387359","13.645209919027725","13.645209919027725","13.645209919027725","13.96036666678508","13.96036666678508","13.96036666678508","14.082229359681868","14.082229359681868","14.082229359681868","13.54056510311373","13.54056510311373","13.54056510311373"
"2880","14.363859430357131","14.363859430357131","14.363859430357131","13.768867412231659","13.768867412231659","13.768867412231659","13.59778824222881","13.59778824222881","13.59778824222881","13.927826165719274","13.927826165719274","13.927826165719274","14.01558741928162","14.01558741928162","14.01558741928162","13.483534553348731","13.483534553348731","13.483534553348731"
"2890","14.008311355105167","14.008311355105167","14.008311355105167","13.403686682721462","13.403686682721462","13.403686682721462","13.236346470420678","13.236346470420678","13.236346470420678","13.524413762138444","13.524413762138444","13.524413762138444","13.632664567957448","13.632664567957448","13.632664567957448","13.101599944619448","13.101599944619448","13.101599944619448"
"2900","13.76369804562321","13.76369804562321","13.76369804562321","13.189490366857376","13.189490366857376","13.189490366857376","13.047497632299038","13.047497632299038","13.047497632299038","13.318782064122225","13.318782064122225","13.318782064122225","13.460247927683309","13.460247927683309","13.460247927683309","12.98577716579005","12.98577716579005","12.98577716579005"
"2910","11.486285571728217","11.486285571728217","11.486285571728217","11.019199160671702","11.019199160671702","11.019199160671702","10.874247310538362","10.874247310538362","10.874247310538362","11.137580831335255","11.137580831335255","11.137580831335255","11.307215103412178","11.307215103412178","11.307215103412178","10.897055163300978","10.897055163300978","10.897055163300978"
"2920","9.934078861187913","9.934078861187913","9.934078861187913","9.571927544086785","9.571927544086785","9.571927544086785","9.459127896439385","9.459127896439385","9.459127896439385","9.67967294765899","9.67967294765899","9.67967294765899","9.707047638755204","9.707047638755204","9.707047638755204","9.39199446397438","9.39199446397438","9.39199446397438"
"2930","13.28966335557803","13.28966335557803","13.28966335557803","12.790393382789231","12.790393382789231","12.790393382789231","12.620225578784913","12.620225578784913","12.620225578784913","12.916986204798","12.916986204798","12.916986204798","13.010569206129274","13.010569206129274","13.010569206129274","12.599021666418636","12.599021666418636","12.599021666418636"
"2940","13.325763521577038","13.325763521577038","13.325763521577038","12.786646136363588","12.786646136363588","12.786646136363588","12.640130063084959","12.640130063084959","12.640130063084959","12.914618171423491","12.914618171423491","12.914618171423491","13.00282591359546","13.00282591359546","13.00282591359546","12.569123922618715","12.569123922618715","12.569123922618715"
"2950","11.281673855035384","11.281673855035384","11.281673855035384","10.807253749869567","10.807253749869567","10.807253749869567","10.674894215447289","10.674894215447289","10.674894215447289","10.886639324114032","10.886639324114032","10.886639324114032","10.98563820860295","10.98563820860295","10.98563820860295","10.59053371150405","10.59053371150405","10.59053371150405"
"2960","13.79034350520205","13.79034350520205","13.79034350520205","13.21155573111025","13.21155573111025","13.21155573111025","13.022405467707394","13.022405467707394","13.022405467707394","13.295824352394083","13.295824352394083","13.295824352394083","13.427970316468551","13.427970316468551","13.427970316468551","12.930975383235245","12.930975383235245","12.930975383235245"
"2970","12.49791473934607","12.49791473934607","12.49791473934607","11.977145335878483","11.977145335878483","11.977145335878483","11.84826071581416","11.84826071581416","11.84826071581416","12.110316048112361","12.110316048112361","12.110316048112361","12.204914324094615","12.204914324094615","12.204914324094615","11.751144428326066","11.751144428326066","11.751144428326066"
"2980","10.624224972030575","10.624224972030575","10.624224972030575","10.18757560140375","10.18757560140375","10.18757560140375","10.043711873514066","10.043711873514066","10.043711873514066","10.24771973375167","10.24771973375167","10.24771973375167","10.326584249104398","10.326584249104398","10.326584249104398","10.048542958387142","10.048542958387142","10.048542958387142"
"2990","14.101632075135125","14.101632075135125","14.101632075135125","13.60344989206352","13.60344989206352","13.60344989206352","13.388991384118402","13.388991384118402","13.388991384118402","13.730296656243349","13.730296656243349","13.730296656243349","13.79937496360483","13.79937496360483","13.79937496360483","13.290265384718001","13.290265384718001","13.290265384718001"
"3000","12.369393707206276","12.369393707206276","12.369393707206276","11.926415292115653","11.926415292115653","11.926415292115653","11.753377588343906","11.753377588343906","11.753377588343906","12.065432240066045","12.065432240066045","12.065432240066045","12.10895330770014","12.10895330770014","12.10895330770014","11.601190711670512","11.601190711670512","11.601190711670512"
"3010","7.742453270645301","7.742453270645301","7.742453270645301","7.501938953642607","7.501938953642607","7.501938953642607","7.417204984570878","7.417204984570878","7.417204984570878","7.5827996810933245","7.5827996810933245","7.5827996810933245","7.597347167775297","7.597347167775297","7.597347167775297","7.360396305599494","7.360396305599494","7.360396305599494"
"3020","14.098751057419133","14.098751057419133","14.098751057419133","13.573990371779644","13.573990371779644","13.573990371779644","13.364622108052957","13.364622108052957","13.364622108052957","13.71451082127815","13.71451082127815","13.71451082127815","13.798335354118217","13.798335354118217","13.798335354118217","13.330418800105281","13.330418800105281","13.330418800105281"
"3030","15.370007727303715","15.370007727303715","15.370007727303715","15.508707995977504","15.508707995977504","15.508707995977504","14.613859480136668","14.613859480136668","14.613859480136668","14.898845002164645","14.898845002164645","14.898845002164645","15.016657568169608","15.016657568169608","15.016657568169608","14.521005222246497","14.521005222246497","14.521005222246497"
"3040","9.352240765985426","9.352240765985426","9.352240765985426","9.008140785862148","9.008140785862148","9.008140785862148","8.903984564155701","8.903984564155701","8.903984564155701","9.113565372015294","9.113565372015294","9.113565372015294","9.202906671911895","9.202906671911895","9.202906671911895","8.874324434180197","8.874324434180197","8.874324434180197"
"3050","10.175093812647711","10.175093812647711","10.175093812647711","9.826270398638709","9.826270398638709","9.826270398638709","9.704118125816779","9.704118125816779","9.704118125816779","9.906267038937187","9.906267038937187","9.906267038937187","9.975228367422817","9.975228367422817","9.975228367422817","9.634575180475817","9.634575180475817","9.634575180475817"
"3060","13.612391406069053","13.612391406069053","13.612391406069053","13.05016071960407","13.05016071960407","13.05016071960407","12.896900964487234","12.896900964487234","12.896900964487234","13.188984092826274","13.188984092826274","13.188984092826274","13.267027860366944","13.267027860366944","13.267027860366944","12.823550452561253","12.823550452561253","12.823550452561253"
"3070","12.417083771260678","12.417083771260678","12.417083771260678","11.94524829001114","11.94524829001114","11.94524829001114","11.801787344970219","11.801787344970219","11.801787344970219","12.05735163597103","12.05735163597103","12.05735163597103","12.135114646737978","12.135114646737978","12.135114646737978","11.69751114733948","11.69751114733948","11.69751114733948"
"3080","14.019046377649037","14.019046377649037","14.019046377649037","13.50112735242259","13.50112735242259","13.50112735242259","13.297967425857902","13.297967425857902","13.297967425857902","13.604896487550384","13.604896487550384","13.604896487550384","13.696225253955983","13.696225253955983","13.696225253955983","13.194069727713424","13.194069727713424","13.194069727713424"
"3090","12.616952324222952","12.616952324222952","12.616952324222952","12.1566362442886","12.1566362442886","12.1566362442886","12.001193389627428","12.001193389627428","12.001193389627428","12.260099428117094","12.260099428117094","12.260099428117094","12.353655569805383","12.353655569805383","12.353655569805383","11.898051249483641","11.898051249483641","11.898051249483641"
"3100","10.43714178408887","10.43714178408887","10.43714178408887","10.06955174143062","10.06955174143062","10.06955174143062","9.973597000910976","9.973597000910976","9.973597000910976","10.121088426465182","10.121088426465182","10.121088426465182","10.237216715378743","10.237216715378743","10.237216715378743","9.855039420760264","9.855039420760264","9.855039420760264"
"3110","11.707335001124186","11.707335001124186","11.707335001124186","11.290160550606416","11.290160550606416","11.290160550606416","11.131286642433558","11.131286642433558","11.131286642433558","11.342469664739474","11.342469664739474","11.342469664739474","11.45001617053384","11.45001617053384","11.45001617053384","10.996245768216086","10.996245768216086","10.996245768216086"
"3120","13.39519204140065","13.39519204140065","13.39519204140065","12.872635495373109","12.872635495373109","12.872635495373109","12.679165644666758","12.679165644666758","12.679165644666758","12.967442925273","12.967442925273","12.967442925273","13.06123889439187","13.06123889439187","13.06123889439187","12.606512467603547","12.606512467603547","12.606512467603547"
"3130","13.290509372714135","13.290509372714135","13.290509372714135","12.808516997976616","12.808516997976616","12.808516997976616","12.608751858438536","12.608751858438536","12.608751858438536","12.875849218478946","12.875849218478946","12.875849218478946","12.966966815398798","12.966966815398798","12.966966815398798","12.56547445650817","12.56547445650817","12.56547445650817"
"3140","13.321471937705883","13.321471937705883","13.321471937705883","12.80665432249125","12.80665432249125","12.80665432249125","12.636077364627843","12.636077364627843","12.636077364627843","12.876328122686266","12.876328122686266","12.876328122686266","12.97745145995074","12.97745145995074","12.97745145995074","12.56148762266795","12.56148762266795","12.56148762266795"
"3150","13.520451467186884","13.520451467186884","13.520451467186884","12.990121651275667","12.990121651275667","12.990121651275667","12.857667116521519","12.857667116521519","12.857667116521519","13.127076303374027","13.127076303374027","13.127076303374027","13.181206896583909","13.181206896583909","13.181206896583909","12.782576937693714","12.782576937693714","12.782576937693714"
"3160","13.63405250838589","13.63405250838589","13.63405250838589","13.111680763677406","13.111680763677406","13.111680763677406","12.954553940590761","12.954553940590761","12.954553940590761","13.216202621651398","13.216202621651398","13.216202621651398","13.322669376097156","13.322669376097156","13.322669376097156","12.876441711553914","12.876441711553914","12.876441711553914"
"3170","13.987956463407","13.987956463407","13.987956463407","13.49990421838296","13.49990421838296","13.49990421838296","13.35362726938071","13.35362726938071","13.35362726938071","13.600466369307407","13.600466369307407","13.600466369307407","13.703149725062378","13.703149725062378","13.703149725062378","13.259094000808233","13.259094000808233","13.259094000808233"
"3180","13.643329657624362","13.643329657624362","13.643329657624362","13.184551094614402","13.184551094614402","13.184551094614402","13.127470656396206","13.127470656396206","13.127470656396206","13.337161508386439","13.337161508386439","13.337161508386439","13.431492403663805","13.431492403663805","13.431492403663805","12.993129270243214","12.993129270243214","12.993129270243214"
"3190","11.132236781167041","11.132236781167041","11.132236781167041","12.294197197082449","12.294197197082449","12.294197197082449","11.678790286922348","11.678790286922348","11.678790286922348","10.86745676044784","10.86745676044784","10.86745676044784","11.202484113377755","11.202484113377755","11.202484113377755","13.098251803793055","13.098251803793055","13.098251803793055"
"3200","12.90759053334367","12.90759053334367","12.90759053334367","12.524047481669244","12.524047481669244","12.524047481669244","12.416364399476493","12.416364399476493","12.416364399476493","12.559744716431554","12.559744716431554","12.559744716431554","12.694625352611128","12.694625352611128","12.694625352611128","12.35033956095741","12.35033956095741","12.35033956095741"
"3210","14.203350779824973","14.203350779824973","14.203350779824973","13.757969701755789","13.757969701755789","13.757969701755789","13.575013078417765","13.575013078417765","13.575013078417765","13.807958023167243","13.807958023167243","13.807958023167243","13.863223731457607","13.863223731457607","13.863223731457607","13.50697739638234","13.50697739638234","13.50697739638234"
"3220","13.304265495048146","13.304265495048146","13.304265495048146","12.838592369146642","12.838592369146642","12.838592369146642","12.76412179383884","12.76412179383884","12.76412179383884","12.933380334974801","12.933380334974801","12.933380334974801","12.987377922573975","12.987377922573975","12.987377922573975","12.543495229762307","12.543495229762307","12.543495229762307"
"3230","13.816444303913402","13.816444303913402","13.816444303913402","13.35712348760472","13.35712348760472","13.35712348760472","13.21424600279809","13.21424600279809","13.21424600279809","13.534923171482287","13.534923171482287","13.534923171482287","13.547766175965075","13.547766175965075","13.547766175965075","13.135773597890426","13.135773597890426","13.135773597890426"
"3240","13.667979022796242","13.667979022796242","13.667979022796242","13.214258604891123","13.214258604891123","13.214258604891123","13.035321558207794","13.035321558207794","13.035321558207794","13.331353229390027","13.331353229390027","13.331353229390027","13.375128525035517","13.375128525035517","13.375128525035517","12.960639924221793","12.960639924221793","12.960639924221793"
"3250","12.421865840362864","12.421865840362864","12.421865840362864","11.979635655243628","11.979635655243628","11.979635655243628","11.835140928099527","11.835140928099527","11.835140928099527","12.247157216865283","12.247157216865283","12.247157216865283","12.223079650013092","12.223079650013092","12.223079650013092","11.789413268939741","11.789413268939741","11.789413268939741"
"3260","8.306233872604514","8.306233872604514","8.306233872604514","9.224126528893644","9.224126528893644","9.224126528893644","7.993123196539642","7.993123196539642","7.993123196539642","8.147985272938488","8.147985272938488","8.147985272938488","8.16092569029865","8.16092569029865","8.16092569029865","7.918046230938147","7.918046230938147","7.918046230938147"
"3270","9.665965017473226","9.665965017473226","9.665965017473226","9.460305200714894","9.460305200714894","9.460305200714894","9.34143496560395","9.34143496560395","9.34143496560395","9.470370136881913","9.470370136881913","9.470370136881913","9.506760650262498","9.506760650262498","9.506760650262498","9.212559381493884","9.212559381493884","9.212559381493884"
"3280","11.959736143774403","11.959736143774403","11.959736143774403","11.659882550870647","11.659882550870647","11.659882550870647","11.523197338962506","11.523197338962506","11.523197338962506","11.68516561090015","11.68516561090015","11.68516561090015","11.766143039644522","11.766143039644522","11.766143039644522","11.363303429585976","11.363303429585976","11.363303429585976"
"3290","12.255779942770392","12.255779942770392","12.255779942770392","11.88576043621885","11.88576043621885","11.88576043621885","11.715711735048666","11.715711735048666","11.715711735048666","11.931722404357318","11.931722404357318","11.931722404357318","12.008317297473221","12.008317297473221","12.008317297473221","11.588145583511768","11.588145583511768","11.588145583511768"
"3300","12.063154169570957","12.063154169570957","12.063154169570957","11.70255178257483","11.70255178257483","11.70255178257483","11.568088244687745","11.568088244687745","11.568088244687745","11.757276127770158","11.757276127770158","11.757276127770158","11.832457778967514","11.832457778967514","11.832457778967514","11.443095245300254","11.443095245300254","11.443095245300254"
"3310","13.87348040960061","13.87348040960061","13.87348040960061","13.401842897609145","13.401842897609145","13.401842897609145","13.23268941404197","13.23268941404197","13.23268941404197","13.517814879352363","13.517814879352363","13.517814879352363","13.606323772852498","13.606323772852498","13.606323772852498","13.103093141498073","13.103093141498073","13.103093141498073"
"3320","13.010795651283768","13.010795651283768","13.010795651283768","12.520652898901957","12.520652898901957","12.520652898901957","12.350854868029149","12.350854868029149","12.350854868029149","12.635863466469893","12.635863466469893","12.635863466469893","12.71348620313565","12.71348620313565","12.71348620313565","12.279831163843873","12.279831163843873","12.279831163843873"
"3330","13.25265933027384","13.25265933027384","13.25265933027384","12.828011935222786","12.828011935222786","12.828011935222786","12.621104207073957","12.621104207073957","12.621104207073957","12.876846955678301","12.876846955678301","12.876846955678301","12.984476889666267","12.984476889666267","12.984476889666267","12.533731724411481","12.533731724411481","12.533731724411481"
"3340","13.47763682291642","13.47763682291642","13.47763682291642","13.003008821683352","13.003008821683352","13.003008821683352","12.804388941387229","12.804388941387229","12.804388941387229","13.092216693473302","13.092216693473302","13.092216693473302","13.175469676456059","13.175469676456059","13.175469676456059","12.742387498435566","12.742387498435566","12.742387498435566"
"3350","9.939506505791613","9.939506505791613","9.939506505791613","9.628561053679327","9.628561053679327","9.628561053679327","9.479636623232713","9.479636623232713","9.479636623232713","9.669521585558421","9.669521585558421","9.669521585558421","9.710753605157977","9.710753605157977","9.710753605157977","9.386321979049674","9.386321979049674","9.386321979049674"
"3360","10.524349557658772","10.524349557658772","10.524349557658772","10.182281959302145","10.182281959302145","10.182281959302145","10.041231366487056","10.041231366487056","10.041231366487056","10.239276909461127","10.239276909461127","10.239276909461127","10.289231277394926","10.289231277394926","10.289231277394926","10.01918994688092","10.01918994688092","10.01918994688092"
"3370","12.940557765654098","12.940557765654098","12.940557765654098","12.508950588134383","12.508950588134383","12.508950588134383","12.35399134324335","12.35399134324335","12.35399134324335","12.57933487131785","12.57933487131785","12.57933487131785","12.679857918807427","12.679857918807427","12.679857918807427","12.245136778264959","12.245136778264959","12.245136778264959"
"3380","9.372218317112555","9.372218317112555","9.372218317112555","9.102432010324026","9.102432010324026","9.102432010324026","9.024568532454683","9.024568532454683","9.024568532454683","9.111192935973474","9.111192935973474","9.111192935973474","9.201381868213103","9.201381868213103","9.201381868213103","8.91162594669345","8.91162594669345","8.91162594669345"
"3390","13.227923189989983","13.227923189989983","13.227923189989983","12.803341872354535","12.803341872354535","12.803341872354535","12.656682771929393","12.656682771929393","12.656682771929393","12.850266048682997","12.850266048682997","12.850266048682997","12.963702532851906","12.963702532851906","12.963702532851906","12.535695174538002","12.535695174538002","12.535695174538002"
"3400","10.106463820928239","10.106463820928239","10.106463820928239","9.816861674493536","9.816861674493536","9.816861674493536","9.707077725228398","9.707077725228398","9.707077725228398","9.819246956365859","9.819246956365859","9.819246956365859","9.922051956563559","9.922051956563559","9.922051956563559","9.593508792742115","9.593508792742115","9.593508792742115"
"3410","13.50607895855806","13.50607895855806","13.50607895855806","13.10648626739918","13.10648626739918","13.10648626739918","12.905993456680447","12.905993456680447","12.905993456680447","13.159684800008062","13.159684800008062","13.159684800008062","13.262783651227021","13.262783651227021","13.262783651227021","12.833056288344975","12.833056288344975","12.833056288344975"
"3420","12.230798912646788","12.230798912646788","12.230798912646788","11.858081121437143","11.858081121437143","11.858081121437143","11.703109817032875","11.703109817032875","11.703109817032875","11.912317132114735","11.912317132114735","11.912317132114735","12.004853559921541","12.004853559921541","12.004853559921541","11.606881644406862","11.606881644406862","11.606881644406862"
"3430","9.82279669165522","9.82279669165522","9.82279669165522","9.423600458518909","9.423600458518909","9.423600458518909","9.360128479147358","9.360128479147358","9.360128479147358","9.493800074252308","9.493800074252308","9.493800074252308","9.625942098548606","9.625942098548606","9.625942098548606","9.243898733234074","9.243898733234074","9.243898733234074"
"3440","9.145099958001296","9.145099958001296","9.145099958001296","8.890058788775258","8.890058788775258","8.890058788775258","8.755140537928874","8.755140537928874","8.755140537928874","8.964654058972322","8.964654058972322","8.964654058972322","9.036595515651458","9.036595515651458","9.036595515651458","8.764425986178784","8.764425986178784","8.764425986178784"
"3450","12.994622497288532","12.994622497288532","12.994622497288532","12.614269370189746","12.614269370189746","12.614269370189746","12.403715598530518","12.403715598530518","12.403715598530518","12.653080284259804","12.653080284259804","12.653080284259804","12.758672579377054","12.758672579377054","12.758672579377054","12.367155547927238","12.367155547927238","12.367155547927238"
"3460","11.303533171693497","11.303533171693497","11.303533171693497","10.911088521799023","10.911088521799023","10.911088521799023","10.796746128991908","10.796746128991908","10.796746128991908","10.988577321943119","10.988577321943119","10.988577321943119","11.09182682654466","11.09182682654466","11.09182682654466","10.699964780339588","10.699964780339588","10.699964780339588"
"3470","10.172600260749382","10.172600260749382","10.172600260749382","9.856493945650646","9.856493945650646","9.856493945650646","9.757929387436961","9.757929387436961","9.757929387436961","9.927622145516217","9.927622145516217","9.927622145516217","9.990472886141328","9.990472886141328","9.990472886141328","9.655821124904499","9.655821124904499","9.655821124904499"
"3480","10.837672607066263","10.837672607066263","10.837672607066263","10.535473699849614","10.535473699849614","10.535473699849614","10.403934654616936","10.403934654616936","10.403934654616936","10.576620119473734","10.576620119473734","10.576620119473734","10.645531212760817","10.645531212760817","10.645531212760817","10.310703942266567","10.310703942266567","10.310703942266567"
"3490","12.208881132761185","12.208881132761185","12.208881132761185","11.832043087802179","11.832043087802179","11.832043087802179","11.704150622389156","11.704150622389156","11.704150622389156","11.891443535614567","11.891443535614567","11.891443535614567","11.9546189340169","11.9546189340169","11.9546189340169","11.597128258136113","11.597128258136113","11.597128258136113"
"3500","13.53020615303634","13.53020615303634","13.53020615303634","13.14697460038337","13.14697460038337","13.14697460038337","12.975471409076512","12.975471409076512","12.975471409076512","13.19607055182937","13.19607055182937","13.19607055182937","13.26675267300495","13.26675267300495","13.26675267300495","12.888460160110752","12.888460160110752","12.888460160110752"
"3510","9.461715001077986","9.461715001077986","9.461715001077986","9.220867885571911","9.220867885571911","9.220867885571911","9.090536304030067","9.090536304030067","9.090536304030067","9.24154965602402","9.24154965602402","9.24154965602402","9.29155967491956","9.29155967491956","9.29155967491956","8.981310844295036","8.981310844295036","8.981310844295036"
"3520","12.76174831558977","12.76174831558977","12.76174831558977","12.357488052810343","12.357488052810343","12.357488052810343","12.190219562267773","12.190219562267773","12.190219562267773","12.42117284445094","12.42117284445094","12.42117284445094","12.5140693756208","12.5140693756208","12.5140693756208","12.09092876355392","12.09092876355392","12.09092876355392"
"3530","12.648881693653356","12.648881693653356","12.648881693653356","12.275563260908038","12.275563260908038","12.275563260908038","12.102372737714724","12.102372737714724","12.102372737714724","12.312736123822585","12.312736123822585","12.312736123822585","12.395881291626111","12.395881291626111","12.395881291626111","12.013079420368754","12.013079420368754","12.013079420368754"
"3540","13.191685493952162","13.191685493952162","13.191685493952162","12.797863709193555","12.797863709193555","12.797863709193555","12.618633973039929","12.618633973039929","12.618633973039929","12.842189499743114","12.842189499743114","12.842189499743114","12.936353226668352","12.936353226668352","12.936353226668352","12.547847310945576","12.547847310945576","12.547847310945576"
"3550","7.270156954620003","7.270156954620003","7.270156954620003","7.111833196299468","7.111833196299468","7.111833196299468","7.035970391918061","7.035970391918061","7.035970391918061","7.14052780208711","7.14052780208711","7.14052780208711","7.157963256520882","7.157963256520882","7.157963256520882","6.9611740700521105","6.9611740700521105","6.9611740700521105"
"3560","10.905733540886223","10.905733540886223","10.905733540886223","10.603100411935824","10.603100411935824","10.603100411935824","10.500143579146489","10.500143579146489","10.500143579146489","10.669271041241752","10.669271041241752","10.669271041241752","10.704266749614296","10.704266749614296","10.704266749614296","10.391826985695582","10.391826985695582","10.391826985695582"
"3570","12.768203382556525","12.768203382556525","12.768203382556525","12.391109225844621","12.391109225844621","12.391109225844621","12.234960823515282","12.234960823515282","12.234960823515282","12.456351147323321","12.456351147323321","12.456351147323321","12.513293667137457","12.513293667137457","12.513293667137457","12.142089351006536","12.142089351006536","12.142089351006536"
"3580","9.9051310599434","9.9051310599434","9.9051310599434","9.63576513192773","9.63576513192773","9.63576513192773","9.526902462155409","9.526902462155409","9.526902462155409","9.681706345225583","9.681706345225583","9.681706345225583","9.726493664992061","9.726493664992061","9.726493664992061","9.469209641124605","9.469209641124605","9.469209641124605"
"3590","11.952780694260095","11.952780694260095","11.952780694260095","11.601840725640212","11.601840725640212","11.601840725640212","11.452091079918414","11.452091079918414","11.452091079918414","11.639559515825237","11.639559515825237","11.639559515825237","11.709381163360504","11.709381163360504","11.709381163360504","11.366557671886527","11.366557671886527","11.366557671886527"
"3600","12.207318120282716","12.207318120282716","12.207318120282716","11.862761038923576","11.862761038923576","11.862761038923576","11.685433066176747","11.685433066176747","11.685433066176747","11.911249295714363","11.911249295714363","11.911249295714363","11.959562208218058","11.959562208218058","11.959562208218058","11.644183729489374","11.644183729489374","11.644183729489374"
"3610","11.76749525608449","11.76749525608449","11.76749525608449","11.434839822416716","11.434839822416716","11.434839822416716","11.300690333445221","11.300690333445221","11.300690333445221","11.48542570113511","11.48542570113511","11.48542570113511","11.541795368201669","11.541795368201669","11.541795368201669","11.187361122314956","11.187361122314956","11.187361122314956"
"3620","12.295586647814927","12.295586647814927","12.295586647814927","11.957686146136615","11.957686146136615","11.957686146136615","11.769927953601186","11.769927953601186","11.769927953601186","11.989948000519075","11.989948000519075","11.989948000519075","12.072076191668184","12.072076191668184","12.072076191668184","11.711991725632638","11.711991725632638","11.711991725632638"
"3630","8.519211012411157","8.519211012411157","8.519211012411157","8.337338076506281","8.337338076506281","8.337338076506281","8.230562553004686","8.230562553004686","8.230562553004686","8.310891005178215","8.310891005178215","8.310891005178215","8.399694077132848","8.399694077132848","8.399694077132848","8.171024363896764","8.171024363896764","8.171024363896764"
"3640","10.889949187936379","10.889949187936379","10.889949187936379","10.592609448458472","10.592609448458472","10.592609448458472","10.453119630604153","10.453119630604153","10.453119630604153","10.603863888214114","10.603863888214114","10.603863888214114","10.699151019828076","10.699151019828076","10.699151019828076","10.346775535054945","10.346775535054945","10.346775535054945"
"3650","11.03930491307321","11.03930491307321","11.03930491307321","10.733546085223994","10.733546085223994","10.733546085223994","10.634034790023954","10.634034790023954","10.634034790023954","10.769235314058092","10.769235314058092","10.769235314058092","10.881213325075008","10.881213325075008","10.881213325075008","10.519407593410891","10.519407593410891","10.519407593410891"
"3660","12.253649985765257","12.253649985765257","12.253649985765257","11.918351069828747","11.918351069828747","11.918351069828747","11.749956571316256","11.749956571316256","11.749956571316256","11.96418233895782","11.96418233895782","11.96418233895782","12.026772085239067","12.026772085239067","12.026772085239067","11.688461867099411","11.688461867099411","11.688461867099411"
"3670","12.106600631737866","12.106600631737866","12.106600631737866","11.795258402172852","11.795258402172852","11.795258402172852","11.59440231730754","11.59440231730754","11.59440231730754","11.829397305451117","11.829397305451117","11.829397305451117","11.850944622962471","11.850944622962471","11.850944622962471","11.4883862269526","11.4883862269526","11.4883862269526"
"3680","12.996890547899644","12.996890547899644","12.996890547899644","12.662520133450089","12.662520133450089","12.662520133450089","12.48270054079416","12.48270054079416","12.48270054079416","12.689593057066709","12.689593057066709","12.689593057066709","12.779151889934859","12.779151889934859","12.779151889934859","12.366383049425652","12.366383049425652","12.366383049425652"
"3690","11.95038428216433","11.95038428216433","11.95038428216433","11.621491085969254","11.621491085969254","11.621491085969254","11.465904262083788","11.465904262083788","11.465904262083788","11.643786741124083","11.643786741124083","11.643786741124083","11.730030263382012","11.730030263382012","11.730030263382012","11.347717133879115","11.347717133879115","11.347717133879115"
"3700","13.499987902969862","13.499987902969862","13.499987902969862","13.039048418419771","13.039048418419771","13.039048418419771","12.909769523096983","12.909769523096983","12.909769523096983","13.095313515955251","13.095313515955251","13.095313515955251","13.200841035505654","13.200841035505654","13.200841035505654","12.706271127573762","12.706271127573762","12.706271127573762"
"3710","10.887057220044223","10.887057220044223","10.887057220044223","10.597489789869655","10.597489789869655","10.597489789869655","10.484283826917897","10.484283826917897","10.484283826917897","10.609108584832748","10.609108584832748","10.609108584832748","10.65871968941898","10.65871968941898","10.65871968941898","10.363909739324821","10.363909739324821","10.363909739324821"
"3720","11.636216016007037","11.636216016007037","11.636216016007037","11.315389178371229","11.315389178371229","11.315389178371229","11.17249561630267","11.17249561630267","11.17249561630267","11.345179652440377","11.345179652440377","11.345179652440377","11.398670361458755","11.398670361458755","11.398670361458755","11.118446497063657","11.118446497063657","11.118446497063657"
"3730","12.20762081098524","12.20762081098524","12.20762081098524","11.900817369535867","11.900817369535867","11.900817369535867","11.742481991933177","11.742481991933177","11.742481991933177","11.925286484380424","11.925286484380424","11.925286484380424","11.979966975279677","11.979966975279677","11.979966975279677","11.645946743427091","11.645946743427091","11.645946743427091"
"3740","7.900316926132542","7.900316926132542","7.900316926132542","7.730624272681141","7.730624272681141","7.730624272681141","7.646600933303972","7.646600933303972","7.646600933303972","7.746182977006061","7.746182977006061","7.746182977006061","7.7801614602234315","7.7801614602234315","7.7801614602234315","7.542955996640778","7.542955996640778","7.542955996640778"
"3750","10.68718390375189","10.68718390375189","10.68718390375189","10.327394295173733","10.327394295173733","10.327394295173733","10.217519370238154","10.217519370238154","10.217519370238154","10.341120562910444","10.341120562910444","10.341120562910444","10.40966864958","10.40966864958","10.40966864958","10.121689295125536","10.121689295125536","10.121689295125536"
"3760","12.953655187322854","12.953655187322854","12.953655187322854","12.591994639213857","12.591994639213857","12.591994639213857","12.44789595511234","12.44789595511234","12.44789595511234","12.627217180732595","12.627217180732595","12.627217180732595","12.70025614127172","12.70025614127172","12.70025614127172","12.216466184740817","12.216466184740817","12.216466184740817"
"3770","12.696810770839738","12.696810770839738","12.696810770839738","12.257834284892674","12.257834284892674","12.257834284892674","12.14406383311788","12.14406383311788","12.14406383311788","12.320338699684172","12.320338699684172","12.320338699684172","12.423675511972199","12.423675511972199","12.423675511972199","12.046128297627355","12.046128297627355","12.046128297627355"
"3780","12.13929319991204","12.13929319991204","12.13929319991204","11.789438566303323","11.789438566303323","11.789438566303323","11.663666653094529","11.663666653094529","11.663666653094529","11.814732132196085","11.814732132196085","11.814732132196085","11.918655120234034","11.918655120234034","11.918655120234034","11.538493706388339","11.538493706388339","11.538493706388339"
"3790","9.54852334023929","9.54852334023929","9.54852334023929","9.318407713245245","9.318407713245245","9.318407713245245","9.226341392325983","9.226341392325983","9.226341392325983","9.353853012709616","9.353853012709616","9.353853012709616","9.409817679146384","9.409817679146384","9.409817679146384","9.138888037765785","9.138888037765785","9.138888037765785"
"3800","12.193565258735273","12.193565258735273","12.193565258735273","11.885037842725476","11.885037842725476","11.885037842725476","11.737740383294062","11.737740383294062","11.737740383294062","11.926466474847258","11.926466474847258","11.926466474847258","11.981263781466465","11.981263781466465","11.981263781466465","11.63909886045906","11.63909886045906","11.63909886045906"
"3810","12.495882725234397","12.495882725234397","12.495882725234397","12.143635325852413","12.143635325852413","12.143635325852413","12.027638073000642","12.027638073000642","12.027638073000642","12.20539737345647","12.20539737345647","12.20539737345647","12.32406975953392","12.32406975953392","12.32406975953392","11.865380336287835","11.865380336287835","11.865380336287835"
"3820","10.928148860469637","10.928148860469637","10.928148860469637","10.601265260091864","10.601265260091864","10.601265260091864","10.531166753110243","10.531166753110243","10.531166753110243","10.71641651272548","10.71641651272548","10.71641651272548","10.761797020455257","10.761797020455257","10.761797020455257","10.441178763228404","10.441178763228404","10.441178763228404"
"3830","9.345008032101159","9.345008032101159","9.345008032101159","9.067366537779119","9.067366537779119","9.067366537779119","9.039730845683806","9.039730845683806","9.039730845683806","9.16705416611195","9.16705416611195","9.16705416611195","9.215720608558682","9.215720608558682","9.215720608558682","8.982625705714478","8.982625705714478","8.982625705714478"
"3840","14.17048039560741","14.17048039560741","14.17048039560741","13.736819132156164","13.736819132156164","13.736819132156164","13.604906218534133","13.604906218534133","13.604906218534133","13.840013884435228","13.840013884435228","13.840013884435228","13.901269692377925","13.901269692377925","13.901269692377925","13.49747437295671","13.49747437295671","13.49747437295671"
"3850","14.327085168477815","14.327085168477815","14.327085168477815","13.792267045692455","13.792267045692455","13.792267045692455","13.673193937619557","13.673193937619557","13.673193937619557","13.903901512325955","13.903901512325955","13.903901512325955","13.927998840720933","13.927998840720933","13.927998840720933","13.52690973338017","13.52690973338017","13.52690973338017"
"3860","9.703849747049633","9.703849747049633","9.703849747049633","9.431586583935164","9.431586583935164","9.431586583935164","9.322843244886517","9.322843244886517","9.322843244886517","9.46098187867164","9.46098187867164","9.46098187867164","9.521591160753635","9.521591160753635","9.521591160753635","9.249306523322886","9.249306523322886","9.249306523322886"
"3870","12.792354340644689","12.792354340644689","12.792354340644689","12.433723834243509","12.433723834243509","12.433723834243509","12.268590862423977","12.268590862423977","12.268590862423977","12.468138018416802","12.468138018416802","12.468138018416802","12.536101650125829","12.536101650125829","12.536101650125829","12.210287141751419","12.210287141751419","12.210287141751419"
"3880","5.837074762254137","5.837074762254137","5.837074762254137","5.722917355430194","5.722917355430194","5.722917355430194","5.666550958120774","5.666550958120774","5.666550958120774","5.743001057028166","5.743001057028166","5.743001057028166","5.757716595715711","5.757716595715711","5.757716595715711","5.6198354568150615","5.6198354568150615","5.6198354568150615"
"3890","11.548963224113285","11.548963224113285","11.548963224113285","11.315672450812965","11.315672450812965","11.315672450812965","11.181761247342259","11.181761247342259","11.181761247342259","11.378238343175354","11.378238343175354","11.378238343175354","11.40824868137357","11.40824868137357","11.40824868137357","11.132494234955377","11.132494234955377","11.132494234955377"
"3900","12.256881588405882","12.256881588405882","12.256881588405882","11.950025289157892","11.950025289157892","11.950025289157892","11.80068158698469","11.80068158698469","11.80068158698469","11.994302479006919","11.994302479006919","11.994302479006919","12.06592127592243","12.06592127592243","12.06592127592243","11.750746594916164","11.750746594916164","11.750746594916164"
"3910","9.376522973509806","9.376522973509806","9.376522973509806","9.152064503645168","9.152064503645168","9.152064503645168","9.047810137451448","9.047810137451448","9.047810137451448","9.187518854690378","9.187518854690378","9.187518854690378","9.229601969978242","9.229601969978242","9.229601969978242","8.99871942510071","8.99871942510071","8.99871942510071"
"3920","12.306872221665742","12.306872221665742","12.306872221665742","11.97263723319566","11.97263723319566","11.97263723319566","11.827564221230045","11.827564221230045","11.827564221230045","12.05763910906244","12.05763910906244","12.05763910906244","12.093889661047042","12.093889661047042","12.093889661047042","11.760693667960282","11.760693667960282","11.760693667960282"
"3930","7.258501792277971","7.258501792277971","7.258501792277971","7.098823801900435","7.098823801900435","7.098823801900435","7.025300325850599","7.025300325850599","7.025300325850599","7.124158958235396","7.124158958235396","7.124158958235396","7.148496233501392","7.148496233501392","7.148496233501392","6.976324262848439","6.976324262848439","6.976324262848439"
"3940","11.950754683077717","11.950754683077717","11.950754683077717","11.64671588981551","11.64671588981551","11.64671588981551","11.499983714084774","11.499983714084774","11.499983714084774","11.68708529541017","11.68708529541017","11.68708529541017","11.742859947508352","11.742859947508352","11.742859947508352","11.343289083753666","11.343289083753666","11.343289083753666"
"3950","9.999859653777559","9.999859653777559","9.999859653777559","9.763586679353553","9.763586679353553","9.763586679353553","9.702588928918244","9.702588928918244","9.702588928918244","9.815029216650338","9.815029216650338","9.815029216650338","9.872387852523875","9.872387852523875","9.872387852523875","9.620286577117636","9.620286577117636","9.620286577117636"
"3960","11.489657214003815","11.489657214003815","11.489657214003815","11.198820264818753","11.198820264818753","11.198820264818753","11.058176496813198","11.058176496813198","11.058176496813198","11.227417779248816","11.227417779248816","11.227417779248816","11.28843255750588","11.28843255750588","11.28843255750588","10.983236682843824","10.983236682843824","10.983236682843824"
"3970","6.908964174000467","6.908964174000467","6.908964174000467","6.766961409877738","6.766961409877738","6.766961409877738","6.700802414098207","6.700802414098207","6.700802414098207","6.783251816408801","6.783251816408801","6.783251816408801","6.809621309812986","6.809621309812986","6.809621309812986","6.5887487507719165","6.5887487507719165","6.5887487507719165"
"3980","11.177813687731081","11.177813687731081","11.177813687731081","10.918348859634392","10.918348859634392","10.918348859634392","10.7670197154719","10.7670197154719","10.7670197154719","10.938933022802292","10.938933022802292","10.938933022802292","10.983113608972246","10.983113608972246","10.983113608972246","10.689339748791822","10.689339748791822","10.689339748791822"
"3990","12.221418663587537","12.221418663587537","12.221418663587537","11.925536689472763","11.925536689472763","11.925536689472763","11.777189753363045","11.777189753363045","11.777189753363045","11.964730028297184","11.964730028297184","11.964730028297184","12.016181685921456","12.016181685921456","12.016181685921456","11.700347806584917","11.700347806584917","11.700347806584917"
"4000","11.738739488665207","11.738739488665207","11.738739488665207","11.448962478937755","11.448962478937755","11.448962478937755","11.310461372911302","11.310461372911302","11.310461372911302","11.495520913931946","11.495520913931946","11.495520913931946","11.546848739381325","11.546848739381325","11.546848739381325","11.202631012759861","11.202631012759861","11.202631012759861"
"4010","11.641435625983418","11.641435625983418","11.641435625983418","11.369970072157802","11.369970072157802","11.369970072157802","11.202217028527196","11.202217028527196","11.202217028527196","11.401779782569275","11.401779782569275","11.401779782569275","11.442358642451776","11.442358642451776","11.442358642451776","11.138101303110496","11.138101303110496","11.138101303110496"
"4020","8.518449369640507","8.518449369640507","8.518449369640507","8.341937071052051","8.341937071052051","8.341937071052051","8.255978424030816","8.255978424030816","8.255978424030816","8.37030475527572","8.37030475527572","8.37030475527572","8.396600563295268","8.396600563295268","8.396600563295268","8.174800700615734","8.174800700615734","8.174800700615734"
"4030","11.495244101942818","11.495244101942818","11.495244101942818","11.218111640870436","11.218111640870436","11.218111640870436","11.082905237089454","11.082905237089454","11.082905237089454","11.24666993106974","11.24666993106974","11.24666993106974","11.305886127389702","11.305886127389702","11.305886127389702","10.998584581592285","10.998584581592285","10.998584581592285"
"4040","10.652104362531754","10.652104362531754","10.652104362531754","10.385919578385563","10.385919578385563","10.385919578385563","10.25908223940421","10.25908223940421","10.25908223940421","10.434949726413373","10.434949726413373","10.434949726413373","10.496391609104238","10.496391609104238","10.496391609104238","10.149089576750256","10.149089576750256","10.149089576750256"
"4050","11.405208195438686","11.405208195438686","11.405208195438686","11.102568684876871","11.102568684876871","11.102568684876871","10.963815948300141","10.963815948300141","10.963815948300141","11.154021952605452","11.154021952605452","11.154021952605452","11.22948447833571","11.22948447833571","11.22948447833571","10.889645417326447","10.889645417326447","10.889645417326447"
"4060","10.083327160382803","10.083327160382803","10.083327160382803","9.859427146169857","9.859427146169857","9.859427146169857","9.747677363234072","9.747677363234072","9.747677363234072","9.886966030332665","9.886966030332665","9.886966030332665","9.930803808582835","9.930803808582835","9.930803808582835","9.655388334699284","9.655388334699284","9.655388334699284"
"4070","11.62719474913825","11.62719474913825","11.62719474913825","11.32000875300393","11.32000875300393","11.32000875300393","11.179444785782334","11.179444785782334","11.179444785782334","11.371699701827925","11.371699701827925","11.371699701827925","11.426549490666567","11.426549490666567","11.426549490666567","11.056800342641338","11.056800342641338","11.056800342641338"
"4080","12.395154282478767","12.395154282478767","12.395154282478767","12.066111142243464","12.066111142243464","12.066111142243464","11.913248727153848","11.913248727153848","11.913248727153848","12.104473513436583","12.104473513436583","12.104473513436583","12.173040471384574","12.173040471384574","12.173040471384574","11.81058082235581","11.81058082235581","11.81058082235581"
"4090","10.828325497000558","10.828325497000558","10.828325497000558","10.655238763522703","10.655238763522703","10.655238763522703","10.569783580582357","10.569783580582357","10.569783580582357","10.716265769210631","10.716265769210631","10.716265769210631","10.720737876601506","10.720737876601506","10.720737876601506","10.375843874242486","10.375843874242486","10.375843874242486"
"4100","10.801635536874937","10.801635536874937","10.801635536874937","10.509129726553057","10.509129726553057","10.509129726553057","10.379807649082858","10.379807649082858","10.379807649082858","10.528226986475675","10.528226986475675","10.528226986475675","10.554664127821678","10.554664127821678","10.554664127821678","10.277244844082835","10.277244844082835","10.277244844082835"
"4110","11.447963472321538","11.447963472321538","11.447963472321538","11.171707179886887","11.171707179886887","11.171707179886887","11.064152362651278","11.064152362651278","11.064152362651278","11.242578835951228","11.242578835951228","11.242578835951228","11.260267556004239","11.260267556004239","11.260267556004239","10.960384333098382","10.960384333098382","10.960384333098382"
"4120","12.960791337916632","12.960791337916632","12.960791337916632","12.638918637116586","12.638918637116586","12.638918637116586","12.506344271612225","12.506344271612225","12.506344271612225","12.704756512299703","12.704756512299703","12.704756512299703","12.73426945289975","12.73426945289975","12.73426945289975","12.38816416804035","12.38816416804035","12.38816416804035"
"4130","8.670249483266204","8.670249483266204","8.670249483266204","8.487944316674653","8.487944316674653","8.487944316674653","8.401540717054258","8.401540717054258","8.401540717054258","8.52696942863825","8.52696942863825","8.52696942863825","8.541570637043023","8.541570637043023","8.541570637043023","8.2710029340707","8.2710029340707","8.2710029340707"
"4140","11.964342079091987","11.964342079091987","11.964342079091987","11.712050365264375","11.712050365264375","11.712050365264375","11.521249636451355","11.521249636451355","11.521249636451355","11.737687212002196","11.737687212002196","11.737687212002196","11.763590523487078","11.763590523487078","11.763590523487078","11.436988331505741","11.436988331505741","11.436988331505741"
"4150","11.288521373132943","11.288521373132943","11.288521373132943","11.05009338448936","11.05009338448936","11.05009338448936","10.90092696098465","10.90092696098465","10.90092696098465","11.08117461953329","11.08117461953329","11.08117461953329","11.12038178175005","11.12038178175005","11.12038178175005","10.848455424974484","10.848455424974484","10.848455424974484"
"4160","11.95248147268157","11.95248147268157","11.95248147268157","11.669340935948526","11.669340935948526","11.669340935948526","11.537140298061574","11.537140298061574","11.537140298061574","11.696431891287757","11.696431891287757","11.696431891287757","11.76440390258178","11.76440390258178","11.76440390258178","11.464682370178132","11.464682370178132","11.464682370178132"
"4170","12.34144727694408","12.34144727694408","12.34144727694408","12.06935946975578","12.06935946975578","12.06935946975578","11.920837690980916","11.920837690980916","11.920837690980916","12.094650904713124","12.094650904713124","12.094650904713124","12.140937235593082","12.140937235593082","12.140937235593082","11.798042817429707","11.798042817429707","11.798042817429707"
"4180","12.501511797120289","12.501511797120289","12.501511797120289","12.209081981275602","12.209081981275602","12.209081981275602","12.053638099888236","12.053638099888236","12.053638099888236","12.245466682605572","12.245466682605572","12.245466682605572","12.28678065633348","12.28678065633348","12.28678065633348","11.961301677620447","11.961301677620447","11.961301677620447"
"4190","9.03337296995998","9.03337296995998","9.03337296995998","8.814140168987048","8.814140168987048","8.814140168987048","8.73449976432193","8.73449976432193","8.73449976432193","8.84730873986287","8.84730873986287","8.84730873986287","8.875632097277174","8.875632097277174","8.875632097277174","8.63187947273315","8.63187947273315","8.63187947273315"
"4200","8.879225988971564","8.879225988971564","8.879225988971564","8.706606021317048","8.706606021317048","8.706606021317048","8.612063129722241","8.612063129722241","8.612063129722241","8.718385939314741","8.718385939314741","8.718385939314741","8.744430443214739","8.744430443214739","8.744430443214739","8.533939325318023","8.533939325318023","8.533939325318023"
"4210","10.978749306218118","10.978749306218118","10.978749306218118","10.711366482232137","10.711366482232137","10.711366482232137","10.594266289552465","10.594266289552465","10.594266289552465","10.737971641123512","10.737971641123512","10.737971641123512","10.780253321897503","10.780253321897503","10.780253321897503","10.474552217034043","10.474552217034043","10.474552217034043"
"4220","10.327903991984524","10.327903991984524","10.327903991984524","10.114206319960074","10.114206319960074","10.114206319960074","9.981459027216236","9.981459027216236","9.981459027216236","10.145163112227987","10.145163112227987","10.145163112227987","10.161631529116592","10.161631529116592","10.161631529116592","9.914328909231486","9.914328909231486","9.914328909231486"
"4230","11.791077388951821","11.791077388951821","11.791077388951821","11.49481930442843","11.49481930442843","11.49481930442843","11.341039203788677","11.341039203788677","11.341039203788677","11.527956721957418","11.527956721957418","11.527956721957418","11.594496304599968","11.594496304599968","11.594496304599968","11.225870681004448","11.225870681004448","11.225870681004448"
"4240","11.402717667807915","11.402717667807915","11.402717667807915","11.127224254513553","11.127224254513553","11.127224254513553","10.972811719105719","10.972811719105719","10.972811719105719","11.140233898066882","11.140233898066882","11.140233898066882","11.197319821514014","11.197319821514014","11.197319821514014","10.86574165141917","10.86574165141917","10.86574165141917"
"4250","11.34083911588427","11.34083911588427","11.34083911588427","11.048697162497067","11.048697162497067","11.048697162497067","10.947743936853826","10.947743936853826","10.947743936853826","11.07700375313481","11.07700375313481","11.07700375313481","11.164134632489207","11.164134632489207","11.164134632489207","10.833087150457072","10.833087150457072","10.833087150457072"
"4260","11.79736774731867","11.79736774731867","11.79736774731867","11.52049701592355","11.52049701592355","11.52049701592355","11.40915717698484","11.40915717698484","11.40915717698484","11.552485471505552","11.552485471505552","11.552485471505552","11.615950848186333","11.615950848186333","11.615950848186333","11.292532261418776","11.292532261418776","11.292532261418776"
"4270","10.204285599358","10.204285599358","10.204285599358","9.965876601170855","9.965876601170855","9.965876601170855","9.856174354737753","9.856174354737753","9.856174354737753","9.982813205511729","9.982813205511729","9.982813205511729","10.0378515846616","10.0378515846616","10.0378515846616","9.763265445414266","9.763265445414266","9.763265445414266"
"4280","10.005452054177383","10.005452054177383","10.005452054177383","9.768522906131542","9.768522906131542","9.768522906131542","9.66291658439026","9.66291658439026","9.66291658439026","9.789931184327138","9.789931184327138","9.789931184327138","9.838085033373341","9.838085033373341","9.838085033373341","9.583694562917747","9.583694562917747","9.583694562917747"
"4290","9.969474590417265","9.969474590417265","9.969474590417265","9.771935483194307","9.771935483194307","9.771935483194307","9.665398115869356","9.665398115869356","9.665398115869356","9.791656237287906","9.791656237287906","9.791656237287906","9.842415931204561","9.842415931204561","9.842415931204561","9.557934660696137","9.557934660696137","9.557934660696137"
"4300","11.06068143147483","11.06068143147483","11.06068143147483","10.807209946906925","10.807209946906925","10.807209946906925","10.6952616404522","10.6952616404522","10.6952616404522","10.816925666325693","10.816925666325693","10.816925666325693","10.891696682590965","10.891696682590965","10.891696682590965","10.578231584714787","10.578231584714787","10.578231584714787"
"4310","17.446286295537934","17.446286295537934","17.446286295537934","17.13901135852812","17.13901135852812","17.13901135852812","16.919243342257207","16.919243342257207","16.919243342257207","17.12451944282123","17.12451944282123","17.12451944282123","17.21338690240216","17.21338690240216","17.21338690240216","16.70892093103059","16.70892093103059","16.70892093103059"
"4320","10.62709779668431","10.62709779668431","10.62709779668431","10.364441006897398","10.364441006897398","10.364441006897398","10.267081185694224","10.267081185694224","10.267081185694224","10.396922189506318","10.396922189506318","10.396922189506318","10.456325114247116","10.456325114247116","10.456325114247116","10.171179112604971","10.171179112604971","10.171179112604971"
"4330","10.818473150636326","10.818473150636326","10.818473150636326","10.56302701309452","10.56302701309452","10.56302701309452","10.446308127019032","10.446308127019032","10.446308127019032","10.584245853691822","10.584245853691822","10.584245853691822","10.632386939260588","10.632386939260588","10.632386939260588","10.358919624813991","10.358919624813991","10.358919624813991"
"4340","8.894271342671006","8.894271342671006","8.894271342671006","8.72476965462038","8.72476965462038","8.72476965462038","8.637773539383295","8.637773539383295","8.637773539383295","8.735353617533436","8.735353617533436","8.735353617533436","8.78121946899994","8.78121946899994","8.78121946899994","8.570092061131763","8.570092061131763","8.570092061131763"
"4350","11.46146561764844","11.46146561764844","11.46146561764844","11.188326717440269","11.188326717440269","11.188326717440269","11.087435185676371","11.087435185676371","11.087435185676371","11.218940799445175","11.218940799445175","11.218940799445175","11.271043552841418","11.271043552841418","11.271043552841418","10.956507090708033","10.956507090708033","10.956507090708033"
"4360","10.501347797693974","10.501347797693974","10.501347797693974","10.244448748462494","10.244448748462494","10.244448748462494","10.182782066493763","10.182782066493763","10.182782066493763","10.35272978932098","10.35272978932098","10.35272978932098","10.385983959686012","10.385983959686012","10.385983959686012","10.065742442976166","10.065742442976166","10.065742442976166"
"4370","11.70377670310942","11.70377670310942","11.70377670310942","11.441619359124164","11.441619359124164","11.441619359124164","11.319703781366655","11.319703781366655","11.319703781366655","11.481781550330213","11.481781550330213","11.481781550330213","11.508700487462937","11.508700487462937","11.508700487462937","11.236447662417683","11.236447662417683","11.236447662417683"
"4380","11.448492989561206","11.448492989561206","11.448492989561206","11.185664864187249","11.185664864187249","11.185664864187249","11.072029295207884","11.072029295207884","11.072029295207884","11.234184154119196","11.234184154119196","11.234184154119196","11.271500390551543","11.271500390551543","11.271500390551543","10.965742618925646","10.965742618925646","10.965742618925646"
"4390","11.399080734719153","11.399080734719153","11.399080734719153","11.105470240239027","11.105470240239027","11.105470240239027","10.996180225679131","10.996180225679131","10.996180225679131","11.146891919950663","11.146891919950663","11.146891919950663","11.199714752822832","11.199714752822832","11.199714752822832","10.860408925996722","10.860408925996722","10.860408925996722"
"4400","9.024904192166607","9.024904192166607","9.024904192166607","8.852676586505583","8.852676586505583","8.852676586505583","8.761879131469632","8.761879131469632","8.761879131469632","8.86895191938862","8.86895191938862","8.86895191938862","8.896508814366753","8.896508814366753","8.896508814366753","8.67047480538727","8.67047480538727","8.67047480538727"
"4410","11.225150737390504","11.225150737390504","11.225150737390504","10.984920576654357","10.984920576654357","10.984920576654357","10.84171716900144","10.84171716900144","10.84171716900144","11.001792081629059","11.001792081629059","11.001792081629059","11.037033751969876","11.037033751969876","11.037033751969876","10.731199668300281","10.731199668300281","10.731199668300281"
"4420","18.195183247300307","18.195183247300307","18.195183247300307","18.00944460096828","18.00944460096828","18.00944460096828","17.82033283245259","17.82033283245259","17.82033283245259","17.888552721098662","17.888552721098662","17.888552721098662","17.92837202157531","17.92837202157531","17.92837202157531","17.541829056173302","17.541829056173302","17.541829056173302"
"4430","11.245002214560762","11.245002214560762","11.245002214560762","10.999796135628554","10.999796135628554","10.999796135628554","10.8760156229077","10.8760156229077","10.8760156229077","11.019934796131794","11.019934796131794","11.019934796131794","11.065677173615352","11.065677173615352","11.065677173615352","10.776442370261853","10.776442370261853","10.776442370261853"
"4440","10.493356473328847","10.493356473328847","10.493356473328847","10.268863384553631","10.268863384553631","10.268863384553631","10.172862200506932","10.172862200506932","10.172862200506932","10.287401394781151","10.287401394781151","10.287401394781151","10.345941768779909","10.345941768779909","10.345941768779909","10.062423983713806","10.062423983713806","10.062423983713806"
"4450","9.742017676217875","9.742017676217875","9.742017676217875","9.58581749876509","9.58581749876509","9.58581749876509","9.512705502928116","9.512705502928116","9.512705502928116","9.598024927822586","9.598024927822586","9.598024927822586","9.62861614890524","9.62861614890524","9.62861614890524","9.346255808577927","9.346255808577927","9.346255808577927"
"4460","14.01756577214562","14.01756577214562","14.01756577214562","13.767505136798295","13.767505136798295","13.767505136798295","13.631211769982919","13.631211769982919","13.631211769982919","13.788229564194332","13.788229564194332","13.788229564194332","13.828219127157732","13.828219127157732","13.828219127157732","13.475419815155618","13.475419815155618","13.475419815155618"
"4470","12.421018850609753","12.421018850609753","12.421018850609753","12.174297223066418","12.174297223066418","12.174297223066418","12.03023927866825","12.03023927866825","12.03023927866825","12.167008128473444","12.167008128473444","12.167008128473444","12.231175088842642","12.231175088842642","12.231175088842642","11.921264020981843","11.921264020981843","11.921264020981843"
"4480","11.858813385440339","11.858813385440339","11.858813385440339","11.627915527683395","11.627915527683395","11.627915527683395","11.479126511410689","11.479126511410689","11.479126511410689","11.629770351728139","11.629770351728139","11.629770351728139","11.665415929365022","11.665415929365022","11.665415929365022","11.354074148812847","11.354074148812847","11.354074148812847"
"4490","11.925747093272758","11.925747093272758","11.925747093272758","11.656991779341071","11.656991779341071","11.656991779341071","11.522477557227463","11.522477557227463","11.522477557227463","11.683956566560974","11.683956566560974","11.683956566560974","11.72989322798221","11.72989322798221","11.72989322798221","11.388880140368967","11.388880140368967","11.388880140368967"
"4500","11.638776967530474","11.638776967530474","11.638776967530474","11.400466872832355","11.400466872832355","11.400466872832355","11.269178772146235","11.269178772146235","11.269178772146235","11.415192076394165","11.415192076394165","11.415192076394165","11.477700707872621","11.477700707872621","11.477700707872621","11.155833100683646","11.155833100683646","11.155833100683646"
"4510","11.015923551915137","11.015923551915137","11.015923551915137","10.779525976247418","10.779525976247418","10.779525976247418","10.666241862181622","10.666241862181622","10.666241862181622","10.790750037057062","10.790750037057062","10.790750037057062","10.842123000684866","10.842123000684866","10.842123000684866","10.535654554794117","10.535654554794117","10.535654554794117"
"4520","8.921441074796267","8.921441074796267","8.921441074796267","8.73012143389924","8.73012143389924","8.73012143389924","8.641446240313321","8.641446240313321","8.641446240313321","8.725243941069197","8.725243941069197","8.725243941069197","8.775422095303904","8.775422095303904","8.775422095303904","8.514757890635366","8.514757890635366","8.514757890635366"
"4530","11.283443856378119","11.283443856378119","11.283443856378119","11.02709667074007","11.02709667074007","11.02709667074007","10.925916197590457","10.925916197590457","10.925916197590457","11.03159328797465","11.03159328797465","11.03159328797465","11.097365787045348","11.097365787045348","11.097365787045348","10.785878414304818","10.785878414304818","10.785878414304818"
"4540","10.334608722690184","10.334608722690184","10.334608722690184","10.11065251918382","10.11065251918382","10.11065251918382","10.00249448916385","10.00249448916385","10.00249448916385","10.126876588074625","10.126876588074625","10.126876588074625","10.175991446860818","10.175991446860818","10.175991446860818","9.903034210180701","9.903034210180701","9.903034210180701"
"4550","10.746054458102213","10.746054458102213","10.746054458102213","10.487813924133647","10.487813924133647","10.487813924133647","10.381807430802622","10.381807430802622","10.381807430802622","10.493986948675978","10.493986948675978","10.493986948675978","10.562304250739864","10.562304250739864","10.562304250739864","10.281695527096133","10.281695527096133","10.281695527096133"
"4560","13.146708172027726","13.146708172027726","13.146708172027726","12.87255876871517","12.87255876871517","12.87255876871517","12.771037825823797","12.771037825823797","12.771037825823797","12.873077449826546","12.873077449826546","12.873077449826546","12.915548088545277","12.915548088545277","12.915548088545277","12.600658866043517","12.600658866043517","12.600658866043517"
"4570","11.27804595136454","11.27804595136454","11.27804595136454","11.056162413561148","11.056162413561148","11.056162413561148","10.913393611165208","10.913393611165208","10.913393611165208","11.046302920806776","11.046302920806776","11.046302920806776","11.082276370748191","11.082276370748191","11.082276370748191","10.80833084327439","10.80833084327439","10.80833084327439"
"4580","12.127004721923756","12.127004721923756","12.127004721923756","11.895163822532185","11.895163822532185","11.895163822532185","11.783812645050462","11.783812645050462","11.783812645050462","11.87121784843143","11.87121784843143","11.87121784843143","11.918601129408769","11.918601129408769","11.918601129408769","11.59077609543265","11.59077609543265","11.59077609543265"
"4590","8.856358312534375","8.856358312534375","8.856358312534375","8.678741351127606","8.678741351127606","8.678741351127606","8.598878881307076","8.598878881307076","8.598878881307076","8.703497003223278","8.703497003223278","8.703497003223278","8.733371140119079","8.733371140119079","8.733371140119079","8.509000511014797","8.509000511014797","8.509000511014797"
"4600","11.548511661007621","11.548511661007621","11.548511661007621","11.259902448572786","11.259902448572786","11.259902448572786","11.131241526130726","11.131241526130726","11.131241526130726","11.287205358561836","11.287205358561836","11.287205358561836","11.343605508918268","11.343605508918268","11.343605508918268","11.060507386095438","11.060507386095438","11.060507386095438"
"4610","11.720913908786207","11.720913908786207","11.720913908786207","11.475571910574434","11.475571910574434","11.475571910574434","11.345130964315828","11.345130964315828","11.345130964315828","11.485598217779929","11.485598217779929","11.485598217779929","11.525340466813597","11.525340466813597","11.525340466813597","11.249340937596674","11.249340937596674","11.249340937596674"
"4620","9.854461430084346","9.854461430084346","9.854461430084346","9.637872027995021","9.637872027995021","9.637872027995021","9.546338106776346","9.546338106776346","9.546338106776346","9.647877451326746","9.647877451326746","9.647877451326746","9.691202723612866","9.691202723612866","9.691202723612866","9.448504958251318","9.448504958251318","9.448504958251318"
"4630","11.473172698577772","11.473172698577772","11.473172698577772","11.2098394606039","11.2098394606039","11.2098394606039","11.082046499941296","11.082046499941296","11.082046499941296","11.221123651777106","11.221123651777106","11.221123651777106","11.277559271745615","11.277559271745615","11.277559271745615","11.000315413926694","11.000315413926694","11.000315413926694"
"4640","10.713430142331537","10.713430142331537","10.713430142331537","10.488589104585033","10.488589104585033","10.488589104585033","10.379951184936763","10.379951184936763","10.379951184936763","10.513994166845041","10.513994166845041","10.513994166845041","10.549514256437163","10.549514256437163","10.549514256437163","10.262475341108901","10.262475341108901","10.262475341108901"
"4650","8.802505794791669","8.802505794791669","8.802505794791669","8.63506378661686","8.63506378661686","8.63506378661686","8.543232557514548","8.543232557514548","8.543232557514548","8.63936766647272","8.63936766647272","8.63936766647272","8.682512203631305","8.682512203631305","8.682512203631305","8.468242373599841","8.468242373599841","8.468242373599841"
"4660","9.465361154848624","9.465361154848624","9.465361154848624","9.305242450656296","9.305242450656296","9.305242450656296","9.206973318853562","9.206973318853562","9.206973318853562","9.299728787704764","9.299728787704764","9.299728787704764","9.328415093279602","9.328415093279602","9.328415093279602","9.088362709123343","9.088362709123343","9.088362709123343"
"4670","13.639693485843084","13.639693485843084","13.639693485843084","13.363930682734917","13.363930682734917","13.363930682734917","13.21584026297025","13.21584026297025","13.21584026297025","13.380732559368491","13.380732559368491","13.380732559368491","13.4286170305173","13.4286170305173","13.4286170305173","13.072423090959367","13.072423090959367","13.072423090959367"
"4680","10.703605777140357","10.703605777140357","10.703605777140357","10.46752958897559","10.46752958897559","10.46752958897559","10.345095737369135","10.345095737369135","10.345095737369135","10.489786996075646","10.489786996075646","10.489786996075646","10.52816423353973","10.52816423353973","10.52816423353973","10.25098443136694","10.25098443136694","10.25098443136694"
"4690","10.35647979039479","10.35647979039479","10.35647979039479","10.142614022201709","10.142614022201709","10.142614022201709","10.028374162364829","10.028374162364829","10.028374162364829","10.113458809027732","10.113458809027732","10.113458809027732","10.200877687878572","10.200877687878572","10.200877687878572","9.90644654025993","9.90644654025993","9.90644654025993"
"4700","10.248027587469744","10.248027587469744","10.248027587469744","10.028445891142905","10.028445891142905","10.028445891142905","9.916243739891813","9.916243739891813","9.916243739891813","10.041961567951029","10.041961567951029","10.041961567951029","10.080224006158586","10.080224006158586","10.080224006158586","9.811709197221173","9.811709197221173","9.811709197221173"
"4710","11.924891284758555","11.924891284758555","11.924891284758555","11.667438074733896","11.667438074733896","11.667438074733896","11.522565467090073","11.522565467090073","11.522565467090073","11.675118187210034","11.675118187210034","11.675118187210034","11.7323685017766","11.7323685017766","11.7323685017766","11.460749691906154","11.460749691906154","11.460749691906154"
"4720","11.90000307049321","11.90000307049321","11.90000307049321","11.660391289640195","11.660391289640195","11.660391289640195","11.488057546287987","11.488057546287987","11.488057546287987","11.633026019743834","11.633026019743834","11.633026019743834","11.706335777637559","11.706335777637559","11.706335777637559","11.393415628668297","11.393415628668297","11.393415628668297"
"4730","11.252211099195451","11.252211099195451","11.252211099195451","11.005336368151756","11.005336368151756","11.005336368151756","10.912404912750238","10.912404912750238","10.912404912750238","11.01498071436369","11.01498071436369","11.01498071436369","11.068001727467452","11.068001727467452","11.068001727467452","10.802346345986237","10.802346345986237","10.802346345986237"
"4740","10.798079618376908","10.798079618376908","10.798079618376908","10.617889264337071","10.617889264337071","10.617889264337071","10.477357091694195","10.477357091694195","10.477357091694195","10.583607432289876","10.583607432289876","10.583607432289876","10.62053248144629","10.62053248144629","10.62053248144629","10.359561782030546","10.359561782030546","10.359561782030546"
"4750","10.621874596340232","10.621874596340232","10.621874596340232","10.385503585757096","10.385503585757096","10.385503585757096","10.283083083252745","10.283083083252745","10.283083083252745","10.40726152527766","10.40726152527766","10.40726152527766","10.432066665023","10.432066665023","10.432066665023","10.20068555546564","10.20068555546564","10.20068555546564"
"4760","8.66806064927458","8.66806064927458","8.66806064927458","8.51182290600048","8.51182290600048","8.51182290600048","8.431506072711414","8.431506072711414","8.431506072711414","8.522020539691848","8.522020539691848","8.522020539691848","8.55173458753536","8.55173458753536","8.55173458753536","8.379855327551141","8.379855327551141","8.379855327551141"
"4770","13.199796164706363","13.199796164706363","13.199796164706363","12.964555618280041","12.964555618280041","12.964555618280041","12.806923019610727","12.806923019610727","12.806923019610727","12.933516012245603","12.933516012245603","12.933516012245603","12.996837870103388","12.996837870103388","12.996837870103388","12.67658733164817","12.67658733164817","12.67658733164817"
"4780","10.317434404895492","10.317434404895492","10.317434404895492","10.096182605004579","10.096182605004579","10.096182605004579","9.9945777676416","9.9945777676416","9.9945777676416","10.100740306881125","10.100740306881125","10.100740306881125","10.140428216152303","10.140428216152303","10.140428216152303","9.85783117001178","9.85783117001178","9.85783117001178"
"4790","9.619513646415445","9.619513646415445","9.619513646415445","9.44324636967364","9.44324636967364","9.44324636967364","9.35004695134664","9.35004695134664","9.35004695134664","9.443599853214252","9.443599853214252","9.443599853214252","9.48254810672798","9.48254810672798","9.48254810672798","9.231410965294774","9.231410965294774","9.231410965294774"
"4800","13.173848877348911","13.173848877348911","13.173848877348911","12.902033928355374","12.902033928355374","12.902033928355374","12.75159299040093","12.75159299040093","12.75159299040093","12.883535325351476","12.883535325351476","12.883535325351476","12.965019275210203","12.965019275210203","12.965019275210203","12.600079062765142","12.600079062765142","12.600079062765142"
"4810","9.935109198616754","9.935109198616754","9.935109198616754","9.687732879633387","9.687732879633387","9.687732879633387","9.560193207600385","9.560193207600385","9.560193207600385","9.644901408621358","9.644901408621358","9.644901408621358","9.694669187602708","9.694669187602708","9.694669187602708","9.563754180466791","9.563754180466791","9.563754180466791"
"4820","9.10417266823863","9.10417266823863","9.10417266823863","8.94014028570254","8.94014028570254","8.94014028570254","8.854337818058601","8.854337818058601","8.854337818058601","8.967554898699639","8.967554898699639","8.967554898699639","8.97524655744493","8.97524655744493","8.97524655744493","8.751968282756597","8.751968282756597","8.751968282756597"
"4830","11.858437352331169","11.858437352331169","11.858437352331169","11.587593030844866","11.587593030844866","11.587593030844866","11.469860586113493","11.469860586113493","11.469860586113493","11.595358811799372","11.595358811799372","11.595358811799372","11.664968156404674","11.664968156404674","11.664968156404674","11.368462960519297","11.368462960519297","11.368462960519297"
"4840","10.662903386062313","10.662903386062313","10.662903386062313","10.434996996352288","10.434996996352288","10.434996996352288","10.313032180518409","10.313032180518409","10.313032180518409","10.430455084881569","10.430455084881569","10.430455084881569","10.479460615955977","10.479460615955977","10.479460615955977","10.187157837914137","10.187157837914137","10.187157837914137"
"4850","12.197065996858939","12.197065996858939","12.197065996858939","11.921832484700762","11.921832484700762","11.921832484700762","11.790194701450758","11.790194701450758","11.790194701450758","11.933278580962597","11.933278580962597","11.933278580962597","11.986561006755075","11.986561006755075","11.986561006755075","11.674411183085125","11.674411183085125","11.674411183085125"
"4860","11.473232877921314","11.473232877921314","11.473232877921314","11.18456883418529","11.18456883418529","11.18456883418529","11.062292799800947","11.062292799800947","11.062292799800947","11.201746974656043","11.201746974656043","11.201746974656043","11.247206226868844","11.247206226868844","11.247206226868844","10.963732301341793","10.963732301341793","10.963732301341793"
"4870","9.25983796514372","9.25983796514372","9.25983796514372","9.066114925384012","9.066114925384012","9.066114925384012","8.97936246231737","8.97936246231737","8.97936246231737","9.087600015375433","9.087600015375433","9.087600015375433","9.106141618867156","9.106141618867156","9.106141618867156","8.916407797861522","8.916407797861522","8.916407797861522"
"4880","10.803610980718876","10.803610980718876","10.803610980718876","10.574948389206678","10.574948389206678","10.574948389206678","10.45565203072394","10.45565203072394","10.45565203072394","10.586100774643189","10.586100774643189","10.586100774643189","10.616856461725554","10.616856461725554","10.616856461725554","10.374626838999069","10.374626838999069","10.374626838999069"
"4890","11.296296793356163","11.296296793356163","11.296296793356163","11.049092301764427","11.049092301764427","11.049092301764427","10.932503474437588","10.932503474437588","10.932503474437588","11.062912619355291","11.062912619355291","11.062912619355291","11.105634401979305","11.105634401979305","11.105634401979305","10.844454888547633","10.844454888547633","10.844454888547633"
"4900","12.43116875748481","12.43116875748481","12.43116875748481","12.171957969447131","12.171957969447131","12.171957969447131","12.046984190228173","12.046984190228173","12.046984190228173","12.178013090700203","12.178013090700203","12.178013090700203","12.239281725485965","12.239281725485965","12.239281725485965","11.928286448058671","11.928286448058671","11.928286448058671"
"4910","10.322623571125966","10.322623571125966","10.322623571125966","10.118998936099949","10.118998936099949","10.118998936099949","10.017802172842254","10.017802172842254","10.017802172842254","10.128883182770016","10.128883182770016","10.128883182770016","10.165292921151146","10.165292921151146","10.165292921151146","9.90756377292454","9.90756377292454","9.90756377292454"
"4920","9.909463121371175","9.909463121371175","9.909463121371175","9.665308244278261","9.665308244278261","9.665308244278261","9.616342299210787","9.616342299210787","9.616342299210787","9.680178372091513","9.680178372091513","9.680178372091513","9.73613378769808","9.73613378769808","9.73613378769808","9.51801638630545","9.51801638630545","9.51801638630545"
"4930","10.808217459966299","10.808217459966299","10.808217459966299","10.582827752458714","10.582827752458714","10.582827752458714","10.474884366905087","10.474884366905087","10.474884366905087","10.584621859018196","10.584621859018196","10.584621859018196","10.637468210063606","10.637468210063606","10.637468210063606","10.25461445127282","10.25461445127282","10.25461445127282"
"4940","11.871045200234501","11.871045200234501","11.871045200234501","11.628622488503629","11.628622488503629","11.628622488503629","11.493912208742602","11.493912208742602","11.493912208742602","11.618571051398098","11.618571051398098","11.618571051398098","11.66697631602633","11.66697631602633","11.66697631602633","11.354964794055583","11.354964794055583","11.354964794055583"
"4950","11.161587640649476","11.161587640649476","11.161587640649476","10.922775089851113","10.922775089851113","10.922775089851113","10.804801057350362","10.804801057350362","10.804801057350362","10.920775253094346","10.920775253094346","10.920775253094346","10.962234606012798","10.962234606012798","10.962234606012798","10.686312515343792","10.686312515343792","10.686312515343792"
"4960","11.25451848885747","11.25451848885747","11.25451848885747","11.027370096860794","11.027370096860794","11.027370096860794","10.89681094835919","10.89681094835919","10.89681094835919","11.027725035110688","11.027725035110688","11.027725035110688","11.083986019326112","11.083986019326112","11.083986019326112","10.794455383104907","10.794455383104907","10.794455383104907"
"4970","11.305158356821734","11.305158356821734","11.305158356821734","11.080242047635915","11.080242047635915","11.080242047635915","10.95530291661822","10.95530291661822","10.95530291661822","11.082672710923092","11.082672710923092","11.082672710923092","11.124351494646547","11.124351494646547","11.124351494646547","10.8390654200074","10.8390654200074","10.8390654200074"
"4980","8.768982502545379","8.768982502545379","8.768982502545379","8.586414917186039","8.586414917186039","8.586414917186039","8.509816089030599","8.509816089030599","8.509816089030599","8.58772929503785","8.58772929503785","8.58772929503785","8.62424149835392","8.62424149835392","8.62424149835392","8.41678999182269","8.41678999182269","8.41678999182269"
"4990","9.098162080376966","9.098162080376966","9.098162080376966","8.936249021936229","8.936249021936229","8.936249021936229","8.845235479211313","8.845235479211313","8.845235479211313","8.944766827742708","8.944766827742708","8.944766827742708","8.974086825260532","8.974086825260532","8.974086825260532","8.761653522938804","8.761653522938804","8.761653522938804"
"5000","11.377505915226921","11.377505915226921","11.377505915226921","11.143567725422843","11.143567725422843","11.143567725422843","11.017037202159822","11.017037202159822","11.017037202159822","11.152697686843196","11.152697686843196","11.152697686843196","11.191266694108348","11.191266694108348","11.191266694108348","10.911182172824914","10.911182172824914","10.911182172824914"
"5010","10.083541123328406","10.083541123328406","10.083541123328406","9.887739234101804","9.887739234101804","9.887739234101804","9.781186879476786","9.781186879476786","9.781186879476786","9.898270722295356","9.898270722295356","9.898270722295356","9.943199282383603","9.943199282383603","9.943199282383603","9.66204347649702","9.66204347649702","9.66204347649702"
"5020","10.568868848265996","10.568868848265996","10.568868848265996","10.370734274462809","10.370734274462809","10.370734274462809","10.24618793251804","10.24618793251804","10.24618793251804","10.362669397337905","10.362669397337905","10.362669397337905","10.404946744299046","10.404946744299046","10.404946744299046","10.08580123391367","10.08580123391367","10.08580123391367"
"5030","10.157879426012984","10.157879426012984","10.157879426012984","9.977564111580236","9.977564111580236","9.977564111580236","9.887053248463888","9.887053248463888","9.887053248463888","10.03023927734432","10.03023927734432","10.03023927734432","10.018229710963794","10.018229710963794","10.018229710963794","9.798594531770291","9.798594531770291","9.798594531770291"
"5040","10.633299563516758","10.633299563516758","10.633299563516758","10.421943707368213","10.421943707368213","10.421943707368213","10.303889430807534","10.303889430807534","10.303889430807534","10.411649361007013","10.411649361007013","10.411649361007013","10.462327444470079","10.462327444470079","10.462327444470079","10.188102687922491","10.188102687922491","10.188102687922491"
"5050","10.537666775455069","10.537666775455069","10.537666775455069","10.336129099517102","10.336129099517102","10.336129099517102","10.225522479455405","10.225522479455405","10.225522479455405","10.332327345050295","10.332327345050295","10.332327345050295","10.377063526339318","10.377063526339318","10.377063526339318","10.095053730007528","10.095053730007528","10.095053730007528"
"5060","11.85122717486854","11.85122717486854","11.85122717486854","11.643400870300498","11.643400870300498","11.643400870300498","11.494863153767836","11.494863153767836","11.494863153767836","11.628020875982342","11.628020875982342","11.628020875982342","11.682073603814237","11.682073603814237","11.682073603814237","11.362414839299197","11.362414839299197","11.362414839299197"
"5070","10.088345666471186","10.088345666471186","10.088345666471186","9.884882452938834","9.884882452938834","9.884882452938834","9.787097995166553","9.787097995166553","9.787097995166553","9.887220615140729","9.887220615140729","9.887220615140729","9.966568055747446","9.966568055747446","9.966568055747446","9.704273141072571","9.704273141072571","9.704273141072571"
"5080","10.686888337147778","10.686888337147778","10.686888337147778","10.48089735084835","10.48089735084835","10.48089735084835","10.364100004116095","10.364100004116095","10.364100004116095","10.474075238273889","10.474075238273889","10.474075238273889","10.535707304737738","10.535707304737738","10.535707304737738","10.24900251859135","10.24900251859135","10.24900251859135"
"5090","10.934737483397797","10.934737483397797","10.934737483397797","10.695172392606652","10.695172392606652","10.695172392606652","10.567372184319801","10.567372184319801","10.567372184319801","10.709415565293467","10.709415565293467","10.709415565293467","10.750141719360562","10.750141719360562","10.750141719360562","10.483096561322249","10.483096561322249","10.483096561322249"
"5100","10.248139980814162","10.248139980814162","10.248139980814162","10.047486484061967","10.047486484061967","10.047486484061967","9.933787543776536","9.933787543776536","9.933787543776536","10.044849376492339","10.044849376492339","10.044849376492339","10.077941117652442","10.077941117652442","10.077941117652442","9.836281445962863","9.836281445962863","9.836281445962863"
"5110","11.177571175502298","11.177571175502298","11.177571175502298","10.913825544375028","10.913825544375028","10.913825544375028","10.795052474520038","10.795052474520038","10.795052474520038","10.940349282839163","10.940349282839163","10.940349282839163","10.978670780364652","10.978670780364652","10.978670780364652","10.68623098556054","10.68623098556054","10.68623098556054"
"5120","10.22848990061657","10.22848990061657","10.22848990061657","10.00179338826206","10.00179338826206","10.00179338826206","9.896250826934013","9.896250826934013","9.896250826934013","10.022670976280722","10.022670976280722","10.022670976280722","10.05968941688991","10.05968941688991","10.05968941688991","9.796515563731784","9.796515563731784","9.796515563731784"
"5130","10.410837670526798","10.410837670526798","10.410837670526798","10.190636484333902","10.190636484333902","10.190636484333902","10.079132961249316","10.079132961249316","10.079132961249316","10.200204024306235","10.200204024306235","10.200204024306235","10.243935843250645","10.243935843250645","10.243935843250645","9.96285234830817","9.96285234830817","9.96285234830817"
"5140","11.29398622374067","11.29398622374067","11.29398622374067","11.079251441083226","11.079251441083226","11.079251441083226","10.950111594859763","10.950111594859763","10.950111594859763","11.0767607871579","11.0767607871579","11.0767607871579","11.11213132945354","11.11213132945354","11.11213132945354","10.838775989599192","10.838775989599192","10.838775989599192"
"5150","11.6946528700188","11.6946528700188","11.6946528700188","11.465904262083788","11.465904262083788","11.465904262083788","11.326852533475451","11.326852533475451","11.326852533475451","11.472450571075665","11.472450571075665","11.472450571075665","11.501670050726087","11.501670050726087","11.501670050726087","11.209043043965579","11.209043043965579","11.209043043965579"
"5160","11.367576677007456","11.367576677007456","11.367576677007456","11.143588980111778","11.143588980111778","11.143588980111778","11.027165026634652","11.027165026634652","11.027165026634652","11.147904521497708","11.147904521497708","11.147904521497708","11.205459869242125","11.205459869242125","11.205459869242125","10.909777491833427","10.909777491833427","10.909777491833427"
"5170","11.04141859163825","11.04141859163825","11.04141859163825","10.81958747641989","10.81958747641989","10.81958747641989","10.688093586748103","10.688093586748103","10.688093586748103","10.810467310207986","10.810467310207986","10.810467310207986","10.859122108575816","10.859122108575816","10.859122108575816","10.600494388847187","10.600494388847187","10.600494388847187"
"5180","10.196649179559392","10.196649179559392","10.196649179559392","9.984541299056465","9.984541299056465","9.984541299056465","9.868137875779881","9.868137875779881","9.868137875779881","10.000295963172077","10.000295963172077","10.000295963172077","10.035073452006127","10.035073452006127","10.035073452006127","9.77489013010222","9.77489013010222","9.77489013010222"
"5190","10.89687849662531","10.89687849662531","10.89687849662531","10.7343496654202","10.7343496654202","10.7343496654202","10.64106257015634","10.64106257015634","10.64106257015634","10.727004520020557","10.727004520020557","10.727004520020557","10.768996531227671","10.768996531227671","10.768996531227671","10.547255848429327","10.547255848429327","10.547255848429327"
"5200","10.170934190748623","10.170934190748623","10.170934190748623","9.977285791573088","9.977285791573088","9.977285791573088","9.876646723959405","9.876646723959405","9.876646723959405","9.977966143074923","9.977966143074923","9.977966143074923","10.028541530311747","10.028541530311747","10.028541530311747","9.781629972681436","9.781629972681436","9.781629972681436"
"5210","12.81593679832152","12.81593679832152","12.81593679832152","12.597450755600102","12.597450755600102","12.597450755600102","12.53895033782726","12.53895033782726","12.53895033782726","12.697065054454999","12.697065054454999","12.697065054454999","12.693475283584759","12.693475283584759","12.693475283584759","12.45546914036551","12.45546914036551","12.45546914036551"
"5220","8.13183084720943","8.13183084720943","8.13183084720943","8.002434192822987","8.002434192822987","8.002434192822987","7.917797044027504","7.917797044027504","7.917797044027504","8.007041259057816","8.007041259057816","8.007041259057816","8.027396320835068","8.027396320835068","8.027396320835068","7.8486784937857355","7.8486784937857355","7.8486784937857355"
"5230","7.7554855203897235","7.7554855203897235","7.7554855203897235","7.63138962113547","7.63138962113547","7.63138962113547","7.570507030208873","7.570507030208873","7.570507030208873","7.634841927019019","7.634841927019019","7.634841927019019","7.659249054179619","7.659249054179619","7.659249054179619","7.451431505048222","7.451431505048222","7.451431505048222"
"5240","10.496634357784197","10.496634357784197","10.496634357784197","10.305815615546324","10.305815615546324","10.305815615546324","10.193192783099672","10.193192783099672","10.193192783099672","10.30926350055063","10.30926350055063","10.30926350055063","10.342442163539092","10.342442163539092","10.342442163539092","10.066472026858992","10.066472026858992","10.066472026858992"
"5250","11.930789364709229","11.930789364709229","11.930789364709229","11.68587326631485","11.68587326631485","11.68587326631485","11.555295226854254","11.555295226854254","11.555295226854254","11.672457402230348","11.672457402230348","11.672457402230348","11.759956247529413","11.759956247529413","11.759956247529413","11.484363274792587","11.484363274792587","11.484363274792587"
"5260","9.87439110608348","9.87439110608348","9.87439110608348","9.671592050643804","9.671592050643804","9.671592050643804","9.573810482688893","9.573810482688893","9.573810482688893","9.68826182350416","9.68826182350416","9.68826182350416","9.723479462294419","9.723479462294419","9.723479462294419","9.453489242914982","9.453489242914982","9.453489242914982"
"5270","12.059266335946944","12.059266335946944","12.059266335946944","11.832635508201859","11.832635508201859","11.832635508201859","11.688687595743117","11.688687595743117","11.688687595743117","11.839868248752035","11.839868248752035","11.839868248752035","11.87484120946561","11.87484120946561","11.87484120946561","11.572198464981124","11.572198464981124","11.572198464981124"
"5280","11.285294853849667","11.285294853849667","11.285294853849667","11.065331566555788","11.065331566555788","11.065331566555788","10.942245741291234","10.942245741291234","10.942245741291234","11.063234411711973","11.063234411711973","11.063234411711973","11.10409879020308","11.10409879020308","11.10409879020308","10.837287612431592","10.837287612431592","10.837287612431592"
"5290","10.5660621474414","10.5660621474414","10.5660621474414","10.3591517847519","10.3591517847519","10.3591517847519","10.23527650884334","10.23527650884334","10.23527650884334","10.36144649630886","10.36144649630886","10.36144649630886","10.405971337313854","10.405971337313854","10.405971337313854","10.152509233366395","10.152509233366395","10.152509233366395"
"5300","11.275268664134042","11.275268664134042","11.275268664134042","11.065044008603675","11.065044008603675","11.065044008603675","10.91839831935362","10.91839831935362","10.91839831935362","11.035257677002205","11.035257677002205","11.035257677002205","11.101562848154405","11.101562848154405","11.101562848154405","10.79090954658405","10.79090954658405","10.79090954658405"
"5310","10.665044162192908","10.665044162192908","10.665044162192908","10.447760244204721","10.447760244204721","10.447760244204721","10.331709045431042","10.331709045431042","10.331709045431042","10.466995532744203","10.466995532744203","10.466995532744203","10.501139991287188","10.501139991287188","10.501139991287188","10.242306928906308","10.242306928906308","10.242306928906308"
"5320","13.849830721079236","13.849830721079236","13.849830721079236","13.671645552149196","13.671645552149196","13.671645552149196","13.54431370408476","13.54431370408476","13.54431370408476","13.704881389776181","13.704881389776181","13.704881389776181","13.722733547894894","13.722733547894894","13.722733547894894","13.402373319330058","13.402373319330058","13.402373319330058"
"5330","7.981609579782038","7.981609579782038","7.981609579782038","7.858175320057257","7.858175320057257","7.858175320057257","7.774038875063358","7.774038875063358","7.774038875063358","7.854837389827615","7.854837389827615","7.854837389827615","7.874895647777076","7.874895647777076","7.874895647777076","7.7130442966623445","7.7130442966623445","7.7130442966623445"
"5340","10.581220632565241","10.581220632565241","10.581220632565241","10.346908746542619","10.346908746542619","10.346908746542619","10.213751501280644","10.213751501280644","10.213751501280644","10.365224367369185","10.365224367369185","10.365224367369185","10.401866130518822","10.401866130518822","10.401866130518822","10.135637533172797","10.135637533172797","10.135637533172797"
"5350","11.335116474301149","11.335116474301149","11.335116474301149","11.110125961134587","11.110125961134587","11.110125961134587","10.986892867584995","10.986892867584995","10.986892867584995","11.108197758073128","11.108197758073128","11.108197758073128","11.159858040260048","11.159858040260048","11.159858040260048","10.86584268508162","10.86584268508162","10.86584268508162"
"5360","10.294052834504296","10.294052834504296","10.294052834504296","10.094331701319716","10.094331701319716","10.094331701319716","9.993095718070881","9.993095718070881","9.993095718070881","10.102096216818241","10.102096216818241","10.102096216818241","10.171850859252348","10.171850859252348","10.171850859252348","9.854950135433885","9.854950135433885","9.854950135433885"
"5370","11.018765684199927","11.018765684199927","11.018765684199927","10.798687208691039","10.798687208691039","10.798687208691039","10.6669107001011","10.6669107001011","10.6669107001011","10.79993339069865","10.79993339069865","10.79993339069865","10.828965771076176","10.828965771076176","10.828965771076176","10.569453461443128","10.569453461443128","10.569453461443128"
"5380","10.989903061691672","10.989903061691672","10.989903061691672","10.783682530913488","10.783682530913488","10.783682530913488","10.666997168901114","10.666997168901114","10.666997168901114","10.782515346342851","10.782515346342851","10.782515346342851","10.825191798320992","10.825191798320992","10.825191798320992","10.528056299364845","10.528056299364845","10.528056299364845"
"5390","10.081589180198469","10.081589180198469","10.081589180198469","9.89370530775472","9.89370530775472","9.89370530775472","9.789525059093265","9.789525059093265","9.789525059093265","9.898150366513383","9.898150366513383","9.898150366513383","9.921678198561738","9.921678198561738","9.921678198561738","9.699572883967733","9.699572883967733","9.699572883967733"
"5400","10.033255280291009","10.033255280291009","10.033255280291009","9.84581676348697","9.84581676348697","9.84581676348697","9.764697112855611","9.764697112855611","9.764697112855611","9.867563822109364","9.867563822109364","9.867563822109364","9.898089009226956","9.898089009226956","9.898089009226956","9.622961350684276","9.622961350684276","9.622961350684276"
"5410","10.27062630309015","10.27062630309015","10.27062630309015","10.070392045366779","10.070392045366779","10.070392045366779","9.980207349166644","9.980207349166644","9.980207349166644","10.091133735299511","10.091133735299511","10.091133735299511","10.120354884170235","10.120354884170235","10.120354884170235","9.83314413269217","9.83314413269217","9.83314413269217"
"5420","11.33438141749263","11.33438141749263","11.33438141749263","11.108136845023447","11.108136845023447","11.108136845023447","10.989130130737086","10.989130130737086","10.989130130737086","11.104067021167058","11.104067021167058","11.104067021167058","11.169925412021195","11.169925412021195","11.169925412021195","10.834239144628036","10.834239144628036","10.834239144628036"
"5430","10.910001188180475","10.910001188180475","10.910001188180475","10.7150445694203","10.7150445694203","10.7150445694203","10.590387263676647","10.590387263676647","10.590387263676647","10.709093851346852","10.709093851346852","10.709093851346852","10.755730584708358","10.755730584708358","10.755730584708358","10.48991454581675","10.48991454581675","10.48991454581675"
"5440","8.702046646384227","8.702046646384227","8.702046646384227","8.53376027802376","8.53376027802376","8.53376027802376","8.479040734418911","8.479040734418911","8.479040734418911","8.56226378790703","8.56226378790703","8.56226378790703","8.587604400018868","8.587604400018868","8.587604400018868","8.38028289188341","8.38028289188341","8.38028289188341"
"5450","9.523788894610284","9.523788894610284","9.523788894610284","9.36534524824287","9.36534524824287","9.36534524824287","9.257246467605379","9.257246467605379","9.257246467605379","9.35324643638034","9.35324643638034","9.35324643638034","9.386832228087197","9.386832228087197","9.386832228087197","9.159038720579902","9.159038720579902","9.159038720579902"
"5460","10.280668463904593","10.280668463904593","10.280668463904593","10.07961598638742","10.07961598638742","10.07961598638742","9.970066458069159","9.970066458069159","9.970066458069159","10.080421079725141","10.080421079725141","10.080421079725141","10.114729610486455","10.114729610486455","10.114729610486455","9.833734940311848","9.833734940311848","9.833734940311848"
"5470","8.880686820114304","8.880686820114304","8.880686820114304","8.730510668704664","8.730510668704664","8.730510668704664","8.643119350704948","8.643119350704948","8.643119350704948","8.728493912722723","8.728493912722723","8.728493912722723","8.762355435223512","8.762355435223512","8.762355435223512","8.567037918054911","8.567037918054911","8.567037918054911"
"5480","9.914283997889195","9.914283997889195","9.914283997889195","9.746989475400733","9.746989475400733","9.746989475400733","9.648038468996708","9.648038468996708","9.648038468996708","9.748265359896623","9.748265359896623","9.748265359896623","9.779260823359929","9.779260823359929","9.779260823359929","9.512496848689382","9.512496848689382","9.512496848689382"
"5490","10.165993364148854","10.165993364148854","10.165993364148854","9.987062566992908","9.987062566992908","9.987062566992908","9.882481226955843","9.882481226955843","9.882481226955843","9.985843517550785","9.985843517550785","9.985843517550785","10.018657267331736","10.018657267331736","10.018657267331736","9.741697151925164","9.741697151925164","9.741697151925164"
"5500","10.55166748752272","10.55166748752272","10.55166748752272","10.358356535090012","10.358356535090012","10.358356535090012","10.250515189279758","10.250515189279758","10.250515189279758","10.35601559548523","10.35601559548523","10.35601559548523","10.39487488626732","10.39487488626732","10.39487488626732","10.159119477214034","10.159119477214034","10.159119477214034"
"5510","10.709890494021378","10.709890494021378","10.709890494021378","10.509134737697806","10.509134737697806","10.509134737697806","10.393501981398247","10.393501981398247","10.393501981398247","10.50581788262027","10.50581788262027","10.50581788262027","10.545282023668262","10.545282023668262","10.545282023668262","10.287175748154551","10.287175748154551","10.287175748154551"
"5520","13.189028115883605","13.189028115883605","13.189028115883605","12.96913727622255","12.96913727622255","12.96913727622255","12.811956025339796","12.811956025339796","12.811956025339796","12.952651498788502","12.952651498788502","12.952651498788502","13.006524877152247","13.006524877152247","13.006524877152247","12.66656621301604","12.66656621301604","12.66656621301604"
"5530","8.847614602752687","8.847614602752687","8.847614602752687","8.693028323646201","8.693028323646201","8.693028323646201","8.6110652954683","8.6110652954683","8.6110652954683","8.687086197550357","8.687086197550357","8.687086197550357","8.726136418363126","8.726136418363126","8.726136418363126","8.47938036344247","8.47938036344247","8.47938036344247"
"5540","6.541449701198185","6.541449701198185","6.541449701198185","6.447197585915414","6.447197585915414","6.447197585915414","6.386465920153155","6.386465920153155","6.386465920153155","6.445689836059502","6.445689836059502","6.445689836059502","6.461876200918947","6.461876200918947","6.461876200918947","6.274566879077827","6.274566879077827","6.274566879077827"
"5550","8.540800886396493","8.540800886396493","8.540800886396493","8.412707308934753","8.412707308934753","8.412707308934753","8.31901305731448","8.31901305731448","8.31901305731448","8.403548046382422","8.403548046382422","8.403548046382422","8.428252142117579","8.428252142117579","8.428252142117579","8.211501107117607","8.211501107117607","8.211501107117607"
"5560","10.242490077263628","10.242490077263628","10.242490077263628","10.05517421155713","10.05517421155713","10.05517421155713","9.944455802795705","9.944455802795705","9.944455802795705","10.053819805486128","10.053819805486128","10.053819805486128","10.0918314744129","10.0918314744129","10.0918314744129","9.83931654112923","9.83931654112923","9.83931654112923"
"5570","10.054687563243192","10.054687563243192","10.054687563243192","9.8292086656984","9.8292086656984","9.8292086656984","9.726792817599508","9.726792817599508","9.726792817599508","9.855098161547716","9.855098161547716","9.855098161547716","9.915874928938676","9.915874928938676","9.915874928938676","9.611604425528327","9.611604425528327","9.611604425528327"
"5580","10.923134474330586","10.923134474330586","10.923134474330586","10.726155457922417","10.726155457922417","10.726155457922417","10.611607934882786","10.611607934882786","10.611607934882786","10.723255854998941","10.723255854998941","10.723255854998941","10.771417983130236","10.771417983130236","10.771417983130236","10.464507788804646","10.464507788804646","10.464507788804646"
"5590","8.253821362875557","8.253821362875557","8.253821362875557","8.087742745085393","8.087742745085393","8.087742745085393","8.003870992322026","8.003870992322026","8.003870992322026","8.118986892743864","8.118986892743864","8.118986892743864","8.159830325534541","8.159830325534541","8.159830325534541","7.932612735365661","7.932612735365661","7.932612735365661"
"5600","10.195866404870795","10.195866404870795","10.195866404870795","9.995051974603943","9.995051974603943","9.995051974603943","9.900956688865218","9.900956688865218","9.900956688865218","10.00200323643984","10.00200323643984","10.00200323643984","10.049151499683957","10.049151499683957","10.049151499683957","9.797155558577844","9.797155558577844","9.797155558577844"
"5610","9.20214972338685","9.20214972338685","9.20214972338685","9.026457856775462","9.026457856775462","9.026457856775462","8.939669237597332","8.939669237597332","8.939669237597332","9.03364649704244","9.03364649704244","9.03364649704244","9.074910132303787","9.074910132303787","9.074910132303787","8.8526597013811","8.8526597013811","8.8526597013811"
"5620","10.839303172195892","10.839303172195892","10.839303172195892","10.643252249734259","10.643252249734259","10.643252249734259","10.521130745786913","10.521130745786913","10.521130745786913","10.639905748721384","10.639905748721384","10.639905748721384","10.674871309633865","10.674871309633865","10.674871309633865","10.407933975102308","10.407933975102308","10.407933975102308"
"5630","10.986646639281854","10.986646639281854","10.986646639281854","10.794764219368577","10.794764219368577","10.794764219368577","10.666620780416139","10.666620780416139","10.666620780416139","10.779238135692658","10.779238135692658","10.779238135692658","10.817425995369751","10.817425995369751","10.817425995369751","10.548053026329416","10.548053026329416","10.548053026329416"
"5640","10.730424465536041","10.730424465536041","10.730424465536041","10.533592490174017","10.533592490174017","10.533592490174017","10.420443005278822","10.420443005278822","10.420443005278822","10.538304938164975","10.538304938164975","10.538304938164975","10.567268887052373","10.567268887052373","10.567268887052373","10.331319855881832","10.331319855881832","10.331319855881832"
"5650","9.234878096543563","9.234878096543563","9.234878096543563","9.064452860999948","9.064452860999948","9.064452860999948","8.97515026401258","8.97515026401258","8.97515026401258","9.063076323191991","9.063076323191991","9.063076323191991","9.089136301970099","9.089136301970099","9.089136301970099","8.867643126283335","8.867643126283335","8.867643126283335"
"5660","11.73529755105745","11.73529755105745","11.73529755105745","11.5198405732","11.5198405732","11.5198405732","11.395423226576133","11.395423226576133","11.395423226576133","11.522131418663026","11.522131418663026","11.522131418663026","11.559626893937581","11.559626893937581","11.559626893937581","11.244782373278854","11.244782373278854","11.244782373278854"
"5670","10.482999086540943","10.482999086540943","10.482999086540943","10.30554779535355","10.30554779535355","10.30554779535355","10.151427306588465","10.151427306588465","10.151427306588465","10.297437861604637","10.297437861604637","10.297437861604637","10.34078032740026","10.34078032740026","10.34078032740026","10.079084900312719","10.079084900312719","10.079084900312719"
"5680","9.668442721545901","9.668442721545901","9.668442721545901","9.50081951276216","9.50081951276216","9.50081951276216","9.386212323886285","9.386212323886285","9.386212323886285","9.488966472721755","9.488966472721755","9.488966472721755","9.530912310103563","9.530912310103563","9.530912310103563","9.289586069668704","9.289586069668704","9.289586069668704"
"5690","8.020939572502384","8.020939572502384","8.020939572502384","7.896533715338574","7.896533715338574","7.896533715338574","7.802080512108751","7.802080512108751","7.802080512108751","7.880930435280475","7.880930435280475","7.880930435280475","7.904484509117046","7.904484509117046","7.904484509117046","7.676559997095333","7.676559997095333","7.676559997095333"
"5700","6.629622067042966","6.629622067042966","6.629622067042966","6.526345254374196","6.526345254374196","6.526345254374196","6.465271103250345","6.465271103250345","6.465271103250345","6.518322775092834","6.518322775092834","6.518322775092834","6.54075259574026","6.54075259574026","6.54075259574026","6.38269542429366","6.38269542429366","6.38269542429366"
"5710","10.649488834319863","10.649488834319863","10.649488834319863","10.462858767981952","10.462858767981952","10.462858767981952","10.342037775265194","10.342037775265194","10.342037775265194","10.443573812787287","10.443573812787287","10.443573812787287","10.485913724127988","10.485913724127988","10.485913724127988","10.234010081835784","10.234010081835784","10.234010081835784"
"5720","10.848398522710502","10.848398522710502","10.848398522710502","10.661995847049688","10.661995847049688","10.661995847049688","10.543942044924062","10.543942044924062","10.543942044924062","10.648765233645348","10.648765233645348","10.648765233645348","10.68698515979021","10.68698515979021","10.68698515979021","10.448779088401547","10.448779088401547","10.448779088401547"
"5730","9.172364516379213","9.172364516379213","9.172364516379213","9.02477078745289","9.02477078745289","9.02477078745289","8.931739747999133","8.931739747999133","8.931739747999133","8.98559020358979","8.98559020358979","8.98559020358979","9.024766484107861","9.024766484107861","9.024766484107861","8.808027056469564","8.808027056469564","8.808027056469564"
"5740","10.327391832931353","10.327391832931353","10.327391832931353","10.172464442789671","10.172464442789671","10.172464442789671","10.060195495576105","10.060195495576105","10.060195495576105","10.146991886338947","10.146991886338947","10.146991886338947","10.182689811863272","10.182689811863272","10.182689811863272","9.961275254623411","9.961275254623411","9.961275254623411"
"5750","10.481507085703177","10.481507085703177","10.481507085703177","10.289008043721575","10.289008043721575","10.289008043721575","10.186487509045065","10.186487509045065","10.186487509045065","10.272573210558523","10.272573210558523","10.272573210558523","10.317682854559978","10.317682854559978","10.317682854559978","10.037081000520674","10.037081000520674","10.037081000520674"
"5760","13.94934732151038","13.94934732151038","13.94934732151038","13.714586026750561","13.714586026750561","13.714586026750561","13.555061567949982","13.555061567949982","13.555061567949982","13.725315205114097","13.725315205114097","13.725315205114097","13.763973696175272","13.763973696175272","13.763973696175272","13.394930163622986","13.394930163622986","13.394930163622986"
"5770","11.059998450926958","11.059998450926958","11.059998450926958","10.886138389263108","10.886138389263108","10.886138389263108","10.753005009045056","10.753005009045056","10.753005009045056","10.858666451238394","10.858666451238394","10.858666451238394","10.900095317984299","10.900095317984299","10.900095317984299","10.613171592848971","10.613171592848971","10.613171592848971"
"5780","10.562991755246882","10.562991755246882","10.562991755246882","10.379325086197257","10.379325086197257","10.379325086197257","10.261501574924278","10.261501574924278","10.261501574924278","10.368079068091477","10.368079068091477","10.368079068091477","10.405673624344642","10.405673624344642","10.405673624344642","10.119252257792327","10.119252257792327","10.119252257792327"
"5790","10.083351200936804","10.083351200936804","10.083351200936804","9.88624238524389","9.88624238524389","9.88624238524389","9.778981040465855","9.778981040465855","9.778981040465855","9.888521928763737","9.888521928763737","9.888521928763737","9.936018826669034","9.936018826669034","9.936018826669034","9.660921683224261","9.660921683224261","9.660921683224261"
"5800","10.864588897936661","10.864588897936661","10.864588897936661","10.660920627697303","10.660920627697303","10.660920627697303","10.553099025642938","10.553099025642938","10.553099025642938","10.662552563503818","10.662552563503818","10.662552563503818","10.711611648760421","10.711611648760421","10.711611648760421","10.431084267870528","10.431084267870528","10.431084267870528"
"5810","11.38790538198265","11.38790538198265","11.38790538198265","11.175228938121798","11.175228938121798","11.175228938121798","11.05366904392579","11.05366904392579","11.05366904392579","11.175546004101987","11.175546004101987","11.175546004101987","11.224904521917832","11.224904521917832","11.224904521917832","10.945817818893127","10.945817818893127","10.945817818893127"
"5820","8.22612106154404","8.22612106154404","8.22612106154404","8.088699222632876","8.088699222632876","8.088699222632876","8.007319981909205","8.007319981909205","8.007319981909205","8.084268752228663","8.084268752228663","8.084268752228663","8.113750531008394","8.113750531008394","8.113750531008394","7.882905469928617","7.882905469928617","7.882905469928617"
"5830","10.609065584973788","10.609065584973788","10.609065584973788","10.425646694725883","10.425646694725883","10.425646694725883","10.300504738745365","10.300504738745365","10.300504738745365","10.411691560713528","10.411691560713528","10.411691560713528","10.44777020797008","10.44777020797008","10.44777020797008","10.22328468208791","10.22328468208791","10.22328468208791"
"5840","10.170044276820969","10.170044276820969","10.170044276820969","9.995118698997175","9.995118698997175","9.995118698997175","9.892865595225867","9.892865595225867","9.892865595225867","9.989079563415551","9.989079563415551","9.989079563415551","10.024778817134965","10.024778817134965","10.024778817134965","9.756005585040908","9.756005585040908","9.756005585040908"
"5850","9.344615908185844","9.344615908185844","9.344615908185844","9.185961558826424","9.185961558826424","9.185961558826424","9.086001166360493","9.086001166360493","9.086001166360493","9.181006690493096","9.181006690493096","9.181006690493096","9.210686004139765","9.210686004139765","9.210686004139765","9.001034676280439","9.001034676280439","9.001034676280439"
"5860","8.202930530921758","8.202930530921758","8.202930530921758","8.080484146473696","8.080484146473696","8.080484146473696","7.99779354767649","7.99779354767649","7.99779354767649","8.06172414269705","8.06172414269705","8.06172414269705","8.100904231240545","8.100904231240545","8.100904231240545","7.896929088109364","7.896929088109364","7.896929088109364"
"5870","9.294743578317316","9.294743578317316","9.294743578317316","9.125819748315942","9.125819748315942","9.125819748315942","9.032688111706834","9.032688111706834","9.032688111706834","9.13518251313273","9.13518251313273","9.13518251313273","9.158147820432601","9.158147820432601","9.158147820432601","8.897925817319905","8.897925817319905","8.897925817319905"
"5880","10.535003993871213","10.535003993871213","10.535003993871213","10.335843241745296","10.335843241745296","10.335843241745296","10.217019992919699","10.217019992919699","10.217019992919699","10.330194244584394","10.330194244584394","10.330194244584394","10.363949274578372","10.363949274578372","10.363949274578372","10.104394213313874","10.104394213313874","10.104394213313874"
"5890","8.58121670277644","8.58121670277644","8.58121670277644","8.451940637151887","8.451940637151887","8.451940637151887","8.355378746877268","8.355378746877268","8.355378746877268","8.442915797216388","8.442915797216388","8.442915797216388","8.470459510765247","8.470459510765247","8.470459510765247","8.269813927199694","8.269813927199694","8.269813927199694"
"5900","9.1945880459004","9.1945880459004","9.1945880459004","9.04321438420772","9.04321438420772","9.04321438420772","8.939692682843685","8.939692682843685","8.939692682843685","9.029772661172718","9.029772661172718","9.029772661172718","9.062728440138386","9.062728440138386","9.062728440138386","8.866102000489297","8.866102000489297","8.866102000489297"
"5910","7.658602639482885","7.658602639482885","7.658602639482885","7.56013568111682","7.56013568111682","7.56013568111682","7.479896478956775","7.479896478956775","7.479896478956775","7.516107309449033","7.516107309449033","7.516107309449033","7.546602195612096","7.546602195612096","7.546602195612096","7.392141459046193","7.392141459046193","7.392141459046193"
"5920","11.198700115156607","11.198700115156607","11.198700115156607","11.016656342121589","11.016656342121589","11.016656342121589","10.902426677627702","10.902426677627702","10.902426677627702","10.995786978661235","10.995786978661235","10.995786978661235","11.04302452080729","11.04302452080729","11.04302452080729","10.740094200256628","10.740094200256628","10.740094200256628"
"5930","8.670888255701264","8.670888255701264","8.670888255701264","8.508191096694047","8.508191096694047","8.508191096694047","8.423071358614626","8.423071358614626","8.423071358614626","8.512606281461787","8.512606281461787","8.512606281461787","8.541393466065799","8.541393466065799","8.541393466065799","8.328854590742877","8.328854590742877","8.328854590742877"
"5940","9.761408082496809","9.761408082496809","9.761408082496809","9.609012992221663","9.609012992221663","9.609012992221663","9.508370064217118","9.508370064217118","9.508370064217118","9.590908518376075","9.590908518376075","9.590908518376075","9.617855609952432","9.617855609952432","9.617855609952432","9.411745021835856","9.411745021835856","9.411745021835856"
"5950","8.710769028613385","8.710769028613385","8.710769028613385","8.563960361667746","8.563960361667746","8.563960361667746","8.476706153099657","8.476706153099657","8.476706153099657","8.555841902883712","8.555841902883712","8.555841902883712","8.588165418119665","8.588165418119665","8.588165418119665","8.366531857853486","8.366531857853486","8.366531857853486"
"5960","9.988679465626213","9.988679465626213","9.988679465626213","9.81941083409686","9.81941083409686","9.81941083409686","9.7147505042406","9.7147505042406","9.7147505042406","9.81411428593669","9.81411428593669","9.81411428593669","9.841482022815969","9.841482022815969","9.841482022815969","9.618853149508801","9.618853149508801","9.618853149508801"
"5970","10.836259304556616","10.836259304556616","10.836259304556616","10.657705784161095","10.657705784161095","10.657705784161095","10.520917531138727","10.520917531138727","10.520917531138727","10.629439191120348","10.629439191120348","10.629439191120348","10.665651895485059","10.665651895485059","10.665651895485059","10.422202128213101","10.422202128213101","10.422202128213101"
"5980","11.48361580175705","11.48361580175705","11.48361580175705","11.27119672577498","11.27119672577498","11.27119672577498","11.139830187494086","11.139830187494086","11.139830187494086","11.267652783531192","11.267652783531192","11.267652783531192","11.295537323224947","11.295537323224947","11.295537323224947","11.014098354553433","11.014098354553433","11.014098354553433"
"5990","9.565758665803372","9.565758665803372","9.565758665803372","9.406946468818942","9.406946468818942","9.406946468818942","9.306582546924844","9.306582546924844","9.306582546924844","9.396814514694963","9.396814514694963","9.396814514694963","9.431415686907606","9.431415686907606","9.431415686907606","9.162922135553444","9.162922135553444","9.162922135553444"
"6000","7.633551451784058","7.633551451784058","7.633551451784058","7.5120119601610575","7.5120119601610575","7.5120119601610575","7.455860007292689","7.455860007292689","7.455860007292689","7.4928494253718805","7.4928494253718805","7.4928494253718805","7.528837549451037","7.528837549451037","7.528837549451037","7.36602452220888","7.36602452220888","7.36602452220888"